block_index	lead_va	slot_va	key_hex	format_id	minor	handler_va	pad_va
1	0x22e7ad0	0x22e7ad0	0x0200	0x2	0x0	0xea7440	0x0
1	0x22e7ad0	0x22e7af0	0x0200	0x2	0x0	0xea6fe0	0x0
1	0x22e7ad0	0x22e7b10	0x0200	0x2	0x0	0xea6b80	0x0
1	0x22e7ad0	0x22e7b30	0x0500	0x5	0x0	0xea6710	0x0
1	0x22e7ad0	0x22e7b60	0x0500	0x5	0x0	0xe46790	0x0
1	0x22e7ad0	0x22e7b78	0x0201	0x2	0x1	0xe46320	0x0
1	0x22e7ad0	0x22e7b90	0x0502	0x5	0x2	0xe46c90	0x0
1	0x22e7ad0	0x22e7bb0	0x0200	0x2	0x0	0xe445e0	0x0
1	0x22e7ad0	0x22e7be0	0x0500	0x5	0x0	0xeb2630	0x0
1	0x22e7ad0	0x22e7bf8	0x0501	0x5	0x1	0xeb1c00	0x0
1	0x22e7ad0	0x22e7c10	0x0702	0x7	0x2	0xeb2ae0	0x0
1	0x22e7ad0	0x22e7c28	0x0703	0x7	0x3	0xeb20e0	0x0
1	0x22e7ad0	0x22e7c40	0x0500	0x5	0x0	0xeab810	0x0
1	0x22e7ad0	0x22e7c58	0x0501	0x5	0x1	0xeabc80	0x0
1	0x22e7ad0	0x22e7c70	0x1302	0x13	0x2	0xead000	0x0
1	0x22e7ad0	0x22e7c88	0x2503	0x25	0x3	0xeac180	0x0
1	0x22e7ad0	0x22e7ca0	0x1304	0x13	0x4	0xeac8d0	0x0
1	0x22e7ad0	0x22e7cb8	0x2505	0x25	0x5	0xeae6a0	0x0
1	0x22e7ad0	0x22e7cd0	0x2506	0x25	0x6	0xead730	0x0
1	0x22e7ad0	0x22e7ce8	0x2507	0x25	0x7	0xeadee0	0x0
1	0x22e7ad0	0x22e7d00	0x1308	0x13	0x8	0xeb1440	0x0
1	0x22e7ad0	0x22e7d18	0x1309	0x13	0x9	0xeb04f0	0x0
1	0x22e7ad0	0x22e7d30	0x130a	0x13	0xa	0xeb0c80	0x0
1	0x22e7ad0	0x22e7d48	0x130b	0x13	0xb	0xeafd60	0x0
1	0x22e7ad0	0x22e7d60	0x130c	0x13	0xc	0xeaee60	0x0
1	0x22e7ad0	0x22e7d78	0x130d	0x13	0xd	0xeaf5d0	0x0
1	0x22e7ad0	0x22e7d90	0x0500	0x5	0x0	0xeab320	0x0
1	0x22e7ad0	0x22e7db0	0x0500	0x5	0x0	0xeaae30	0x0
1	0x22e7ad0	0x22e7de0	0x0500	0x5	0x0	0xeaa9c0	0x0
1	0x22e7ad0	0x22e7df8	0x0501	0x5	0x1	0xeaa530	0x0
1	0x22e7ad0	0x22e7e20	0x0500	0x5	0x0	0xeaa0c0	0x0
1	0x22e7ad0	0x22e7e38	0x0601	0x6	0x1	0xea9c20	0x0
1	0x22e7ad0	0x22e7e50	0x0202	0x2	0x2	0xea97c0	0x0
1	0x22e7ad0	0x22e7e80	0x0200	0x2	0x0	0xea5bb0	0x0
1	0x22e7ad0	0x22e7e98	0x0a01	0xa	0x1	0xea5000	0x0
1	0x22e7ad0	0x22e7eb0	0x1202	0x12	0x2	0xea4a10	0x0
1	0x22e7ad0	0x22e7ec8	0x1203	0x12	0x3	0xea5590	0x0
1	0x22e7ad0	0x22e7ee0	0x0a04	0xa	0x4	0xea6110	0x0
1	0x22e7ad0	0x22e7f00	0x1300	0x13	0x0	0xea3c80	0x0
1	0x22e7ad0	0x22e7f18	0x1301	0x13	0x1	0xea2eb0	0x0
1	0x22e7ad0	0x22e7f30	0x1102	0x11	0x2	0xea27c0	0x0
1	0x22e7ad0	0x22e7f48	0x1103	0x11	0x3	0xea3560	0x0
1	0x22e7ad0	0x22e7f60	0x1304	0x13	0x4	0xea4300	0x0
1	0x22e7ad0	0x22e7f80	0x0a00	0xa	0x0	0xea1b50	0x0
1	0x22e7ad0	0x22e7f98	0x0a01	0xa	0x1	0xea0eb0	0x0
1	0x22e7ad0	0x22e7fb0	0x1202	0x12	0x2	0xea0850	0x0
1	0x22e7ad0	0x22e7fc8	0x1203	0x12	0x3	0xea14c0	0x0
1	0x22e7ad0	0x22e7fe0	0x0a04	0xa	0x4	0xea2140	0x0
1	0x22e7ad0	0x22e8000	0x1300	0x13	0x0	0xe9ec60	0x0
1	0x22e7ad0	0x22e8018	0x1301	0x13	0x1	0xe9f300	0x0
1	0x22e7ad0	0x22e8030	0x1302	0x13	0x2	0xe9d6c0	0x0
1	0x22e7ad0	0x22e8048	0x1303	0x13	0x3	0xe9c8b0	0x0
1	0x22e7ad0	0x22e8060	0x1104	0x11	0x4	0xe9c1a0	0x0
1	0x22e7ad0	0x22e8078	0x1105	0x11	0x5	0xe9ddb0	0x0
1	0x22e7ad0	0x22e8090	0x1306	0x13	0x6	0xe9f9d0	0x0
1	0x22e7ad0	0x22e80a8	0x1107	0x11	0x7	0xe9cf80	0x0
1	0x22e7ad0	0x22e80c0	0x1108	0x11	0x8	0xe9e4f0	0x0
1	0x22e7ad0	0x22e80d8	0x1309	0x13	0x9	0xea00f0	0x0
1	0x22e7ad0	0x22e8100	0x1300	0x13	0x0	0xe9a530	0x0
1	0x22e7ad0	0x22e8118	0x1301	0x13	0x1	0xe9abf0	0x0
1	0x22e7ad0	0x22e8130	0x1302	0x13	0x2	0xe98f20	0x0
1	0x22e7ad0	0x22e8148	0x1303	0x13	0x3	0xe980d0	0x0
1	0x22e7ad0	0x22e8160	0x1104	0x11	0x4	0xe97990	0x0
1	0x22e7ad0	0x22e8178	0x1105	0x11	0x5	0xe99640	0x0
1	0x22e7ad0	0x22e8190	0x1306	0x13	0x6	0xe9b2e0	0x0
1	0x22e7ad0	0x22e81a8	0x1107	0x11	0x7	0xe987c0	0x0
1	0x22e7ad0	0x22e81c0	0x1108	0x11	0x8	0xe99da0	0x0
1	0x22e7ad0	0x22e81d8	0x1309	0x13	0x9	0xe9ba30	0x0
1	0x22e7ad0	0x22e8200	0x1300	0x13	0x0	0xe95d10	0x0
1	0x22e7ad0	0x22e8218	0x1301	0x13	0x1	0xe963d0	0x0
1	0x22e7ad0	0x22e8230	0x1302	0x13	0x2	0xe94700	0x0
1	0x22e7ad0	0x22e8248	0x1303	0x13	0x3	0xe938b0	0x0
1	0x22e7ad0	0x22e8260	0x1104	0x11	0x4	0xe93170	0x0
1	0x22e7ad0	0x22e8278	0x1105	0x11	0x5	0xe94e20	0x0
1	0x22e7ad0	0x22e8290	0x1306	0x13	0x6	0xe96ac0	0x0
1	0x22e7ad0	0x22e82a8	0x1107	0x11	0x7	0xe93fa0	0x0
1	0x22e7ad0	0x22e82c0	0x1108	0x11	0x8	0xe95580	0x0
1	0x22e7ad0	0x22e82d8	0x1309	0x13	0x9	0xe97210	0x0
1	0x22e7ad0	0x22e8300	0x0300	0x3	0x0	0xe8fff0	0x0
1	0x22e7ad0	0x22e8318	0x0301	0x3	0x1	0xe91170	0x0
1	0x22e7ad0	0x22e8330	0x0502	0x5	0x2	0xe916c0	0x0
1	0x22e7ad0	0x22e8348	0x0304	0x3	0x4	0xe91b60	0x0
1	0x22e7ad0	0x22e8360	0x0305	0x3	0x5	0xe90bb0	0x0
1	0x22e7ad0	0x22e8378	0x0306	0x3	0x6	0xe90600	0x0
1	0x22e7ad0	0x22e8390	0x0307	0x3	0x7	0xe92110	0x0
1	0x22e7ad0	0x22e83a8	0x0308	0x3	0x8	0xe926a0	0x0
1	0x22e7ad0	0x22e83c0	0x0309	0x3	0x9	0xe92c20	0x0
1	0x22e7ad0	0x22e83e0	0x1300	0x13	0x0	0xe8d950	0x0
1	0x22e7ad0	0x22e83f8	0x1301	0x13	0x1	0xe8df80	0x0
1	0x22e7ad0	0x22e8410	0x1302	0x13	0x2	0xe8f340	0x0
1	0x22e7ad0	0x22e8428	0x1303	0x13	0x3	0xe8f980	0x0
1	0x22e7ad0	0x22e8440	0x1104	0x11	0x4	0xe8cc00	0x0
1	0x22e7ad0	0x22e8458	0x1305	0x13	0x5	0xe8d2b0	0x0
1	0x22e7ad0	0x22e8470	0x1106	0x11	0x6	0xe8e5f0	0x0
1	0x22e7ad0	0x22e8488	0x1307	0x13	0x7	0xe8eca0	0x0
1	0x22e7ad0	0x22e84a0	0x1300	0x13	0x0	0xe8bf10	0x0
1	0x22e7ad0	0x22e84b8	0x1301	0x13	0x1	0xe8c570	0x0
1	0x22e7ad0	0x22e84d0	0x1102	0x11	0x2	0xe8b170	0x0
1	0x22e7ad0	0x22e84e8	0x1303	0x13	0x3	0xe8b840	0x0
1	0x22e7ad0	0x22e8500	0x1300	0x13	0x0	0xe873f0	0x0
1	0x22e7ad0	0x22e8518	0x1301	0x13	0x1	0xe87a40	0x0
1	0x22e7ad0	0x22e8530	0x1302	0x13	0x2	0xe88e40	0x0
1	0x22e7ad0	0x22e8548	0x1303	0x13	0x3	0xe89490	0x0
1	0x22e7ad0	0x22e8560	0x1104	0x11	0x4	0xe86680	0x0
1	0x22e7ad0	0x22e8578	0x1305	0x13	0x5	0xe86d40	0x0
1	0x22e7ad0	0x22e8590	0x1106	0x11	0x6	0xe880c0	0x0
1	0x22e7ad0	0x22e85a8	0x1307	0x13	0x7	0xe88780	0x0
1	0x22e7ad0	0x22e85c0	0x1300	0x13	0x0	0xe858d0	0x0
1	0x22e7ad0	0x22e85d8	0x1301	0x13	0x1	0xe85f90	0x0
1	0x22e7ad0	0x22e85f0	0x2502	0x25	0x2	0xe83ca0	0x0
1	0x22e7ad0	0x22e8608	0x2503	0x25	0x3	0xe84350	0x0
1	0x22e7ad0	0x22e8620	0x1104	0x11	0x4	0xe84a40	0x0
1	0x22e7ad0	0x22e8638	0x1305	0x13	0x5	0xe85190	0x0
1	0x22e7ad0	0x22e8650	0x2406	0x24	0x6	0xe82e40	0x0
1	0x22e7ad0	0x22e8668	0x2507	0x25	0x7	0xe83570	0x0
1	0x22e7ad0	0x22e8680	0x0300	0x3	0x0	0xe82370	0x0
1	0x22e7ad0	0x22e8698	0x0301	0x3	0x1	0xe81e50	0x0
1	0x22e7ad0	0x22e86b0	0x0302	0x3	0x2	0xe828c0	0x0
1	0x22e7ad0	0x22e86e0	0x0300	0x3	0x0	0xe80880	0x0
1	0x22e7ad0	0x22e86f8	0x0301	0x3	0x1	0xe80dd0	0x0
1	0x22e7ad0	0x22e8710	0x0302	0x3	0x2	0xe818a0	0x0
1	0x22e7ad0	0x22e8728	0x0303	0x3	0x3	0xe81320	0x0
1	0x22e7ad0	0x22e8740	0x1904	0x19	0x4	0xe7e8c0	0x0
1	0x22e7ad0	0x22e8758	0x1905	0x19	0x5	0xe7eee0	0x0
1	0x22e7ad0	0x22e8770	0x1906	0x19	0x6	0xe801e0	0x0
1	0x22e7ad0	0x22e8788	0x1907	0x19	0x7	0xe7f500	0x0
1	0x22e7ad0	0x22e87a0	0x1908	0x19	0x8	0xe7fb70	0x0
1	0x22e7ad0	0x22e87c0	0x0a00	0xa	0x0	0xe7e2f0	0x0
1	0x22e7ad0	0x22e87e0	0x0200	0x2	0x0	0xe7de90	0x0
1	0x22e7ad0	0x22e8800	0x0500	0x5	0x0	0xe7da00	0x0
1	0x22e7ad0	0x22e8820	0x0a00	0xa	0x0	0xe7d410	0x0
1	0x22e7ad0	0x22e8840	0x0200	0x2	0x0	0xe7cfa0	0x0
1	0x22e7ad0	0x22e8860	0x0200	0x2	0x0	0xe7cb30	0x0
1	0x22e7ad0	0x22e8880	0x0700	0x7	0x0	0xe7c190	0x0
1	0x22e7ad0	0x22e8898	0x0501	0x5	0x1	0xe7c680	0x0
1	0x22e7ad0	0x22e88b0	0x0502	0x5	0x2	0xe7aea0	0x0
1	0x22e7ad0	0x22e88c8	0x0503	0x5	0x3	0xe7b830	0x0
1	0x22e7ad0	0x22e88e0	0x0604	0x6	0x4	0xe7b350	0x0
1	0x22e7ad0	0x22e88f8	0x0505	0x5	0x5	0xe7bce0	0x0
1	0x22e7ad0	0x22e8920	0x0700	0x7	0x0	0xe7a3a0	0x0
1	0x22e7ad0	0x22e8938	0x0701	0x7	0x1	0xe7a920	0x0
1	0x22e7ad0	0x22e8950	0x0702	0x7	0x2	0xe798a0	0x0
1	0x22e7ad0	0x22e8968	0x0703	0x7	0x3	0xe79e20	0x0
1	0x22e7ad0	0x22e8980	0x0500	0x5	0x0	0xe793d0	0x0
1	0x22e7ad0	0x22e89a0	0x0500	0x5	0x0	0xe766e0	0x0
1	0x22e7ad0	0x22e89c0	0x0500	0x5	0x0	0xe75d40	0x0
1	0x22e7ad0	0x22e89d8	0x0301	0x3	0x1	0xe75350	0x0
1	0x22e7ad0	0x22e89f0	0x0502	0x5	0x2	0xe74e80	0x0
1	0x22e7ad0	0x22e8a08	0x0503	0x5	0x3	0xe75870	0x0
1	0x22e7ad0	0x22e8a20	0x0504	0x5	0x4	0xe76210	0x0
1	0x22e7ad0	0x22e8a40	0x0600	0x6	0x0	0xe73f10	0x0
1	0x22e7ad0	0x22e8a58	0x0501	0x5	0x1	0xe739d0	0x0
1	0x22e7ad0	0x22e8a70	0x0502	0x5	0x2	0xe74490	0x0
1	0x22e7ad0	0x22e8a88	0x0503	0x5	0x3	0xe749d0	0x0
1	0x22e7ad0	0x22e8aa0	0x0500	0x5	0x0	0xe70f50	0x0
1	0x22e7ad0	0x22e8ac0	0x1000	0x10	0x0	0xe6f740	0x0
1	0x22e7ad0	0x22e8ad8	0x0201	0x2	0x1	0xe6f290	0x0
1	0x22e7ad0	0x22e8af0	0x0202	0x2	0x2	0xe6fc40	0x0
1	0x22e7ad0	0x22e8b08	0x1003	0x10	0x3	0xe705a0	0x0
1	0x22e7ad0	0x22e8b20	0x0204	0x2	0x4	0xe700f0	0x0
1	0x22e7ad0	0x22e8b38	0x0205	0x2	0x5	0xe70aa0	0x0
1	0x22e7ad0	0x22e8b60	0x0500	0x5	0x0	0xe6bdd0	0x0
1	0x22e7ad0	0x22e8b78	0x0501	0x5	0x1	0xe6c270	0x0
1	0x22e7ad0	0x22e8b90	0x0200	0x2	0x0	0xe6b970	0x0
1	0x22e7ad0	0x22e8bb0	0x0000	0x0	0x0	0xe6b470	0x0
1	0x22e7ad0	0x22e8be0	0x0300	0x3	0x0	0xe6aed0	0x0
1	0x22e7ad0	0x22e8bf8	0x0301	0x3	0x1	0xe6a950	0x0
1	0x22e7ad0	0x22e8c20	0x0300	0x3	0x0	0xe69e80	0x0
1	0x22e7ad0	0x22e8c38	0x0301	0x3	0x1	0xe69960	0x0
1	0x22e7ad0	0x22e8c50	0x0302	0x3	0x2	0xe6a3d0	0x0
1	0x22e7ad0	0x22e8c80	0x0300	0x3	0x0	0xe683a0	0x0
1	0x22e7ad0	0x22e8c98	0x0301	0x3	0x1	0xe688f0	0x0
1	0x22e7ad0	0x22e8cb0	0x0302	0x3	0x2	0xe693b0	0x0
1	0x22e7ad0	0x22e8cc8	0x0303	0x3	0x3	0xe68e40	0x0
1	0x22e7ad0	0x22e8ce0	0x1904	0x19	0x4	0xe661e0	0x0
1	0x22e7ad0	0x22e8cf8	0x1905	0x19	0x5	0xe66860	0x0
1	0x22e7ad0	0x22e8d10	0x1906	0x19	0x6	0xe67ca0	0x0
1	0x22e7ad0	0x22e8d28	0x1907	0x19	0x7	0xe66ee0	0x0
1	0x22e7ad0	0x22e8d40	0x1908	0x19	0x8	0xe675c0	0x0
1	0x22e7ad0	0x22e8d60	0x0300	0x3	0x0	0xe65180	0x0
1	0x22e7ad0	0x22e8d78	0x0301	0x3	0x1	0xe64c00	0x0
1	0x22e7ad0	0x22e8d90	0x0302	0x3	0x2	0xe65700	0x0
1	0x22e7ad0	0x22e8da8	0x0303	0x3	0x3	0xe65c70	0x0
1	0x22e7ad0	0x22e8dc0	0x0500	0x5	0x0	0xe64780	0x0
1	0x22e7ad0	0x22e8de0	0x0000	0x0	0x0	0xe641f0	0x0
1	0x22e7ad0	0x22e8e00	0x0000	0x0	0x0	0xe63c60	0x0
1	0x22e7ad0	0x22e8e20	0x0000	0x0	0x0	0xe61b40	0x0
1	0x22e7ad0	0x22e8e38	0x1601	0x16	0x1	0xe62b40	0x0
1	0x22e7ad0	0x22e8e50	0x1202	0x12	0x2	0xe625d0	0x0
1	0x22e7ad0	0x22e8e68	0x1203	0x12	0x3	0xe62070	0x0
1	0x22e7ad0	0x22e8e80	0x1604	0x16	0x4	0xe63690	0x0
1	0x22e7ad0	0x22e8e98	0x1205	0x12	0x5	0xe63100	0x0
1	0x22e7ad0	0x22e8ec0	0x1300	0x13	0x0	0xe60e50	0x0
1	0x22e7ad0	0x22e8ed8	0x1301	0x13	0x1	0xe61470	0x0
1	0x22e7ad0	0x22e8f00	0x1300	0x13	0x0	0xe5f3f0	0x0
1	0x22e7ad0	0x22e8f18	0x1301	0x13	0x1	0xe5edd0	0x0
1	0x22e7ad0	0x22e8f30	0x1302	0x13	0x2	0xe5e7c0	0x0
1	0x22e7ad0	0x22e8f48	0x1303	0x13	0x3	0xe60780	0x0
1	0x22e7ad0	0x22e8f60	0x1304	0x13	0x4	0xe600b0	0x0
1	0x22e7ad0	0x22e8f78	0x1305	0x13	0x5	0xe5fa10	0x0
1	0x22e7ad0	0x22e8f90	0x0b00	0xb	0x0	0xe5e2f0	0x0
1	0x22e7ad0	0x22e8fc0	0x1300	0x13	0x0	0xe6dcd0	0x0
1	0x22e7ad0	0x22e8fd8	0x1302	0x13	0x2	0xe6eb10	0x0
1	0x22e7ad0	0x22e8ff0	0x1304	0x13	0x4	0xe6c710	0x0
1	0x22e7ad0	0x22e9008	0x1306	0x13	0x6	0xe6d5e0	0x0
1	0x22e7ad0	0x22e9020	0x1308	0x13	0x8	0xe6ce00	0x0
1	0x22e7ad0	0x22e9038	0x130a	0x13	0xa	0xe6e450	0x0
1	0x22e7ad0	0x22e9060	0x1900	0x19	0x0	0xe71a50	0x0
1	0x22e7ad0	0x22e9078	0x0501	0x5	0x1	0xe71420	0x0
1	0x22e7ad0	0x22e9090	0x0502	0x5	0x2	0xe72070	0x0
1	0x22e7ad0	0x22e90a8	0x0d06	0xd	0x6	0xe72cf0	0x0
1	0x22e7ad0	0x22e90c0	0x0507	0x5	0x7	0xe726a0	0x0
1	0x22e7ad0	0x22e90d8	0x0508	0x5	0x8	0xe73380	0x0
1	0x22e7ad0	0x22e9100	0x1900	0x19	0x0	0xe49950	0x0
1	0x22e7ad0	0x22e9118	0x1901	0x19	0x1	0xe4ad00	0x0
1	0x22e7ad0	0x22e9130	0x1302	0x13	0x2	0xe4a670	0x0
1	0x22e7ad0	0x22e9148	0x1303	0x13	0x3	0xe4b390	0x0
1	0x22e7ad0	0x22e9160	0x1304	0x13	0x4	0xe49fe0	0x0
1	0x22e7ad0	0x22e9178	0x0d0a	0xd	0xa	0xe501d0	0x0
1	0x22e7ad0	0x22e9190	0x0d0b	0xd	0xb	0xe51650	0x0
1	0x22e7ad0	0x22e91a8	0x130c	0x13	0xc	0xe50fa0	0x0
1	0x22e7ad0	0x22e91c0	0x130d	0x13	0xd	0xe51d70	0x0
1	0x22e7ad0	0x22e91d8	0x130e	0x13	0xe	0xe508f0	0x0
1	0x22e7ad0	0x22e91f0	0x0d0f	0xd	0xf	0xe52420	0x0
1	0x22e7ad0	0x22e9208	0x0d10	0xd	0x10	0xe53970	0x0
1	0x22e7ad0	0x22e9220	0x1311	0x13	0x11	0xe53280	0x0
1	0x22e7ad0	0x22e9238	0x1312	0x13	0x12	0xe540d0	0x0
1	0x22e7ad0	0x22e9250	0x1313	0x13	0x13	0xe52b90	0x0
1	0x22e7ad0	0x22e9268	0x2314	0x23	0x14	0xe4c150	0x0
1	0x22e7ad0	0x22e9280	0x2315	0x23	0x15	0xe4f330	0x0
1	0x22e7ad0	0x22e9298	0x1316	0x13	0x16	0xe4ec00	0x0
1	0x22e7ad0	0x22e92b0	0x1317	0x13	0x17	0xe4faa0	0x0
1	0x22e7ad0	0x22e92c8	0x1318	0x13	0x18	0xe4e4d0	0x0
1	0x22e7ad0	0x22e92e0	0x2319	0x23	0x19	0xe4ba20	0x0
1	0x22e7ad0	0x22e92f8	0x231a	0x23	0x1a	0xe4d6b0	0x0
1	0x22e7ad0	0x22e9310	0x131b	0x13	0x1b	0xe4cfc0	0x0
1	0x22e7ad0	0x22e9328	0x131c	0x13	0x1c	0xe4dde0	0x0
1	0x22e7ad0	0x22e9340	0x131d	0x13	0x1d	0xe4c8d0	0x0
1	0x22e7ad0	0x22e9360	0x0a00	0xa	0x0	0xe5d550	0x0
1	0x22e7ad0	0x22e9378	0x0a01	0xa	0x1	0xe5dc20	0x0
1	0x22e7ad0	0x22e9390	0x0a02	0xa	0x2	0xe5c930	0x0
1	0x22e7ad0	0x22e93a8	0x0a03	0xa	0x3	0xe5cf40	0x0
1	0x22e7ad0	0x22e93c0	0x1300	0x13	0x0	0xe5ad60	0x0
1	0x22e7ad0	0x22e93d8	0x1301	0x13	0x1	0xe5a6f0	0x0
1	0x22e7ad0	0x22e93f0	0x1302	0x13	0x2	0xe5a060	0x0
1	0x22e7ad0	0x22e9408	0x1303	0x13	0x3	0xe5c210	0x0
1	0x22e7ad0	0x22e9420	0x1304	0x13	0x4	0xe5baf0	0x0
1	0x22e7ad0	0x22e9438	0x1305	0x13	0x5	0xe5b3d0	0x0
1	0x22e7ad0	0x22e9450	0x0200	0x2	0x0	0xe59c00	0x0
1	0x22e7ad0	0x22e9470	0x1300	0x13	0x0	0xe595a0	0x0
1	0x22e7ad0	0x22e9490	0x0a00	0xa	0x0	0xe58fc0	0x0
1	0x22e7ad0	0x22e94b0	0x0500	0x5	0x0	0xe58a40	0x0
1	0x22e7ad0	0x22e94e0	0x1300	0x13	0x0	0xe56ff0	0x0
1	0x22e7ad0	0x22e94f8	0x1301	0x13	0x1	0xe57640	0x0
1	0x22e7ad0	0x22e9510	0x1302	0x13	0x2	0xe55b80	0x0
1	0x22e7ad0	0x22e9528	0x0a03	0xa	0x3	0xe54e50	0x0
1	0x22e7ad0	0x22e9540	0x1204	0x12	0x4	0xe547c0	0x0
1	0x22e7ad0	0x22e9558	0x1105	0x11	0x5	0xe56230	0x0
1	0x22e7ad0	0x22e9570	0x1306	0x13	0x6	0xe57c80	0x0
1	0x22e7ad0	0x22e9588	0x1107	0x11	0x7	0xe554a0	0x0
1	0x22e7ad0	0x22e95a0	0x1108	0x11	0x8	0xe56910	0x0
1	0x22e7ad0	0x22e95b8	0x1309	0x13	0x9	0xe58360	0x0
1	0x22e7ad0	0x22e95e0	0x0100	0x1	0x0	0xea7880	0x0
1	0x22e7ad0	0x22e95f8	0x1501	0x15	0x1	0xea7db0	0x0
1	0x22e7ad0	0x22e9620	0x0500	0x5	0x0	0xe48fb0	0x0
1	0x22e7ad0	0x22e9638	0x0501	0x5	0x1	0xe49480	0x0
1	0x22e7ad0	0x22e9650	0x0500	0x5	0x0	0xe48ad0	0x0
1	0x22e7ad0	0x22e9670	0x0200	0x2	0x0	0xe48690	0x0
1	0x22e7ad0	0x22e9690	0x0500	0x5	0x0	0xe48210	0x0
1	0x22e7ad0	0x22e96c0	0x0500	0x5	0x0	0xe47830	0x0
1	0x22e7ad0	0x22e96d8	0x0501	0x5	0x1	0xe47d20	0x0
1	0x22e7ad0	0x22e96f0	0x0200	0x2	0x0	0xe23480	0x0
1	0x22e7ad0	0x22e9710	0x0a00	0xa	0x0	0xe47180	0x0
1	0x22e7ad0	0x22e9740	0x0300	0x3	0x0	0xea8d30	0x0
1	0x22e7ad0	0x22e9758	0x0301	0x3	0x1	0xea8810	0x0
1	0x22e7ad0	0x22e9770	0x0302	0x3	0x2	0xea82a0	0x0
1	0x22e7ad0	0x22e9788	0x0303	0x3	0x3	0xea9270	0x0
1	0x22e7ad0	0x22e97a0	0x0300	0x3	0x0	0xe45d60	0x0
1	0x22e7ad0	0x22e97c0	0x0500	0x5	0x0	0xe458c0	0x0
1	0x22e7ad0	0x22e97e0	0x0200	0x2	0x0	0xe44a20	0x0
1	0x22e7ad0	0x22e97f8	0x0201	0x2	0x1	0xe453e0	0x0
1	0x22e7ad0	0x22e9810	0x0202	0x2	0x2	0xe44f00	0x0
1	0x22e7ad0	0x22e9840	0x0500	0x5	0x0	0xe44170	0x0
1	0x22e7ad0	0x22e9858	0x0501	0x5	0x1	0xe43350	0x0
1	0x22e7ad0	0x22e9870	0x0502	0x5	0x2	0xe43ce0	0x0
1	0x22e7ad0	0x22e9888	0x0b03	0xb	0x3	0xe437e0	0x0
1	0x22e7ad0	0x22e98a0	0x0500	0x5	0x0	0xe42ee0	0x0
1	0x22e7ad0	0x22e98b8	0x0501	0x5	0x1	0xe42a40	0x0
1	0x22e7ad0	0x22e98d0	0x0502	0x5	0x2	0xe420a0	0x0
1	0x22e7ad0	0x22e98e8	0x0603	0x6	0x3	0xe41ba0	0x0
1	0x22e7ad0	0x22e9900	0x0604	0x6	0x4	0xe42540	0x0
1	0x22e7ad0	0x22e9920	0x0500	0x5	0x0	0xe3f8e0	0x0
1	0x22e7ad0	0x22e9938	0x0601	0x6	0x1	0xe406c0	0x0
1	0x22e7ad0	0x22e9950	0x0505	0x5	0x5	0xe41180	0x0
1	0x22e7ad0	0x22e9968	0x0609	0x6	0x9	0xe40c20	0x0
1	0x22e7ad0	0x22e9980	0x050d	0x5	0xd	0xe41690	0x0
1	0x22e7ad0	0x22e9998	0x0517	0x5	0x17	0xe3fd80	0x0
1	0x22e7ad0	0x22e99b0	0x0518	0x5	0x18	0xe40220	0x0
1	0x22e7ad0	0x22e99e0	0x0700	0x7	0x0	0xe3ce00	0x0
1	0x22e7ad0	0x22e99f8	0x0701	0x7	0x1	0xe3d360	0x0
1	0x22e7ad0	0x22e9a10	0x0702	0x7	0x2	0xe3d8e0	0x0
1	0x22e7ad0	0x22e9a28	0x0703	0x7	0x3	0xe3de60	0x0
1	0x22e7ad0	0x22e9a40	0x0704	0x7	0x4	0xe3e3c0	0x0
1	0x22e7ad0	0x22e9a58	0x0705	0x7	0x5	0xe3e940	0x0
1	0x22e7ad0	0x22e9a70	0x0506	0x5	0x6	0xe3eec0	0x0
1	0x22e7ad0	0x22e9a88	0x0507	0x5	0x7	0xe3f3d0	0x0
1	0x22e7ad0	0x22e9aa0	0x0200	0x2	0x0	0xe8a6a0	0x0
1	0x22e7ad0	0x22e9ab8	0x0a01	0xa	0x1	0xe8abe0	0x0
1	0x22e7ad0	0x22e9ad0	0x1202	0x12	0x2	0xe89b10	0x0
1	0x22e7ad0	0x22e9ae8	0x0a03	0xa	0x3	0xe8a0e0	0x0
1	0x22e7ad0	0x22e9b00	0x0700	0x7	0x0	0xe3b770	0x0
1	0x22e7ad0	0x22e9b18	0x0701	0x7	0x1	0xe3c290	0x0
1	0x22e7ad0	0x22e9b30	0x0702	0x7	0x2	0xe3bcd0	0x0
1	0x22e7ad0	0x22e9b48	0x0703	0x7	0x3	0xe3c820	0x0
1	0x22e7ad0	0x22e9b60	0x0500	0x5	0x0	0xe3ae30	0x0
1	0x22e7ad0	0x22e9b78	0x0501	0x5	0x1	0xe3b2d0	0x0
1	0x22e7ad0	0x22e9ba0	0x1300	0x13	0x0	0xe77840	0x0
1	0x22e7ad0	0x22e9bb8	0x1301	0x13	0x1	0xe771f0	0x0
1	0x22e7ad0	0x22e9bd0	0x1302	0x13	0x2	0xe76b80	0x0
1	0x22e7ad0	0x22e9be8	0x1303	0x13	0x3	0xe78cb0	0x0
1	0x22e7ad0	0x22e9c00	0x1304	0x13	0x4	0xe78590	0x0
1	0x22e7ad0	0x22e9c18	0x1305	0x13	0x5	0xe77e90	0x0
1	0x22e7ad0	0x22e9c40	0x0500	0x5	0x0	0xe37df0	0x0
1	0x22e7ad0	0x22e9c58	0x0501	0x5	0x1	0xe38750	0x0
1	0x22e7ad0	0x22e9c70	0x0502	0x5	0x2	0xe382c0	0x0
1	0x22e7ad0	0x22e9c88	0x0703	0x7	0x3	0xe39fd0	0x0
1	0x22e7ad0	0x22e9ca0	0x0504	0x5	0x4	0xe3a4d0	0x0
1	0x22e7ad0	0x22e9cb8	0x0505	0x5	0x5	0xe3a980	0x0
1	0x22e7ad0	0x22e9cd0	0x0606	0x6	0x6	0xe39100	0x0
1	0x22e7ad0	0x22e9ce8	0x0507	0x5	0x7	0xe38c20	0x0
1	0x22e7ad0	0x22e9d00	0x0508	0x5	0x8	0xe39620	0x0
1	0x22e7ad0	0x22e9d18	0x0509	0x5	0x9	0xe39b00	0x0
1	0x22e7ad0	0x22e9d30	0x0a00	0xa	0x0	0xe377e0	0x0
1	0x22e7ad0	0x22e9d60	0x0a00	0xa	0x0	0xe37220	0x0
1	0x22e7ad0	0x22e9d78	0x0a01	0xa	0x1	0xe36c60	0x0
1	0x22e7ad0	0x22e9d90	0x0a02	0xa	0x2	0xe366b0	0x0
1	0x22e7ad0	0x22e9dc0	0x0b00	0xb	0x0	0xe31410	0x0
1	0x22e7ad0	0x22e9dd8	0x0501	0x5	0x1	0xe30540	0x0
1	0x22e7ad0	0x22e9df0	0x0b02	0xb	0x2	0xe2f650	0x0
1	0x22e7ad0	0x22e9e08	0x0503	0x5	0x3	0xe2e7c0	0x0
1	0x22e7ad0	0x22e9e20	0x0004	0x0	0x4	0xe35ba0	0x0
1	0x22e7ad0	0x22e9e38	0x0505	0x5	0x5	0xe350f0	0x0
1	0x22e7ad0	0x22e9e50	0x0006	0x0	0x6	0xe345f0	0x0
1	0x22e7ad0	0x22e9e68	0x0507	0x5	0x7	0xe33b80	0x0
1	0x22e7ad0	0x22e9e80	0x0008	0x0	0x8	0xe36110	0x0
1	0x22e7ad0	0x22e9e98	0x0509	0x5	0x9	0xe35630	0x0
1	0x22e7ad0	0x22e9eb0	0x000a	0x0	0xa	0xe34b50	0x0
1	0x22e7ad0	0x22e9ec8	0x050b	0x5	0xb	0xe340a0	0x0
1	0x22e7ad0	0x22e9ee0	0x000c	0x0	0xc	0xe31910	0x0
1	0x22e7ad0	0x22e9ef8	0x050d	0x5	0xd	0xe30a00	0x0
1	0x22e7ad0	0x22e9f10	0x000e	0x0	0xe	0xe2fb50	0x0
1	0x22e7ad0	0x22e9f28	0x050f	0x5	0xf	0xe2ec60	0x0
1	0x22e7ad0	0x22e9f40	0x0510	0x5	0x10	0xe336e0	0x0
1	0x22e7ad0	0x22e9f58	0x0511	0x5	0x11	0xe31e50	0x0
1	0x22e7ad0	0x22e9f70	0x0b12	0xb	0x12	0xe30f10	0x0
1	0x22e7ad0	0x22e9f88	0x0513	0x5	0x13	0xe30080	0x0
1	0x22e7ad0	0x22e9fa0	0x0b14	0xb	0x14	0xe2f150	0x0
1	0x22e7ad0	0x22e9fb8	0x0515	0x5	0x15	0xe2e320	0x0
1	0x22e7ad0	0x22e9fd0	0x0b16	0xb	0x16	0xe331b0	0x0
1	0x22e7ad0	0x22e9fe8	0x0517	0x5	0x17	0xe32cc0	0x0
1	0x22e7ad0	0x22ea000	0x0b18	0xb	0x18	0xe32790	0x0
1	0x22e7ad0	0x22ea018	0x0519	0x5	0x19	0xe322c0	0x0
1	0x22e7ad0	0x22ea040	0x0500	0x5	0x0	0xe2d520	0x0
1	0x22e7ad0	0x22ea058	0x0501	0x5	0x1	0xe2de70	0x0
1	0x22e7ad0	0x22ea070	0x0502	0x5	0x2	0xe2d9e0	0x0
1	0x22e7ad0	0x22ea0a0	0x1900	0x19	0x0	0xe2ce80	0x0
1	0x22e7ad0	0x22ea0b8	0x1901	0x19	0x1	0xe2c7e0	0x0
1	0x22e7ad0	0x22ea0d0	0x1902	0x19	0x2	0xe2acc0	0x0
1	0x22e7ad0	0x22ea0e8	0x1903	0x19	0x3	0xe2a630	0x0
1	0x22e7ad0	0x22ea100	0x1904	0x19	0x4	0xe2b350	0x0
1	0x22e7ad0	0x22ea118	0x1905	0x19	0x5	0xe2ba20	0x0
1	0x22e7ad0	0x22ea130	0x1906	0x19	0x6	0xe2c0f0	0x0
1	0x22e7ad0	0x22ea148	0x1907	0x19	0x7	0xe28b10	0x0
1	0x22e7ad0	0x22ea160	0x1908	0x19	0x8	0xe28480	0x0
1	0x22e7ad0	0x22ea178	0x1909	0x19	0x9	0xe291a0	0x0
1	0x22e7ad0	0x22ea190	0x190a	0x19	0xa	0xe29870	0x0
1	0x22e7ad0	0x22ea1a8	0x190b	0x19	0xb	0xe29f40	0x0
1	0x22e7ad0	0x22ea1c0	0x0500	0x5	0x0	0xe27f80	0x0
1	0x22e7ad0	0x22ea1d8	0x1201	0x12	0x1	0xe269b0	0x0
1	0x22e7ad0	0x22ea1f0	0x1202	0x12	0x2	0xe27a00	0x0
1	0x22e7ad0	0x22ea208	0x1203	0x12	0x3	0xe26460	0x0
1	0x22e7ad0	0x22ea220	0x1204	0x12	0x4	0xe27480	0x0
1	0x22e7ad0	0x22ea238	0x1205	0x12	0x5	0xe26f00	0x0
1	0x22e7ad0	0x22ea260	0x0500	0x5	0x0	0xe25f30	0x0
1	0x22e7ad0	0x22ea278	0x1201	0x12	0x1	0xe248a0	0x0
1	0x22e7ad0	0x22ea290	0x1202	0x12	0x2	0xe25980	0x0
1	0x22e7ad0	0x22ea2a8	0x1203	0x12	0x3	0xe24320	0x0
1	0x22e7ad0	0x22ea2c0	0x1204	0x12	0x4	0xe253d0	0x0
1	0x22e7ad0	0x22ea2d8	0x1205	0x12	0x5	0xe24e20	0x0
1	0x22e7ad0	0x22ea300	0x0000	0x0	0x0	0xe23df0	0x0
1	0x22e7ad0	0x22ea318	0x0001	0x0	0x1	0xe238c0	0x0
1	0x22e7ad0	0x22ea340	0x0300	0x3	0x0	0xd86b60	0x0
1	0x22e7ad0	0x22ea358	0x0a01	0xa	0x1	0xd864d0	0x0
1	0x22e7ad0	0x22ea370	0x0a02	0xa	0x2	0xd871c0	0x0
1	0x22e7ad0	0x22ea388	0x0d03	0xd	0x3	0xd87f20	0x0
1	0x22e7ad0	0x22ea3a0	0x1304	0x13	0x4	0xd87850	0x0
1	0x22e7ad0	0x22ea3b8	0x1305	0x13	0x5	0xd88630	0x0
1	0x22e7ad0	0x22ea3d0	0x021c	0x2	0x1c	0xd88d00	0x0
1	0x22e7ad0	0x22ea3e8	0x031d	0x3	0x1d	0xd89210	0x0
1	0x22e7ad0	0x22ea400	0x021e	0x2	0x1e	0xd89780	0x0
1	0x22e7ad0	0x22ea420	0x0500	0x5	0x0	0xe09ff0	0x0
1	0x22e7ad0	0x22ea440	0x0500	0x5	0x0	0xdf11f0	0x0
1	0x22e7ad0	0x22ea458	0x1e01	0x1e	0x1	0xdf1660	0x0
1	0x22e7ad0	0x22ea480	0x0500	0x5	0x0	0xd0bfb0	0x0
1	0x22e7ad0	0x22ea498	0x0303	0x3	0x3	0xd0ca50	0x0
1	0x22e7ad0	0x22ea4b0	0x0304	0x3	0x4	0xd0c4a0	0x0
1	0x22e7ad0	0x22ea4e0	0x0500	0x5	0x0	0xd22060	0x0
1	0x22e7ad0	0x22ea4f8	0x0501	0x5	0x1	0xd21bf0	0x0
1	0x22e7ad0	0x22ea520	0x0a00	0xa	0x0	0xe0a930	0x0
1	0x22e7ad0	0x22ea538	0x0301	0x3	0x1	0xe0b3e0	0x0
1	0x22e7ad0	0x22ea550	0x0a02	0xa	0x2	0xe0bea0	0x0
1	0x22e7ad0	0x22ea568	0x0303	0x3	0x3	0xe0ae60	0x0
1	0x22e7ad0	0x22ea580	0x0a04	0xa	0x4	0xe0b970	0x0
1	0x22e7ad0	0x22ea5a0	0x0302	0x3	0x2	0xe01f30	0x0
1	0x22e7ad0	0x22ea5b8	0x0303	0x3	0x3	0xe02510	0x0
1	0x22e7ad0	0x22ea5e0	0x0500	0x5	0x0	0xdcb560	0x0
1	0x22e7ad0	0x22ea5f8	0x0201	0x2	0x1	0xdcba70	0x0
1	0x22e7ad0	0x22ea610	0x0502	0x5	0x2	0xdca620	0x0
1	0x22e7ad0	0x22ea628	0x0203	0x2	0x3	0xdcb030	0x0
1	0x22e7ad0	0x22ea640	0x0504	0x5	0x4	0xdcab10	0x0
1	0x22e7ad0	0x22ea660	0x1900	0x19	0x0	0xd9ba90	0x0
1	0x22e7ad0	0x22ea678	0x1901	0x19	0x1	0xd9b440	0x0
1	0x22e7ad0	0x22ea690	0x1902	0x19	0x2	0xd9adf0	0x0
1	0x22e7ad0	0x22ea6a8	0x1903	0x19	0x3	0xd9a7a0	0x0
1	0x22e7ad0	0x22ea6c0	0x1906	0x19	0x6	0xd9a150	0x0
1	0x22e7ad0	0x22ea6d8	0x1907	0x19	0x7	0xd99b00	0x0
1	0x22e7ad0	0x22ea6f0	0x1908	0x19	0x8	0xd994b0	0x0
1	0x22e7ad0	0x22ea708	0x1909	0x19	0x9	0xd98e60	0x0
1	0x22e7ad0	0x22ea720	0x190c	0x19	0xc	0xd9e610	0x0
1	0x22e7ad0	0x22ea738	0x190d	0x19	0xd	0xd9f270	0x0
1	0x22e7ad0	0x22ea750	0x190e	0x19	0xe	0xd9ec30	0x0
1	0x22e7ad0	0x22ea768	0x190f	0x19	0xf	0xd9c0d0	0x0
1	0x22e7ad0	0x22ea780	0x1910	0x19	0x10	0xd9cd30	0x0
1	0x22e7ad0	0x22ea798	0x1911	0x19	0x11	0xd9c6f0	0x0
1	0x22e7ad0	0x22ea7b0	0x1912	0x19	0x12	0xd9f8b0	0x0
1	0x22e7ad0	0x22ea7c8	0x1913	0x19	0x13	0xda0510	0x0
1	0x22e7ad0	0x22ea7e0	0x1914	0x19	0x14	0xd9fed0	0x0
1	0x22e7ad0	0x22ea7f8	0x1915	0x19	0x15	0xd9d370	0x0
1	0x22e7ad0	0x22ea810	0x1916	0x19	0x16	0xd9dfd0	0x0
1	0x22e7ad0	0x22ea828	0x1917	0x19	0x17	0xd9d990	0x0
1	0x22e7ad0	0x22ea840	0x1918	0x19	0x18	0xda1d90	0x0
1	0x22e7ad0	0x22ea858	0x1919	0x19	0x19	0xda29b0	0x0
1	0x22e7ad0	0x22ea870	0x191a	0x19	0x1a	0xda2390	0x0
1	0x22e7ad0	0x22ea888	0x191b	0x19	0x1b	0xda0b50	0x0
1	0x22e7ad0	0x22ea8a0	0x191c	0x19	0x1c	0xda1770	0x0
1	0x22e7ad0	0x22ea8b8	0x191d	0x19	0x1d	0xda1150	0x0
1	0x22e7ad0	0x22ea8e0	0x0500	0x5	0x0	0xc6a200	0x0
1	0x22e7ad0	0x22ea8f8	0x0501	0x5	0x1	0xc6a6c0	0x0
1	0x22e7ad0	0x22ea910	0x0500	0x5	0x0	0xd90f90	0x0
1	0x22e7ad0	0x22ea940	0x0300	0x3	0x0	0xd32c30	0x0
1	0x22e7ad0	0x22ea958	0x0301	0x3	0x1	0xd33200	0x0
1	0x22e7ad0	0x22ea980	0x1300	0x13	0x0	0xd8a470	0x0
1	0x22e7ad0	0x22ea998	0x1302	0x13	0x2	0xd89c90	0x0
1	0x22e7ad0	0x22ea9b0	0x1304	0x13	0x4	0xd8b2e0	0x0
1	0x22e7ad0	0x22ea9c8	0x1306	0x13	0x6	0xd8ab60	0x0
1	0x22e7ad0	0x22ea9e0	0x1308	0x13	0x8	0xd8b9a0	0x0
1	0x22e7ad0	0x22eaa00	0x0500	0x5	0x0	0xe0e5c0	0x0
1	0x22e7ad0	0x22eaa18	0x0501	0x5	0x1	0xe0fff0	0x0
1	0x22e7ad0	0x22eaa30	0x1f02	0x1f	0x2	0xe0d9b0	0x0
1	0x22e7ad0	0x22eaa48	0x1f03	0x1f	0x3	0xe0f370	0x0
1	0x22e7ad0	0x22eaa60	0x1304	0x13	0x4	0xe12170	0x0
1	0x22e7ad0	0x22eaa78	0x1305	0x13	0x5	0xe113c0	0x0
1	0x22e7ad0	0x22eaa90	0x1306	0x13	0x6	0xe11a90	0x0
1	0x22e7ad0	0x22eaaa8	0x1307	0x13	0x7	0xe136c0	0x0
1	0x22e7ad0	0x22eaac0	0x2508	0x25	0x8	0xe12850	0x0
1	0x22e7ad0	0x22eaad8	0x1309	0x13	0x9	0xe12f90	0x0
1	0x22e7ad0	0x22eaaf0	0x130a	0x13	0xa	0xe18e30	0x0
1	0x22e7ad0	0x22eab08	0x130b	0x13	0xb	0xe18030	0x0
1	0x22e7ad0	0x22eab20	0x130c	0x13	0xc	0xe18720	0x0
1	0x22e7ad0	0x22eab38	0x130d	0x13	0xd	0xe162d0	0x0
1	0x22e7ad0	0x22eab50	0x130e	0x13	0xe	0xe15520	0x0
1	0x22e7ad0	0x22eab68	0x130f	0x13	0xf	0xe15bf0	0x0
1	0x22e7ad0	0x22eab80	0x2510	0x25	0x10	0xe14d60	0x0
1	0x22e7ad0	0x22eab98	0x2511	0x25	0x11	0xe13df0	0x0
1	0x22e7ad0	0x22eabb0	0x2512	0x25	0x12	0xe145a0	0x0
1	0x22e7ad0	0x22eabc8	0x1313	0x13	0x13	0xe1a490	0x0
1	0x22e7ad0	0x22eabe0	0x1314	0x13	0x14	0xe19540	0x0
1	0x22e7ad0	0x22eabf8	0x1315	0x13	0x15	0xe19cd0	0x0
1	0x22e7ad0	0x22eac10	0x1316	0x13	0x16	0xe178a0	0x0
1	0x22e7ad0	0x22eac28	0x1317	0x13	0x17	0xe169b0	0x0
1	0x22e7ad0	0x22eac40	0x1318	0x13	0x18	0xe17110	0x0
1	0x22e7ad0	0x22eac58	0x0519	0x5	0x19	0xe10ec0	0x0
1	0x22e7ad0	0x22eac70	0x051a	0x5	0x1a	0xe0eea0	0x0
1	0x22e7ad0	0x22eac88	0x051b	0x5	0x1b	0xe10990	0x0
1	0x22e7ad0	0x22eaca0	0x051c	0x5	0x1c	0xe0ea30	0x0
1	0x22e7ad0	0x22eacb8	0x051d	0x5	0x1d	0xe104c0	0x0
1	0x22e7ad0	0x22eace0	0x0500	0x5	0x0	0xcc1280	0x0
1	0x22e7ad0	0x22eacf8	0x0501	0x5	0x1	0xcc0de0	0x0
1	0x22e7ad0	0x22ead20	0x0b00	0xb	0x0	0xe059e0	0x0
1	0x22e7ad0	0x22ead38	0x0501	0x5	0x1	0xe05f00	0x0
1	0x22e7ad0	0x22ead50	0x0502	0x5	0x2	0xe06470	0x0
1	0x22e7ad0	0x22ead68	0x0603	0x6	0x3	0xe04a40	0x0
1	0x22e7ad0	0x22ead80	0x0504	0x5	0x4	0xe04f60	0x0
1	0x22e7ad0	0x22ead98	0x0505	0x5	0x5	0xe054a0	0x0
1	0x22e7ad0	0x22eadc0	0x0b00	0xb	0x0	0xdf2b00	0x0
1	0x22e7ad0	0x22eadd8	0x0501	0x5	0x1	0xdf3020	0x0
1	0x22e7ad0	0x22eadf0	0x0502	0x5	0x2	0xdf3590	0x0
1	0x22e7ad0	0x22eae08	0x0603	0x6	0x3	0xdf1b60	0x0
1	0x22e7ad0	0x22eae20	0x0504	0x5	0x4	0xdf2080	0x0
1	0x22e7ad0	0x22eae38	0x0505	0x5	0x5	0xdf25c0	0x0
1	0x22e7ad0	0x22eae60	0x0b00	0xb	0x0	0xcc2be0	0x0
1	0x22e7ad0	0x22eae78	0x0501	0x5	0x1	0xcc3130	0x0
1	0x22e7ad0	0x22eae90	0x0502	0x5	0x2	0xcc36d0	0x0
1	0x22e7ad0	0x22eaea8	0x0603	0x6	0x3	0xcc1bb0	0x0
1	0x22e7ad0	0x22eaec0	0x0504	0x5	0x4	0xcc2100	0x0
1	0x22e7ad0	0x22eaed8	0x0505	0x5	0x5	0xcc2670	0x0
1	0x22e7ad0	0x22eaf00	0x0b00	0xb	0x0	0xded500	0x0
1	0x22e7ad0	0x22eaf18	0x0501	0x5	0x1	0xdeda50	0x0
1	0x22e7ad0	0x22eaf30	0x0502	0x5	0x2	0xdedff0	0x0
1	0x22e7ad0	0x22eaf48	0x0603	0x6	0x3	0xdec4d0	0x0
1	0x22e7ad0	0x22eaf60	0x0504	0x5	0x4	0xdeca20	0x0
1	0x22e7ad0	0x22eaf78	0x0505	0x5	0x5	0xdecf90	0x0
1	0x22e7ad0	0x22eafa0	0x0b00	0xb	0x0	0xd41b80	0x0
1	0x22e7ad0	0x22eafb8	0x0501	0x5	0x1	0xd420a0	0x0
1	0x22e7ad0	0x22eafd0	0x0502	0x5	0x2	0xd42610	0x0
1	0x22e7ad0	0x22eafe8	0x0603	0x6	0x3	0xd40be0	0x0
1	0x22e7ad0	0x22eb000	0x0504	0x5	0x4	0xd41100	0x0
1	0x22e7ad0	0x22eb018	0x0505	0x5	0x5	0xd41640	0x0
1	0x22e7ad0	0x22eb040	0x0b00	0xb	0x0	0xd0df80	0x0
1	0x22e7ad0	0x22eb058	0x0501	0x5	0x1	0xd0e4a0	0x0
1	0x22e7ad0	0x22eb070	0x0502	0x5	0x2	0xd0ea10	0x0
1	0x22e7ad0	0x22eb088	0x0603	0x6	0x3	0xd0cfe0	0x0
1	0x22e7ad0	0x22eb0a0	0x0504	0x5	0x4	0xd0d500	0x0
1	0x22e7ad0	0x22eb0b8	0x0505	0x5	0x5	0xd0da40	0x0
1	0x22e7ad0	0x22eb0e0	0x0b00	0xb	0x0	0xdc7c70	0x0
1	0x22e7ad0	0x22eb0f8	0x0501	0x5	0x1	0xdc8190	0x0
1	0x22e7ad0	0x22eb110	0x0502	0x5	0x2	0xdc8700	0x0
1	0x22e7ad0	0x22eb128	0x0603	0x6	0x3	0xdc5d20	0x0
1	0x22e7ad0	0x22eb140	0x0504	0x5	0x4	0xdc6770	0x0
1	0x22e7ad0	0x22eb158	0x0505	0x5	0x5	0xdc71f0	0x0
1	0x22e7ad0	0x22eb170	0x0706	0x7	0x6	0xdc6240	0x0
1	0x22e7ad0	0x22eb188	0x0507	0x5	0x7	0xdc6cb0	0x0
1	0x22e7ad0	0x22eb1a0	0x0508	0x5	0x8	0xdc7730	0x0
1	0x22e7ad0	0x22eb1c0	0x0b00	0xb	0x0	0xdb8490	0x0
1	0x22e7ad0	0x22eb1d8	0x0501	0x5	0x1	0xdb89b0	0x0
1	0x22e7ad0	0x22eb1f0	0x0502	0x5	0x2	0xdb8f20	0x0
1	0x22e7ad0	0x22eb208	0x0603	0x6	0x3	0xdb6540	0x0
1	0x22e7ad0	0x22eb220	0x0504	0x5	0x4	0xdb6f90	0x0
1	0x22e7ad0	0x22eb238	0x0505	0x5	0x5	0xdb7a10	0x0
1	0x22e7ad0	0x22eb250	0x0706	0x7	0x6	0xdb6a60	0x0
1	0x22e7ad0	0x22eb268	0x0507	0x5	0x7	0xdb74d0	0x0
1	0x22e7ad0	0x22eb280	0x0508	0x5	0x8	0xdb7f50	0x0
1	0x22e7ad0	0x22eb2a0	0x0300	0x3	0x0	0xc92210	0x0
1	0x22e7ad0	0x22eb2b8	0x0301	0x3	0x1	0xc8cdd0	0x0
1	0x22e7ad0	0x22eb2d0	0x0302	0x3	0x2	0xc8d3d0	0x0
1	0x22e7ad0	0x22eb2e8	0x0303	0x3	0x3	0xc92800	0x0
1	0x22e7ad0	0x22eb300	0x0304	0x3	0x4	0xc8da00	0x0
1	0x22e7ad0	0x22eb318	0x1905	0x19	0x5	0xc8e030	0x0
1	0x22e7ad0	0x22eb330	0x0306	0x3	0x6	0xc90a40	0x0
1	0x22e7ad0	0x22eb348	0x0307	0x3	0x7	0xc91610	0x0
1	0x22e7ad0	0x22eb360	0x0308	0x3	0x8	0xc91020	0x0
1	0x22e7ad0	0x22eb378	0x1909	0x19	0x9	0xc91c00	0x0
1	0x22e7ad0	0x22eb390	0x030a	0x3	0xa	0xc8a320	0x0
1	0x22e7ad0	0x22eb3a8	0x030b	0x3	0xb	0xc8bb80	0x0
1	0x22e7ad0	0x22eb3c0	0x030c	0x3	0xc	0xc8af40	0x0
1	0x22e7ad0	0x22eb3d8	0x190d	0x19	0xd	0xc8a900	0x0
1	0x22e7ad0	0x22eb3f0	0x190e	0x19	0xe	0xc8c170	0x0
1	0x22e7ad0	0x22eb408	0x190f	0x19	0xf	0xc8b530	0x0
1	0x22e7ad0	0x22eb420	0x1910	0x19	0x10	0xc8c7c0	0x0
1	0x22e7ad0	0x22eb438	0x1911	0x19	0x11	0xc9c380	0x0
1	0x22e7ad0	0x22eb450	0x1912	0x19	0x12	0xc985b0	0x0
1	0x22e7ad0	0x22eb468	0x1913	0x19	0x13	0xc98c00	0x0
1	0x22e7ad0	0x22eb480	0x1914	0x19	0x14	0xc9ab00	0x0
1	0x22e7ad0	0x22eb498	0x1915	0x19	0x15	0xc9b720	0x0
1	0x22e7ad0	0x22eb4b0	0x1916	0x19	0x16	0xc9b100	0x0
1	0x22e7ad0	0x22eb4c8	0x1917	0x19	0x17	0xc9bd40	0x0
1	0x22e7ad0	0x22eb4e0	0x1918	0x19	0x18	0xc959f0	0x0
1	0x22e7ad0	0x22eb4f8	0x1919	0x19	0x19	0xc972e0	0x0
1	0x22e7ad0	0x22eb510	0x191a	0x19	0x1a	0xc96650	0x0
1	0x22e7ad0	0x22eb528	0x191b	0x19	0x1b	0xc95ff0	0x0
1	0x22e7ad0	0x22eb540	0x191c	0x19	0x1c	0xc97900	0x0
1	0x22e7ad0	0x22eb558	0x191d	0x19	0x1d	0xc96c70	0x0
1	0x22e7ad0	0x22eb570	0x191e	0x19	0x1e	0xc97f70	0x0
1	0x22e7ad0	0x22eb588	0x191f	0x19	0x1f	0xc99280	0x0
1	0x22e7ad0	0x22eb5a0	0x1920	0x19	0x20	0xc99ea0	0x0
1	0x22e7ad0	0x22eb5b8	0x1921	0x19	0x21	0xc99880	0x0
1	0x22e7ad0	0x22eb5d0	0x1922	0x19	0x22	0xc9a4c0	0x0
1	0x22e7ad0	0x22eb5e8	0x1923	0x19	0x23	0xc92e30	0x0
1	0x22e7ad0	0x22eb600	0x1924	0x19	0x24	0xc94720	0x0
1	0x22e7ad0	0x22eb618	0x1925	0x19	0x25	0xc93a90	0x0
1	0x22e7ad0	0x22eb630	0x1926	0x19	0x26	0xc93430	0x0
1	0x22e7ad0	0x22eb648	0x1927	0x19	0x27	0xc94d40	0x0
1	0x22e7ad0	0x22eb660	0x1928	0x19	0x28	0xc940b0	0x0
1	0x22e7ad0	0x22eb678	0x1929	0x19	0x29	0xc953b0	0x0
1	0x22e7ad0	0x22eb690	0x032a	0x3	0x2a	0xc8e6b0	0x0
1	0x22e7ad0	0x22eb6a8	0x032b	0x3	0x2b	0xc8f280	0x0
1	0x22e7ad0	0x22eb6c0	0x032c	0x3	0x2c	0xc8ec90	0x0
1	0x22e7ad0	0x22eb6d8	0x192d	0x19	0x2d	0xc8f870	0x0
1	0x22e7ad0	0x22eb6f0	0x032e	0x3	0x2e	0xc86030	0x0
1	0x22e7ad0	0x22eb708	0x032f	0x3	0x2f	0xc86c00	0x0
1	0x22e7ad0	0x22eb720	0x0330	0x3	0x30	0xc86610	0x0
1	0x22e7ad0	0x22eb738	0x1931	0x19	0x31	0xc87db0	0x0
1	0x22e7ad0	0x22eb750	0x1932	0x19	0x32	0xc88a40	0x0
1	0x22e7ad0	0x22eb768	0x1933	0x19	0x33	0xc883f0	0x0
1	0x22e7ad0	0x22eb780	0x1934	0x19	0x34	0xc89d10	0x0
1	0x22e7ad0	0x22eb798	0x0335	0x3	0x35	0xc90460	0x0
1	0x22e7ad0	0x22eb7b0	0x0336	0x3	0x36	0xc8fe80	0x0
1	0x22e7ad0	0x22eb7c8	0x0337	0x3	0x37	0xc877d0	0x0
1	0x22e7ad0	0x22eb7e0	0x0338	0x3	0x38	0xc871f0	0x0
1	0x22e7ad0	0x22eb7f8	0x1939	0x19	0x39	0xc896d0	0x0
1	0x22e7ad0	0x22eb810	0x193a	0x19	0x3a	0xc89090	0x0
1	0x22e7ad0	0x22eb828	0x193b	0x19	0x3b	0xc9e120	0x0
1	0x22e7ad0	0x22eb840	0x033c	0x3	0x3c	0xc9cf80	0x0
1	0x22e7ad0	0x22eb858	0x193e	0x19	0x3e	0xc9e750	0x0
1	0x22e7ad0	0x22eb870	0x0340	0x3	0x40	0xc9d540	0x0
1	0x22e7ad0	0x22eb888	0x1941	0x19	0x41	0xc9db30	0x0
1	0x22e7ad0	0x22eb8a0	0x1942	0x19	0x42	0xc9f960	0x0
1	0x22e7ad0	0x22eb8b8	0x0343	0x3	0x43	0xc9c9d0	0x0
1	0x22e7ad0	0x22eb8d0	0x0344	0x3	0x44	0xc9edb0	0x0
1	0x22e7ad0	0x22eb8e8	0x1945	0x19	0x45	0xc9ff90	0x0
1	0x22e7ad0	0x22eb900	0x0346	0x3	0x46	0xc9f390	0x0
1	0x22e7ad0	0x22eb920	0x1902	0x19	0x2	0xdb9ac0	0x0
1	0x22e7ad0	0x22eb938	0x1903	0x19	0x3	0xdb9490	0x0
1	0x22e7ad0	0x22eb950	0x1904	0x19	0x4	0xdbd210	0x0
1	0x22e7ad0	0x22eb968	0x1905	0x19	0x5	0xdbea50	0x0
1	0x22e7ad0	0x22eb980	0x1906	0x19	0x6	0xdbde20	0x0
1	0x22e7ad0	0x22eb998	0x1907	0x19	0x7	0xdbf090	0x0
1	0x22e7ad0	0x22eb9b0	0x1908	0x19	0x8	0xdc20d0	0x0
1	0x22e7ad0	0x22eb9c8	0x1909	0x19	0x9	0xdc0f30	0x0
1	0x22e7ad0	0x22eb9e0	0x190a	0x19	0xa	0xdc1ae0	0x0
1	0x22e7ad0	0x22eb9f8	0x190b	0x19	0xb	0xdc14f0	0x0
1	0x22e7ad0	0x22eba10	0x190c	0x19	0xc	0xdbcc50	0x0
1	0x22e7ad0	0x22eba28	0x190d	0x19	0xd	0xdbe460	0x0
1	0x22e7ad0	0x22eba40	0x190e	0x19	0xe	0xdbd830	0x0
1	0x22e7ad0	0x22eba58	0x190f	0x19	0xf	0xdbb360	0x0
1	0x22e7ad0	0x22eba70	0x1910	0x19	0x10	0xdbbfc0	0x0
1	0x22e7ad0	0x22eba88	0x1911	0x19	0x11	0xdbb980	0x0
1	0x22e7ad0	0x22ebaa0	0x1912	0x19	0x12	0xdbc600	0x0
1	0x22e7ad0	0x22ebab8	0x1913	0x19	0x13	0xdc08e0	0x0
1	0x22e7ad0	0x22ebad0	0x1914	0x19	0x14	0xdbf6a0	0x0
1	0x22e7ad0	0x22ebae8	0x1915	0x19	0x15	0xdc02c0	0x0
1	0x22e7ad0	0x22ebb00	0x1916	0x19	0x16	0xdbfca0	0x0
1	0x22e7ad0	0x22ebb18	0x1917	0x19	0x17	0xdba120	0x0
1	0x22e7ad0	0x22ebb30	0x1918	0x19	0x18	0xdbad40	0x0
1	0x22e7ad0	0x22ebb48	0x1919	0x19	0x19	0xdba720	0x0
1	0x22e7ad0	0x22ebb60	0x0500	0x5	0x0	0xe0c3d0	0x0
1	0x22e7ad0	0x22ebb78	0x0501	0x5	0x1	0xe0c8f0	0x0
1	0x22e7ad0	0x22ebb90	0x0306	0x3	0x6	0xe0d3f0	0x0
1	0x22e7ad0	0x22ebba8	0x0307	0x3	0x7	0xe0ce10	0x0
1	0x22e7ad0	0x22ebbc0	0x0a00	0xa	0x0	0xde41b0	0x0
1	0x22e7ad0	0x22ebbd8	0x1201	0x12	0x1	0xde4c40	0x0
1	0x22e7ad0	0x22ebbf0	0x0a02	0xa	0x2	0xde46e0	0x0
1	0x22e7ad0	0x22ebc08	0x1203	0x12	0x3	0xde51d0	0x0
1	0x22e7ad0	0x22ebc20	0x030c	0x3	0xc	0xde5d70	0x0
1	0x22e7ad0	0x22ebc38	0x030d	0x3	0xd	0xde5770	0x0
1	0x22e7ad0	0x22ebc50	0x160e	0x16	0xe	0xde7560	0x0
1	0x22e7ad0	0x22ebc68	0x160f	0x16	0xf	0xde6f20	0x0
1	0x22e7ad0	0x22ebc80	0x0310	0x3	0x10	0xde6930	0x0
1	0x22e7ad0	0x22ebc98	0x0311	0x3	0x11	0xde6340	0x0
1	0x22e7ad0	0x22ebcb0	0x1612	0x16	0x12	0xde8200	0x0
1	0x22e7ad0	0x22ebcc8	0x1613	0x16	0x13	0xde7b90	0x0
1	0x22e7ad0	0x22ebce0	0x0500	0x5	0x0	0xd601b0	0x0
1	0x22e7ad0	0x22ebcf8	0x0303	0x3	0x3	0xd61830	0x0
1	0x22e7ad0	0x22ebd10	0x0304	0x3	0x4	0xd61240	0x0
1	0x22e7ad0	0x22ebd28	0x0505	0x5	0x5	0xd5fcb0	0x0
1	0x22e7ad0	0x22ebd40	0x0308	0x3	0x8	0xd60c90	0x0
1	0x22e7ad0	0x22ebd58	0x0309	0x3	0x9	0xd606c0	0x0
1	0x22e7ad0	0x22ebd80	0x0500	0x5	0x0	0xd11850	0x0
1	0x22e7ad0	0x22ebd98	0x0501	0x5	0x1	0xd14990	0x0
1	0x22e7ad0	0x22ebdb0	0x0502	0x5	0x2	0xd10a10	0x0
1	0x22e7ad0	0x22ebdc8	0x0503	0x5	0x3	0xd10540	0x0
1	0x22e7ad0	0x22ebde0	0x0504	0x5	0x4	0xd10eb0	0x0
1	0x22e7ad0	0x22ebdf8	0x0505	0x5	0x5	0xd11380	0x0
1	0x22e7ad0	0x22ebe10	0x0506	0x5	0x6	0xd14020	0x0
1	0x22e7ad0	0x22ebe28	0x0507	0x5	0x7	0xd11cf0	0x0
1	0x22e7ad0	0x22ebe40	0x0508	0x5	0x8	0xd144f0	0x0
1	0x22e7ad0	0x22ebe58	0x0509	0x5	0x9	0xd13620	0x0
1	0x22e7ad0	0x22ebe70	0x0b0a	0xb	0xa	0xd12690	0x0
1	0x22e7ad0	0x22ebe88	0x050b	0x5	0xb	0xd12190	0x0
1	0x22e7ad0	0x22ebea0	0x050c	0x5	0xc	0xd13150	0x0
1	0x22e7ad0	0x22ebeb8	0x050d	0x5	0xd	0xd13af0	0x0
1	0x22e7ad0	0x22ebed0	0x050e	0x5	0xe	0xd12c20	0x0
1	0x22e7ad0	0x22ebf00	0x0500	0x5	0x0	0xcaf0a0	0x0
1	0x22e7ad0	0x22ebf18	0x1e02	0x1e	0x2	0xcaf5a0	0x0
1	0x22e7ad0	0x22ebf30	0x0503	0x5	0x3	0xcafb30	0x0
1	0x22e7ad0	0x22ebf48	0x1e05	0x1e	0x5	0xcb0030	0x0
1	0x22e7ad0	0x22ebf60	0x0506	0x5	0x6	0xca2990	0x0
1	0x22e7ad0	0x22ebf78	0x0b07	0xb	0x7	0xca19c0	0x0
1	0x22e7ad0	0x22ebf90	0x0508	0x5	0x8	0xca1f10	0x0
1	0x22e7ad0	0x22ebfa8	0x0b09	0xb	0x9	0xca2430	0x0
1	0x22e7ad0	0x22ebfc0	0x030e	0x3	0xe	0xca3410	0x0
1	0x22e7ad0	0x22ebfd8	0x160f	0x16	0xf	0xca3fa0	0x0
1	0x22e7ad0	0x22ebff0	0x0310	0x3	0x10	0xca4b50	0x0
1	0x22e7ad0	0x22ec008	0x1611	0x16	0x11	0xca5700	0x0
1	0x22e7ad0	0x22ec020	0x0212	0x2	0x12	0xca6f50	0x0
1	0x22e7ad0	0x22ec038	0x1213	0x12	0x13	0xca8820	0x0
1	0x22e7ad0	0x22ec050	0x0214	0x2	0x14	0xcaa090	0x0
1	0x22e7ad0	0x22ec068	0x1215	0x12	0x15	0xcab9d0	0x0
1	0x22e7ad0	0x22ec080	0x031a	0x3	0x1a	0xca6360	0x0
1	0x22e7ad0	0x22ec098	0x161b	0x16	0x1b	0xca7b80	0x0
1	0x22e7ad0	0x22ec0b0	0x031c	0x3	0x1c	0xca9480	0x0
1	0x22e7ad0	0x22ec0c8	0x161d	0x16	0x1d	0xcaad00	0x0
1	0x22e7ad0	0x22ec0e0	0x021e	0x2	0x1e	0xca69a0	0x0
1	0x22e7ad0	0x22ec0f8	0x121f	0x12	0x1f	0xca8220	0x0
1	0x22e7ad0	0x22ec110	0x0220	0x2	0x20	0xca9ae0	0x0
1	0x22e7ad0	0x22ec128	0x1221	0x12	0x21	0xcab3b0	0x0
1	0x22e7ad0	0x22ec140	0x0326	0x3	0x26	0xca5d10	0x0
1	0x22e7ad0	0x22ec158	0x1627	0x16	0x27	0xca74e0	0x0
1	0x22e7ad0	0x22ec170	0x0328	0x3	0x28	0xca8e20	0x0
1	0x22e7ad0	0x22ec188	0x1629	0x16	0x29	0xcaa640	0x0
1	0x22e7ad0	0x22ec1a0	0x052a	0x5	0x2a	0xca14f0	0x0
1	0x22e7ad0	0x22ec1b8	0x0b2b	0xb	0x2b	0xca05b0	0x0
1	0x22e7ad0	0x22ec1d0	0x052c	0x5	0x2c	0xca0ad0	0x0
1	0x22e7ad0	0x22ec1e8	0x0b2d	0xb	0x2d	0xca0fc0	0x0
1	0x22e7ad0	0x22ec200	0x0332	0x3	0x32	0xca2e90	0x0
1	0x22e7ad0	0x22ec218	0x1633	0x16	0x33	0xca39c0	0x0
1	0x22e7ad0	0x22ec230	0x0334	0x3	0x34	0xca45b0	0x0
1	0x22e7ad0	0x22ec248	0x1635	0x16	0x35	0xca5120	0x0
1	0x22e7ad0	0x22ec260	0x0536	0x5	0x36	0xcabfe0	0x0
1	0x22e7ad0	0x22ec278	0x0537	0x5	0x37	0xcadfd0	0x0
1	0x22e7ad0	0x22ec290	0x0538	0x5	0x38	0xcada30	0x0
1	0x22e7ad0	0x22ec2a8	0x0639	0x6	0x39	0xcaeaf0	0x0
1	0x22e7ad0	0x22ec2c0	0x033a	0x3	0x3a	0xcae510	0x0
1	0x22e7ad0	0x22ec2d8	0x053b	0x5	0x3b	0xcac480	0x0
1	0x22e7ad0	0x22ec2f0	0x053c	0x5	0x3c	0xcad4c0	0x0
1	0x22e7ad0	0x22ec308	0x063d	0x6	0x3d	0xcacf40	0x0
1	0x22e7ad0	0x22ec320	0x033e	0x3	0x3e	0xcac990	0x0
1	0x22e7ad0	0x22ec340	0x0500	0x5	0x0	0xe0a490	0x0
1	0x22e7ad0	0x22ec360	0x0a00	0xa	0x0	0xdc8c70	0x0
1	0x22e7ad0	0x22ec378	0x0301	0x3	0x1	0xdc96c0	0x0
1	0x22e7ad0	0x22ec390	0x0a02	0xa	0x2	0xdca120	0x0
1	0x22e7ad0	0x22ec3a8	0x0303	0x3	0x3	0xdc9170	0x0
1	0x22e7ad0	0x22ec3c0	0x0a04	0xa	0x4	0xdc9c20	0x0
1	0x22e7ad0	0x22ec3e0	0x0200	0x2	0x0	0xc7c710	0x0
1	0x22e7ad0	0x22ec3f8	0x0301	0x3	0x1	0xc7d190	0x0
1	0x22e7ad0	0x22ec410	0x0202	0x2	0x2	0xc7d740	0x0
1	0x22e7ad0	0x22ec428	0x0303	0x3	0x3	0xc7c1a0	0x0
1	0x22e7ad0	0x22ec440	0x0204	0x2	0x4	0xc7cc50	0x0
1	0x22e7ad0	0x22ec460	0x0200	0x2	0x0	0xc7ac30	0x0
1	0x22e7ad0	0x22ec478	0x0301	0x3	0x1	0xc7b6b0	0x0
1	0x22e7ad0	0x22ec490	0x0202	0x2	0x2	0xc7bc60	0x0
1	0x22e7ad0	0x22ec4a8	0x0303	0x3	0x3	0xc7a6c0	0x0
1	0x22e7ad0	0x22ec4c0	0x0204	0x2	0x4	0xc7b170	0x0
1	0x22e7ad0	0x22ec4e0	0x2300	0x23	0x0	0xd84690	0x0
1	0x22e7ad0	0x22ec4f8	0x1301	0x13	0x1	0xd83f40	0x0
1	0x22e7ad0	0x22ec510	0x1302	0x13	0x2	0xd84df0	0x0
1	0x22e7ad0	0x22ec528	0x0203	0x2	0x3	0xd85540	0x0
1	0x22e7ad0	0x22ec540	0x0304	0x3	0x4	0xd85a50	0x0
1	0x22e7ad0	0x22ec558	0x0205	0x2	0x5	0xd85fc0	0x0
1	0x22e7ad0	0x22ec570	0x0a00	0xa	0x0	0xe09040	0x0
1	0x22e7ad0	0x22ec590	0x1300	0x13	0x0	0xe089a0	0x0
1	0x22e7ad0	0x22ec5c0	0x0a00	0xa	0x0	0xe07d10	0x0
1	0x22e7ad0	0x22ec5d8	0x0a01	0xa	0x1	0xe08370	0x0
1	0x22e7ad0	0x22ec600	0x0500	0x5	0x0	0xe04410	0x0
1	0x22e7ad0	0x22ec618	0x1301	0x13	0x1	0xe03dd0	0x0
1	0x22e7ad0	0x22ec640	0x1300	0x13	0x0	0xe03170	0x0
1	0x22e7ad0	0x22ec658	0x1301	0x13	0x1	0xe037a0	0x0
1	0x22e7ad0	0x22ec680	0x2300	0x23	0x0	0xd691f0	0x0
1	0x22e7ad0	0x22ec698	0x1301	0x13	0x1	0xd68aa0	0x0
1	0x22e7ad0	0x22ec6b0	0x1302	0x13	0x2	0xd69950	0x0
1	0x22e7ad0	0x22ec6c8	0x0203	0x2	0x3	0xd6a0a0	0x0
1	0x22e7ad0	0x22ec6e0	0x0304	0x3	0x4	0xd6a5b0	0x0
1	0x22e7ad0	0x22ec6f8	0x0205	0x2	0x5	0xd6ab20	0x0
1	0x22e7ad0	0x22ec710	0x1300	0x13	0x0	0xe02b20	0x0
1	0x22e7ad0	0x22ec740	0x0500	0x5	0x0	0xd5cea0	0x0
1	0x22e7ad0	0x22ec758	0x0501	0x5	0x1	0xd5e360	0x0
1	0x22e7ad0	0x22ec770	0x0502	0x5	0x2	0xd5c440	0x0
1	0x22e7ad0	0x22ec788	0x0503	0x5	0x3	0xd5d900	0x0
1	0x22e7ad0	0x22ec7a0	0x0504	0x5	0x4	0xd5ed90	0x0
1	0x22e7ad0	0x22ec7b8	0x0505	0x5	0x5	0xd5f7a0	0x0
1	0x22e7ad0	0x22ec7d0	0x0506	0x5	0x6	0xd5e890	0x0
1	0x22e7ad0	0x22ec7e8	0x0507	0x5	0x7	0xd5f290	0x0
1	0x22e7ad0	0x22ec800	0x0508	0x5	0x8	0xd5c970	0x0
1	0x22e7ad0	0x22ec818	0x0509	0x5	0x9	0xd5de30	0x0
1	0x22e7ad0	0x22ec830	0x050a	0x5	0xa	0xd5bf10	0x0
1	0x22e7ad0	0x22ec848	0x050b	0x5	0xb	0xd5d3d0	0x0
1	0x22e7ad0	0x22ec860	0x0302	0x3	0x2	0xdf91b0	0x0
1	0x22e7ad0	0x22ec878	0x0303	0x3	0x3	0xdf8bc0	0x0
1	0x22e7ad0	0x22ec890	0x1904	0x19	0x4	0xdf97c0	0x0
1	0x22e7ad0	0x22ec8a8	0x1905	0x19	0x5	0xdfbb30	0x0
1	0x22e7ad0	0x22ec8c0	0x1906	0x19	0x6	0xdfa940	0x0
1	0x22e7ad0	0x22ec8d8	0x1907	0x19	0x7	0xdfcd20	0x0
1	0x22e7ad0	0x22ec8f0	0x1908	0x19	0x8	0xdfe5b0	0x0
1	0x22e7ad0	0x22ec908	0x1909	0x19	0x9	0xdfd370	0x0
1	0x22e7ad0	0x22ec920	0x190a	0x19	0xa	0xdfdf90	0x0
1	0x22e7ad0	0x22ec938	0x190b	0x19	0xb	0xdfd970	0x0
1	0x22e7ad0	0x22ec950	0x190c	0x19	0xc	0xdf9dc0	0x0
1	0x22e7ad0	0x22ec968	0x190d	0x19	0xd	0xdfc150	0x0
1	0x22e7ad0	0x22ec980	0x190e	0x19	0xe	0xdfaf60	0x0
1	0x22e7ad0	0x22ec998	0x030f	0x3	0xf	0xdff1b0	0x0
1	0x22e7ad0	0x22ec9b0	0x0310	0x3	0x10	0xdff780	0x0
1	0x22e7ad0	0x22ec9c8	0x0311	0x3	0x11	0xdfec00	0x0
1	0x22e7ad0	0x22ec9e0	0x0312	0x3	0x12	0xdf3b00	0x0
1	0x22e7ad0	0x22ec9f8	0x0313	0x3	0x13	0xdf4690	0x0
1	0x22e7ad0	0x22eca10	0x0314	0x3	0x14	0xdf40b0	0x0
1	0x22e7ad0	0x22eca28	0x1915	0x19	0x15	0xdf6e10	0x0
1	0x22e7ad0	0x22eca40	0x1916	0x19	0x16	0xdf85a0	0x0
1	0x22e7ad0	0x22eca58	0x0317	0x3	0x17	0xdf7430	0x0
1	0x22e7ad0	0x22eca70	0x0318	0x3	0x18	0xdf7fc0	0x0
1	0x22e7ad0	0x22eca88	0x0319	0x3	0x19	0xdf79e0	0x0
1	0x22e7ad0	0x22ecaa0	0x031a	0x3	0x1a	0xe007d0	0x0
1	0x22e7ad0	0x22ecab8	0x191b	0x19	0x1b	0xe01910	0x0
1	0x22e7ad0	0x22ecad0	0x031c	0x3	0x1c	0xdffd00	0x0
1	0x22e7ad0	0x22ecae8	0x031d	0x3	0x1d	0xe00d80	0x0
1	0x22e7ad0	0x22ecb00	0x031e	0x3	0x1e	0xdf4c70	0x0
1	0x22e7ad0	0x22ecb18	0x031f	0x3	0x1f	0xdf5800	0x0
1	0x22e7ad0	0x22ecb30	0x0320	0x3	0x20	0xdf5220	0x0
1	0x22e7ad0	0x22ecb48	0x0321	0x3	0x21	0xdfa3c0	0x0
1	0x22e7ad0	0x22ecb60	0x0322	0x3	0x22	0xdfc770	0x0
1	0x22e7ad0	0x22ecb78	0x0323	0x3	0x23	0xdfb580	0x0
1	0x22e7ad0	0x22ecb90	0x0324	0x3	0x24	0xe00250	0x0
1	0x22e7ad0	0x22ecba8	0x0325	0x3	0x25	0xe01330	0x0
1	0x22e7ad0	0x22ecbc0	0x0326	0x3	0x26	0xdf5de0	0x0
1	0x22e7ad0	0x22ecbd8	0x0327	0x3	0x27	0xdf68a0	0x0
1	0x22e7ad0	0x22ecbf0	0x0328	0x3	0x28	0xdf6330	0x0
1	0x22e7ad0	0x22ecc20	0x0500	0x5	0x0	0xdeab30	0x0
1	0x22e7ad0	0x22ecc38	0x0301	0x3	0x1	0xdeb030	0x0
1	0x22e7ad0	0x22ecc50	0x0502	0x5	0x2	0xdeb580	0x0
1	0x22e7ad0	0x22ecc68	0x0303	0x3	0x3	0xdebf80	0x0
1	0x22e7ad0	0x22ecc80	0x0504	0x5	0x4	0xdeba80	0x0
1	0x22e7ad0	0x22ecca0	0x0500	0x5	0x0	0xde8840	0x0
1	0x22e7ad0	0x22eccb8	0x0301	0x3	0x1	0xde8d10	0x0
1	0x22e7ad0	0x22eccd0	0x0302	0x3	0x2	0xde9700	0x0
1	0x22e7ad0	0x22ecce8	0x0503	0x5	0x3	0xde9230	0x0
1	0x22e7ad0	0x22ecd00	0x0304	0x3	0x4	0xdea0f0	0x0
1	0x22e7ad0	0x22ecd18	0x0305	0x3	0x5	0xdea610	0x0
1	0x22e7ad0	0x22ecd30	0x0506	0x5	0x6	0xde9c20	0x0
1	0x22e7ad0	0x22ecd60	0x0200	0x2	0x0	0xde1490	0x0
1	0x22e7ad0	0x22ecd78	0x0301	0x3	0x1	0xde1a00	0x0
1	0x22e7ad0	0x22ecd90	0x0202	0x2	0x2	0xde25b0	0x0
1	0x22e7ad0	0x22ecda8	0x0303	0x3	0x3	0xde1fd0	0x0
1	0x22e7ad0	0x22ecdc0	0x0304	0x3	0x4	0xde3bd0	0x0
1	0x22e7ad0	0x22ecdd8	0x0205	0x2	0x5	0xde2b20	0x0
1	0x22e7ad0	0x22ecdf0	0x0306	0x3	0x6	0xde3600	0x0
1	0x22e7ad0	0x22ece08	0x0207	0x2	0x7	0xde3090	0x0
1	0x22e7ad0	0x22ece20	0x0500	0x5	0x0	0xddfaf0	0x0
1	0x22e7ad0	0x22ece38	0x0301	0x3	0x1	0xddfff0	0x0
1	0x22e7ad0	0x22ece50	0x0502	0x5	0x2	0xde0540	0x0
1	0x22e7ad0	0x22ece68	0x0303	0x3	0x3	0xde0f40	0x0
1	0x22e7ad0	0x22ece80	0x0504	0x5	0x4	0xde0a40	0x0
1	0x22e7ad0	0x22ecea0	0x0700	0x7	0x0	0xdc5280	0x0
1	0x22e7ad0	0x22eceb8	0x0701	0x7	0x1	0xdc57d0	0x0
1	0x22e7ad0	0x22eced0	0x0702	0x7	0x2	0xdc47e0	0x0
1	0x22e7ad0	0x22ecee8	0x0703	0x7	0x3	0xdc4d30	0x0
1	0x22e7ad0	0x22ecf00	0x0500	0x5	0x0	0xdc26e0	0x0
1	0x22e7ad0	0x22ecf18	0x0303	0x3	0x3	0xdc36b0	0x0
1	0x22e7ad0	0x22ecf30	0x0304	0x3	0x4	0xdc30e0	0x0
1	0x22e7ad0	0x22ecf48	0x0508	0x5	0x8	0xdc2be0	0x0
1	0x22e7ad0	0x22ecf60	0x030b	0x3	0xb	0xdc4230	0x0
1	0x22e7ad0	0x22ecf78	0x030c	0x3	0xc	0xdc3c60	0x0
1	0x22e7ad0	0x22ecfa0	0x0300	0x3	0x0	0xd224d0	0x0
1	0x22e7ad0	0x22ecfb8	0x0301	0x3	0x1	0xd22f20	0x0
1	0x22e7ad0	0x22ecfd0	0x0302	0x3	0x2	0xd229f0	0x0
1	0x22e7ad0	0x22ed000	0x0200	0x2	0x0	0xdb40a0	0x0
1	0x22e7ad0	0x22ed018	0x0301	0x3	0x1	0xdb5030	0x0
1	0x22e7ad0	0x22ed030	0x0202	0x2	0x2	0xdb55a0	0x0
1	0x22e7ad0	0x22ed048	0x0303	0x3	0x3	0xdb45b0	0x0
1	0x22e7ad0	0x22ed060	0x0204	0x2	0x4	0xdb4b20	0x0
1	0x22e7ad0	0x22ed078	0x0305	0x3	0x5	0xdb5fc0	0x0
1	0x22e7ad0	0x22ed090	0x0206	0x2	0x6	0xdb5ab0	0x0
1	0x22e7ad0	0x22ed0c0	0x0500	0x5	0x0	0xdb1e30	0x0
1	0x22e7ad0	0x22ed0d8	0x0601	0x6	0x1	0xdb2300	0x0
1	0x22e7ad0	0x22ed0f0	0x0502	0x5	0x2	0xdb27f0	0x0
1	0x22e7ad0	0x22ed108	0x0603	0x6	0x3	0xdb31b0	0x0
1	0x22e7ad0	0x22ed120	0x0504	0x5	0x4	0xdb2cd0	0x0
1	0x22e7ad0	0x22ed140	0x0b00	0xb	0x0	0xdb1960	0x0
1	0x22e7ad0	0x22ed160	0x0200	0x2	0x0	0xda43f0	0x0
1	0x22e7ad0	0x22ed180	0x0500	0x5	0x0	0xda3f40	0x0
1	0x22e7ad0	0x22ed198	0x0501	0x5	0x1	0xda2fd0	0x0
1	0x22e7ad0	0x22ed1b0	0x0602	0x6	0x2	0xda34e0	0x0
1	0x22e7ad0	0x22ed1c8	0x0503	0x5	0x3	0xda3a30	0x0
1	0x22e7ad0	0x22ed1e0	0x0500	0x5	0x0	0xda58a0	0x0
1	0x22e7ad0	0x22ed1f8	0x0301	0x3	0x1	0xda5d90	0x0
1	0x22e7ad0	0x22ed210	0x0502	0x5	0x2	0xda62b0	0x0
1	0x22e7ad0	0x22ed228	0x0303	0x3	0x3	0xda8140	0x0
1	0x22e7ad0	0x22ed240	0x0504	0x5	0x4	0xda7c50	0x0
1	0x22e7ad0	0x22ed258	0x0205	0x2	0x5	0xda4820	0x0
1	0x22e7ad0	0x22ed270	0x0306	0x3	0x6	0xda4d90	0x0
1	0x22e7ad0	0x22ed288	0x0207	0x2	0x7	0xda5330	0x0
1	0x22e7ad0	0x22ed2a0	0x0308	0x3	0x8	0xda76b0	0x0
1	0x22e7ad0	0x22ed2b8	0x0209	0x2	0x9	0xda7140	0x0
1	0x22e7ad0	0x22ed2d0	0x050a	0x5	0xa	0xda6c70	0x0
1	0x22e7ad0	0x22ed2e8	0x050b	0x5	0xb	0xda67a0	0x0
1	0x22e7ad0	0x22ed300	0x050c	0x5	0xc	0xda8660	0x0
1	0x22e7ad0	0x22ed320	0x0a00	0xa	0x0	0xd43d10	0x0
1	0x22e7ad0	0x22ed338	0x0301	0x3	0x1	0xd44240	0x0
1	0x22e7ad0	0x22ed350	0x0a02	0xa	0x2	0xd447d0	0x0
1	0x22e7ad0	0x22ed368	0x0303	0x3	0x3	0xd47560	0x0
1	0x22e7ad0	0x22ed380	0x0a04	0xa	0x4	0xd47020	0x0
1	0x22e7ad0	0x22ed398	0x0a05	0xa	0x5	0xd42b80	0x0
1	0x22e7ad0	0x22ed3b0	0x0306	0x3	0x6	0xd43140	0x0
1	0x22e7ad0	0x22ed3c8	0x0a07	0xa	0x7	0xd43750	0x0
1	0x22e7ad0	0x22ed3e0	0x0308	0x3	0x8	0xd46a10	0x0
1	0x22e7ad0	0x22ed3f8	0x0a09	0xa	0x9	0xd46450	0x0
1	0x22e7ad0	0x22ed410	0x0a0a	0xa	0xa	0xd44d10	0x0
1	0x22e7ad0	0x22ed428	0x0a0b	0xa	0xb	0xd4a990	0x0
1	0x22e7ad0	0x22ed440	0x0a0c	0xa	0xc	0xd49210	0x0
1	0x22e7ad0	0x22ed458	0x0a0d	0xa	0xd	0xd4b590	0x0
1	0x22e7ad0	0x22ed470	0x0a0e	0xa	0xe	0xd4bba0	0x0
1	0x22e7ad0	0x22ed488	0x0a0f	0xa	0xf	0xd458b0	0x0
1	0x22e7ad0	0x22ed4a0	0x0a10	0xa	0x10	0xd4af90	0x0
1	0x22e7ad0	0x22ed4b8	0x0a11	0xa	0x11	0xd49810	0x0
1	0x22e7ad0	0x22ed4d0	0x0a12	0xa	0x12	0xd47af0	0x0
1	0x22e7ad0	0x22ed4e8	0x0a13	0xa	0x13	0xd4d910	0x0
1	0x22e7ad0	0x22ed500	0x0a14	0xa	0x14	0xd4cd50	0x0
1	0x22e7ad0	0x22ed518	0x0a15	0xa	0x15	0xd4e4d0	0x0
1	0x22e7ad0	0x22ed530	0x0a16	0xa	0x16	0xd45ea0	0x0
1	0x22e7ad0	0x22ed548	0x0a17	0xa	0x17	0xd49e10	0x0
1	0x22e7ad0	0x22ed560	0x0a18	0xa	0x18	0xd48690	0x0
1	0x22e7ad0	0x22ed578	0x0a19	0xa	0x19	0xd4c1b0	0x0
1	0x22e7ad0	0x22ed590	0x0a1a	0xa	0x1a	0xd4c780	0x0
1	0x22e7ad0	0x22ed5a8	0x0a1b	0xa	0x1b	0xd45300	0x0
1	0x22e7ad0	0x22ed5c0	0x0a1c	0xa	0x1c	0xd480e0	0x0
1	0x22e7ad0	0x22ed5d8	0x0a1d	0xa	0x1d	0xd4df10	0x0
1	0x22e7ad0	0x22ed5f0	0x0a1e	0xa	0x1e	0xd4d350	0x0
1	0x22e7ad0	0x22ed608	0x0a1f	0xa	0x1f	0xd4a3d0	0x0
1	0x22e7ad0	0x22ed620	0x0a20	0xa	0x20	0xd48c50	0x0
1	0x22e7ad0	0x22ed638	0x0a21	0xa	0x21	0xd4eae0	0x0
1	0x22e7ad0	0x22ed660	0x0200	0x2	0x0	0xe1bdf0	0x0
1	0x22e7ad0	0x22ed678	0x0a01	0xa	0x1	0xe1e090	0x0
1	0x22e7ad0	0x22ed690	0x0302	0x3	0x2	0xe1c890	0x0
1	0x22e7ad0	0x22ed6a8	0x0303	0x3	0x3	0xe1ebd0	0x0
1	0x22e7ad0	0x22ed6c0	0x0204	0x2	0x4	0xe1c340	0x0
1	0x22e7ad0	0x22ed6d8	0x0a05	0xa	0x5	0xe1e630	0x0
1	0x22e7ad0	0x22ed6f0	0x0306	0x3	0x6	0xe20d60	0x0
1	0x22e7ad0	0x22ed708	0x0307	0x3	0x7	0xe224e0	0x0
1	0x22e7ad0	0x22ed720	0x0208	0x2	0x8	0xe20230	0x0
1	0x22e7ad0	0x22ed738	0x0a09	0xa	0x9	0xe218f0	0x0
1	0x22e7ad0	0x22ed750	0x0a0a	0xa	0xa	0xe1ac50	0x0
1	0x22e7ad0	0x22ed768	0x0a0b	0xa	0xb	0xe1cdf0	0x0
1	0x22e7ad0	0x22ed780	0x030c	0x3	0xc	0xe1b810	0x0
1	0x22e7ad0	0x22ed798	0x030d	0x3	0xd	0xe1da50	0x0
1	0x22e7ad0	0x22ed7b0	0x0a0e	0xa	0xe	0xe1b230	0x0
1	0x22e7ad0	0x22ed7c8	0x0a0f	0xa	0xf	0xe1d420	0x0
1	0x22e7ad0	0x22ed7e0	0x0310	0x3	0x10	0xe20780	0x0
1	0x22e7ad0	0x22ed7f8	0x0311	0x3	0x11	0xe21ea0	0x0
1	0x22e7ad0	0x22ed810	0x0a12	0xa	0x12	0xe1fc50	0x0
1	0x22e7ad0	0x22ed828	0x0a13	0xa	0x13	0xe212c0	0x0
1	0x22e7ad0	0x22ed840	0x0214	0x2	0x14	0xe1f6f0	0x0
1	0x22e7ad0	0x22ed858	0x0215	0x2	0x15	0xe1f190	0x0
1	0x22e7ad0	0x22ed870	0x0216	0x2	0x16	0xe22aa0	0x0
1	0x22e7ad0	0x22ed8a0	0x0200	0x2	0x0	0xdaa750	0x0
1	0x22e7ad0	0x22ed8b8	0x0a01	0xa	0x1	0xdac9f0	0x0
1	0x22e7ad0	0x22ed8d0	0x0302	0x3	0x2	0xdab1f0	0x0
1	0x22e7ad0	0x22ed8e8	0x0303	0x3	0x3	0xdad530	0x0
1	0x22e7ad0	0x22ed900	0x0204	0x2	0x4	0xdaaca0	0x0
1	0x22e7ad0	0x22ed918	0x0a05	0xa	0x5	0xdacf90	0x0
1	0x22e7ad0	0x22ed930	0x0306	0x3	0x6	0xdaf6c0	0x0
1	0x22e7ad0	0x22ed948	0x0307	0x3	0x7	0xdb0e40	0x0
1	0x22e7ad0	0x22ed960	0x0208	0x2	0x8	0xdaeb90	0x0
1	0x22e7ad0	0x22ed978	0x0a09	0xa	0x9	0xdb0250	0x0
1	0x22e7ad0	0x22ed990	0x0a0a	0xa	0xa	0xda95b0	0x0
1	0x22e7ad0	0x22ed9a8	0x0a0b	0xa	0xb	0xdab750	0x0
1	0x22e7ad0	0x22ed9c0	0x030c	0x3	0xc	0xdaa170	0x0
1	0x22e7ad0	0x22ed9d8	0x030d	0x3	0xd	0xdac3b0	0x0
1	0x22e7ad0	0x22ed9f0	0x0a0e	0xa	0xe	0xda9b90	0x0
1	0x22e7ad0	0x22eda08	0x0a0f	0xa	0xf	0xdabd80	0x0
1	0x22e7ad0	0x22eda20	0x0310	0x3	0x10	0xdaf0e0	0x0
1	0x22e7ad0	0x22eda38	0x0311	0x3	0x11	0xdb0800	0x0
1	0x22e7ad0	0x22eda50	0x0a12	0xa	0x12	0xdae5b0	0x0
1	0x22e7ad0	0x22eda68	0x0a13	0xa	0x13	0xdafc20	0x0
1	0x22e7ad0	0x22eda80	0x0214	0x2	0x14	0xdae050	0x0
1	0x22e7ad0	0x22eda98	0x0215	0x2	0x15	0xdadaf0	0x0
1	0x22e7ad0	0x22edab0	0x0216	0x2	0x16	0xdb1400	0x0
1	0x22e7ad0	0x22edae0	0x0200	0x2	0x0	0xc7ee20	0x0
1	0x22e7ad0	0x22edaf8	0x0a01	0xa	0x1	0xc810c0	0x0
1	0x22e7ad0	0x22edb10	0x0302	0x3	0x2	0xc7f8c0	0x0
1	0x22e7ad0	0x22edb28	0x0303	0x3	0x3	0xc81c00	0x0
1	0x22e7ad0	0x22edb40	0x0204	0x2	0x4	0xc7f370	0x0
1	0x22e7ad0	0x22edb58	0x0a05	0xa	0x5	0xc81660	0x0
1	0x22e7ad0	0x22edb70	0x0306	0x3	0x6	0xc83d90	0x0
1	0x22e7ad0	0x22edb88	0x0307	0x3	0x7	0xc85510	0x0
1	0x22e7ad0	0x22edba0	0x0208	0x2	0x8	0xc83260	0x0
1	0x22e7ad0	0x22edbb8	0x0a09	0xa	0x9	0xc84920	0x0
1	0x22e7ad0	0x22edbd0	0x0a0a	0xa	0xa	0xc7dc80	0x0
1	0x22e7ad0	0x22edbe8	0x0a0b	0xa	0xb	0xc7fe20	0x0
1	0x22e7ad0	0x22edc00	0x030c	0x3	0xc	0xc7e840	0x0
1	0x22e7ad0	0x22edc18	0x030d	0x3	0xd	0xc80a80	0x0
1	0x22e7ad0	0x22edc30	0x0a0e	0xa	0xe	0xc7e260	0x0
1	0x22e7ad0	0x22edc48	0x0a0f	0xa	0xf	0xc80450	0x0
1	0x22e7ad0	0x22edc60	0x0310	0x3	0x10	0xc837b0	0x0
1	0x22e7ad0	0x22edc78	0x0311	0x3	0x11	0xc84ed0	0x0
1	0x22e7ad0	0x22edc90	0x0a12	0xa	0x12	0xc82c80	0x0
1	0x22e7ad0	0x22edca8	0x0a13	0xa	0x13	0xc842f0	0x0
1	0x22e7ad0	0x22edcc0	0x0214	0x2	0x14	0xc82720	0x0
1	0x22e7ad0	0x22edcd8	0x0215	0x2	0x15	0xc821c0	0x0
1	0x22e7ad0	0x22edcf0	0x0216	0x2	0x16	0xc85ad0	0x0
1	0x22e7ad0	0x22edd20	0x0900	0x9	0x0	0xd40240	0x0
1	0x22e7ad0	0x22edd38	0x0901	0x9	0x1	0xd40710	0x0
1	0x22e7ad0	0x22edd60	0x0a00	0xa	0x0	0xd38e20	0x0
1	0x22e7ad0	0x22edd78	0x0301	0x3	0x1	0xd3a0a0	0x0
1	0x22e7ad0	0x22edd90	0x0302	0x3	0x2	0xd39a60	0x0
1	0x22e7ad0	0x22edda8	0x0a03	0xa	0x3	0xd39440	0x0
1	0x22e7ad0	0x22eddc0	0x0304	0x3	0x4	0xd3b950	0x0
1	0x22e7ad0	0x22eddd8	0x0305	0x3	0x5	0xd3bf90	0x0
1	0x22e7ad0	0x22eddf0	0x0a06	0xa	0x6	0xd3b320	0x0
1	0x22e7ad0	0x22ede08	0x0a07	0xa	0x7	0xd3d730	0x0
1	0x22e7ad0	0x22ede20	0x0308	0x3	0x8	0xd3e3b0	0x0
1	0x22e7ad0	0x22ede38	0x0a09	0xa	0x9	0xd3dd70	0x0
1	0x22e7ad0	0x22ede50	0x030a	0x3	0xa	0xd3fbf0	0x0
1	0x22e7ad0	0x22ede68	0x0a0b	0xa	0xb	0xd3f5a0	0x0
1	0x22e7ad0	0x22ede80	0x0a0c	0xa	0xc	0xd348b0	0x0
1	0x22e7ad0	0x22ede98	0x030d	0x3	0xd	0xd359b0	0x0
1	0x22e7ad0	0x22edeb0	0x030e	0x3	0xe	0xd353f0	0x0
1	0x22e7ad0	0x22edec8	0x0a0f	0xa	0xf	0xd34e50	0x0
1	0x22e7ad0	0x22edee0	0x0310	0x3	0x10	0xd37060	0x0
1	0x22e7ad0	0x22edef8	0x0311	0x3	0x11	0xd37620	0x0
1	0x22e7ad0	0x22edf10	0x0a12	0xa	0x12	0xd36ab0	0x0
1	0x22e7ad0	0x22edf28	0x0a13	0xa	0x13	0xd3c5e0	0x0
1	0x22e7ad0	0x22edf40	0x0314	0x3	0x14	0xd3d160	0x0
1	0x22e7ad0	0x22edf58	0x0a15	0xa	0x15	0xd3cba0	0x0
1	0x22e7ad0	0x22edf70	0x0316	0x3	0x16	0xd3efd0	0x0
1	0x22e7ad0	0x22edf88	0x0a17	0xa	0x17	0xd3ea00	0x0
1	0x22e7ad0	0x22edfa0	0x0a18	0xa	0x18	0xd37bf0	0x0
1	0x22e7ad0	0x22edfb8	0x0319	0x3	0x19	0xd38810	0x0
1	0x22e7ad0	0x22edfd0	0x0a1a	0xa	0x1a	0xd38200	0x0
1	0x22e7ad0	0x22edfe8	0x031b	0x3	0x1b	0xd3ad00	0x0
1	0x22e7ad0	0x22ee000	0x0a1c	0xa	0x1c	0xd3a6e0	0x0
1	0x22e7ad0	0x22ee018	0x0a1d	0xa	0x1d	0xd337f0	0x0
1	0x22e7ad0	0x22ee030	0x031e	0x3	0x1e	0xd34310	0x0
1	0x22e7ad0	0x22ee048	0x0a1f	0xa	0x1f	0xd33d80	0x0
1	0x22e7ad0	0x22ee060	0x0320	0x3	0x20	0xd36510	0x0
1	0x22e7ad0	0x22ee078	0x0a21	0xa	0x21	0xd35f70	0x0
1	0x22e7ad0	0x22ee090	0x0500	0x5	0x0	0xe23000	0x0
1	0x22e7ad0	0x22ee0c0	0x0500	0x5	0x0	0xccea80	0x0
1	0x22e7ad0	0x22ee0d8	0x0501	0x5	0x1	0xcc79c0	0x0
1	0x22e7ad0	0x22ee0f0	0x1302	0x13	0x2	0xcc84a0	0x0
1	0x22e7ad0	0x22ee108	0x0503	0x5	0x3	0xcc7e90	0x0
1	0x22e7ad0	0x22ee120	0x1304	0x13	0x4	0xccdaa0	0x0
1	0x22e7ad0	0x22ee138	0x0507	0x5	0x7	0xccd4a0	0x0
1	0x22e7ad0	0x22ee150	0x0508	0x5	0x8	0xccf940	0x0
1	0x22e7ad0	0x22ee168	0x0509	0x5	0x9	0xccfe40	0x0
1	0x22e7ad0	0x22ee180	0x050a	0x5	0xa	0xcd0370	0x0
1	0x22e7ad0	0x22ee198	0x130d	0x13	0xd	0xccb350	0x0
1	0x22e7ad0	0x22ee1b0	0x130e	0x13	0xe	0xccad30	0x0
1	0x22e7ad0	0x22ee1c8	0x130f	0x13	0xf	0xcc91e0	0x0
1	0x22e7ad0	0x22ee1e0	0x1312	0x13	0x12	0xccc060	0x0
1	0x22e7ad0	0x22ee1f8	0x1313	0x13	0x13	0xccb9c0	0x0
1	0x22e7ad0	0x22ee210	0x1314	0x13	0x14	0xcc8b00	0x0
1	0x22e7ad0	0x22ee228	0x0515	0x5	0x15	0xccef50	0x0
1	0x22e7ad0	0x22ee240	0x0516	0x5	0x16	0xccf450	0x0
1	0x22e7ad0	0x22ee258	0x0517	0x5	0x17	0xcc47b0	0x0
1	0x22e7ad0	0x22ee270	0x1a18	0x1a	0x18	0xcc6a50	0x0
1	0x22e7ad0	0x22ee288	0x2619	0x26	0x19	0xcc71f0	0x0
1	0x22e7ad0	0x22ee2a0	0x1a1a	0x1a	0x1a	0xcc53d0	0x0
1	0x22e7ad0	0x22ee2b8	0x1a1b	0x1a	0x1b	0xcc4c50	0x0
1	0x22e7ad0	0x22ee2d0	0x1a1c	0x1a	0x1c	0xcc62d0	0x0
1	0x22e7ad0	0x22ee2e8	0x1a1d	0x1a	0x1d	0xcc5b50	0x0
1	0x22e7ad0	0x22ee300	0x031e	0x3	0x1e	0xcc3c70	0x0
1	0x22e7ad0	0x22ee318	0x031f	0x3	0x1f	0xcc4210	0x0
1	0x22e7ad0	0x22ee330	0x0520	0x5	0x20	0xcce0f0	0x0
1	0x22e7ad0	0x22ee348	0x0521	0x5	0x21	0xcce5c0	0x0
1	0x22e7ad0	0x22ee360	0x1322	0x13	0x22	0xcca660	0x0
1	0x22e7ad0	0x22ee378	0x1323	0x13	0x23	0xcc9910	0x0
1	0x22e7ad0	0x22ee390	0x1324	0x13	0x24	0xcccdd0	0x0
1	0x22e7ad0	0x22ee3a8	0x1326	0x13	0x26	0xccc740	0x0
1	0x22e7ad0	0x22ee3c0	0x1328	0x13	0x28	0xcc9fb0	0x0
1	0x22e7ad0	0x22ee3e0	0x1900	0x19	0x0	0xd283e0	0x0
1	0x22e7ad0	0x22ee3f8	0x1901	0x19	0x1	0xd270e0	0x0
1	0x22e7ad0	0x22ee410	0x1902	0x19	0x2	0xd27d80	0x0
1	0x22e7ad0	0x22ee428	0x1903	0x19	0x3	0xd27720	0x0
1	0x22e7ad0	0x22ee440	0x0304	0x3	0x4	0xd30f80	0x0
1	0x22e7ad0	0x22ee458	0x0305	0x3	0x5	0xd314f0	0x0
1	0x22e7ad0	0x22ee470	0x0306	0x3	0x6	0xd30a00	0x0
1	0x22e7ad0	0x22ee488	0x0307	0x3	0x7	0xd30490	0x0
1	0x22e7ad0	0x22ee4a0	0x1908	0x19	0x8	0xd2dc60	0x0
1	0x22e7ad0	0x22ee4b8	0x1909	0x19	0x9	0xd2c8e0	0x0
1	0x22e7ad0	0x22ee4d0	0x190a	0x19	0xa	0xd2d5d0	0x0
1	0x22e7ad0	0x22ee4e8	0x190b	0x19	0xb	0xd2cf40	0x0
1	0x22e7ad0	0x22ee500	0x190c	0x19	0xc	0xd28a60	0x0
1	0x22e7ad0	0x22ee518	0x190d	0x19	0xd	0xd2af70	0x0
1	0x22e7ad0	0x22ee530	0x190e	0x19	0xe	0xd29cb0	0x0
1	0x22e7ad0	0x22ee548	0x190f	0x19	0xf	0xd2c230	0x0
1	0x22e7ad0	0x22ee560	0x1910	0x19	0x10	0xd290a0	0x0
1	0x22e7ad0	0x22ee578	0x1911	0x19	0x11	0xd2b5d0	0x0
1	0x22e7ad0	0x22ee590	0x1912	0x19	0x12	0xd2a310	0x0
1	0x22e7ad0	0x22ee5a8	0x0313	0x3	0x13	0xd2e8b0	0x0
1	0x22e7ad0	0x22ee5c0	0x0314	0x3	0x14	0xd2ee90	0x0
1	0x22e7ad0	0x22ee5d8	0x0315	0x3	0x15	0xd2e310	0x0
1	0x22e7ad0	0x22ee5f0	0x0316	0x3	0x16	0xd23450	0x0
1	0x22e7ad0	0x22ee608	0x0317	0x3	0x17	0xd24070	0x0
1	0x22e7ad0	0x22ee620	0x0318	0x3	0x18	0xd23a50	0x0
1	0x22e7ad0	0x22ee638	0x1919	0x19	0x19	0xd26a50	0x0
1	0x22e7ad0	0x22ee650	0x031a	0x3	0x1a	0xd2fee0	0x0
1	0x22e7ad0	0x22ee668	0x191b	0x19	0x1b	0xd32600	0x0
1	0x22e7ad0	0x22ee680	0x031c	0x3	0x1c	0xd2f410	0x0
1	0x22e7ad0	0x22ee698	0x031d	0x3	0x1d	0xd31a70	0x0
1	0x22e7ad0	0x22ee6b0	0x191e	0x19	0x1e	0xd24690	0x0
1	0x22e7ad0	0x22ee6c8	0x191f	0x19	0x1f	0xd25330	0x0
1	0x22e7ad0	0x22ee6e0	0x1920	0x19	0x20	0xd24cd0	0x0
1	0x22e7ad0	0x22ee6f8	0x0321	0x3	0x21	0xd29700	0x0
1	0x22e7ad0	0x22ee710	0x0322	0x3	0x22	0xd2bc60	0x0
1	0x22e7ad0	0x22ee728	0x0323	0x3	0x23	0xd2a9a0	0x0
1	0x22e7ad0	0x22ee740	0x0324	0x3	0x24	0xd2f960	0x0
1	0x22e7ad0	0x22ee758	0x0325	0x3	0x25	0xd32020	0x0
1	0x22e7ad0	0x22ee770	0x0326	0x3	0x26	0xd25990	0x0
1	0x22e7ad0	0x22ee788	0x0327	0x3	0x27	0xd264b0	0x0
1	0x22e7ad0	0x22ee7a0	0x0328	0x3	0x28	0xd25f10	0x0
1	0x22e7ad0	0x22ee7c0	0x0b00	0xb	0x0	0xda9080	0x0
1	0x22e7ad0	0x22ee7d8	0x0b02	0xb	0x2	0xda8b30	0x0
1	0x22e7ad0	0x22ee800	0x0a00	0xa	0x0	0xd56d50	0x0
1	0x22e7ad0	0x22ee818	0x0a01	0xa	0x1	0xd57f70	0x0
1	0x22e7ad0	0x22ee830	0x0302	0x3	0x2	0xd57340	0x0
1	0x22e7ad0	0x22ee848	0x0a03	0xa	0x3	0xd57980	0x0
1	0x22e7ad0	0x22ee860	0x0a04	0xa	0x4	0xd521a0	0x0
1	0x22e7ad0	0x22ee878	0x0a05	0xa	0x5	0xd53240	0x0
1	0x22e7ad0	0x22ee890	0x0306	0x3	0x6	0xd52710	0x0
1	0x22e7ad0	0x22ee8a8	0x0a07	0xa	0x7	0xd52cd0	0x0
1	0x22e7ad0	0x22ee8c0	0x0a08	0xa	0x8	0xd537b0	0x0
1	0x22e7ad0	0x22ee8d8	0x0309	0x3	0x9	0xd54980	0x0
1	0x22e7ad0	0x22ee8f0	0x0a0a	0xa	0xa	0xd54f70	0x0
1	0x22e7ad0	0x22ee908	0x030b	0x3	0xb	0xd53d80	0x0
1	0x22e7ad0	0x22ee920	0x0a0c	0xa	0xc	0xd543b0	0x0
1	0x22e7ad0	0x22ee938	0x030d	0x3	0xd	0xd59b90	0x0
1	0x22e7ad0	0x22ee950	0x030e	0x3	0xe	0xd5a1c0	0x0
1	0x22e7ad0	0x22ee968	0x0a0f	0xa	0xf	0xd595c0	0x0
1	0x22e7ad0	0x22ee980	0x0210	0x2	0x10	0xd4f620	0x0
1	0x22e7ad0	0x22ee998	0x0311	0x3	0x11	0xd4f0b0	0x0
1	0x22e7ad0	0x22ee9b0	0x0212	0x2	0x12	0xd50650	0x0
1	0x22e7ad0	0x22ee9c8	0x0313	0x3	0x13	0xd4fb60	0x0
1	0x22e7ad0	0x22ee9e0	0x0214	0x2	0x14	0xd50110	0x0
1	0x22e7ad0	0x22ee9f8	0x0315	0x3	0x15	0xd58aa0	0x0
1	0x22e7ad0	0x22eea10	0x0316	0x3	0x16	0xd59050	0x0
1	0x22e7ad0	0x22eea28	0x0217	0x2	0x17	0xd58560	0x0
1	0x22e7ad0	0x22eea40	0x0a18	0xa	0x18	0xd55540	0x0
1	0x22e7ad0	0x22eea58	0x0a19	0xa	0x19	0xd56760	0x0
1	0x22e7ad0	0x22eea70	0x031a	0x3	0x1a	0xd55b30	0x0
1	0x22e7ad0	0x22eea88	0x0a1b	0xa	0x1b	0xd56170	0x0
1	0x22e7ad0	0x22eeaa0	0x031c	0x3	0x1c	0xd5b8d0	0x0
1	0x22e7ad0	0x22eeab8	0x0a1d	0xa	0x1d	0xd5b2e0	0x0
1	0x22e7ad0	0x22eead0	0x0a1e	0xa	0x1e	0xd50b90	0x0
1	0x22e7ad0	0x22eeae8	0x0a1f	0xa	0x1f	0xd51c30	0x0
1	0x22e7ad0	0x22eeb00	0x0320	0x3	0x20	0xd51100	0x0
1	0x22e7ad0	0x22eeb18	0x0a21	0xa	0x21	0xd516c0	0x0
1	0x22e7ad0	0x22eeb30	0x0322	0x3	0x22	0xd5ad20	0x0
1	0x22e7ad0	0x22eeb48	0x0a23	0xa	0x23	0xd5a7b0	0x0
1	0x22e7ad0	0x22eeb60	0x0200	0x2	0x0	0xd0a4e0	0x0
1	0x22e7ad0	0x22eeb78	0x0201	0x2	0x1	0xd0afc0	0x0
1	0x22e7ad0	0x22eeb90	0x0202	0x2	0x2	0xd09f70	0x0
1	0x22e7ad0	0x22eeba8	0x0203	0x2	0x3	0xd0aa50	0x0
1	0x22e7ad0	0x22eebc0	0x0200	0x2	0x0	0xd0b530	0x0
1	0x22e7ad0	0x22eebd8	0x0201	0x2	0x1	0xd0ba70	0x0
1	0x22e7ad0	0x22eec00	0x2700	0x27	0x0	0xc7a000	0x0
1	0x22e7ad0	0x22eec18	0x0a01	0xa	0x1	0xc79970	0x0
1	0x22e7ad0	0x22eec30	0x0702	0x7	0x2	0xc77280	0x0
1	0x22e7ad0	0x22eec48	0x0a03	0xa	0x3	0xc76cc0	0x0
1	0x22e7ad0	0x22eec60	0x0a04	0xa	0x4	0xc77860	0x0
1	0x22e7ad0	0x22eec78	0x0305	0x3	0x5	0xc78580	0x0
1	0x22e7ad0	0x22eec90	0x0a06	0xa	0x6	0xc77ef0	0x0
1	0x22e7ad0	0x22eeca8	0x0307	0x3	0x7	0xc792c0	0x0
1	0x22e7ad0	0x22eecc0	0x0a08	0xa	0x8	0xc78c30	0x0
1	0x22e7ad0	0x22eecd8	0x0a09	0xa	0x9	0xc74fc0	0x0
1	0x22e7ad0	0x22eecf0	0x030a	0x3	0xa	0xc75b40	0x0
1	0x22e7ad0	0x22eed08	0x0a0b	0xa	0xb	0xc75580	0x0
1	0x22e7ad0	0x22eed20	0x030c	0x3	0xc	0xc766e0	0x0
1	0x22e7ad0	0x22eed38	0x0a0d	0xa	0xd	0xc76120	0x0
1	0x22e7ad0	0x22eed60	0x0500	0x5	0x0	0xc693d0	0x0
1	0x22e7ad0	0x22eed78	0x0601	0x6	0x1	0xc69d10	0x0
1	0x22e7ad0	0x22eed90	0x0502	0x5	0x2	0xc69870	0x0
1	0x22e7ad0	0x22eedc0	0x1900	0x19	0x0	0xd7c5e0	0x0
1	0x22e7ad0	0x22eedd8	0x1901	0x19	0x1	0xd7cc30	0x0
1	0x22e7ad0	0x22eedf0	0x1902	0x19	0x2	0xd73520	0x0
1	0x22e7ad0	0x22eee08	0x1903	0x19	0x3	0xd76090	0x0
1	0x22e7ad0	0x22eee20	0x1904	0x19	0x4	0xd766d0	0x0
1	0x22e7ad0	0x22eee38	0x1905	0x19	0x5	0xd73b60	0x0
1	0x22e7ad0	0x22eee50	0x1906	0x19	0x6	0xd70b60	0x0
1	0x22e7ad0	0x22eee68	0x1907	0x19	0x7	0xd6d6a0	0x0
1	0x22e7ad0	0x22eee80	0x1908	0x19	0x8	0xd6e250	0x0
1	0x22e7ad0	0x22eee98	0x1909	0x19	0x9	0xd71710	0x0
1	0x22e7ad0	0x22eeeb0	0x190a	0x19	0xa	0xd71120	0x0
1	0x22e7ad0	0x22eeec8	0x190b	0x19	0xb	0xd71d00	0x0
1	0x22e7ad0	0x22eeee0	0x190c	0x19	0xc	0xd6dc60	0x0
1	0x22e7ad0	0x22eeef8	0x190d	0x19	0xd	0xd6e840	0x0
1	0x22e7ad0	0x22eef10	0x190e	0x19	0xe	0xd72880	0x0
1	0x22e7ad0	0x22eef28	0x190f	0x19	0xf	0xd753f0	0x0
1	0x22e7ad0	0x22eef40	0x1910	0x19	0x10	0xd75a30	0x0
1	0x22e7ad0	0x22eef58	0x1911	0x19	0x11	0xd72ec0	0x0
1	0x22e7ad0	0x22eef70	0x1912	0x19	0x12	0xd6f3c0	0x0
1	0x22e7ad0	0x22eef88	0x1913	0x19	0x13	0xd6bf00	0x0
1	0x22e7ad0	0x22eefa0	0x1914	0x19	0x14	0xd6cab0	0x0
1	0x22e7ad0	0x22eefb8	0x1915	0x19	0x15	0xd6ff70	0x0
1	0x22e7ad0	0x22eefd0	0x1916	0x19	0x16	0xd6f980	0x0
1	0x22e7ad0	0x22eefe8	0x1917	0x19	0x17	0xd70560	0x0
1	0x22e7ad0	0x22ef000	0x1918	0x19	0x18	0xd6c4c0	0x0
1	0x22e7ad0	0x22ef018	0x1919	0x19	0x19	0xd6d0a0	0x0
1	0x22e7ad0	0x22ef030	0x191a	0x19	0x1a	0xd74dd0	0x0
1	0x22e7ad0	0x22ef048	0x051b	0x5	0x1b	0xd6ba00	0x0
1	0x22e7ad0	0x22ef060	0x051c	0x5	0x1c	0xd6b030	0x0
1	0x22e7ad0	0x22ef078	0x191d	0x19	0x1d	0xd741c0	0x0
1	0x22e7ad0	0x22ef090	0x191e	0x19	0x1e	0xd747b0	0x0
1	0x22e7ad0	0x22ef0a8	0x031f	0x3	0x1f	0xd6ee40	0x0
1	0x22e7ad0	0x22ef0c0	0x0520	0x5	0x20	0xd6b530	0x0
1	0x22e7ad0	0x22ef0d8	0x1921	0x19	0x21	0xd7a660	0x0
1	0x22e7ad0	0x22ef0f0	0x1922	0x19	0x22	0xd78690	0x0
1	0x22e7ad0	0x22ef108	0x1923	0x19	0x23	0xd76d30	0x0
1	0x22e7ad0	0x22ef120	0x1924	0x19	0x24	0xd77a10	0x0
1	0x22e7ad0	0x22ef138	0x1925	0x19	0x25	0xd7ac90	0x0
1	0x22e7ad0	0x22ef150	0x1926	0x19	0x26	0xd78cd0	0x0
1	0x22e7ad0	0x22ef168	0x1927	0x19	0x27	0xd79310	0x0
1	0x22e7ad0	0x22ef180	0x2128	0x21	0x28	0xd79fb0	0x0
1	0x22e7ad0	0x22ef198	0x1929	0x19	0x29	0xd79960	0x0
1	0x22e7ad0	0x22ef1b0	0x192a	0x19	0x2a	0xd7b2c0	0x0
1	0x22e7ad0	0x22ef1c8	0x212b	0x21	0x2b	0xd7bf40	0x0
1	0x22e7ad0	0x22ef1e0	0x192c	0x19	0x2c	0xd7b900	0x0
1	0x22e7ad0	0x22ef1f8	0x192d	0x19	0x2d	0xd773a0	0x0
1	0x22e7ad0	0x22ef210	0x192e	0x19	0x2e	0xd78050	0x0
1	0x22e7ad0	0x22ef228	0x032f	0x3	0x2f	0xd72300	0x0
1	0x22e7ad0	0x22ef240	0x1900	0x19	0x0	0xdcc680	0x0
1	0x22e7ad0	0x22ef258	0x1301	0x13	0x1	0xdcbfd0	0x0
1	0x22e7ad0	0x22ef270	0x1302	0x13	0x2	0xdccd10	0x0
1	0x22e7ad0	0x22ef288	0x0303	0x3	0x3	0xdcd9d0	0x0
1	0x22e7ad0	0x22ef2a0	0x0504	0x5	0x4	0xdcd3c0	0x0
1	0x22e7ad0	0x22ef2b8	0x0505	0x5	0x5	0xdcdfe0	0x0
1	0x22e7ad0	0x22ef2d0	0x2306	0x23	0x6	0xdced10	0x0
1	0x22e7ad0	0x22ef2e8	0x1307	0x13	0x7	0xdce5f0	0x0
1	0x22e7ad0	0x22ef300	0x1308	0x13	0x8	0xdcf450	0x0
1	0x22e7ad0	0x22ef320	0x0300	0x3	0x0	0xdf05d0	0x0
1	0x22e7ad0	0x22ef338	0x0201	0x2	0x1	0xdeffb0	0x0
1	0x22e7ad0	0x22ef350	0x0202	0x2	0x2	0xdf0bd0	0x0
1	0x22e7ad0	0x22ef368	0x0203	0x2	0x3	0xdee590	0x0
1	0x22e7ad0	0x22ef380	0x0304	0x3	0x4	0xdeeaa0	0x0
1	0x22e7ad0	0x22ef398	0x0205	0x2	0x5	0xdef010	0x0
1	0x22e7ad0	0x22ef3b0	0x0306	0x3	0x6	0xdefa40	0x0
1	0x22e7ad0	0x22ef3c8	0x0207	0x2	0x7	0xdef520	0x0
1	0x22e7ad0	0x22ef3e0	0x1900	0x19	0x0	0xe069e0	0x0
1	0x22e7ad0	0x22ef3f8	0x1901	0x19	0x1	0xe076a0	0x0
1	0x22e7ad0	0x22ef410	0x1902	0x19	0x2	0xe07030	0x0
1	0x22e7ad0	0x22ef440	0x0a00	0xa	0x0	0xd82f40	0x0
1	0x22e7ad0	0x22ef458	0x0301	0x3	0x1	0xd83480	0x0
1	0x22e7ad0	0x22ef470	0x0a02	0xa	0x2	0xd83a00	0x0
1	0x22e7ad0	0x22ef488	0x0303	0x3	0x3	0xd7eb70	0x0
1	0x22e7ad0	0x22ef4a0	0x0a04	0xa	0x4	0xd7e510	0x0
1	0x22e7ad0	0x22ef4b8	0x0a05	0xa	0x5	0xd7f1a0	0x0
1	0x22e7ad0	0x22ef4d0	0x0306	0x3	0x6	0xd7d8c0	0x0
1	0x22e7ad0	0x22ef4e8	0x0507	0x5	0x7	0xd7d290	0x0
1	0x22e7ad0	0x22ef500	0x0508	0x5	0x8	0xd7dee0	0x0
1	0x22e7ad0	0x22ef518	0x0d09	0xd	0x9	0xd81250	0x0
1	0x22e7ad0	0x22ef530	0x130a	0x13	0xa	0xd80ba0	0x0
1	0x22e7ad0	0x22ef548	0x130b	0x13	0xb	0xd81940	0x0
1	0x22e7ad0	0x22ef560	0x0d0c	0xd	0xc	0xd7fe70	0x0
1	0x22e7ad0	0x22ef578	0x050d	0x5	0xd	0xd7f800	0x0
1	0x22e7ad0	0x22ef590	0x050e	0x5	0xe	0xd80530	0x0
1	0x22e7ad0	0x22ef5a8	0x050f	0x5	0xf	0xd81ff0	0x0
1	0x22e7ad0	0x22ef5c0	0x0310	0x3	0x10	0xd824f0	0x0
1	0x22e7ad0	0x22ef5d8	0x0511	0x5	0x11	0xd82a40	0x0
1	0x22e7ad0	0x22ef600	0x0a00	0xa	0x0	0xd67aa0	0x0
1	0x22e7ad0	0x22ef618	0x0301	0x3	0x1	0xd67fe0	0x0
1	0x22e7ad0	0x22ef630	0x0a02	0xa	0x2	0xd68560	0x0
1	0x22e7ad0	0x22ef648	0x0303	0x3	0x3	0xd636d0	0x0
1	0x22e7ad0	0x22ef660	0x0a04	0xa	0x4	0xd63070	0x0
1	0x22e7ad0	0x22ef678	0x0a05	0xa	0x5	0xd63d00	0x0
1	0x22e7ad0	0x22ef690	0x0306	0x3	0x6	0xd62420	0x0
1	0x22e7ad0	0x22ef6a8	0x0507	0x5	0x7	0xd61df0	0x0
1	0x22e7ad0	0x22ef6c0	0x0508	0x5	0x8	0xd62a40	0x0
1	0x22e7ad0	0x22ef6d8	0x0d09	0xd	0x9	0xd65db0	0x0
1	0x22e7ad0	0x22ef6f0	0x130a	0x13	0xa	0xd65700	0x0
1	0x22e7ad0	0x22ef708	0x130b	0x13	0xb	0xd664a0	0x0
1	0x22e7ad0	0x22ef720	0x0d0c	0xd	0xc	0xd649d0	0x0
1	0x22e7ad0	0x22ef738	0x050d	0x5	0xd	0xd64360	0x0
1	0x22e7ad0	0x22ef750	0x050e	0x5	0xe	0xd65090	0x0
1	0x22e7ad0	0x22ef768	0x050f	0x5	0xf	0xd66b50	0x0
1	0x22e7ad0	0x22ef780	0x0310	0x3	0x10	0xd67050	0x0
1	0x22e7ad0	0x22ef798	0x0511	0x5	0x11	0xd675a0	0x0
1	0x22e7ad0	0x22ef7c0	0x0500	0x5	0x0	0xcb05c0	0x0
1	0x22e7ad0	0x22ef7d8	0x0301	0x3	0x1	0xcb0ae0	0x0
1	0x22e7ad0	0x22ef7f0	0x0502	0x5	0x2	0xcb1030	0x0
1	0x22e7ad0	0x22ef808	0x0303	0x3	0x3	0xcb1a70	0x0
1	0x22e7ad0	0x22ef820	0x0504	0x5	0x4	0xcb1550	0x0
1	0x22e7ad0	0x22ef840	0x0300	0x3	0x0	0xd0f9c0	0x0
1	0x22e7ad0	0x22ef858	0x0501	0x5	0x1	0xd0f400	0x0
1	0x22e7ad0	0x22ef870	0x0502	0x5	0x2	0xd0ff80	0x0
1	0x22e7ad0	0x22ef8a0	0x0200	0x2	0x0	0xcd0d60	0x0
1	0x22e7ad0	0x22ef8b8	0x0501	0x5	0x1	0xcd0890	0x0
1	0x22e7ad0	0x22ef8d0	0x0002	0x0	0x2	0xcd12a0	0x0
1	0x22e7ad0	0x22ef900	0x0b00	0xb	0x0	0xcf9a30	0x0
1	0x22e7ad0	0x22ef918	0x2201	0x22	0x1	0xcf9490	0x0
1	0x22e7ad0	0x22ef930	0x2202	0x22	0x2	0xcf9fa0	0x0
1	0x22e7ad0	0x22ef948	0x0b03	0xb	0x3	0xcd28b0	0x0
1	0x22e7ad0	0x22ef960	0x2204	0x22	0x4	0xcdaf50	0x0
1	0x22e7ad0	0x22ef978	0x2205	0x22	0x5	0xcdc6d0	0x0
1	0x22e7ad0	0x22ef990	0x0306	0x3	0x6	0xcd44a0	0x0
1	0x22e7ad0	0x22ef9a8	0x0507	0x5	0x7	0xcd6ba0	0x0
1	0x22e7ad0	0x22ef9c0	0x0508	0x5	0x8	0xcd76c0	0x0
1	0x22e7ad0	0x22ef9d8	0x0709	0x7	0x9	0xcd5560	0x0
1	0x22e7ad0	0x22ef9f0	0x050a	0x5	0xa	0xcd8770	0x0
1	0x22e7ad0	0x22efa08	0x050b	0x5	0xb	0xcd9820	0x0
1	0x22e7ad0	0x22efa20	0x1919	0x19	0x19	0xce0b00	0x0
1	0x22e7ad0	0x22efa38	0x051a	0x5	0x1a	0xce0520	0x0
1	0x22e7ad0	0x22efa50	0x191b	0x19	0x1b	0xce1710	0x0
1	0x22e7ad0	0x22efa68	0x051c	0x5	0x1c	0xce1d40	0x0
1	0x22e7ad0	0x22efa80	0x051d	0x5	0x1d	0xce1130	0x0
1	0x22e7ad0	0x22efa98	0x051e	0x5	0x1e	0xce7020	0x0
1	0x22e7ad0	0x22efab0	0x051f	0x5	0x1f	0xce7560	0x0
1	0x22e7ad0	0x22efac8	0x0520	0x5	0x20	0xce7aa0	0x0
1	0x22e7ad0	0x22efae0	0x0521	0x5	0x21	0xce8a40	0x0
1	0x22e7ad0	0x22efaf8	0x0522	0x5	0x22	0xce8f40	0x0
1	0x22e7ad0	0x22efb10	0x0523	0x5	0x23	0xce9f00	0x0
1	0x22e7ad0	0x22efb28	0x0524	0x5	0x24	0xcfe910	0x0
1	0x22e7ad0	0x22efb40	0x0525	0x5	0x25	0xcfee50	0x0
1	0x22e7ad0	0x22efb58	0x0626	0x6	0x26	0xce84f0	0x0
1	0x22e7ad0	0x22efb70	0x0727	0x7	0x27	0xce99a0	0x0
1	0x22e7ad0	0x22efb88	0x0628	0x6	0x28	0xce7fa0	0x0
1	0x22e7ad0	0x22efba0	0x0729	0x7	0x29	0xce9440	0x0
1	0x22e7ad0	0x22efbb8	0x0b2a	0xb	0x2a	0xcd2320	0x0
1	0x22e7ad0	0x22efbd0	0x222b	0x22	0x2b	0xcda970	0x0
1	0x22e7ad0	0x22efbe8	0x222c	0x22	0x2c	0xcdc0f0	0x0
1	0x22e7ad0	0x22efc00	0x0b2d	0xb	0x2d	0xcf8980	0x0
1	0x22e7ad0	0x22efc18	0x222e	0x22	0x2e	0xcf83e0	0x0
1	0x22e7ad0	0x22efc30	0x222f	0x22	0x2f	0xcf8ef0	0x0
1	0x22e7ad0	0x22efc48	0x0330	0x3	0x30	0xcd3f00	0x0
1	0x22e7ad0	0x22efc60	0x0531	0x5	0x31	0xcd6610	0x0
1	0x22e7ad0	0x22efc78	0x0532	0x5	0x32	0xcd7130	0x0
1	0x22e7ad0	0x22efc90	0x0733	0x7	0x33	0xcd4a40	0x0
1	0x22e7ad0	0x22efca8	0x0534	0x5	0x34	0xcd7c50	0x0
1	0x22e7ad0	0x22efcc0	0x0535	0x5	0x35	0xcd8d00	0x0
1	0x22e7ad0	0x22efcd8	0x0539	0x5	0x39	0xce41c0	0x0
1	0x22e7ad0	0x22efcf0	0x033a	0x3	0x3a	0xce4730	0x0
1	0x22e7ad0	0x22efd08	0x053b	0x5	0x3b	0xce4d00	0x0
1	0x22e7ad0	0x22efd20	0x0b3d	0xb	0x3d	0xcd1d90	0x0
1	0x22e7ad0	0x22efd38	0x223e	0x22	0x3e	0xcda390	0x0
1	0x22e7ad0	0x22efd50	0x223f	0x22	0x3f	0xcdbb10	0x0
1	0x22e7ad0	0x22efd68	0x0b40	0xb	0x40	0xcfc600	0x0
1	0x22e7ad0	0x22efd80	0x0541	0x5	0x41	0xcfdcf0	0x0
1	0x22e7ad0	0x22efd98	0x0542	0x5	0x42	0xcfe300	0x0
1	0x22e7ad0	0x22efdb0	0x0b43	0xb	0x43	0xcd1800	0x0
1	0x22e7ad0	0x22efdc8	0x2244	0x22	0x44	0xcd9db0	0x0
1	0x22e7ad0	0x22efde0	0x2245	0x22	0x45	0xcdb530	0x0
1	0x22e7ad0	0x22efdf8	0x1946	0x19	0x46	0xcfaab0	0x0
1	0x22e7ad0	0x22efe10	0x2247	0x22	0x47	0xcfa540	0x0
1	0x22e7ad0	0x22efe28	0x2248	0x22	0x48	0xcfb030	0x0
1	0x22e7ad0	0x22efe40	0x0749	0x7	0x49	0xcd4fd0	0x0
1	0x22e7ad0	0x22efe58	0x054a	0x5	0x4a	0xcd81e0	0x0
1	0x22e7ad0	0x22efe70	0x054b	0x5	0x4b	0xcd9290	0x0
1	0x22e7ad0	0x22efe88	0x054c	0x5	0x4c	0xcffe10	0x0
1	0x22e7ad0	0x22efea0	0x054d	0x5	0x4d	0xd00340	0x0
1	0x22e7ad0	0x22efeb8	0x034e	0x3	0x4e	0xd00e10	0x0
1	0x22e7ad0	0x22efed0	0x034f	0x3	0x4f	0xd00870	0x0
1	0x22e7ad0	0x22efee8	0x0b50	0xb	0x50	0xcd33d0	0x0
1	0x22e7ad0	0x22eff00	0x2251	0x22	0x51	0xcdd290	0x0
1	0x22e7ad0	0x22eff18	0x2252	0x22	0x52	0xcdde50	0x0
1	0x22e7ad0	0x22eff30	0x0b53	0xb	0x53	0xcd2e40	0x0
1	0x22e7ad0	0x22eff48	0x2254	0x22	0x54	0xcdccb0	0x0
1	0x22e7ad0	0x22eff60	0x2255	0x22	0x55	0xcdd870	0x0
1	0x22e7ad0	0x22eff78	0x0356	0x3	0x56	0xcd3960	0x0
1	0x22e7ad0	0x22eff90	0x0557	0x5	0x57	0xcd5af0	0x0
1	0x22e7ad0	0x22effa8	0x0558	0x5	0x58	0xcd6080	0x0
1	0x22e7ad0	0x22effc0	0x1759	0x17	0x59	0xcfbb10	0x0
1	0x22e7ad0	0x22effd8	0x225a	0x22	0x5a	0xcfb5a0	0x0
1	0x22e7ad0	0x22efff0	0x225b	0x22	0x5b	0xcfc090	0x0
1	0x22e7ad0	0x22f0008	0x055c	0x5	0x5c	0xcea400	0x0
1	0x22e7ad0	0x22f0020	0x055d	0x5	0x5d	0xcea940	0x0
1	0x22e7ad0	0x22f0038	0x055e	0x5	0x5e	0xceae80	0x0
1	0x22e7ad0	0x22f0050	0x055f	0x5	0x5f	0xcebe20	0x0
1	0x22e7ad0	0x22f0068	0x0560	0x5	0x60	0xcec320	0x0
1	0x22e7ad0	0x22f0080	0x0561	0x5	0x61	0xced2e0	0x0
1	0x22e7ad0	0x22f0098	0x0562	0x5	0x62	0xcff390	0x0
1	0x22e7ad0	0x22f00b0	0x0563	0x5	0x63	0xcff8d0	0x0
1	0x22e7ad0	0x22f00c8	0x0664	0x6	0x64	0xceb8d0	0x0
1	0x22e7ad0	0x22f00e0	0x0765	0x7	0x65	0xcecd80	0x0
1	0x22e7ad0	0x22f00f8	0x0666	0x6	0x66	0xceb380	0x0
1	0x22e7ad0	0x22f0110	0x0767	0x7	0x67	0xcec820	0x0
1	0x22e7ad0	0x22f0128	0x0368	0x3	0x68	0xcdf9b0	0x0
1	0x22e7ad0	0x22f0140	0x0569	0x5	0x69	0xcdf420	0x0
1	0x22e7ad0	0x22f0158	0x056a	0x5	0x6a	0xcdff90	0x0
1	0x22e7ad0	0x22f0170	0x1975	0x19	0x75	0xce2920	0x0
1	0x22e7ad0	0x22f0188	0x1376	0x13	0x76	0xce2320	0x0
1	0x22e7ad0	0x22f01a0	0x1977	0x19	0x77	0xce3570	0x0
1	0x22e7ad0	0x22f01b8	0x1378	0x13	0x78	0xce3bc0	0x0
1	0x22e7ad0	0x22f01d0	0x1379	0x13	0x79	0xce2f70	0x0
1	0x22e7ad0	0x22f01e8	0x057f	0x5	0x7f	0xd013b0	0x0
1	0x22e7ad0	0x22f0200	0x0680	0x6	0x80	0xd018b0	0x0
1	0x22e7ad0	0x22f0218	0x0581	0x5	0x81	0xd01e00	0x0
1	0x22e7ad0	0x22f0230	0x0582	0x5	0x82	0xd02300	0x0
1	0x22e7ad0	0x22f0248	0x0383	0x3	0x83	0xd02830	0x0
1	0x22e7ad0	0x22f0260	0x0584	0x5	0x84	0xd02db0	0x0
1	0x22e7ad0	0x22f0278	0x0a85	0xa	0x85	0xd05600	0x0
1	0x22e7ad0	0x22f0290	0x0386	0x3	0x86	0xd05bc0	0x0
1	0x22e7ad0	0x22f02a8	0x0a87	0xa	0x87	0xd061d0	0x0
1	0x22e7ad0	0x22f02c0	0x0a88	0xa	0x88	0xd04470	0x0
1	0x22e7ad0	0x22f02d8	0x0389	0x3	0x89	0xd04a30	0x0
1	0x22e7ad0	0x22f02f0	0x0a8a	0xa	0x8a	0xd05040	0x0
1	0x22e7ad0	0x22f0308	0x0b8b	0xb	0x8b	0xcf3630	0x0
1	0x22e7ad0	0x22f0320	0x228c	0x22	0x8c	0xcf3020	0x0
1	0x22e7ad0	0x22f0338	0x228d	0x22	0x8d	0xcf3bf0	0x0
1	0x22e7ad0	0x22f0350	0x0b8e	0xb	0x8e	0xcf2450	0x0
1	0x22e7ad0	0x22f0368	0x228f	0x22	0x8f	0xcf1e40	0x0
1	0x22e7ad0	0x22f0380	0x2290	0x22	0x90	0xcf2a10	0x0
1	0x22e7ad0	0x22f0398	0x0391	0x3	0x91	0xcf47c0	0x0
1	0x22e7ad0	0x22f03b0	0x2292	0x22	0x92	0xcf4200	0x0
1	0x22e7ad0	0x22f03c8	0x2293	0x22	0x93	0xcf4d90	0x0
1	0x22e7ad0	0x22f03e0	0x0794	0x7	0x94	0xcf5910	0x0
1	0x22e7ad0	0x22f03f8	0x2295	0x22	0x95	0xcf5350	0x0
1	0x22e7ad0	0x22f0410	0x2296	0x22	0x96	0xcf5ee0	0x0
1	0x22e7ad0	0x22f0428	0x0397	0x3	0x97	0xcf6ac0	0x0
1	0x22e7ad0	0x22f0440	0x0a98	0xa	0x98	0xcf64a0	0x0
1	0x22e7ad0	0x22f0458	0x0399	0x3	0x99	0xcf7750	0x0
1	0x22e7ad0	0x22f0470	0x0a9a	0xa	0x9a	0xcf7dc0	0x0
1	0x22e7ad0	0x22f0488	0x0a9b	0xa	0x9b	0xcf7130	0x0
1	0x22e7ad0	0x22f04a0	0x0a9c	0xa	0x9c	0xd032e0	0x0
1	0x22e7ad0	0x22f04b8	0x039d	0x3	0x9d	0xd038a0	0x0
1	0x22e7ad0	0x22f04d0	0x0a9e	0xa	0x9e	0xd03eb0	0x0
1	0x22e7ad0	0x22f04e8	0x0b9f	0xb	0x9f	0xceefd0	0x0
1	0x22e7ad0	0x22f0500	0x22a0	0x22	0xa0	0xcee9c0	0x0
1	0x22e7ad0	0x22f0518	0x22a1	0x22	0xa1	0xcef590	0x0
1	0x22e7ad0	0x22f0530	0x0ba2	0xb	0xa2	0xceddf0	0x0
1	0x22e7ad0	0x22f0548	0x22a3	0x22	0xa3	0xced7e0	0x0
1	0x22e7ad0	0x22f0560	0x22a4	0x22	0xa4	0xcee3b0	0x0
1	0x22e7ad0	0x22f0578	0x03a5	0x3	0xa5	0xcf0160	0x0
1	0x22e7ad0	0x22f0590	0x22a6	0x22	0xa6	0xcefba0	0x0
1	0x22e7ad0	0x22f05a8	0x22a7	0x22	0xa7	0xcf0730	0x0
1	0x22e7ad0	0x22f05c0	0x07a8	0x7	0xa8	0xcf12b0	0x0
1	0x22e7ad0	0x22f05d8	0x22a9	0x22	0xa9	0xcf0cf0	0x0
1	0x22e7ad0	0x22f05f0	0x22aa	0x22	0xaa	0xcf1880	0x0
1	0x22e7ad0	0x22f0608	0x06b5	0x6	0xb5	0xcde960	0x0
1	0x22e7ad0	0x22f0620	0x05b6	0x5	0xb6	0xcde430	0x0
1	0x22e7ad0	0x22f0638	0x05b7	0x5	0xb7	0xcdeef0	0x0
1	0x22e7ad0	0x22f0650	0x03b8	0x3	0xb8	0xcfd160	0x0
1	0x22e7ad0	0x22f0668	0x03b9	0x3	0xb9	0xcfd740	0x0
1	0x22e7ad0	0x22f0680	0x05ba	0x5	0xba	0xcfcbc0	0x0
1	0x22e7ad0	0x22f0698	0x03bb	0x3	0xbb	0xd06cc0	0x0
1	0x22e7ad0	0x22f06b0	0x05bc	0x5	0xbc	0xd06790	0x0
1	0x22e7ad0	0x22f06c8	0x05bd	0x5	0xbd	0xce5270	0x0
1	0x22e7ad0	0x22f06e0	0x19be	0x19	0xbe	0xce6430	0x0
1	0x22e7ad0	0x22f06f8	0x05bf	0x5	0xbf	0xce6a50	0x0
1	0x22e7ad0	0x22f0710	0x19c0	0x19	0xc0	0xce5840	0x0
1	0x22e7ad0	0x22f0728	0x05c1	0x5	0xc1	0xce5e60	0x0
1	0x22e7ad0	0x22f0740	0x0500	0x5	0x0	0xd0ef80	0x0
1	0x22e7ad0	0x22f0760	0x0a00	0xa	0x0	0xdde920	0x0
1	0x22e7ad0	0x22f0778	0x0a01	0xa	0x1	0xddef10	0x0
1	0x22e7ad0	0x22f0790	0x0a02	0xa	0x2	0xddf500	0x0
1	0x22e7ad0	0x22f07a8	0x0503	0x5	0x3	0xdcfb70	0x0
1	0x22e7ad0	0x22f07c0	0x0504	0x5	0x4	0xdd00b0	0x0
1	0x22e7ad0	0x22f07d8	0x0705	0x7	0x5	0xdd0c40	0x0
1	0x22e7ad0	0x22f07f0	0x1306	0x13	0x6	0xdd0600	0x0
1	0x22e7ad0	0x22f0808	0x1307	0x13	0x7	0xdd1280	0x0
1	0x22e7ad0	0x22f0820	0x1908	0x19	0x8	0xdd3060	0x0
1	0x22e7ad0	0x22f0838	0x1309	0x13	0x9	0xdd2a00	0x0
1	0x22e7ad0	0x22f0850	0x130a	0x13	0xa	0xdd36c0	0x0
1	0x22e7ad0	0x22f0868	0x070b	0x7	0xb	0xdd1e80	0x0
1	0x22e7ad0	0x22f0880	0x050c	0x5	0xc	0xdd18c0	0x0
1	0x22e7ad0	0x22f0898	0x050d	0x5	0xd	0xdd2440	0x0
1	0x22e7ad0	0x22f08b0	0x030e	0x3	0xe	0xdd4300	0x0
1	0x22e7ad0	0x22f08c8	0x050f	0x5	0xf	0xdd3d20	0x0
1	0x22e7ad0	0x22f08e0	0x0510	0x5	0x10	0xdd48f0	0x0
1	0x22e7ad0	0x22f08f8	0x2311	0x23	0x11	0xdd55f0	0x0
1	0x22e7ad0	0x22f0910	0x1312	0x13	0x12	0xdd4ed0	0x0
1	0x22e7ad0	0x22f0928	0x1313	0x13	0x13	0xdd5d50	0x0
1	0x22e7ad0	0x22f0940	0x2314	0x23	0x14	0xdd6b20	0x0
1	0x22e7ad0	0x22f0958	0x1315	0x13	0x15	0xdd6470	0x0
1	0x22e7ad0	0x22f0970	0x1316	0x13	0x16	0xdd71e0	0x0
1	0x22e7ad0	0x22f0988	0x0a17	0xa	0x17	0xdd7890	0x0
1	0x22e7ad0	0x22f09a0	0x0318	0x3	0x18	0xdd7e20	0x0
1	0x22e7ad0	0x22f09b8	0x0a19	0xa	0x19	0xdd8400	0x0
1	0x22e7ad0	0x22f09d0	0x031a	0x3	0x1a	0xdd9e50	0x0
1	0x22e7ad0	0x22f09e8	0x0a1b	0xa	0x1b	0xdd98c0	0x0
1	0x22e7ad0	0x22f0a00	0x0a1c	0xa	0x1c	0xddae70	0x0
1	0x22e7ad0	0x22f0a18	0x031d	0x3	0x1d	0xddb480	0x0
1	0x22e7ad0	0x22f0a30	0x0a1e	0xa	0x1e	0xddbae0	0x0
1	0x22e7ad0	0x22f0a48	0x031f	0x3	0x1f	0xddd790	0x0
1	0x22e7ad0	0x22f0a60	0x0a20	0xa	0x20	0xddd180	0x0
1	0x22e7ad0	0x22f0a78	0x0521	0x5	0x21	0xdd8990	0x0
1	0x22e7ad0	0x22f0a90	0x0322	0x3	0x22	0xdd8e80	0x0
1	0x22e7ad0	0x22f0aa8	0x0523	0x5	0x23	0xdd93d0	0x0
1	0x22e7ad0	0x22f0ac0	0x0324	0x3	0x24	0xdda920	0x0
1	0x22e7ad0	0x22f0ad8	0x0525	0x5	0x25	0xdda430	0x0
1	0x22e7ad0	0x22f0af0	0x0226	0x2	0x26	0xddc0f0	0x0
1	0x22e7ad0	0x22f0b08	0x0327	0x3	0x27	0xddc650	0x0
1	0x22e7ad0	0x22f0b20	0x0228	0x2	0x28	0xddcc20	0x0
1	0x22e7ad0	0x22f0b38	0x0329	0x3	0x29	0xdde350	0x0
1	0x22e7ad0	0x22f0b50	0x022a	0x2	0x2a	0xddddf0	0x0
1	0x22e7ad0	0x22f0b80	0x1903	0x19	0x3	0xd92c10	0x0
1	0x22e7ad0	0x22f0b98	0x0504	0x5	0x4	0xd925f0	0x0
1	0x22e7ad0	0x22f0bb0	0x0505	0x5	0x5	0xd93230	0x0
1	0x22e7ad0	0x22f0bc8	0x0709	0x7	0x9	0xd91a60	0x0
1	0x22e7ad0	0x22f0be0	0x050a	0x5	0xa	0xd91490	0x0
1	0x22e7ad0	0x22f0bf8	0x050b	0x5	0xb	0xd92020	0x0
1	0x22e7ad0	0x22f0c10	0x0d0c	0xd	0xc	0xd93ea0	0x0
1	0x22e7ad0	0x22f0c28	0x050d	0x5	0xd	0xd93850	0x0
1	0x22e7ad0	0x22f0c40	0x050e	0x5	0xe	0xd94530	0x0
1	0x22e7ad0	0x22f0c58	0x050f	0x5	0xf	0xd94b80	0x0
1	0x22e7ad0	0x22f0c70	0x0310	0x3	0x10	0xd95080	0x0
1	0x22e7ad0	0x22f0c88	0x0511	0x5	0x11	0xd955d0	0x0
1	0x22e7ad0	0x22f0ca0	0x0512	0x5	0x12	0xd95ad0	0x0
1	0x22e7ad0	0x22f0cb8	0x0313	0x3	0x13	0xd95fd0	0x0
1	0x22e7ad0	0x22f0cd0	0x0514	0x5	0x14	0xd96520	0x0
1	0x22e7ad0	0x22f0ce8	0x0315	0x3	0x15	0xd97ea0	0x0
1	0x22e7ad0	0x22f0d00	0x0516	0x5	0x16	0xd979a0	0x0
1	0x22e7ad0	0x22f0d18	0x0217	0x2	0x17	0xd96a20	0x0
1	0x22e7ad0	0x22f0d30	0x0318	0x3	0x18	0xd96f30	0x0
1	0x22e7ad0	0x22f0d48	0x0219	0x2	0x19	0xd97490	0x0
1	0x22e7ad0	0x22f0d60	0x031a	0x3	0x1a	0xd98900	0x0
1	0x22e7ad0	0x22f0d78	0x021b	0x2	0x1b	0xd983f0	0x0
1	0x22e7ad0	0x22f0da0	0x0600	0x6	0x0	0xcb9dd0	0x0
1	0x22e7ad0	0x22f0db8	0x0601	0x6	0x1	0xcba2f0	0x0
1	0x22e7ad0	0x22f0dd0	0x0502	0x5	0x2	0xcbb780	0x0
1	0x22e7ad0	0x22f0de8	0x0503	0x5	0x3	0xcbbcf0	0x0
1	0x22e7ad0	0x22f0e00	0x2204	0x22	0x4	0xcbc770	0x0
1	0x22e7ad0	0x22f0e18	0x0507	0x5	0x7	0xcbd380	0x0
1	0x22e7ad0	0x22f0e30	0x1308	0x13	0x8	0xcbd9b0	0x0
1	0x22e7ad0	0x22f0e48	0x0509	0x5	0x9	0xcbcd50	0x0
1	0x22e7ad0	0x22f0e60	0x060a	0x6	0xa	0xcba810	0x0
1	0x22e7ad0	0x22f0e78	0x060b	0x6	0xb	0xcb98b0	0x0
1	0x22e7ad0	0x22f0e90	0x060c	0x6	0xc	0xcb9390	0x0
1	0x22e7ad0	0x22f0ea8	0x060d	0x6	0xd	0xcbad30	0x0
1	0x22e7ad0	0x22f0ec0	0x050e	0x5	0xe	0xcbb280	0x0
1	0x22e7ad0	0x22f0ed8	0x050f	0x5	0xf	0xcbc2b0	0x0
1	0x22e7ad0	0x22f0f00	0x1903	0x19	0x3	0xd16de0	0x0
1	0x22e7ad0	0x22f0f18	0x1904	0x19	0x4	0xd18190	0x0
1	0x22e7ad0	0x22f0f30	0x1305	0x13	0x5	0xd17b00	0x0
1	0x22e7ad0	0x22f0f48	0x1306	0x13	0x6	0xd18820	0x0
1	0x22e7ad0	0x22f0f60	0x1307	0x13	0x7	0xd17470	0x0
1	0x22e7ad0	0x22f0f78	0x070d	0x7	0xd	0xd14e30	0x0
1	0x22e7ad0	0x22f0f90	0x070e	0x7	0xe	0xd16140	0x0
1	0x22e7ad0	0x22f0fa8	0x0a0f	0xa	0xf	0xd15ae0	0x0
1	0x22e7ad0	0x22f0fc0	0x0a10	0xa	0x10	0xd16780	0x0
1	0x22e7ad0	0x22f0fd8	0x0a11	0xa	0x11	0xd15480	0x0
1	0x22e7ad0	0x22f0ff0	0x0d12	0xd	0x12	0xd1d610	0x0
1	0x22e7ad0	0x22f1008	0x0d13	0xd	0x13	0xd1ea90	0x0
1	0x22e7ad0	0x22f1020	0x1314	0x13	0x14	0xd1e3e0	0x0
1	0x22e7ad0	0x22f1038	0x1315	0x13	0x15	0xd1f1b0	0x0
1	0x22e7ad0	0x22f1050	0x1316	0x13	0x16	0xd1dd30	0x0
1	0x22e7ad0	0x22f1068	0x0d17	0xd	0x17	0xd1f860	0x0
1	0x22e7ad0	0x22f1080	0x0d18	0xd	0x18	0xd20da0	0x0
1	0x22e7ad0	0x22f1098	0x1319	0x13	0x19	0xd206b0	0x0
1	0x22e7ad0	0x22f10b0	0x131a	0x13	0x1a	0xd21500	0x0
1	0x22e7ad0	0x22f10c8	0x131b	0x13	0x1b	0xd1ffc0	0x0
1	0x22e7ad0	0x22f10e0	0x231c	0x23	0x1c	0xd195e0	0x0
1	0x22e7ad0	0x22f10f8	0x231d	0x23	0x1d	0xd1c770	0x0
1	0x22e7ad0	0x22f1110	0x131e	0x13	0x1e	0xd1c040	0x0
1	0x22e7ad0	0x22f1128	0x131f	0x13	0x1f	0xd1cee0	0x0
1	0x22e7ad0	0x22f1140	0x1320	0x13	0x20	0xd1b910	0x0
1	0x22e7ad0	0x22f1158	0x2321	0x23	0x21	0xd18eb0	0x0
1	0x22e7ad0	0x22f1170	0x2322	0x23	0x22	0xd1ab10	0x0
1	0x22e7ad0	0x22f1188	0x1323	0x13	0x23	0xd1a430	0x0
1	0x22e7ad0	0x22f11a0	0x1324	0x13	0x24	0xd1b230	0x0
1	0x22e7ad0	0x22f11b8	0x1325	0x13	0x25	0xd19d50	0x0
1	0x22e7ad0	0x22f11e0	0x0700	0x7	0x0	0xc72b10	0x0
1	0x22e7ad0	0x22f11f8	0x0a01	0xa	0x1	0xc72530	0x0
1	0x22e7ad0	0x22f1210	0x0705	0x7	0x5	0xc70270	0x0
1	0x22e7ad0	0x22f1228	0x0206	0x2	0x6	0xc6fd20	0x0
1	0x22e7ad0	0x22f1240	0x0307	0x3	0x7	0xc6c300	0x0
1	0x22e7ad0	0x22f1258	0x0508	0x5	0x8	0xc6bce0	0x0
1	0x22e7ad0	0x22f1270	0x0509	0x5	0x9	0xc6c920	0x0
1	0x22e7ad0	0x22f1288	0x070f	0x7	0xf	0xc6b720	0x0
1	0x22e7ad0	0x22f12a0	0x0510	0x5	0x10	0xc6ab80	0x0
1	0x22e7ad0	0x22f12b8	0x0511	0x5	0x11	0xc6b150	0x0
1	0x22e7ad0	0x22f12d0	0x0d12	0xd	0x12	0xc6d590	0x0
1	0x22e7ad0	0x22f12e8	0x0513	0x5	0x13	0xc6cf40	0x0
1	0x22e7ad0	0x22f1300	0x0514	0x5	0x14	0xc6dc20	0x0
1	0x22e7ad0	0x22f1318	0x0515	0x5	0x15	0xc730f0	0x0
1	0x22e7ad0	0x22f1330	0x0316	0x3	0x16	0xc735f0	0x0
1	0x22e7ad0	0x22f1348	0x0517	0x5	0x17	0xc73b10	0x0
1	0x22e7ad0	0x22f1360	0x0a18	0xa	0x18	0xc707d0	0x0
1	0x22e7ad0	0x22f1378	0x0319	0x3	0x19	0xc71390	0x0
1	0x22e7ad0	0x22f1390	0x0a1a	0xa	0x1a	0xc70db0	0x0
1	0x22e7ad0	0x22f13a8	0x031b	0x3	0x1b	0xc71f50	0x0
1	0x22e7ad0	0x22f13c0	0x0a1c	0xa	0x1c	0xc71970	0x0
1	0x22e7ad0	0x22f13d8	0x051d	0x5	0x1d	0xc74010	0x0
1	0x22e7ad0	0x22f13f0	0x031e	0x3	0x1e	0xc74540	0x0
1	0x22e7ad0	0x22f1408	0x051f	0x5	0x1f	0xc74a90	0x0
1	0x22e7ad0	0x22f1420	0x0220	0x2	0x20	0xc6e270	0x0
1	0x22e7ad0	0x22f1438	0x0321	0x3	0x21	0xc6ed10	0x0
1	0x22e7ad0	0x22f1450	0x0222	0x2	0x22	0xc6e7c0	0x0
1	0x22e7ad0	0x22f1468	0x0323	0x3	0x23	0xc6f7c0	0x0
1	0x22e7ad0	0x22f1480	0x0224	0x2	0x24	0xc6f270	0x0
1	0x22e7ad0	0x22f14a0	0x0500	0x5	0x0	0xd8edb0	0x0
1	0x22e7ad0	0x22f14b8	0x0501	0x5	0x1	0xd8cf40	0x0
1	0x22e7ad0	0x22f14d0	0x0502	0x5	0x2	0xd90190	0x0
1	0x22e7ad0	0x22f14e8	0x0503	0x5	0x3	0xd90630	0x0
1	0x22e7ad0	0x22f1500	0x0304	0x3	0x4	0xd8dda0	0x0
1	0x22e7ad0	0x22f1518	0x0305	0x3	0x5	0xd8e300	0x0
1	0x22e7ad0	0x22f1530	0x0506	0x5	0x6	0xd8fcf0	0x0
1	0x22e7ad0	0x22f1548	0x0507	0x5	0x7	0xd90ae0	0x0
1	0x22e7ad0	0x22f1560	0x0308	0x3	0x8	0xd8e860	0x0
1	0x22e7ad0	0x22f1578	0x0309	0x3	0x9	0xd8f290	0x0
1	0x22e7ad0	0x22f1590	0x050a	0x5	0xa	0xd8f7f0	0x0
1	0x22e7ad0	0x22f15a8	0x050b	0x5	0xb	0xd8c110	0x0
1	0x22e7ad0	0x22f15c0	0x060c	0x6	0xc	0xd8c5b0	0x0
1	0x22e7ad0	0x22f15d8	0x050d	0x5	0xd	0xd8caa0	0x0
1	0x22e7ad0	0x22f15f0	0x060e	0x6	0xe	0xd8d8a0	0x0
1	0x22e7ad0	0x22f1608	0x050f	0x5	0xf	0xd8d400	0x0
1	0x22e7ad0	0x22f1620	0x0700	0x7	0x0	0xcbe550	0x0
1	0x22e7ad0	0x22f1638	0x0701	0x7	0x1	0xcbe030	0x0
1	0x22e7ad0	0x22f1650	0x0702	0x7	0x2	0xcbeaa0	0x0
1	0x22e7ad0	0x22f1668	0x0503	0x5	0x3	0xcbffb0	0x0
1	0x22e7ad0	0x22f1680	0x0704	0x7	0x4	0xcbf510	0x0
1	0x22e7ad0	0x22f1698	0x0705	0x7	0x5	0xcbeff0	0x0
1	0x22e7ad0	0x22f16b0	0x0506	0x5	0x6	0xcc0480	0x0
1	0x22e7ad0	0x22f16c8	0x0707	0x7	0x7	0xcbfa60	0x0
1	0x22e7ad0	0x22f16e0	0x0500	0x5	0x0	0xcc1720	0x0
1	0x22e7ad0	0x22f1700	0x0300	0x3	0x0	0xdb36b0	0x0
1	0x22e7ad0	0x22f1718	0x0603	0x6	0x3	0xdb3bc0	0x0
1	0x22e7ad0	0x22f1740	0x0700	0x7	0x0	0xcb8340	0x0
1	0x22e7ad0	0x22f1758	0x0701	0x7	0x1	0xcb8e10	0x0
1	0x22e7ad0	0x22f1770	0x0702	0x7	0x2	0xcb7df0	0x0
1	0x22e7ad0	0x22f1788	0x0703	0x7	0x3	0xcb8890	0x0
1	0x22e7ad0	0x22f17a0	0x0500	0x5	0x0	0xcb6620	0x0
1	0x22e7ad0	0x22f17b8	0x0601	0x6	0x1	0xcb6ac0	0x0
1	0x22e7ad0	0x22f17d0	0x0502	0x5	0x2	0xcb6fb0	0x0
1	0x22e7ad0	0x22f17e8	0x0603	0x6	0x3	0xcb78f0	0x0
1	0x22e7ad0	0x22f1800	0x0504	0x5	0x4	0xcb7450	0x0
1	0x22e7ad0	0x22f1820	0x0500	0x5	0x0	0xcc0950	0x0
1	0x22e7ad0	0x22f1840	0x0700	0x7	0x0	0xcb4460	0x0
1	0x22e7ad0	0x22f1858	0x0701	0x7	0x1	0xcb49b0	0x0
1	0x22e7ad0	0x22f1870	0x0702	0x7	0x2	0xcb5ac0	0x0
1	0x22e7ad0	0x22f1888	0x0703	0x7	0x3	0xcb6050	0x0
1	0x22e7ad0	0x22f18a0	0x0704	0x7	0x4	0xcb3960	0x0
1	0x22e7ad0	0x22f18b8	0x0705	0x7	0x5	0xcb3eb0	0x0
1	0x22e7ad0	0x22f18d0	0x0706	0x7	0x6	0xcb4f60	0x0
1	0x22e7ad0	0x22f18e8	0x0707	0x7	0x7	0xcb54f0	0x0
1	0x22e7ad0	0x22f1900	0x0200	0x2	0x0	0xe096a0	0x0
1	0x22e7ad0	0x22f1920	0x0a00	0xa	0x0	0xe09ad0	0x0
1	0x22e7ad0	0x22f1940	0x0500	0x5	0x0	0xcb1fc0	0x0
1	0x22e7ad0	0x22f1958	0x0301	0x3	0x1	0xcb24c0	0x0
1	0x22e7ad0	0x22f1970	0x0502	0x5	0x2	0xcb2a10	0x0
1	0x22e7ad0	0x22f1988	0x0303	0x3	0x3	0xcb3410	0x0
1	0x22e7ad0	0x22f19a0	0x0504	0x5	0x4	0xcb2f10	0x0
1	0x22e7ad0	0x22f19c0	0x0500	0x5	0x0	0xd07240	0x0
1	0x22e7ad0	0x22f19d8	0x0301	0x3	0x1	0xd07c30	0x0
1	0x22e7ad0	0x22f19f0	0x0502	0x5	0x2	0xd07730	0x0
1	0x22e7ad0	0x22f1a08	0x0303	0x3	0x3	0xd09050	0x0
1	0x22e7ad0	0x22f1a20	0x0504	0x5	0x4	0xd08b50	0x0
1	0x22e7ad0	0x22f1a38	0x0505	0x5	0x5	0xd08650	0x0
1	0x22e7ad0	0x22f1a50	0x0506	0x5	0x6	0xd09a70	0x0
1	0x22e7ad0	0x22f1a68	0x0507	0x5	0x7	0xd08180	0x0
1	0x22e7ad0	0x22f1a80	0x0508	0x5	0x8	0xd095a0	0x0
2	0x2348fb0	0x2348fb0	0x0200	0x2	0x0	0xea7440	0x0
2	0x2348fb0	0x2348fd0	0x0200	0x2	0x0	0xea6fe0	0x0
2	0x2348fb0	0x2348ff0	0x0200	0x2	0x0	0xea6b80	0x0
2	0x2348fb0	0x2349010	0x0500	0x5	0x0	0xea6710	0x0
2	0x2348fb0	0x2349040	0x0500	0x5	0x0	0xe46790	0x0
2	0x2348fb0	0x2349058	0x0201	0x2	0x1	0xe46320	0x0
2	0x2348fb0	0x2349070	0x0502	0x5	0x2	0xe46c90	0x0
2	0x2348fb0	0x2349090	0x0200	0x2	0x0	0xe445e0	0x0
2	0x2348fb0	0x23490b0	0x0500	0x5	0x0	0x1c07cb0	0x0
2	0x2348fb0	0x23490e0	0x0500	0x5	0x0	0xeb2630	0x0
2	0x2348fb0	0x23490f8	0x0501	0x5	0x1	0xeb1c00	0x0
2	0x2348fb0	0x2349110	0x0702	0x7	0x2	0xeb2ae0	0x0
2	0x2348fb0	0x2349128	0x0703	0x7	0x3	0xeb20e0	0x0
2	0x2348fb0	0x2349140	0x0500	0x5	0x0	0xeab320	0x0
2	0x2348fb0	0x2349160	0x0500	0x5	0x0	0xeaae30	0x0
2	0x2348fb0	0x2349180	0x0500	0x5	0x0	0x17a9b70	0x0
2	0x2348fb0	0x2349198	0x0501	0x5	0x1	0x17a96b0	0x0
2	0x2348fb0	0x23491c0	0x0500	0x5	0x0	0xeaa0c0	0x0
2	0x2348fb0	0x23491d8	0x0601	0x6	0x1	0xea9c20	0x0
2	0x2348fb0	0x23491f0	0x0202	0x2	0x2	0xea97c0	0x0
2	0x2348fb0	0x2349220	0x0200	0x2	0x0	0xea5bb0	0x0
2	0x2348fb0	0x2349238	0x0a01	0xa	0x1	0xea5000	0x0
2	0x2348fb0	0x2349260	0x1300	0x13	0x0	0xea3c80	0x0
2	0x2348fb0	0x2349278	0x1301	0x13	0x1	0xea2eb0	0x0
2	0x2348fb0	0x23492a0	0x0a00	0xa	0x0	0xea1b50	0x0
2	0x2348fb0	0x23492b8	0x0a01	0xa	0x1	0xea0eb0	0x0
2	0x2348fb0	0x23492e0	0x1300	0x13	0x0	0xe9ec60	0x0
2	0x2348fb0	0x23492f8	0x1301	0x13	0x1	0xe9f300	0x0
2	0x2348fb0	0x2349310	0x1302	0x13	0x2	0xe9d6c0	0x0
2	0x2348fb0	0x2349328	0x1303	0x13	0x3	0xe9c8b0	0x0
2	0x2348fb0	0x2349340	0x1300	0x13	0x0	0x17a6e00	0x0
2	0x2348fb0	0x2349358	0x1301	0x13	0x1	0x17a7bd0	0x0
2	0x2348fb0	0x2349370	0x1302	0x13	0x2	0x17a82c0	0x0
2	0x2348fb0	0x2349388	0x1303	0x13	0x3	0x17a74d0	0x0
2	0x2348fb0	0x23493a0	0x1300	0x13	0x0	0x17a5240	0x0
2	0x2348fb0	0x23493b8	0x1301	0x13	0x1	0x17a5ff0	0x0
2	0x2348fb0	0x23493d0	0x1302	0x13	0x2	0x17a66e0	0x0
2	0x2348fb0	0x23493e8	0x1303	0x13	0x3	0x17a5900	0x0
2	0x2348fb0	0x2349400	0x0300	0x3	0x0	0xe8fff0	0x0
2	0x2348fb0	0x2349418	0x0301	0x3	0x1	0xe91170	0x0
2	0x2348fb0	0x2349430	0x0502	0x5	0x2	0xe916c0	0x0
2	0x2348fb0	0x2349448	0x0503	0x5	0x3	0x17a3d80	0x0
2	0x2348fb0	0x2349460	0x0304	0x3	0x4	0xe91b60	0x0
2	0x2348fb0	0x2349478	0x0305	0x3	0x5	0xe90bb0	0x0
2	0x2348fb0	0x2349490	0x0306	0x3	0x6	0xe90600	0x0
2	0x2348fb0	0x23494a8	0x0307	0x3	0x7	0xe92110	0x0
2	0x2348fb0	0x23494c0	0x0308	0x3	0x8	0xe926a0	0x0
2	0x2348fb0	0x23494d8	0x0309	0x3	0x9	0xe92c20	0x0
2	0x2348fb0	0x2349500	0x1300	0x13	0x0	0xe8d950	0x0
2	0x2348fb0	0x2349518	0x1301	0x13	0x1	0xe8df80	0x0
2	0x2348fb0	0x2349530	0x1302	0x13	0x2	0xe8f340	0x0
2	0x2348fb0	0x2349548	0x1303	0x13	0x3	0xe8f980	0x0
2	0x2348fb0	0x2349560	0x1300	0x13	0x0	0xe8bf10	0x0
2	0x2348fb0	0x2349578	0x1301	0x13	0x1	0xe8c570	0x0
2	0x2348fb0	0x23495a0	0x1300	0x13	0x0	0xe873f0	0x0
2	0x2348fb0	0x23495b8	0x1301	0x13	0x1	0xe87a40	0x0
2	0x2348fb0	0x23495d0	0x1302	0x13	0x2	0xe88e40	0x0
2	0x2348fb0	0x23495e8	0x1303	0x13	0x3	0xe89490	0x0
2	0x2348fb0	0x2349600	0x1300	0x13	0x0	0xe858d0	0x0
2	0x2348fb0	0x2349618	0x1301	0x13	0x1	0xe85f90	0x0
2	0x2348fb0	0x2349630	0x2502	0x25	0x2	0xe83ca0	0x0
2	0x2348fb0	0x2349648	0x2503	0x25	0x3	0xe84350	0x0
2	0x2348fb0	0x2349660	0x0300	0x3	0x0	0xe82370	0x0
2	0x2348fb0	0x2349678	0x0301	0x3	0x1	0xe81e50	0x0
2	0x2348fb0	0x2349690	0x0302	0x3	0x2	0xe828c0	0x0
2	0x2348fb0	0x23496c0	0x0300	0x3	0x0	0xe80880	0x0
2	0x2348fb0	0x23496d8	0x0301	0x3	0x1	0xe80dd0	0x0
2	0x2348fb0	0x23496f0	0x0302	0x3	0x2	0xe818a0	0x0
2	0x2348fb0	0x2349708	0x0303	0x3	0x3	0xe81320	0x0
2	0x2348fb0	0x2349720	0x1900	0x19	0x0	0x17a3640	0x0
2	0x2348fb0	0x2349738	0x1901	0x19	0x1	0x17a2820	0x0
2	0x2348fb0	0x2349750	0x1902	0x19	0x2	0x17a2f30	0x0
2	0x2348fb0	0x2349768	0x1903	0x19	0x3	0x17a2130	0x0
2	0x2348fb0	0x2349780	0x1904	0x19	0x4	0x17a0080	0x0
2	0x2348fb0	0x2349798	0x1905	0x19	0x5	0x17a06d0	0x0
2	0x2348fb0	0x23497b0	0x1906	0x19	0x6	0x17a1a60	0x0
2	0x2348fb0	0x23497c8	0x1907	0x19	0x7	0x17a0d20	0x0
2	0x2348fb0	0x23497e0	0x1908	0x19	0x8	0x17a13c0	0x0
2	0x2348fb0	0x2349800	0x1900	0x19	0x0	0x179b020	0x0
2	0x2348fb0	0x2349818	0x1901	0x19	0x1	0x179b640	0x0
2	0x2348fb0	0x2349830	0x1902	0x19	0x2	0x179fa10	0x0
2	0x2348fb0	0x2349848	0x1903	0x19	0x3	0x179e750	0x0
2	0x2348fb0	0x2349860	0x1904	0x19	0x4	0x179f3c0	0x0
2	0x2348fb0	0x2349878	0x1905	0x19	0x5	0x179ed70	0x0
2	0x2348fb0	0x2349890	0x0306	0x3	0x6	0x179e150	0x0
2	0x2348fb0	0x23498a8	0x0307	0x3	0x7	0x179cfe0	0x0
2	0x2348fb0	0x23498c0	0x0308	0x3	0x8	0x179db70	0x0
2	0x2348fb0	0x23498d8	0x0309	0x3	0x9	0x179d590	0x0
2	0x2348fb0	0x23498f0	0x190a	0x19	0xa	0x179c940	0x0
2	0x2348fb0	0x2349908	0x190b	0x19	0xb	0x179bc60	0x0
2	0x2348fb0	0x2349920	0x190c	0x19	0xc	0x179c2d0	0x0
2	0x2348fb0	0x2349940	0x0200	0x2	0x0	0xe7de90	0x0
2	0x2348fb0	0x2349960	0x0500	0x5	0x0	0xe7da00	0x0
2	0x2348fb0	0x2349980	0x0a00	0xa	0x0	0x1c0c620	0x0
2	0x2348fb0	0x23499a0	0x0200	0x2	0x0	0xe7cfa0	0x0
2	0x2348fb0	0x23499c0	0x0200	0x2	0x0	0xe7cb30	0x0
2	0x2348fb0	0x23499e0	0x0700	0x7	0x0	0xe7c190	0x0
2	0x2348fb0	0x23499f8	0x0501	0x5	0x1	0xe7c680	0x0
2	0x2348fb0	0x2349a10	0x0502	0x5	0x2	0xe7aea0	0x0
2	0x2348fb0	0x2349a28	0x0503	0x5	0x3	0xe7b830	0x0
2	0x2348fb0	0x2349a40	0x0604	0x6	0x4	0xe7b350	0x0
2	0x2348fb0	0x2349a58	0x0505	0x5	0x5	0xe7bce0	0x0
2	0x2348fb0	0x2349a80	0x0700	0x7	0x0	0xe7a3a0	0x0
2	0x2348fb0	0x2349a98	0x0701	0x7	0x1	0xe7a920	0x0
2	0x2348fb0	0x2349ab0	0x0702	0x7	0x2	0xe798a0	0x0
2	0x2348fb0	0x2349ac8	0x0703	0x7	0x3	0xe79e20	0x0
2	0x2348fb0	0x2349ae0	0x0500	0x5	0x0	0xe793d0	0x0
2	0x2348fb0	0x2349b00	0x2200	0x22	0x0	0x17a4660	0x0
2	0x2348fb0	0x2349b18	0x0501	0x5	0x1	0x17a4c40	0x0
2	0x2348fb0	0x2349b30	0x0502	0x5	0x2	0x17a41f0	0x0
2	0x2348fb0	0x2349b50	0x0500	0x5	0x0	0xe766e0	0x0
2	0x2348fb0	0x2349b80	0x0500	0x5	0x0	0xe75d40	0x0
2	0x2348fb0	0x2349b98	0x0301	0x3	0x1	0xe75350	0x0
2	0x2348fb0	0x2349bb0	0x0502	0x5	0x2	0xe74e80	0x0
2	0x2348fb0	0x2349bc8	0x0503	0x5	0x3	0xe75870	0x0
2	0x2348fb0	0x2349be0	0x0504	0x5	0x4	0xe76210	0x0
2	0x2348fb0	0x2349c00	0x0600	0x6	0x0	0xe73f10	0x0
2	0x2348fb0	0x2349c18	0x0501	0x5	0x1	0xe739d0	0x0
2	0x2348fb0	0x2349c30	0x0502	0x5	0x2	0xe74490	0x0
2	0x2348fb0	0x2349c48	0x0503	0x5	0x3	0xe749d0	0x0
2	0x2348fb0	0x2349c60	0x0500	0x5	0x0	0xe70f50	0x0
2	0x2348fb0	0x2349c80	0x1000	0x10	0x0	0xe6f740	0x0
2	0x2348fb0	0x2349c98	0x0201	0x2	0x1	0xe6f290	0x0
2	0x2348fb0	0x2349cb0	0x0202	0x2	0x2	0xe6fc40	0x0
2	0x2348fb0	0x2349cc8	0x1003	0x10	0x3	0xe705a0	0x0
2	0x2348fb0	0x2349ce0	0x0204	0x2	0x4	0xe700f0	0x0
2	0x2348fb0	0x2349cf8	0x0205	0x2	0x5	0xe70aa0	0x0
2	0x2348fb0	0x2349d20	0x0500	0x5	0x0	0xe6bdd0	0x0
2	0x2348fb0	0x2349d38	0x0501	0x5	0x1	0xe6c270	0x0
2	0x2348fb0	0x2349d50	0x0200	0x2	0x0	0xe6b970	0x0
2	0x2348fb0	0x2349d70	0x0000	0x0	0x0	0xe6b470	0x0
2	0x2348fb0	0x2349da0	0x0300	0x3	0x0	0x1798970	0x0
2	0x2348fb0	0x2349db8	0x0301	0x3	0x1	0x17983f0	0x0
2	0x2348fb0	0x2349de0	0x0300	0x3	0x0	0xe69e80	0x0
2	0x2348fb0	0x2349df8	0x0301	0x3	0x1	0xe69960	0x0
2	0x2348fb0	0x2349e10	0x0302	0x3	0x2	0xe6a3d0	0x0
2	0x2348fb0	0x2349e40	0x0300	0x3	0x0	0xe683a0	0x0
2	0x2348fb0	0x2349e58	0x0301	0x3	0x1	0xe688f0	0x0
2	0x2348fb0	0x2349e70	0x0302	0x3	0x2	0xe693b0	0x0
2	0x2348fb0	0x2349e88	0x0303	0x3	0x3	0xe68e40	0x0
2	0x2348fb0	0x2349ea0	0x1900	0x19	0x0	0x1797c70	0x0
2	0x2348fb0	0x2349eb8	0x1901	0x19	0x1	0x1796db0	0x0
2	0x2348fb0	0x2349ed0	0x1902	0x19	0x2	0x1797510	0x0
2	0x2348fb0	0x2349ee8	0x1903	0x19	0x3	0x1796670	0x0
2	0x2348fb0	0x2349f00	0x1904	0x19	0x4	0xe661e0	0x0
2	0x2348fb0	0x2349f18	0x1905	0x19	0x5	0xe66860	0x0
2	0x2348fb0	0x2349f30	0x1906	0x19	0x6	0xe67ca0	0x0
2	0x2348fb0	0x2349f48	0x1907	0x19	0x7	0xe66ee0	0x0
2	0x2348fb0	0x2349f60	0x1908	0x19	0x8	0xe675c0	0x0
2	0x2348fb0	0x2349f80	0x0300	0x3	0x0	0xe65180	0x0
2	0x2348fb0	0x2349f98	0x0301	0x3	0x1	0xe64c00	0x0
2	0x2348fb0	0x2349fb0	0x0302	0x3	0x2	0xe65700	0x0
2	0x2348fb0	0x2349fc8	0x0303	0x3	0x3	0xe65c70	0x0
2	0x2348fb0	0x2349fe0	0x0500	0x5	0x0	0xe64780	0x0
2	0x2348fb0	0x234a000	0x0000	0x0	0x0	0xe641f0	0x0
2	0x2348fb0	0x234a020	0x0000	0x0	0x0	0xe63c60	0x0
2	0x2348fb0	0x234a040	0x0000	0x0	0x0	0xe61b40	0x0
2	0x2348fb0	0x234a058	0x1601	0x16	0x1	0xe62b40	0x0
2	0x2348fb0	0x234a070	0x1202	0x12	0x2	0xe625d0	0x0
2	0x2348fb0	0x234a088	0x1203	0x12	0x3	0xe62070	0x0
2	0x2348fb0	0x234a0a0	0x1604	0x16	0x4	0xe63690	0x0
2	0x2348fb0	0x234a0b8	0x1205	0x12	0x5	0xe63100	0x0
2	0x2348fb0	0x234a0e0	0x0300	0x3	0x0	0x1794670	0x0
2	0x2348fb0	0x234a0f8	0x0201	0x2	0x1	0x1794150	0x0
2	0x2348fb0	0x234a110	0x0202	0x2	0x2	0x1794be0	0x0
2	0x2348fb0	0x234a140	0x1300	0x13	0x0	0x1793460	0x0
2	0x2348fb0	0x234a158	0x1301	0x13	0x1	0x1793a80	0x0
2	0x2348fb0	0x234a180	0x0300	0x3	0x0	0x17960f0	0x0
2	0x2348fb0	0x234a198	0x0301	0x3	0x1	0x1795b70	0x0
2	0x2348fb0	0x234a1b0	0x0302	0x3	0x2	0x17955d0	0x0
2	0x2348fb0	0x234a1d0	0x0b00	0xb	0x0	0x1795100	0x0
2	0x2348fb0	0x234a1f0	0x0b00	0xb	0x0	0xe5e2f0	0x0
2	0x2348fb0	0x234a220	0x1300	0x13	0x0	0xe6dcd0	0x0
2	0x2348fb0	0x234a238	0x1302	0x13	0x2	0x1798f10	0x0
2	0x2348fb0	0x234a260	0x1900	0x19	0x0	0xe71a50	0x0
2	0x2348fb0	0x234a278	0x0501	0x5	0x1	0xe71420	0x0
2	0x2348fb0	0x234a290	0x0502	0x5	0x2	0xe72070	0x0
2	0x2348fb0	0x234a2a8	0x1903	0x19	0x3	0x1c0b920	0x0
2	0x2348fb0	0x234a2c0	0x0504	0x5	0x4	0x1c0b280	0x0
2	0x2348fb0	0x234a2d8	0x0505	0x5	0x5	0x1c0bf80	0x0
2	0x2348fb0	0x234a2f0	0x0d06	0xd	0x6	0xe72cf0	0x0
2	0x2348fb0	0x234a308	0x0507	0x5	0x7	0xe726a0	0x0
2	0x2348fb0	0x234a320	0x0508	0x5	0x8	0xe73380	0x0
2	0x2348fb0	0x234a340	0x1900	0x19	0x0	0xe49950	0x0
2	0x2348fb0	0x234a358	0x1901	0x19	0x1	0xe4ad00	0x0
2	0x2348fb0	0x234a370	0x1302	0x13	0x2	0xe4a670	0x0
2	0x2348fb0	0x234a388	0x1303	0x13	0x3	0xe4b390	0x0
2	0x2348fb0	0x234a3a0	0x1304	0x13	0x4	0xe49fe0	0x0
2	0x2348fb0	0x234a3b8	0x1905	0x19	0x5	0x1c097f0	0x0
2	0x2348fb0	0x234a3d0	0x1906	0x19	0x6	0x1c08930	0x0
2	0x2348fb0	0x234a3e8	0x1307	0x13	0x7	0x1c081b0	0x0
2	0x2348fb0	0x234a400	0x1308	0x13	0x8	0x1c09070	0x0
2	0x2348fb0	0x234a418	0x1309	0x13	0x9	0x1c09f30	0x0
2	0x2348fb0	0x234a430	0x0d0a	0xd	0xa	0xe501d0	0x0
2	0x2348fb0	0x234a448	0x0d0b	0xd	0xb	0xe51650	0x0
2	0x2348fb0	0x234a460	0x130c	0x13	0xc	0xe50fa0	0x0
2	0x2348fb0	0x234a478	0x130d	0x13	0xd	0xe51d70	0x0
2	0x2348fb0	0x234a490	0x130e	0x13	0xe	0xe508f0	0x0
2	0x2348fb0	0x234a4a8	0x0d0f	0xd	0xf	0xe52420	0x0
2	0x2348fb0	0x234a4c0	0x0d10	0xd	0x10	0xe53970	0x0
2	0x2348fb0	0x234a4d8	0x1311	0x13	0x11	0xe53280	0x0
2	0x2348fb0	0x234a4f0	0x1312	0x13	0x12	0xe540d0	0x0
2	0x2348fb0	0x234a508	0x1313	0x13	0x13	0xe52b90	0x0
2	0x2348fb0	0x234a520	0x2314	0x23	0x14	0xe4c150	0x0
2	0x2348fb0	0x234a538	0x2315	0x23	0x15	0xe4f330	0x0
2	0x2348fb0	0x234a550	0x1316	0x13	0x16	0xe4ec00	0x0
2	0x2348fb0	0x234a568	0x1317	0x13	0x17	0xe4faa0	0x0
2	0x2348fb0	0x234a580	0x1318	0x13	0x18	0xe4e4d0	0x0
2	0x2348fb0	0x234a598	0x2319	0x23	0x19	0xe4ba20	0x0
2	0x2348fb0	0x234a5b0	0x231a	0x23	0x1a	0xe4d6b0	0x0
2	0x2348fb0	0x234a5c8	0x131b	0x13	0x1b	0xe4cfc0	0x0
2	0x2348fb0	0x234a5e0	0x131c	0x13	0x1c	0xe4dde0	0x0
2	0x2348fb0	0x234a5f8	0x131d	0x13	0x1d	0xe4c8d0	0x0
2	0x2348fb0	0x234a610	0x1900	0x19	0x0	0x17a9060	0x0
2	0x2348fb0	0x234a630	0x1900	0x19	0x0	0x17a89e0	0x0
2	0x2348fb0	0x234a660	0x0a00	0xa	0x0	0xe5d550	0x0
2	0x2348fb0	0x234a678	0x0a01	0xa	0x1	0xe5dc20	0x0
2	0x2348fb0	0x234a690	0x0a02	0xa	0x2	0xe5c930	0x0
2	0x2348fb0	0x234a6a8	0x0a03	0xa	0x3	0xe5cf40	0x0
2	0x2348fb0	0x234a6c0	0x0200	0x2	0x0	0xe59c00	0x0
2	0x2348fb0	0x234a6e0	0x0a00	0xa	0x0	0x1c0ac90	0x0
2	0x2348fb0	0x234a700	0x0a00	0xa	0x0	0x1c0a6b0	0x0
2	0x2348fb0	0x234a720	0x0500	0x5	0x0	0xe58a40	0x0
2	0x2348fb0	0x234a740	0x1300	0x13	0x0	0x1790f00	0x0
2	0x2348fb0	0x234a758	0x1301	0x13	0x1	0x1791ba0	0x0
2	0x2348fb0	0x234a770	0x1302	0x13	0x2	0x17921e0	0x0
2	0x2348fb0	0x234a788	0x0a03	0xa	0x3	0x1791550	0x0
2	0x2348fb0	0x234a7a0	0x0200	0x2	0x0	0x17855f0	0x0
2	0x2348fb0	0x234a7c0	0x0100	0x1	0x0	0xea7880	0x0
2	0x2348fb0	0x234a7d8	0x1501	0x15	0x1	0xea7db0	0x0
2	0x2348fb0	0x234a800	0x0500	0x5	0x0	0x178db90	0x0
2	0x2348fb0	0x234a818	0x0501	0x5	0x1	0x178e060	0x0
2	0x2348fb0	0x234a830	0x0502	0x5	0x2	0x178e530	0x0
2	0x2348fb0	0x234a850	0x0500	0x5	0x0	0xe48ad0	0x0
2	0x2348fb0	0x234a870	0x0200	0x2	0x0	0xe48690	0x0
2	0x2348fb0	0x234a890	0x0500	0x5	0x0	0xe48210	0x0
2	0x2348fb0	0x234a8c0	0x0500	0x5	0x0	0xe47830	0x0
2	0x2348fb0	0x234a8d8	0x0501	0x5	0x1	0xe47d20	0x0
2	0x2348fb0	0x234a8f0	0x0200	0x2	0x0	0xe23480	0x0
2	0x2348fb0	0x234a910	0x0a00	0xa	0x0	0xe47180	0x0
2	0x2348fb0	0x234a930	0x0300	0x3	0x0	0xe45d60	0x0
2	0x2348fb0	0x234a950	0x0500	0x5	0x0	0xe458c0	0x0
2	0x2348fb0	0x234a980	0x0200	0x2	0x0	0xe44a20	0x0
2	0x2348fb0	0x234a998	0x0201	0x2	0x1	0xe453e0	0x0
2	0x2348fb0	0x234a9b0	0x0202	0x2	0x2	0xe44f00	0x0
2	0x2348fb0	0x234a9e0	0x0500	0x5	0x0	0xe44170	0x0
2	0x2348fb0	0x234a9f8	0x0501	0x5	0x1	0xe43350	0x0
2	0x2348fb0	0x234aa10	0x0502	0x5	0x2	0xe43ce0	0x0
2	0x2348fb0	0x234aa40	0x0500	0x5	0x0	0xe42ee0	0x0
2	0x2348fb0	0x234aa58	0x0501	0x5	0x1	0xe42a40	0x0
2	0x2348fb0	0x234aa70	0x0502	0x5	0x2	0xe420a0	0x0
2	0x2348fb0	0x234aa88	0x0603	0x6	0x3	0xe41ba0	0x0
2	0x2348fb0	0x234aaa0	0x0604	0x6	0x4	0xe42540	0x0
2	0x2348fb0	0x234aac0	0x0500	0x5	0x0	0xe3f8e0	0x0
2	0x2348fb0	0x234aad8	0x0601	0x6	0x1	0xe406c0	0x0
2	0x2348fb0	0x234aaf0	0x0602	0x6	0x2	0x1787ef0	0x0
2	0x2348fb0	0x234ab08	0x0303	0x3	0x3	0x17893d0	0x0
2	0x2348fb0	0x234ab20	0x0304	0x3	0x4	0x1786930	0x0
2	0x2348fb0	0x234ab38	0x0505	0x5	0x5	0xe41180	0x0
2	0x2348fb0	0x234ab50	0x0506	0x5	0x6	0x17889b0	0x0
2	0x2348fb0	0x234ab68	0x0507	0x5	0x7	0x1789f50	0x0
2	0x2348fb0	0x234ab80	0x0508	0x5	0x8	0x1787470	0x0
2	0x2348fb0	0x234ab98	0x0609	0x6	0x9	0xe40c20	0x0
2	0x2348fb0	0x234abb0	0x060a	0x6	0xa	0x1788450	0x0
2	0x2348fb0	0x234abc8	0x030b	0x3	0xb	0x1789990	0x0
2	0x2348fb0	0x234abe0	0x030c	0x3	0xc	0x1786ed0	0x0
2	0x2348fb0	0x234abf8	0x050d	0x5	0xd	0xe41690	0x0
2	0x2348fb0	0x234ac10	0x050e	0x5	0xe	0x1788ec0	0x0
2	0x2348fb0	0x234ac28	0x050f	0x5	0xf	0x178a4a0	0x0
2	0x2348fb0	0x234ac40	0x0510	0x5	0x10	0x17879b0	0x0
2	0x2348fb0	0x234ac58	0x0511	0x5	0x11	0x1786490	0x0
2	0x2348fb0	0x234ac70	0x0512	0x5	0x12	0x178b570	0x0
2	0x2348fb0	0x234ac88	0x0313	0x3	0x13	0x178a9f0	0x0
2	0x2348fb0	0x234aca0	0x0514	0x5	0x14	0x178d190	0x0
2	0x2348fb0	0x234acb8	0x0315	0x3	0x15	0x178c040	0x0
2	0x2348fb0	0x234acd0	0x0516	0x5	0x16	0x1785ff0	0x0
2	0x2348fb0	0x234ace8	0x0319	0x3	0x19	0x178afc0	0x0
2	0x2348fb0	0x234ad00	0x031a	0x3	0x1a	0x178ba70	0x0
2	0x2348fb0	0x234ad18	0x031b	0x3	0x1b	0x178cbe0	0x0
2	0x2348fb0	0x234ad30	0x031c	0x3	0x1c	0x178c610	0x0
2	0x2348fb0	0x234ad60	0x0700	0x7	0x0	0xe3ce00	0x0
2	0x2348fb0	0x234ad78	0x0701	0x7	0x1	0xe3d360	0x0
2	0x2348fb0	0x234ad90	0x0702	0x7	0x2	0xe3d8e0	0x0
2	0x2348fb0	0x234ada8	0x0703	0x7	0x3	0xe3de60	0x0
2	0x2348fb0	0x234adc0	0x0704	0x7	0x4	0xe3e3c0	0x0
2	0x2348fb0	0x234add8	0x0705	0x7	0x5	0xe3e940	0x0
2	0x2348fb0	0x234adf0	0x0506	0x5	0x6	0xe3eec0	0x0
2	0x2348fb0	0x234ae08	0x0507	0x5	0x7	0xe3f3d0	0x0
2	0x2348fb0	0x234ae20	0x0200	0x2	0x0	0xe8a6a0	0x0
2	0x2348fb0	0x234ae38	0x0a01	0xa	0x1	0xe8abe0	0x0
2	0x2348fb0	0x234ae60	0x0700	0x7	0x0	0xe3b770	0x0
2	0x2348fb0	0x234ae78	0x0701	0x7	0x1	0x1785a30	0x0
2	0x2348fb0	0x234ae90	0x0702	0x7	0x2	0xe3bcd0	0x0
2	0x2348fb0	0x234aea8	0x0703	0x7	0x3	0xe3c820	0x0
2	0x2348fb0	0x234aec0	0x0500	0x5	0x0	0xe3ae30	0x0
2	0x2348fb0	0x234aed8	0x0501	0x5	0x1	0xe3b2d0	0x0
2	0x2348fb0	0x234af00	0x0500	0x5	0x0	0xe37df0	0x0
2	0x2348fb0	0x234af18	0x0501	0x5	0x1	0xe38750	0x0
2	0x2348fb0	0x234af30	0x0502	0x5	0x2	0xe382c0	0x0
2	0x2348fb0	0x234af48	0x0703	0x7	0x3	0xe39fd0	0x0
2	0x2348fb0	0x234af60	0x0504	0x5	0x4	0xe3a4d0	0x0
2	0x2348fb0	0x234af78	0x0505	0x5	0x5	0xe3a980	0x0
2	0x2348fb0	0x234af90	0x0606	0x6	0x6	0xe39100	0x0
2	0x2348fb0	0x234afa8	0x0507	0x5	0x7	0xe38c20	0x0
2	0x2348fb0	0x234afc0	0x0508	0x5	0x8	0xe39620	0x0
2	0x2348fb0	0x234afd8	0x0509	0x5	0x9	0xe39b00	0x0
2	0x2348fb0	0x234b000	0x0b00	0xb	0x0	0xe31410	0x0
2	0x2348fb0	0x234b018	0x0501	0x5	0x1	0xe30540	0x0
2	0x2348fb0	0x234b030	0x0b02	0xb	0x2	0xe2f650	0x0
2	0x2348fb0	0x234b048	0x0503	0x5	0x3	0xe2e7c0	0x0
2	0x2348fb0	0x234b060	0x0004	0x0	0x4	0xe35ba0	0x0
2	0x2348fb0	0x234b078	0x0505	0x5	0x5	0xe350f0	0x0
2	0x2348fb0	0x234b090	0x0006	0x0	0x6	0xe345f0	0x0
2	0x2348fb0	0x234b0a8	0x0507	0x5	0x7	0xe33b80	0x0
2	0x2348fb0	0x234b0c0	0x0008	0x0	0x8	0xe36110	0x0
2	0x2348fb0	0x234b0d8	0x0509	0x5	0x9	0xe35630	0x0
2	0x2348fb0	0x234b0f0	0x000a	0x0	0xa	0xe34b50	0x0
2	0x2348fb0	0x234b108	0x050b	0x5	0xb	0xe340a0	0x0
2	0x2348fb0	0x234b120	0x000c	0x0	0xc	0xe31910	0x0
2	0x2348fb0	0x234b138	0x050d	0x5	0xd	0xe30a00	0x0
2	0x2348fb0	0x234b150	0x000e	0x0	0xe	0xe2fb50	0x0
2	0x2348fb0	0x234b168	0x050f	0x5	0xf	0xe2ec60	0x0
2	0x2348fb0	0x234b180	0x0510	0x5	0x10	0xe336e0	0x0
2	0x2348fb0	0x234b198	0x0511	0x5	0x11	0xe31e50	0x0
2	0x2348fb0	0x234b1b0	0x0b12	0xb	0x12	0xe30f10	0x0
2	0x2348fb0	0x234b1c8	0x0513	0x5	0x13	0xe30080	0x0
2	0x2348fb0	0x234b1e0	0x0b14	0xb	0x14	0xe2f150	0x0
2	0x2348fb0	0x234b1f8	0x0515	0x5	0x15	0xe2e320	0x0
2	0x2348fb0	0x234b210	0x0b16	0xb	0x16	0xe331b0	0x0
2	0x2348fb0	0x234b228	0x0517	0x5	0x17	0xe32cc0	0x0
2	0x2348fb0	0x234b240	0x0b18	0xb	0x18	0xe32790	0x0
2	0x2348fb0	0x234b258	0x0519	0x5	0x19	0xe322c0	0x0
2	0x2348fb0	0x234b280	0x0500	0x5	0x0	0xe2d520	0x0
2	0x2348fb0	0x234b298	0x0501	0x5	0x1	0xe2de70	0x0
2	0x2348fb0	0x234b2b0	0x0502	0x5	0x2	0xe2d9e0	0x0
2	0x2348fb0	0x234b2e0	0x1900	0x19	0x0	0xe2ce80	0x0
2	0x2348fb0	0x234b2f8	0x1901	0x19	0x1	0xe2c7e0	0x0
2	0x2348fb0	0x234b310	0x1902	0x19	0x2	0xe2acc0	0x0
2	0x2348fb0	0x234b328	0x1903	0x19	0x3	0xe2a630	0x0
2	0x2348fb0	0x234b340	0x1904	0x19	0x4	0xe2b350	0x0
2	0x2348fb0	0x234b358	0x1905	0x19	0x5	0xe2ba20	0x0
2	0x2348fb0	0x234b370	0x1906	0x19	0x6	0xe2c0f0	0x0
2	0x2348fb0	0x234b388	0x1907	0x19	0x7	0xe28b10	0x0
2	0x2348fb0	0x234b3a0	0x1908	0x19	0x8	0xe28480	0x0
2	0x2348fb0	0x234b3b8	0x1909	0x19	0x9	0xe291a0	0x0
2	0x2348fb0	0x234b3d0	0x190a	0x19	0xa	0xe29870	0x0
2	0x2348fb0	0x234b3e8	0x190b	0x19	0xb	0xe29f40	0x0
2	0x2348fb0	0x234b400	0x0500	0x5	0x0	0xe27f80	0x0
2	0x2348fb0	0x234b418	0x1201	0x12	0x1	0xe269b0	0x0
2	0x2348fb0	0x234b430	0x1202	0x12	0x2	0xe27a00	0x0
2	0x2348fb0	0x234b448	0x1203	0x12	0x3	0xe26460	0x0
2	0x2348fb0	0x234b460	0x1204	0x12	0x4	0xe27480	0x0
2	0x2348fb0	0x234b478	0x1205	0x12	0x5	0xe26f00	0x0
2	0x2348fb0	0x234b4a0	0x0500	0x5	0x0	0xe25f30	0x0
2	0x2348fb0	0x234b4b8	0x1201	0x12	0x1	0xe248a0	0x0
2	0x2348fb0	0x234b4d0	0x1202	0x12	0x2	0xe25980	0x0
2	0x2348fb0	0x234b4e8	0x1203	0x12	0x3	0xe24320	0x0
2	0x2348fb0	0x234b500	0x1204	0x12	0x4	0xe253d0	0x0
2	0x2348fb0	0x234b518	0x1205	0x12	0x5	0xe24e20	0x0
2	0x2348fb0	0x234b540	0x0000	0x0	0x0	0xe23df0	0x0
2	0x2348fb0	0x234b558	0x0001	0x0	0x1	0xe238c0	0x0
2	0x2348fb0	0x234b580	0x0200	0x2	0x0	0x176ceb0	0x0
2	0x2348fb0	0x234b598	0x0301	0x3	0x1	0x176d420	0x0
2	0x2348fb0	0x234b5b0	0x0202	0x2	0x2	0x176dfd0	0x0
2	0x2348fb0	0x234b5c8	0x0303	0x3	0x3	0x176d9f0	0x0
2	0x2348fb0	0x234b5e0	0x0204	0x2	0x4	0x176e540	0x0
2	0x2348fb0	0x234b600	0x0200	0x2	0x0	0x1769230	0x0
2	0x2348fb0	0x234b618	0x0201	0x2	0x1	0x176a1c0	0x0
2	0x2348fb0	0x234b630	0x0302	0x3	0x2	0x1769740	0x0
2	0x2348fb0	0x234b648	0x0203	0x2	0x3	0x1769cb0	0x0
2	0x2348fb0	0x234b660	0x0204	0x2	0x4	0x1767820	0x0
2	0x2348fb0	0x234b678	0x0305	0x3	0x5	0x17687b0	0x0
2	0x2348fb0	0x234b690	0x0206	0x2	0x6	0x1768d20	0x0
2	0x2348fb0	0x234b6a8	0x0307	0x3	0x7	0x1767d30	0x0
2	0x2348fb0	0x234b6c0	0x0208	0x2	0x8	0x17682a0	0x0
2	0x2348fb0	0x234b6e0	0x0a00	0xa	0x0	0x17354b0	0x0
2	0x2348fb0	0x234b6f8	0x0a01	0xa	0x1	0x1736520	0x0
2	0x2348fb0	0x234b710	0x0302	0x3	0x2	0x1735f90	0x0
2	0x2348fb0	0x234b728	0x0303	0x3	0x3	0x1737100	0x0
2	0x2348fb0	0x234b740	0x0a04	0xa	0x4	0x1735a20	0x0
2	0x2348fb0	0x234b758	0x0a05	0xa	0x5	0x1736b10	0x0
2	0x2348fb0	0x234b780	0x0300	0x3	0x0	0x17557b0	0x0
2	0x2348fb0	0x234b798	0x0a01	0xa	0x1	0x1755dd0	0x0
2	0x2348fb0	0x234b7b0	0x0a02	0xa	0x2	0x17551d0	0x0
2	0x2348fb0	0x234b7c8	0x0303	0x3	0x3	0x1752e50	0x0
2	0x2348fb0	0x234b7e0	0x0304	0x3	0x4	0x1753a10	0x0
2	0x2348fb0	0x234b7f8	0x0a05	0xa	0x5	0x17528a0	0x0
2	0x2348fb0	0x234b810	0x0a06	0xa	0x6	0x1754010	0x0
2	0x2348fb0	0x234b828	0x0a07	0xa	0x7	0x1753460	0x0
2	0x2348fb0	0x234b840	0x0308	0x3	0x8	0x1756990	0x0
2	0x2348fb0	0x234b858	0x0a09	0xa	0x9	0x17563b0	0x0
2	0x2348fb0	0x234b870	0x030a	0x3	0xa	0x17575a0	0x0
2	0x2348fb0	0x234b888	0x0a0b	0xa	0xb	0x1757bd0	0x0
2	0x2348fb0	0x234b8a0	0x0a0c	0xa	0xc	0x1756fc0	0x0
2	0x2348fb0	0x234b8b8	0x030d	0x3	0xd	0x1754ba0	0x0
2	0x2348fb0	0x234b8d0	0x0a0e	0xa	0xe	0x17545c0	0x0
2	0x2348fb0	0x234b900	0x0300	0x3	0x0	0xd86b60	0x0
2	0x2348fb0	0x234b918	0x0a01	0xa	0x1	0xd864d0	0x0
2	0x2348fb0	0x234b930	0x0a02	0xa	0x2	0xd871c0	0x0
2	0x2348fb0	0x234b948	0x0d03	0xd	0x3	0xd87f20	0x0
2	0x2348fb0	0x234b960	0x1304	0x13	0x4	0xd87850	0x0
2	0x2348fb0	0x234b978	0x1305	0x13	0x5	0xd88630	0x0
2	0x2348fb0	0x234b990	0x021c	0x2	0x1c	0xd88d00	0x0
2	0x2348fb0	0x234b9a8	0x031d	0x3	0x1d	0xd89210	0x0
2	0x2348fb0	0x234b9c0	0x021e	0x2	0x1e	0xd89780	0x0
2	0x2348fb0	0x234b9e0	0x0500	0x5	0x0	0xe09ff0	0x0
2	0x2348fb0	0x234ba00	0x0500	0x5	0x0	0xdf11f0	0x0
2	0x2348fb0	0x234ba18	0x1e01	0x1e	0x1	0xdf1660	0x0
2	0x2348fb0	0x234ba40	0x0500	0x5	0x0	0xd0bfb0	0x0
2	0x2348fb0	0x234ba58	0x0303	0x3	0x3	0xd0ca50	0x0
2	0x2348fb0	0x234ba70	0x0304	0x3	0x4	0xd0c4a0	0x0
2	0x2348fb0	0x234baa0	0x0a00	0xa	0x0	0x1776320	0x0
2	0x2348fb0	0x234bab8	0x1301	0x13	0x1	0x17768d0	0x0
2	0x2348fb0	0x234bad0	0x0502	0x5	0x2	0x1776ea0	0x0
2	0x2348fb0	0x234bae8	0x0503	0x5	0x3	0x1777430	0x0
2	0x2348fb0	0x234bb00	0x0504	0x5	0x4	0x1774360	0x0
2	0x2348fb0	0x234bb18	0x2205	0x22	0x5	0x1775300	0x0
2	0x2348fb0	0x234bb30	0x0506	0x5	0x6	0x17748c0	0x0
2	0x2348fb0	0x234bb48	0x0507	0x5	0x7	0x1775880	0x0
2	0x2348fb0	0x234bb60	0x0508	0x5	0x8	0x1774de0	0x0
2	0x2348fb0	0x234bb78	0x0509	0x5	0x9	0x1775dd0	0x0
2	0x2348fb0	0x234bb90	0x0a0a	0xa	0xa	0x1782cd0	0x0
2	0x2348fb0	0x234bba8	0x0a0b	0xa	0xb	0x1782630	0x0
2	0x2348fb0	0x234bbc0	0x0a0c	0xa	0xc	0x1783a10	0x0
2	0x2348fb0	0x234bbd8	0x0a0d	0xa	0xd	0x1783370	0x0
2	0x2348fb0	0x234bbf0	0x0a0e	0xa	0xe	0x177dc00	0x0
2	0x2348fb0	0x234bc08	0x0a0f	0xa	0xf	0x177d560	0x0
2	0x2348fb0	0x234bc20	0x0a10	0xa	0x10	0x177e940	0x0
2	0x2348fb0	0x234bc38	0x0a11	0xa	0x11	0x177e2a0	0x0
2	0x2348fb0	0x234bc50	0x1312	0x13	0x12	0x1c068a0	0x0
2	0x2348fb0	0x234bc68	0x1313	0x13	0x13	0x1c061f0	0x0
2	0x2348fb0	0x234bc80	0x1314	0x13	0x14	0x1c07600	0x0
2	0x2348fb0	0x234bc98	0x1315	0x13	0x15	0x1c06f50	0x0
2	0x2348fb0	0x234bcb0	0x2216	0x22	0x16	0x1778580	0x0
2	0x2348fb0	0x234bcc8	0x2217	0x22	0x17	0x17779f0	0x0
2	0x2348fb0	0x234bce0	0x0518	0x5	0x18	0x1778b60	0x0
2	0x2348fb0	0x234bcf8	0x0519	0x5	0x19	0x1777fa0	0x0
2	0x2348fb0	0x234bd10	0x191a	0x19	0x1a	0x1779160	0x0
2	0x2348fb0	0x234bd28	0x191b	0x19	0x1b	0x1779750	0x0
2	0x2348fb0	0x234bd40	0x131c	0x13	0x1c	0x177ab60	0x0
2	0x2348fb0	0x234bd58	0x131d	0x13	0x1d	0x177a3f0	0x0
2	0x2348fb0	0x234bd70	0x0a1e	0xa	0x1e	0x177b2f0	0x0
2	0x2348fb0	0x234bd88	0x0a1f	0xa	0x1f	0x1779d40	0x0
2	0x2348fb0	0x234bda0	0x1320	0x13	0x20	0x17811d0	0x0
2	0x2348fb0	0x234bdb8	0x1321	0x13	0x21	0x1780aa0	0x0
2	0x2348fb0	0x234bdd0	0x0a22	0xa	0x22	0x1781f90	0x0
2	0x2348fb0	0x234bde8	0x0a23	0xa	0x23	0x1781920	0x0
2	0x2348fb0	0x234be00	0x1325	0x13	0x25	0x177c100	0x0
2	0x2348fb0	0x234be18	0x1326	0x13	0x26	0x177b9d0	0x0
2	0x2348fb0	0x234be30	0x0a27	0xa	0x27	0x177cec0	0x0
2	0x2348fb0	0x234be48	0x0a28	0xa	0x28	0x177c850	0x0
2	0x2348fb0	0x234be60	0x0329	0x3	0x29	0x1772b70	0x0
2	0x2348fb0	0x234be78	0x212a	0x21	0x2a	0x1773120	0x0
2	0x2348fb0	0x234be90	0x212b	0x21	0x2b	0x16dfde0	0x0
2	0x2348fb0	0x234bea8	0x192c	0x19	0x2c	0x16df770	0x0
2	0x2348fb0	0x234bec0	0x062d	0x6	0x2d	0x17840b0	0x0
2	0x2348fb0	0x234bed8	0x062e	0x6	0x2e	0x1784640	0x0
2	0x2348fb0	0x234bef0	0x032f	0x3	0x2f	0x1773770	0x0
2	0x2348fb0	0x234bf08	0x2130	0x21	0x30	0x1773d20	0x0
2	0x2348fb0	0x234bf20	0x0531	0x5	0x31	0x1771e20	0x0
2	0x2348fb0	0x234bf38	0x0532	0x5	0x32	0x1772290	0x0
2	0x2348fb0	0x234bf50	0x0533	0x5	0x33	0x1772700	0x0
2	0x2348fb0	0x234bf80	0x0500	0x5	0x0	0xd22060	0x0
2	0x2348fb0	0x234bf98	0x0501	0x5	0x1	0xd21bf0	0x0
2	0x2348fb0	0x234bfc0	0x0a00	0xa	0x0	0xe0a930	0x0
2	0x2348fb0	0x234bfd8	0x0301	0x3	0x1	0xe0b3e0	0x0
2	0x2348fb0	0x234bff0	0x0a02	0xa	0x2	0xe0bea0	0x0
2	0x2348fb0	0x234c008	0x0303	0x3	0x3	0xe0ae60	0x0
2	0x2348fb0	0x234c020	0x0a04	0xa	0x4	0xe0b970	0x0
2	0x2348fb0	0x234c040	0x0300	0x3	0x0	0x1771230	0x0
2	0x2348fb0	0x234c058	0x0301	0x3	0x1	0x1771810	0x0
2	0x2348fb0	0x234c070	0x0302	0x3	0x2	0xe01f30	0x0
2	0x2348fb0	0x234c088	0x0303	0x3	0x3	0xe02510	0x0
2	0x2348fb0	0x234c0a0	0x0500	0x5	0x0	0xdcb560	0x0
2	0x2348fb0	0x234c0b8	0x0201	0x2	0x1	0xdcba70	0x0
2	0x2348fb0	0x234c0d0	0x0502	0x5	0x2	0xdca620	0x0
2	0x2348fb0	0x234c0e8	0x0203	0x2	0x3	0xdcb030	0x0
2	0x2348fb0	0x234c100	0x0504	0x5	0x4	0xdcab10	0x0
2	0x2348fb0	0x234c120	0x1900	0x19	0x0	0xd9ba90	0x0
2	0x2348fb0	0x234c138	0x1901	0x19	0x1	0xd9b440	0x0
2	0x2348fb0	0x234c150	0x1902	0x19	0x2	0xd9adf0	0x0
2	0x2348fb0	0x234c168	0x1903	0x19	0x3	0xd9a7a0	0x0
2	0x2348fb0	0x234c180	0x1904	0x19	0x4	0x17671d0	0x0
2	0x2348fb0	0x234c198	0x1905	0x19	0x5	0x1766b80	0x0
2	0x2348fb0	0x234c1b0	0x1906	0x19	0x6	0xd9a150	0x0
2	0x2348fb0	0x234c1c8	0x1907	0x19	0x7	0xd99b00	0x0
2	0x2348fb0	0x234c1e0	0x1908	0x19	0x8	0xd994b0	0x0
2	0x2348fb0	0x234c1f8	0x1909	0x19	0x9	0xd98e60	0x0
2	0x2348fb0	0x234c210	0x190a	0x19	0xa	0x1766530	0x0
2	0x2348fb0	0x234c228	0x190b	0x19	0xb	0x1765ee0	0x0
2	0x2348fb0	0x234c240	0x190c	0x19	0xc	0xd9e610	0x0
2	0x2348fb0	0x234c258	0x190d	0x19	0xd	0xd9f270	0x0
2	0x2348fb0	0x234c270	0x190e	0x19	0xe	0xd9ec30	0x0
2	0x2348fb0	0x234c288	0x190f	0x19	0xf	0xd9c0d0	0x0
2	0x2348fb0	0x234c2a0	0x1910	0x19	0x10	0xd9cd30	0x0
2	0x2348fb0	0x234c2b8	0x1911	0x19	0x11	0xd9c6f0	0x0
2	0x2348fb0	0x234c2d0	0x1912	0x19	0x12	0xd9f8b0	0x0
2	0x2348fb0	0x234c2e8	0x1913	0x19	0x13	0xda0510	0x0
2	0x2348fb0	0x234c300	0x1914	0x19	0x14	0xd9fed0	0x0
2	0x2348fb0	0x234c318	0x1915	0x19	0x15	0xd9d370	0x0
2	0x2348fb0	0x234c330	0x1916	0x19	0x16	0xd9dfd0	0x0
2	0x2348fb0	0x234c348	0x1917	0x19	0x17	0xd9d990	0x0
2	0x2348fb0	0x234c360	0x1918	0x19	0x18	0xda1d90	0x0
2	0x2348fb0	0x234c378	0x1919	0x19	0x19	0xda29b0	0x0
2	0x2348fb0	0x234c390	0x191a	0x19	0x1a	0xda2390	0x0
2	0x2348fb0	0x234c3a8	0x191b	0x19	0x1b	0xda0b50	0x0
2	0x2348fb0	0x234c3c0	0x191c	0x19	0x1c	0xda1770	0x0
2	0x2348fb0	0x234c3d8	0x191d	0x19	0x1d	0xda1150	0x0
2	0x2348fb0	0x234c400	0x0500	0x5	0x0	0xc6a200	0x0
2	0x2348fb0	0x234c418	0x0501	0x5	0x1	0xc6a6c0	0x0
2	0x2348fb0	0x234c430	0x0500	0x5	0x0	0xd90f90	0x0
2	0x2348fb0	0x234c460	0x0300	0x3	0x0	0xd32c30	0x0
2	0x2348fb0	0x234c478	0x0301	0x3	0x1	0xd33200	0x0
2	0x2348fb0	0x234c4a0	0x1300	0x13	0x0	0xd8a470	0x0
2	0x2348fb0	0x234c4b8	0x1302	0x13	0x2	0xd89c90	0x0
2	0x2348fb0	0x234c4d0	0x1304	0x13	0x4	0xd8b2e0	0x0
2	0x2348fb0	0x234c4e8	0x1306	0x13	0x6	0xd8ab60	0x0
2	0x2348fb0	0x234c500	0x1308	0x13	0x8	0xd8b9a0	0x0
2	0x2348fb0	0x234c520	0x0500	0x5	0x0	0xcc1280	0x0
2	0x2348fb0	0x234c538	0x0501	0x5	0x1	0xcc0de0	0x0
2	0x2348fb0	0x234c560	0x0500	0x5	0x0	0x1739ef0	0x0
2	0x2348fb0	0x234c578	0x0501	0x5	0x1	0x1739a50	0x0
2	0x2348fb0	0x234c590	0x0502	0x5	0x2	0x173a390	0x0
2	0x2348fb0	0x234c5a8	0x0503	0x5	0x3	0x173ad30	0x0
2	0x2348fb0	0x234c5c0	0x2204	0x22	0x4	0x173b200	0x0
2	0x2348fb0	0x234c5d8	0x2205	0x22	0x5	0x173b780	0x0
2	0x2348fb0	0x234c5f0	0x0506	0x5	0x6	0x173a860	0x0
2	0x2348fb0	0x234c620	0x0b00	0xb	0x0	0xe059e0	0x0
2	0x2348fb0	0x234c638	0x0501	0x5	0x1	0xe05f00	0x0
2	0x2348fb0	0x234c650	0x0502	0x5	0x2	0xe06470	0x0
2	0x2348fb0	0x234c668	0x0603	0x6	0x3	0xe04a40	0x0
2	0x2348fb0	0x234c680	0x0504	0x5	0x4	0xe04f60	0x0
2	0x2348fb0	0x234c698	0x0505	0x5	0x5	0xe054a0	0x0
2	0x2348fb0	0x234c6c0	0x0b00	0xb	0x0	0xdf2b00	0x0
2	0x2348fb0	0x234c6d8	0x0501	0x5	0x1	0xdf3020	0x0
2	0x2348fb0	0x234c6f0	0x0502	0x5	0x2	0xdf3590	0x0
2	0x2348fb0	0x234c708	0x0603	0x6	0x3	0xdf1b60	0x0
2	0x2348fb0	0x234c720	0x0504	0x5	0x4	0xdf2080	0x0
2	0x2348fb0	0x234c738	0x0505	0x5	0x5	0xdf25c0	0x0
2	0x2348fb0	0x234c760	0x0b00	0xb	0x0	0xcc2be0	0x0
2	0x2348fb0	0x234c778	0x0501	0x5	0x1	0xcc3130	0x0
2	0x2348fb0	0x234c790	0x0502	0x5	0x2	0xcc36d0	0x0
2	0x2348fb0	0x234c7a8	0x0603	0x6	0x3	0xcc1bb0	0x0
2	0x2348fb0	0x234c7c0	0x0504	0x5	0x4	0xcc2100	0x0
2	0x2348fb0	0x234c7d8	0x0505	0x5	0x5	0xcc2670	0x0
2	0x2348fb0	0x234c800	0x0b00	0xb	0x0	0xded500	0x0
2	0x2348fb0	0x234c818	0x0501	0x5	0x1	0xdeda50	0x0
2	0x2348fb0	0x234c830	0x0502	0x5	0x2	0xdedff0	0x0
2	0x2348fb0	0x234c848	0x0603	0x6	0x3	0xdec4d0	0x0
2	0x2348fb0	0x234c860	0x0504	0x5	0x4	0xdeca20	0x0
2	0x2348fb0	0x234c878	0x0505	0x5	0x5	0xdecf90	0x0
2	0x2348fb0	0x234c8a0	0x0b00	0xb	0x0	0xd41b80	0x0
2	0x2348fb0	0x234c8b8	0x0501	0x5	0x1	0xd420a0	0x0
2	0x2348fb0	0x234c8d0	0x0502	0x5	0x2	0xd42610	0x0
2	0x2348fb0	0x234c8e8	0x0603	0x6	0x3	0xd40be0	0x0
2	0x2348fb0	0x234c900	0x0504	0x5	0x4	0xd41100	0x0
2	0x2348fb0	0x234c918	0x0505	0x5	0x5	0xd41640	0x0
2	0x2348fb0	0x234c940	0x0b00	0xb	0x0	0xd0df80	0x0
2	0x2348fb0	0x234c958	0x0501	0x5	0x1	0xd0e4a0	0x0
2	0x2348fb0	0x234c970	0x0502	0x5	0x2	0xd0ea10	0x0
2	0x2348fb0	0x234c988	0x0603	0x6	0x3	0xd0cfe0	0x0
2	0x2348fb0	0x234c9a0	0x0504	0x5	0x4	0xd0d500	0x0
2	0x2348fb0	0x234c9b8	0x0505	0x5	0x5	0xd0da40	0x0
2	0x2348fb0	0x234c9d0	0x0d06	0xd	0x6	0x1c05c40	0x0
2	0x2348fb0	0x234c9e8	0x0507	0x5	0x7	0x1c051c0	0x0
2	0x2348fb0	0x234ca00	0x0508	0x5	0x8	0x1c05700	0x0
2	0x2348fb0	0x234ca20	0x0b00	0xb	0x0	0xdc7c70	0x0
2	0x2348fb0	0x234ca38	0x0501	0x5	0x1	0xdc8190	0x0
2	0x2348fb0	0x234ca50	0x0502	0x5	0x2	0xdc8700	0x0
2	0x2348fb0	0x234ca68	0x0603	0x6	0x3	0xdc5d20	0x0
2	0x2348fb0	0x234ca80	0x0504	0x5	0x4	0xdc6770	0x0
2	0x2348fb0	0x234ca98	0x0505	0x5	0x5	0xdc71f0	0x0
2	0x2348fb0	0x234cab0	0x0706	0x7	0x6	0xdc6240	0x0
2	0x2348fb0	0x234cac8	0x0507	0x5	0x7	0xdc6cb0	0x0
2	0x2348fb0	0x234cae0	0x0508	0x5	0x8	0xdc7730	0x0
2	0x2348fb0	0x234cb00	0x0b00	0xb	0x0	0xdb8490	0x0
2	0x2348fb0	0x234cb18	0x0501	0x5	0x1	0xdb89b0	0x0
2	0x2348fb0	0x234cb30	0x0502	0x5	0x2	0xdb8f20	0x0
2	0x2348fb0	0x234cb48	0x0603	0x6	0x3	0xdb6540	0x0
2	0x2348fb0	0x234cb60	0x0504	0x5	0x4	0xdb6f90	0x0
2	0x2348fb0	0x234cb78	0x0505	0x5	0x5	0xdb7a10	0x0
2	0x2348fb0	0x234cb90	0x0706	0x7	0x6	0xdb6a60	0x0
2	0x2348fb0	0x234cba8	0x0507	0x5	0x7	0xdb74d0	0x0
2	0x2348fb0	0x234cbc0	0x0508	0x5	0x8	0xdb7f50	0x0
2	0x2348fb0	0x234cbe0	0x0300	0x3	0x0	0xc92210	0x0
2	0x2348fb0	0x234cbf8	0x0301	0x3	0x1	0xc8cdd0	0x0
2	0x2348fb0	0x234cc10	0x0302	0x3	0x2	0xc8d3d0	0x0
2	0x2348fb0	0x234cc28	0x0303	0x3	0x3	0xc92800	0x0
2	0x2348fb0	0x234cc40	0x0304	0x3	0x4	0xc8da00	0x0
2	0x2348fb0	0x234cc58	0x1905	0x19	0x5	0xc8e030	0x0
2	0x2348fb0	0x234cc70	0x0306	0x3	0x6	0xc90a40	0x0
2	0x2348fb0	0x234cc88	0x0307	0x3	0x7	0xc91610	0x0
2	0x2348fb0	0x234cca0	0x0308	0x3	0x8	0xc91020	0x0
2	0x2348fb0	0x234ccb8	0x1909	0x19	0x9	0xc91c00	0x0
2	0x2348fb0	0x234ccd0	0x030a	0x3	0xa	0xc8a320	0x0
2	0x2348fb0	0x234cce8	0x030b	0x3	0xb	0xc8bb80	0x0
2	0x2348fb0	0x234cd00	0x030c	0x3	0xc	0xc8af40	0x0
2	0x2348fb0	0x234cd18	0x190d	0x19	0xd	0xc8a900	0x0
2	0x2348fb0	0x234cd30	0x190e	0x19	0xe	0xc8c170	0x0
2	0x2348fb0	0x234cd48	0x190f	0x19	0xf	0xc8b530	0x0
2	0x2348fb0	0x234cd60	0x1910	0x19	0x10	0xc8c7c0	0x0
2	0x2348fb0	0x234cd78	0x1911	0x19	0x11	0xc9c380	0x0
2	0x2348fb0	0x234cd90	0x1912	0x19	0x12	0xc985b0	0x0
2	0x2348fb0	0x234cda8	0x1913	0x19	0x13	0xc98c00	0x0
2	0x2348fb0	0x234cdc0	0x1914	0x19	0x14	0xc9ab00	0x0
2	0x2348fb0	0x234cdd8	0x1915	0x19	0x15	0xc9b720	0x0
2	0x2348fb0	0x234cdf0	0x1916	0x19	0x16	0xc9b100	0x0
2	0x2348fb0	0x234ce08	0x1917	0x19	0x17	0xc9bd40	0x0
2	0x2348fb0	0x234ce20	0x1918	0x19	0x18	0xc959f0	0x0
2	0x2348fb0	0x234ce38	0x1919	0x19	0x19	0xc972e0	0x0
2	0x2348fb0	0x234ce50	0x191a	0x19	0x1a	0xc96650	0x0
2	0x2348fb0	0x234ce68	0x191b	0x19	0x1b	0xc95ff0	0x0
2	0x2348fb0	0x234ce80	0x191c	0x19	0x1c	0xc97900	0x0
2	0x2348fb0	0x234ce98	0x191d	0x19	0x1d	0xc96c70	0x0
2	0x2348fb0	0x234ceb0	0x191e	0x19	0x1e	0xc97f70	0x0
2	0x2348fb0	0x234cec8	0x191f	0x19	0x1f	0xc99280	0x0
2	0x2348fb0	0x234cee0	0x1920	0x19	0x20	0xc99ea0	0x0
2	0x2348fb0	0x234cef8	0x1921	0x19	0x21	0xc99880	0x0
2	0x2348fb0	0x234cf10	0x1922	0x19	0x22	0xc9a4c0	0x0
2	0x2348fb0	0x234cf28	0x1923	0x19	0x23	0xc92e30	0x0
2	0x2348fb0	0x234cf40	0x1924	0x19	0x24	0xc94720	0x0
2	0x2348fb0	0x234cf58	0x1925	0x19	0x25	0xc93a90	0x0
2	0x2348fb0	0x234cf70	0x1926	0x19	0x26	0xc93430	0x0
2	0x2348fb0	0x234cf88	0x1927	0x19	0x27	0xc94d40	0x0
2	0x2348fb0	0x234cfa0	0x1928	0x19	0x28	0xc940b0	0x0
2	0x2348fb0	0x234cfb8	0x1929	0x19	0x29	0xc953b0	0x0
2	0x2348fb0	0x234cfd0	0x032a	0x3	0x2a	0xc8e6b0	0x0
2	0x2348fb0	0x234cfe8	0x032b	0x3	0x2b	0xc8f280	0x0
2	0x2348fb0	0x234d000	0x032c	0x3	0x2c	0xc8ec90	0x0
2	0x2348fb0	0x234d018	0x192d	0x19	0x2d	0xc8f870	0x0
2	0x2348fb0	0x234d030	0x032e	0x3	0x2e	0xc86030	0x0
2	0x2348fb0	0x234d048	0x032f	0x3	0x2f	0xc86c00	0x0
2	0x2348fb0	0x234d060	0x0330	0x3	0x30	0xc86610	0x0
2	0x2348fb0	0x234d078	0x1931	0x19	0x31	0xc87db0	0x0
2	0x2348fb0	0x234d090	0x1932	0x19	0x32	0xc88a40	0x0
2	0x2348fb0	0x234d0a8	0x1933	0x19	0x33	0xc883f0	0x0
2	0x2348fb0	0x234d0c0	0x1934	0x19	0x34	0xc89d10	0x0
2	0x2348fb0	0x234d0d8	0x0335	0x3	0x35	0xc90460	0x0
2	0x2348fb0	0x234d0f0	0x0336	0x3	0x36	0xc8fe80	0x0
2	0x2348fb0	0x234d108	0x0337	0x3	0x37	0xc877d0	0x0
2	0x2348fb0	0x234d120	0x0338	0x3	0x38	0xc871f0	0x0
2	0x2348fb0	0x234d138	0x1939	0x19	0x39	0xc896d0	0x0
2	0x2348fb0	0x234d150	0x193a	0x19	0x3a	0xc89090	0x0
2	0x2348fb0	0x234d168	0x193b	0x19	0x3b	0xc9e120	0x0
2	0x2348fb0	0x234d180	0x033c	0x3	0x3c	0xc9cf80	0x0
2	0x2348fb0	0x234d198	0x193d	0x19	0x3d	0x1737d00	0x0
2	0x2348fb0	0x234d1b0	0x193e	0x19	0x3e	0xc9e750	0x0
2	0x2348fb0	0x234d1c8	0x033f	0x3	0x3f	0x1737710	0x0
2	0x2348fb0	0x234d1e0	0x0340	0x3	0x40	0xc9d540	0x0
2	0x2348fb0	0x234d1f8	0x1941	0x19	0x41	0xc9db30	0x0
2	0x2348fb0	0x234d210	0x1942	0x19	0x42	0xc9f960	0x0
2	0x2348fb0	0x234d228	0x0343	0x3	0x43	0xc9c9d0	0x0
2	0x2348fb0	0x234d240	0x0344	0x3	0x44	0xc9edb0	0x0
2	0x2348fb0	0x234d258	0x1945	0x19	0x45	0xc9ff90	0x0
2	0x2348fb0	0x234d270	0x0346	0x3	0x46	0xc9f390	0x0
2	0x2348fb0	0x234d2a0	0x1900	0x19	0x0	0x176b090	0x0
2	0x2348fb0	0x234d2b8	0x1901	0x19	0x1	0x176b700	0x0
2	0x2348fb0	0x234d2d0	0x1902	0x19	0x2	0xdb9ac0	0x0
2	0x2348fb0	0x234d2e8	0x1903	0x19	0x3	0xdb9490	0x0
2	0x2348fb0	0x234d300	0x1904	0x19	0x4	0xdbd210	0x0
2	0x2348fb0	0x234d318	0x1905	0x19	0x5	0xdbea50	0x0
2	0x2348fb0	0x234d330	0x1906	0x19	0x6	0xdbde20	0x0
2	0x2348fb0	0x234d348	0x1907	0x19	0x7	0xdbf090	0x0
2	0x2348fb0	0x234d360	0x1908	0x19	0x8	0xdc20d0	0x0
2	0x2348fb0	0x234d378	0x1909	0x19	0x9	0xdc0f30	0x0
2	0x2348fb0	0x234d390	0x190a	0x19	0xa	0xdc1ae0	0x0
2	0x2348fb0	0x234d3a8	0x190b	0x19	0xb	0xdc14f0	0x0
2	0x2348fb0	0x234d3c0	0x190c	0x19	0xc	0xdbcc50	0x0
2	0x2348fb0	0x234d3d8	0x190d	0x19	0xd	0xdbe460	0x0
2	0x2348fb0	0x234d3f0	0x190e	0x19	0xe	0xdbd830	0x0
2	0x2348fb0	0x234d408	0x190f	0x19	0xf	0xdbb360	0x0
2	0x2348fb0	0x234d420	0x1910	0x19	0x10	0xdbbfc0	0x0
2	0x2348fb0	0x234d438	0x1911	0x19	0x11	0xdbb980	0x0
2	0x2348fb0	0x234d450	0x1912	0x19	0x12	0xdbc600	0x0
2	0x2348fb0	0x234d468	0x1913	0x19	0x13	0xdc08e0	0x0
2	0x2348fb0	0x234d480	0x1914	0x19	0x14	0xdbf6a0	0x0
2	0x2348fb0	0x234d498	0x1915	0x19	0x15	0xdc02c0	0x0
2	0x2348fb0	0x234d4b0	0x1916	0x19	0x16	0xdbfca0	0x0
2	0x2348fb0	0x234d4c8	0x1917	0x19	0x17	0xdba120	0x0
2	0x2348fb0	0x234d4e0	0x1918	0x19	0x18	0xdbad40	0x0
2	0x2348fb0	0x234d4f8	0x1919	0x19	0x19	0xdba720	0x0
2	0x2348fb0	0x234d520	0x0500	0x5	0x0	0xe0c3d0	0x0
2	0x2348fb0	0x234d538	0x0501	0x5	0x1	0xe0c8f0	0x0
2	0x2348fb0	0x234d550	0x0306	0x3	0x6	0xe0d3f0	0x0
2	0x2348fb0	0x234d568	0x0307	0x3	0x7	0xe0ce10	0x0
2	0x2348fb0	0x234d580	0x0a00	0xa	0x0	0xde41b0	0x0
2	0x2348fb0	0x234d598	0x1201	0x12	0x1	0xde4c40	0x0
2	0x2348fb0	0x234d5b0	0x0a02	0xa	0x2	0xde46e0	0x0
2	0x2348fb0	0x234d5c8	0x1203	0x12	0x3	0xde51d0	0x0
2	0x2348fb0	0x234d5e0	0x030c	0x3	0xc	0xde5d70	0x0
2	0x2348fb0	0x234d5f8	0x030d	0x3	0xd	0xde5770	0x0
2	0x2348fb0	0x234d610	0x160e	0x16	0xe	0xde7560	0x0
2	0x2348fb0	0x234d628	0x160f	0x16	0xf	0xde6f20	0x0
2	0x2348fb0	0x234d640	0x0310	0x3	0x10	0xde6930	0x0
2	0x2348fb0	0x234d658	0x0311	0x3	0x11	0xde6340	0x0
2	0x2348fb0	0x234d670	0x1612	0x16	0x12	0xde8200	0x0
2	0x2348fb0	0x234d688	0x1613	0x16	0x13	0xde7b90	0x0
2	0x2348fb0	0x234d6a0	0x0500	0x5	0x0	0xd601b0	0x0
2	0x2348fb0	0x234d6b8	0x0303	0x3	0x3	0xd61830	0x0
2	0x2348fb0	0x234d6d0	0x0304	0x3	0x4	0xd61240	0x0
2	0x2348fb0	0x234d6e8	0x0505	0x5	0x5	0xd5fcb0	0x0
2	0x2348fb0	0x234d700	0x0308	0x3	0x8	0xd60c90	0x0
2	0x2348fb0	0x234d718	0x0309	0x3	0x9	0xd606c0	0x0
2	0x2348fb0	0x234d740	0x0500	0x5	0x0	0xd11850	0x0
2	0x2348fb0	0x234d758	0x0501	0x5	0x1	0xd14990	0x0
2	0x2348fb0	0x234d770	0x0502	0x5	0x2	0xd10a10	0x0
2	0x2348fb0	0x234d788	0x0503	0x5	0x3	0xd10540	0x0
2	0x2348fb0	0x234d7a0	0x0504	0x5	0x4	0xd10eb0	0x0
2	0x2348fb0	0x234d7b8	0x0505	0x5	0x5	0xd11380	0x0
2	0x2348fb0	0x234d7d0	0x0506	0x5	0x6	0xd14020	0x0
2	0x2348fb0	0x234d7e8	0x0507	0x5	0x7	0xd11cf0	0x0
2	0x2348fb0	0x234d800	0x0508	0x5	0x8	0xd144f0	0x0
2	0x2348fb0	0x234d818	0x0509	0x5	0x9	0xd13620	0x0
2	0x2348fb0	0x234d830	0x0b0a	0xb	0xa	0xd12690	0x0
2	0x2348fb0	0x234d848	0x050b	0x5	0xb	0xd12190	0x0
2	0x2348fb0	0x234d860	0x050c	0x5	0xc	0xd13150	0x0
2	0x2348fb0	0x234d878	0x050d	0x5	0xd	0xd13af0	0x0
2	0x2348fb0	0x234d890	0x050e	0x5	0xe	0xd12c20	0x0
2	0x2348fb0	0x234d8b0	0x0300	0x3	0x0	0x1761ed0	0x0
2	0x2348fb0	0x234d8e0	0x0500	0x5	0x0	0xcaf0a0	0x0
2	0x2348fb0	0x234d8f8	0x1e02	0x1e	0x2	0xcaf5a0	0x0
2	0x2348fb0	0x234d910	0x0503	0x5	0x3	0xcafb30	0x0
2	0x2348fb0	0x234d928	0x1e05	0x1e	0x5	0xcb0030	0x0
2	0x2348fb0	0x234d940	0x0506	0x5	0x6	0xca2990	0x0
2	0x2348fb0	0x234d958	0x0b07	0xb	0x7	0xca19c0	0x0
2	0x2348fb0	0x234d970	0x0508	0x5	0x8	0xca1f10	0x0
2	0x2348fb0	0x234d988	0x0b09	0xb	0x9	0xca2430	0x0
2	0x2348fb0	0x234d9a0	0x030e	0x3	0xe	0xca3410	0x0
2	0x2348fb0	0x234d9b8	0x160f	0x16	0xf	0xca3fa0	0x0
2	0x2348fb0	0x234d9d0	0x0310	0x3	0x10	0xca4b50	0x0
2	0x2348fb0	0x234d9e8	0x1611	0x16	0x11	0xca5700	0x0
2	0x2348fb0	0x234da00	0x0212	0x2	0x12	0xca6f50	0x0
2	0x2348fb0	0x234da18	0x1213	0x12	0x13	0xca8820	0x0
2	0x2348fb0	0x234da30	0x0214	0x2	0x14	0xcaa090	0x0
2	0x2348fb0	0x234da48	0x1215	0x12	0x15	0xcab9d0	0x0
2	0x2348fb0	0x234da60	0x031a	0x3	0x1a	0xca6360	0x0
2	0x2348fb0	0x234da78	0x161b	0x16	0x1b	0xca7b80	0x0
2	0x2348fb0	0x234da90	0x031c	0x3	0x1c	0xca9480	0x0
2	0x2348fb0	0x234daa8	0x161d	0x16	0x1d	0xcaad00	0x0
2	0x2348fb0	0x234dac0	0x021e	0x2	0x1e	0xca69a0	0x0
2	0x2348fb0	0x234dad8	0x121f	0x12	0x1f	0xca8220	0x0
2	0x2348fb0	0x234daf0	0x0220	0x2	0x20	0xca9ae0	0x0
2	0x2348fb0	0x234db08	0x1221	0x12	0x21	0xcab3b0	0x0
2	0x2348fb0	0x234db20	0x0326	0x3	0x26	0xca5d10	0x0
2	0x2348fb0	0x234db38	0x1627	0x16	0x27	0xca74e0	0x0
2	0x2348fb0	0x234db50	0x0328	0x3	0x28	0xca8e20	0x0
2	0x2348fb0	0x234db68	0x1629	0x16	0x29	0xcaa640	0x0
2	0x2348fb0	0x234db80	0x052a	0x5	0x2a	0xca14f0	0x0
2	0x2348fb0	0x234db98	0x0b2b	0xb	0x2b	0xca05b0	0x0
2	0x2348fb0	0x234dbb0	0x052c	0x5	0x2c	0xca0ad0	0x0
2	0x2348fb0	0x234dbc8	0x0b2d	0xb	0x2d	0xca0fc0	0x0
2	0x2348fb0	0x234dbe0	0x0332	0x3	0x32	0xca2e90	0x0
2	0x2348fb0	0x234dbf8	0x1633	0x16	0x33	0xca39c0	0x0
2	0x2348fb0	0x234dc10	0x0334	0x3	0x34	0xca45b0	0x0
2	0x2348fb0	0x234dc28	0x1635	0x16	0x35	0xca5120	0x0
2	0x2348fb0	0x234dc40	0x0536	0x5	0x36	0xcabfe0	0x0
2	0x2348fb0	0x234dc58	0x0537	0x5	0x37	0xcadfd0	0x0
2	0x2348fb0	0x234dc70	0x0538	0x5	0x38	0xcada30	0x0
2	0x2348fb0	0x234dc88	0x0639	0x6	0x39	0xcaeaf0	0x0
2	0x2348fb0	0x234dca0	0x033a	0x3	0x3a	0xcae510	0x0
2	0x2348fb0	0x234dcb8	0x053b	0x5	0x3b	0xcac480	0x0
2	0x2348fb0	0x234dcd0	0x053c	0x5	0x3c	0xcad4c0	0x0
2	0x2348fb0	0x234dce8	0x063d	0x6	0x3d	0xcacf40	0x0
2	0x2348fb0	0x234dd00	0x033e	0x3	0x3e	0xcac990	0x0
2	0x2348fb0	0x234dd20	0x0500	0x5	0x0	0xe0a490	0x0
2	0x2348fb0	0x234dd40	0x0a00	0xa	0x0	0xdc8c70	0x0
2	0x2348fb0	0x234dd58	0x0301	0x3	0x1	0xdc96c0	0x0
2	0x2348fb0	0x234dd70	0x0a02	0xa	0x2	0xdca120	0x0
2	0x2348fb0	0x234dd88	0x0303	0x3	0x3	0xdc9170	0x0
2	0x2348fb0	0x234dda0	0x0a04	0xa	0x4	0xdc9c20	0x0
2	0x2348fb0	0x234ddc0	0x1e00	0x1e	0x0	0x17850c0	0x0
2	0x2348fb0	0x234ddd8	0x0501	0x5	0x1	0x1784bd0	0x0
2	0x2348fb0	0x234de00	0x0200	0x2	0x0	0xc7c710	0x0
2	0x2348fb0	0x234de18	0x0301	0x3	0x1	0xc7d190	0x0
2	0x2348fb0	0x234de30	0x0202	0x2	0x2	0xc7d740	0x0
2	0x2348fb0	0x234de48	0x0303	0x3	0x3	0xc7c1a0	0x0
2	0x2348fb0	0x234de60	0x0204	0x2	0x4	0xc7cc50	0x0
2	0x2348fb0	0x234de80	0x0200	0x2	0x0	0xc7ac30	0x0
2	0x2348fb0	0x234de98	0x0301	0x3	0x1	0xc7b6b0	0x0
2	0x2348fb0	0x234deb0	0x0202	0x2	0x2	0xc7bc60	0x0
2	0x2348fb0	0x234dec8	0x0303	0x3	0x3	0xc7a6c0	0x0
2	0x2348fb0	0x234dee0	0x0204	0x2	0x4	0xc7b170	0x0
2	0x2348fb0	0x234df00	0x2300	0x23	0x0	0xd84690	0x0
2	0x2348fb0	0x234df18	0x1301	0x13	0x1	0xd83f40	0x0
2	0x2348fb0	0x234df30	0x1302	0x13	0x2	0xd84df0	0x0
2	0x2348fb0	0x234df48	0x0203	0x2	0x3	0xd85540	0x0
2	0x2348fb0	0x234df60	0x0304	0x3	0x4	0xd85a50	0x0
2	0x2348fb0	0x234df78	0x0205	0x2	0x5	0xd85fc0	0x0
2	0x2348fb0	0x234df90	0x0306	0x3	0x6	0x1762440	0x0
2	0x2348fb0	0x234dfa8	0x0a07	0xa	0x7	0x1763150	0x0
2	0x2348fb0	0x234dfc0	0x0a08	0xa	0x8	0x1762ac0	0x0
2	0x2348fb0	0x234dfe0	0x0a00	0xa	0x0	0xe09040	0x0
2	0x2348fb0	0x234e000	0x1300	0x13	0x0	0xe089a0	0x0
2	0x2348fb0	0x234e020	0x0a00	0xa	0x0	0xe07d10	0x0
2	0x2348fb0	0x234e038	0x0a01	0xa	0x1	0xe08370	0x0
2	0x2348fb0	0x234e060	0x0500	0x5	0x0	0xe04410	0x0
2	0x2348fb0	0x234e078	0x1301	0x13	0x1	0xe03dd0	0x0
2	0x2348fb0	0x234e0a0	0x1300	0x13	0x0	0xe03170	0x0
2	0x2348fb0	0x234e0b8	0x1301	0x13	0x1	0xe037a0	0x0
2	0x2348fb0	0x234e0e0	0x2300	0x23	0x0	0xd691f0	0x0
2	0x2348fb0	0x234e0f8	0x1301	0x13	0x1	0xd68aa0	0x0
2	0x2348fb0	0x234e110	0x1302	0x13	0x2	0xd69950	0x0
2	0x2348fb0	0x234e128	0x0203	0x2	0x3	0xd6a0a0	0x0
2	0x2348fb0	0x234e140	0x0304	0x3	0x4	0xd6a5b0	0x0
2	0x2348fb0	0x234e158	0x0205	0x2	0x5	0xd6ab20	0x0
2	0x2348fb0	0x234e170	0x0306	0x3	0x6	0x1760080	0x0
2	0x2348fb0	0x234e188	0x0a07	0xa	0x7	0x1760d90	0x0
2	0x2348fb0	0x234e1a0	0x0a08	0xa	0x8	0x1760700	0x0
2	0x2348fb0	0x234e1c0	0x1300	0x13	0x0	0xe02b20	0x0
2	0x2348fb0	0x234e1e0	0x0500	0x5	0x0	0xd5cea0	0x0
2	0x2348fb0	0x234e1f8	0x0501	0x5	0x1	0xd5e360	0x0
2	0x2348fb0	0x234e210	0x0502	0x5	0x2	0xd5c440	0x0
2	0x2348fb0	0x234e228	0x0503	0x5	0x3	0xd5d900	0x0
2	0x2348fb0	0x234e240	0x0504	0x5	0x4	0xd5ed90	0x0
2	0x2348fb0	0x234e258	0x0505	0x5	0x5	0xd5f7a0	0x0
2	0x2348fb0	0x234e270	0x0506	0x5	0x6	0xd5e890	0x0
2	0x2348fb0	0x234e288	0x0507	0x5	0x7	0xd5f290	0x0
2	0x2348fb0	0x234e2a0	0x0508	0x5	0x8	0xd5c970	0x0
2	0x2348fb0	0x234e2b8	0x0509	0x5	0x9	0xd5de30	0x0
2	0x2348fb0	0x234e2d0	0x050a	0x5	0xa	0xd5bf10	0x0
2	0x2348fb0	0x234e2e8	0x050b	0x5	0xb	0xd5d3d0	0x0
2	0x2348fb0	0x234e300	0x1900	0x19	0x0	0x1770520	0x0
2	0x2348fb0	0x234e318	0x1901	0x19	0x1	0x1770b90	0x0
2	0x2348fb0	0x234e330	0x0302	0x3	0x2	0xdf91b0	0x0
2	0x2348fb0	0x234e348	0x0303	0x3	0x3	0xdf8bc0	0x0
2	0x2348fb0	0x234e360	0x1904	0x19	0x4	0xdf97c0	0x0
2	0x2348fb0	0x234e378	0x1905	0x19	0x5	0xdfbb30	0x0
2	0x2348fb0	0x234e390	0x1906	0x19	0x6	0xdfa940	0x0
2	0x2348fb0	0x234e3a8	0x1907	0x19	0x7	0xdfcd20	0x0
2	0x2348fb0	0x234e3c0	0x1908	0x19	0x8	0xdfe5b0	0x0
2	0x2348fb0	0x234e3d8	0x1909	0x19	0x9	0xdfd370	0x0
2	0x2348fb0	0x234e3f0	0x190a	0x19	0xa	0xdfdf90	0x0
2	0x2348fb0	0x234e408	0x190b	0x19	0xb	0xdfd970	0x0
2	0x2348fb0	0x234e420	0x190c	0x19	0xc	0xdf9dc0	0x0
2	0x2348fb0	0x234e438	0x190d	0x19	0xd	0xdfc150	0x0
2	0x2348fb0	0x234e450	0x190e	0x19	0xe	0xdfaf60	0x0
2	0x2348fb0	0x234e468	0x030f	0x3	0xf	0xdff1b0	0x0
2	0x2348fb0	0x234e480	0x0310	0x3	0x10	0xdff780	0x0
2	0x2348fb0	0x234e498	0x0311	0x3	0x11	0xdfec00	0x0
2	0x2348fb0	0x234e4b0	0x0312	0x3	0x12	0xdf3b00	0x0
2	0x2348fb0	0x234e4c8	0x0313	0x3	0x13	0xdf4690	0x0
2	0x2348fb0	0x234e4e0	0x0314	0x3	0x14	0xdf40b0	0x0
2	0x2348fb0	0x234e4f8	0x1915	0x19	0x15	0xdf6e10	0x0
2	0x2348fb0	0x234e510	0x1916	0x19	0x16	0xdf85a0	0x0
2	0x2348fb0	0x234e528	0x0317	0x3	0x17	0xdf7430	0x0
2	0x2348fb0	0x234e540	0x0318	0x3	0x18	0xdf7fc0	0x0
2	0x2348fb0	0x234e558	0x0319	0x3	0x19	0xdf79e0	0x0
2	0x2348fb0	0x234e570	0x031a	0x3	0x1a	0xe007d0	0x0
2	0x2348fb0	0x234e588	0x191b	0x19	0x1b	0xe01910	0x0
2	0x2348fb0	0x234e5a0	0x031c	0x3	0x1c	0xdffd00	0x0
2	0x2348fb0	0x234e5b8	0x031d	0x3	0x1d	0xe00d80	0x0
2	0x2348fb0	0x234e5d0	0x031e	0x3	0x1e	0xdf4c70	0x0
2	0x2348fb0	0x234e5e8	0x031f	0x3	0x1f	0xdf5800	0x0
2	0x2348fb0	0x234e600	0x0320	0x3	0x20	0xdf5220	0x0
2	0x2348fb0	0x234e618	0x0321	0x3	0x21	0xdfa3c0	0x0
2	0x2348fb0	0x234e630	0x0322	0x3	0x22	0xdfc770	0x0
2	0x2348fb0	0x234e648	0x0323	0x3	0x23	0xdfb580	0x0
2	0x2348fb0	0x234e660	0x0324	0x3	0x24	0xe00250	0x0
2	0x2348fb0	0x234e678	0x0325	0x3	0x25	0xe01330	0x0
2	0x2348fb0	0x234e690	0x0326	0x3	0x26	0xdf5de0	0x0
2	0x2348fb0	0x234e6a8	0x0327	0x3	0x27	0xdf68a0	0x0
2	0x2348fb0	0x234e6c0	0x0328	0x3	0x28	0xdf6330	0x0
2	0x2348fb0	0x234e6d8	0x1929	0x19	0x29	0x176fe60	0x0
2	0x2348fb0	0x234e6f0	0x192a	0x19	0x2a	0x176f7d0	0x0
2	0x2348fb0	0x234e708	0x192b	0x19	0x2b	0x176f140	0x0
2	0x2348fb0	0x234e720	0x192c	0x19	0x2c	0x176eab0	0x0
2	0x2348fb0	0x234e740	0x0500	0x5	0x0	0xdeab30	0x0
2	0x2348fb0	0x234e758	0x0301	0x3	0x1	0xdeb030	0x0
2	0x2348fb0	0x234e770	0x0502	0x5	0x2	0xdeb580	0x0
2	0x2348fb0	0x234e788	0x0303	0x3	0x3	0xdebf80	0x0
2	0x2348fb0	0x234e7a0	0x0504	0x5	0x4	0xdeba80	0x0
2	0x2348fb0	0x234e7c0	0x0500	0x5	0x0	0xde8840	0x0
2	0x2348fb0	0x234e7d8	0x0301	0x3	0x1	0xde8d10	0x0
2	0x2348fb0	0x234e7f0	0x0302	0x3	0x2	0xde9700	0x0
2	0x2348fb0	0x234e808	0x0503	0x5	0x3	0xde9230	0x0
2	0x2348fb0	0x234e820	0x0304	0x3	0x4	0xdea0f0	0x0
2	0x2348fb0	0x234e838	0x0305	0x3	0x5	0xdea610	0x0
2	0x2348fb0	0x234e850	0x0506	0x5	0x6	0xde9c20	0x0
2	0x2348fb0	0x234e880	0x0200	0x2	0x0	0xde1490	0x0
2	0x2348fb0	0x234e898	0x0301	0x3	0x1	0xde1a00	0x0
2	0x2348fb0	0x234e8b0	0x0202	0x2	0x2	0xde25b0	0x0
2	0x2348fb0	0x234e8c8	0x0303	0x3	0x3	0xde1fd0	0x0
2	0x2348fb0	0x234e8e0	0x0304	0x3	0x4	0xde3bd0	0x0
2	0x2348fb0	0x234e8f8	0x0205	0x2	0x5	0xde2b20	0x0
2	0x2348fb0	0x234e910	0x0306	0x3	0x6	0xde3600	0x0
2	0x2348fb0	0x234e928	0x0207	0x2	0x7	0xde3090	0x0
2	0x2348fb0	0x234e940	0x0500	0x5	0x0	0xddfaf0	0x0
2	0x2348fb0	0x234e958	0x0301	0x3	0x1	0xddfff0	0x0
2	0x2348fb0	0x234e970	0x0502	0x5	0x2	0xde0540	0x0
2	0x2348fb0	0x234e988	0x0303	0x3	0x3	0xde0f40	0x0
2	0x2348fb0	0x234e9a0	0x0504	0x5	0x4	0xde0a40	0x0
2	0x2348fb0	0x234e9c0	0x0700	0x7	0x0	0xdc5280	0x0
2	0x2348fb0	0x234e9d8	0x0701	0x7	0x1	0xdc57d0	0x0
2	0x2348fb0	0x234e9f0	0x0702	0x7	0x2	0xdc47e0	0x0
2	0x2348fb0	0x234ea08	0x0703	0x7	0x3	0xdc4d30	0x0
2	0x2348fb0	0x234ea20	0x0500	0x5	0x0	0xdc26e0	0x0
2	0x2348fb0	0x234ea38	0x0303	0x3	0x3	0xdc36b0	0x0
2	0x2348fb0	0x234ea50	0x0304	0x3	0x4	0xdc30e0	0x0
2	0x2348fb0	0x234ea68	0x0505	0x5	0x5	0x176bda0	0x0
2	0x2348fb0	0x234ea80	0x0306	0x3	0x6	0x176c2d0	0x0
2	0x2348fb0	0x234ea98	0x0307	0x3	0x7	0x176c8b0	0x0
2	0x2348fb0	0x234eab0	0x0508	0x5	0x8	0xdc2be0	0x0
2	0x2348fb0	0x234eac8	0x030b	0x3	0xb	0xdc4230	0x0
2	0x2348fb0	0x234eae0	0x030c	0x3	0xc	0xdc3c60	0x0
2	0x2348fb0	0x234eb00	0x0300	0x3	0x0	0xd224d0	0x0
2	0x2348fb0	0x234eb18	0x0301	0x3	0x1	0xd22f20	0x0
2	0x2348fb0	0x234eb30	0x0302	0x3	0x2	0xd229f0	0x0
2	0x2348fb0	0x234eb60	0x0200	0x2	0x0	0xdb40a0	0x0
2	0x2348fb0	0x234eb78	0x0301	0x3	0x1	0xdb5030	0x0
2	0x2348fb0	0x234eb90	0x0202	0x2	0x2	0xdb55a0	0x0
2	0x2348fb0	0x234eba8	0x0303	0x3	0x3	0xdb45b0	0x0
2	0x2348fb0	0x234ebc0	0x0204	0x2	0x4	0xdb4b20	0x0
2	0x2348fb0	0x234ebd8	0x0305	0x3	0x5	0xdb5fc0	0x0
2	0x2348fb0	0x234ebf0	0x0206	0x2	0x6	0xdb5ab0	0x0
2	0x2348fb0	0x234ec20	0x0500	0x5	0x0	0xdb1e30	0x0
2	0x2348fb0	0x234ec38	0x0601	0x6	0x1	0xdb2300	0x0
2	0x2348fb0	0x234ec50	0x0502	0x5	0x2	0xdb27f0	0x0
2	0x2348fb0	0x234ec68	0x0603	0x6	0x3	0xdb31b0	0x0
2	0x2348fb0	0x234ec80	0x0504	0x5	0x4	0xdb2cd0	0x0
2	0x2348fb0	0x234eca0	0x0b00	0xb	0x0	0xdb1960	0x0
2	0x2348fb0	0x234ecc0	0x0200	0x2	0x0	0xda43f0	0x0
2	0x2348fb0	0x234ece0	0x0500	0x5	0x0	0xda3f40	0x0
2	0x2348fb0	0x234ecf8	0x0501	0x5	0x1	0xda2fd0	0x0
2	0x2348fb0	0x234ed10	0x0602	0x6	0x2	0xda34e0	0x0
2	0x2348fb0	0x234ed28	0x0503	0x5	0x3	0xda3a30	0x0
2	0x2348fb0	0x234ed40	0x0500	0x5	0x0	0xda58a0	0x0
2	0x2348fb0	0x234ed58	0x0301	0x3	0x1	0xda5d90	0x0
2	0x2348fb0	0x234ed70	0x0502	0x5	0x2	0xda62b0	0x0
2	0x2348fb0	0x234ed88	0x0303	0x3	0x3	0xda8140	0x0
2	0x2348fb0	0x234eda0	0x0504	0x5	0x4	0xda7c50	0x0
2	0x2348fb0	0x234edb8	0x0205	0x2	0x5	0xda4820	0x0
2	0x2348fb0	0x234edd0	0x0306	0x3	0x6	0xda4d90	0x0
2	0x2348fb0	0x234ede8	0x0207	0x2	0x7	0xda5330	0x0
2	0x2348fb0	0x234ee00	0x0308	0x3	0x8	0xda76b0	0x0
2	0x2348fb0	0x234ee18	0x0209	0x2	0x9	0xda7140	0x0
2	0x2348fb0	0x234ee30	0x050a	0x5	0xa	0xda6c70	0x0
2	0x2348fb0	0x234ee48	0x050b	0x5	0xb	0xda67a0	0x0
2	0x2348fb0	0x234ee60	0x050c	0x5	0xc	0xda8660	0x0
2	0x2348fb0	0x234ee80	0x0a00	0xa	0x0	0xd43d10	0x0
2	0x2348fb0	0x234ee98	0x0301	0x3	0x1	0xd44240	0x0
2	0x2348fb0	0x234eeb0	0x0a02	0xa	0x2	0xd447d0	0x0
2	0x2348fb0	0x234eec8	0x0303	0x3	0x3	0xd47560	0x0
2	0x2348fb0	0x234eee0	0x0a04	0xa	0x4	0xd47020	0x0
2	0x2348fb0	0x234eef8	0x0a05	0xa	0x5	0xd42b80	0x0
2	0x2348fb0	0x234ef10	0x0306	0x3	0x6	0xd43140	0x0
2	0x2348fb0	0x234ef28	0x0a07	0xa	0x7	0xd43750	0x0
2	0x2348fb0	0x234ef40	0x0308	0x3	0x8	0xd46a10	0x0
2	0x2348fb0	0x234ef58	0x0a09	0xa	0x9	0xd46450	0x0
2	0x2348fb0	0x234ef70	0x0a0a	0xa	0xa	0xd44d10	0x0
2	0x2348fb0	0x234ef88	0x0a0b	0xa	0xb	0xd4a990	0x0
2	0x2348fb0	0x234efa0	0x0a0c	0xa	0xc	0xd49210	0x0
2	0x2348fb0	0x234efb8	0x0a0d	0xa	0xd	0xd4b590	0x0
2	0x2348fb0	0x234efd0	0x0a0e	0xa	0xe	0xd4bba0	0x0
2	0x2348fb0	0x234efe8	0x0a0f	0xa	0xf	0xd458b0	0x0
2	0x2348fb0	0x234f000	0x0a10	0xa	0x10	0xd4af90	0x0
2	0x2348fb0	0x234f018	0x0a11	0xa	0x11	0xd49810	0x0
2	0x2348fb0	0x234f030	0x0a12	0xa	0x12	0xd47af0	0x0
2	0x2348fb0	0x234f048	0x0a13	0xa	0x13	0xd4d910	0x0
2	0x2348fb0	0x234f060	0x0a14	0xa	0x14	0xd4cd50	0x0
2	0x2348fb0	0x234f078	0x0a15	0xa	0x15	0xd4e4d0	0x0
2	0x2348fb0	0x234f090	0x0a16	0xa	0x16	0xd45ea0	0x0
2	0x2348fb0	0x234f0a8	0x0a17	0xa	0x17	0xd49e10	0x0
2	0x2348fb0	0x234f0c0	0x0a18	0xa	0x18	0xd48690	0x0
2	0x2348fb0	0x234f0d8	0x0a19	0xa	0x19	0xd4c1b0	0x0
2	0x2348fb0	0x234f0f0	0x0a1a	0xa	0x1a	0xd4c780	0x0
2	0x2348fb0	0x234f108	0x0a1b	0xa	0x1b	0xd45300	0x0
2	0x2348fb0	0x234f120	0x0a1c	0xa	0x1c	0xd480e0	0x0
2	0x2348fb0	0x234f138	0x0a1d	0xa	0x1d	0xd4df10	0x0
2	0x2348fb0	0x234f150	0x0a1e	0xa	0x1e	0xd4d350	0x0
2	0x2348fb0	0x234f168	0x0a1f	0xa	0x1f	0xd4a3d0	0x0
2	0x2348fb0	0x234f180	0x0a20	0xa	0x20	0xd48c50	0x0
2	0x2348fb0	0x234f198	0x0a21	0xa	0x21	0xd4eae0	0x0
2	0x2348fb0	0x234f1c0	0x0200	0x2	0x0	0xe1bdf0	0x0
2	0x2348fb0	0x234f1d8	0x0a01	0xa	0x1	0xe1e090	0x0
2	0x2348fb0	0x234f1f0	0x0302	0x3	0x2	0xe1c890	0x0
2	0x2348fb0	0x234f208	0x0303	0x3	0x3	0xe1ebd0	0x0
2	0x2348fb0	0x234f220	0x0204	0x2	0x4	0xe1c340	0x0
2	0x2348fb0	0x234f238	0x0a05	0xa	0x5	0xe1e630	0x0
2	0x2348fb0	0x234f250	0x0306	0x3	0x6	0xe20d60	0x0
2	0x2348fb0	0x234f268	0x0307	0x3	0x7	0xe224e0	0x0
2	0x2348fb0	0x234f280	0x0208	0x2	0x8	0xe20230	0x0
2	0x2348fb0	0x234f298	0x0a09	0xa	0x9	0xe218f0	0x0
2	0x2348fb0	0x234f2b0	0x0a0a	0xa	0xa	0xe1ac50	0x0
2	0x2348fb0	0x234f2c8	0x0a0b	0xa	0xb	0xe1cdf0	0x0
2	0x2348fb0	0x234f2e0	0x030c	0x3	0xc	0xe1b810	0x0
2	0x2348fb0	0x234f2f8	0x030d	0x3	0xd	0xe1da50	0x0
2	0x2348fb0	0x234f310	0x0a0e	0xa	0xe	0xe1b230	0x0
2	0x2348fb0	0x234f328	0x0a0f	0xa	0xf	0xe1d420	0x0
2	0x2348fb0	0x234f340	0x0310	0x3	0x10	0xe20780	0x0
2	0x2348fb0	0x234f358	0x0311	0x3	0x11	0xe21ea0	0x0
2	0x2348fb0	0x234f370	0x0a12	0xa	0x12	0xe1fc50	0x0
2	0x2348fb0	0x234f388	0x0a13	0xa	0x13	0xe212c0	0x0
2	0x2348fb0	0x234f3a0	0x0214	0x2	0x14	0xe1f6f0	0x0
2	0x2348fb0	0x234f3b8	0x0215	0x2	0x15	0xe1f190	0x0
2	0x2348fb0	0x234f3d0	0x0216	0x2	0x16	0xe22aa0	0x0
2	0x2348fb0	0x234f400	0x0200	0x2	0x0	0xdaa750	0x0
2	0x2348fb0	0x234f418	0x0a01	0xa	0x1	0xdac9f0	0x0
2	0x2348fb0	0x234f430	0x0302	0x3	0x2	0xdab1f0	0x0
2	0x2348fb0	0x234f448	0x0303	0x3	0x3	0xdad530	0x0
2	0x2348fb0	0x234f460	0x0204	0x2	0x4	0xdaaca0	0x0
2	0x2348fb0	0x234f478	0x0a05	0xa	0x5	0xdacf90	0x0
2	0x2348fb0	0x234f490	0x0306	0x3	0x6	0xdaf6c0	0x0
2	0x2348fb0	0x234f4a8	0x0307	0x3	0x7	0xdb0e40	0x0
2	0x2348fb0	0x234f4c0	0x0208	0x2	0x8	0xdaeb90	0x0
2	0x2348fb0	0x234f4d8	0x0a09	0xa	0x9	0xdb0250	0x0
2	0x2348fb0	0x234f4f0	0x0a0a	0xa	0xa	0xda95b0	0x0
2	0x2348fb0	0x234f508	0x0a0b	0xa	0xb	0xdab750	0x0
2	0x2348fb0	0x234f520	0x030c	0x3	0xc	0xdaa170	0x0
2	0x2348fb0	0x234f538	0x030d	0x3	0xd	0xdac3b0	0x0
2	0x2348fb0	0x234f550	0x0a0e	0xa	0xe	0xda9b90	0x0
2	0x2348fb0	0x234f568	0x0a0f	0xa	0xf	0xdabd80	0x0
2	0x2348fb0	0x234f580	0x0310	0x3	0x10	0xdaf0e0	0x0
2	0x2348fb0	0x234f598	0x0311	0x3	0x11	0xdb0800	0x0
2	0x2348fb0	0x234f5b0	0x0a12	0xa	0x12	0xdae5b0	0x0
2	0x2348fb0	0x234f5c8	0x0a13	0xa	0x13	0xdafc20	0x0
2	0x2348fb0	0x234f5e0	0x0214	0x2	0x14	0xdae050	0x0
2	0x2348fb0	0x234f5f8	0x0215	0x2	0x15	0xdadaf0	0x0
2	0x2348fb0	0x234f610	0x0216	0x2	0x16	0xdb1400	0x0
2	0x2348fb0	0x234f640	0x0200	0x2	0x0	0xc7ee20	0x0
2	0x2348fb0	0x234f658	0x0a01	0xa	0x1	0xc810c0	0x0
2	0x2348fb0	0x234f670	0x0302	0x3	0x2	0xc7f8c0	0x0
2	0x2348fb0	0x234f688	0x0303	0x3	0x3	0xc81c00	0x0
2	0x2348fb0	0x234f6a0	0x0204	0x2	0x4	0xc7f370	0x0
2	0x2348fb0	0x234f6b8	0x0a05	0xa	0x5	0xc81660	0x0
2	0x2348fb0	0x234f6d0	0x0306	0x3	0x6	0xc83d90	0x0
2	0x2348fb0	0x234f6e8	0x0307	0x3	0x7	0xc85510	0x0
2	0x2348fb0	0x234f700	0x0208	0x2	0x8	0xc83260	0x0
2	0x2348fb0	0x234f718	0x0a09	0xa	0x9	0xc84920	0x0
2	0x2348fb0	0x234f730	0x0a0a	0xa	0xa	0xc7dc80	0x0
2	0x2348fb0	0x234f748	0x0a0b	0xa	0xb	0xc7fe20	0x0
2	0x2348fb0	0x234f760	0x030c	0x3	0xc	0xc7e840	0x0
2	0x2348fb0	0x234f778	0x030d	0x3	0xd	0xc80a80	0x0
2	0x2348fb0	0x234f790	0x0a0e	0xa	0xe	0xc7e260	0x0
2	0x2348fb0	0x234f7a8	0x0a0f	0xa	0xf	0xc80450	0x0
2	0x2348fb0	0x234f7c0	0x0310	0x3	0x10	0xc837b0	0x0
2	0x2348fb0	0x234f7d8	0x0311	0x3	0x11	0xc84ed0	0x0
2	0x2348fb0	0x234f7f0	0x0a12	0xa	0x12	0xc82c80	0x0
2	0x2348fb0	0x234f808	0x0a13	0xa	0x13	0xc842f0	0x0
2	0x2348fb0	0x234f820	0x0214	0x2	0x14	0xc82720	0x0
2	0x2348fb0	0x234f838	0x0215	0x2	0x15	0xc821c0	0x0
2	0x2348fb0	0x234f850	0x0216	0x2	0x16	0xc85ad0	0x0
2	0x2348fb0	0x234f880	0x0900	0x9	0x0	0xd40240	0x0
2	0x2348fb0	0x234f898	0x0901	0x9	0x1	0xd40710	0x0
2	0x2348fb0	0x234f8c0	0x0a00	0xa	0x0	0xd38e20	0x0
2	0x2348fb0	0x234f8d8	0x0301	0x3	0x1	0xd3a0a0	0x0
2	0x2348fb0	0x234f8f0	0x0302	0x3	0x2	0xd39a60	0x0
2	0x2348fb0	0x234f908	0x0a03	0xa	0x3	0xd39440	0x0
2	0x2348fb0	0x234f920	0x0304	0x3	0x4	0xd3b950	0x0
2	0x2348fb0	0x234f938	0x0305	0x3	0x5	0xd3bf90	0x0
2	0x2348fb0	0x234f950	0x0a06	0xa	0x6	0xd3b320	0x0
2	0x2348fb0	0x234f968	0x0a07	0xa	0x7	0xd3d730	0x0
2	0x2348fb0	0x234f980	0x0308	0x3	0x8	0xd3e3b0	0x0
2	0x2348fb0	0x234f998	0x0a09	0xa	0x9	0xd3dd70	0x0
2	0x2348fb0	0x234f9b0	0x030a	0x3	0xa	0xd3fbf0	0x0
2	0x2348fb0	0x234f9c8	0x0a0b	0xa	0xb	0xd3f5a0	0x0
2	0x2348fb0	0x234f9e0	0x0a0c	0xa	0xc	0xd348b0	0x0
2	0x2348fb0	0x234f9f8	0x030d	0x3	0xd	0xd359b0	0x0
2	0x2348fb0	0x234fa10	0x030e	0x3	0xe	0xd353f0	0x0
2	0x2348fb0	0x234fa28	0x0a0f	0xa	0xf	0xd34e50	0x0
2	0x2348fb0	0x234fa40	0x0310	0x3	0x10	0xd37060	0x0
2	0x2348fb0	0x234fa58	0x0311	0x3	0x11	0xd37620	0x0
2	0x2348fb0	0x234fa70	0x0a12	0xa	0x12	0xd36ab0	0x0
2	0x2348fb0	0x234fa88	0x0a13	0xa	0x13	0xd3c5e0	0x0
2	0x2348fb0	0x234faa0	0x0314	0x3	0x14	0xd3d160	0x0
2	0x2348fb0	0x234fab8	0x0a15	0xa	0x15	0xd3cba0	0x0
2	0x2348fb0	0x234fad0	0x0316	0x3	0x16	0xd3efd0	0x0
2	0x2348fb0	0x234fae8	0x0a17	0xa	0x17	0xd3ea00	0x0
2	0x2348fb0	0x234fb00	0x0a18	0xa	0x18	0xd37bf0	0x0
2	0x2348fb0	0x234fb18	0x0319	0x3	0x19	0xd38810	0x0
2	0x2348fb0	0x234fb30	0x0a1a	0xa	0x1a	0xd38200	0x0
2	0x2348fb0	0x234fb48	0x031b	0x3	0x1b	0xd3ad00	0x0
2	0x2348fb0	0x234fb60	0x0a1c	0xa	0x1c	0xd3a6e0	0x0
2	0x2348fb0	0x234fb78	0x0a1d	0xa	0x1d	0xd337f0	0x0
2	0x2348fb0	0x234fb90	0x031e	0x3	0x1e	0xd34310	0x0
2	0x2348fb0	0x234fba8	0x0a1f	0xa	0x1f	0xd33d80	0x0
2	0x2348fb0	0x234fbc0	0x0320	0x3	0x20	0xd36510	0x0
2	0x2348fb0	0x234fbd8	0x0a21	0xa	0x21	0xd35f70	0x0
2	0x2348fb0	0x234fbf0	0x0500	0x5	0x0	0xe23000	0x0
2	0x2348fb0	0x234fc20	0x0500	0x5	0x0	0xccea80	0x0
2	0x2348fb0	0x234fc38	0x0501	0x5	0x1	0xcc79c0	0x0
2	0x2348fb0	0x234fc50	0x1302	0x13	0x2	0x173d2e0	0x0
2	0x2348fb0	0x234fc68	0x0503	0x5	0x3	0x173c620	0x0
2	0x2348fb0	0x234fc80	0x1304	0x13	0x4	0x1741c60	0x0
2	0x2348fb0	0x234fc98	0x0507	0x5	0x7	0x1741660	0x0
2	0x2348fb0	0x234fcb0	0x0508	0x5	0x8	0xccf940	0x0
2	0x2348fb0	0x234fcc8	0x0509	0x5	0x9	0xccfe40	0x0
2	0x2348fb0	0x234fce0	0x050a	0x5	0xa	0xcd0370	0x0
2	0x2348fb0	0x234fcf8	0x130d	0x13	0xd	0x173f460	0x0
2	0x2348fb0	0x234fd10	0x130e	0x13	0xe	0x173edf0	0x0
2	0x2348fb0	0x234fd28	0x130f	0x13	0xf	0xcc91e0	0x0
2	0x2348fb0	0x234fd40	0x1312	0x13	0x12	0x1740200	0x0
2	0x2348fb0	0x234fd58	0x1313	0x13	0x13	0x173fb30	0x0
2	0x2348fb0	0x234fd70	0x1314	0x13	0x14	0xcc8b00	0x0
2	0x2348fb0	0x234fd88	0x0515	0x5	0x15	0xccef50	0x0
2	0x2348fb0	0x234fda0	0x0516	0x5	0x16	0xccf450	0x0
2	0x2348fb0	0x234fdb8	0x0517	0x5	0x17	0xcc47b0	0x0
2	0x2348fb0	0x234fdd0	0x1a18	0x1a	0x18	0xcc6a50	0x0
2	0x2348fb0	0x234fde8	0x2619	0x26	0x19	0xcc71f0	0x0
2	0x2348fb0	0x234fe00	0x1a1a	0x1a	0x1a	0xcc53d0	0x0
2	0x2348fb0	0x234fe18	0x1a1b	0x1a	0x1b	0xcc4c50	0x0
2	0x2348fb0	0x234fe30	0x1a1c	0x1a	0x1c	0xcc62d0	0x0
2	0x2348fb0	0x234fe48	0x1a1d	0x1a	0x1d	0xcc5b50	0x0
2	0x2348fb0	0x234fe60	0x031e	0x3	0x1e	0xcc3c70	0x0
2	0x2348fb0	0x234fe78	0x031f	0x3	0x1f	0xcc4210	0x0
2	0x2348fb0	0x234fe90	0x0520	0x5	0x20	0xcce0f0	0x0
2	0x2348fb0	0x234fea8	0x0521	0x5	0x21	0xcce5c0	0x0
2	0x2348fb0	0x234fec0	0x1322	0x13	0x22	0xcca660	0x0
2	0x2348fb0	0x234fed8	0x1323	0x13	0x23	0xcc9910	0x0
2	0x2348fb0	0x234fef0	0x1324	0x13	0x24	0x1740f90	0x0
2	0x2348fb0	0x234ff08	0x1326	0x13	0x26	0x1740900	0x0
2	0x2348fb0	0x234ff20	0x1328	0x13	0x28	0xcc9fb0	0x0
2	0x2348fb0	0x234ff38	0x1329	0x13	0x29	0x173d960	0x0
2	0x2348fb0	0x234ff50	0x132a	0x13	0x2a	0x173cc50	0x0
2	0x2348fb0	0x234ff68	0x1331	0x13	0x31	0x173e6f0	0x0
2	0x2348fb0	0x234ff80	0x1332	0x13	0x32	0x173e040	0x0
2	0x2348fb0	0x234ffa0	0x1900	0x19	0x0	0xd283e0	0x0
2	0x2348fb0	0x234ffb8	0x1901	0x19	0x1	0xd270e0	0x0
2	0x2348fb0	0x234ffd0	0x1902	0x19	0x2	0xd27d80	0x0
2	0x2348fb0	0x234ffe8	0x1903	0x19	0x3	0xd27720	0x0
2	0x2348fb0	0x2350000	0x0304	0x3	0x4	0xd30f80	0x0
2	0x2348fb0	0x2350018	0x0305	0x3	0x5	0xd314f0	0x0
2	0x2348fb0	0x2350030	0x0306	0x3	0x6	0xd30a00	0x0
2	0x2348fb0	0x2350048	0x0307	0x3	0x7	0xd30490	0x0
2	0x2348fb0	0x2350060	0x1908	0x19	0x8	0xd2dc60	0x0
2	0x2348fb0	0x2350078	0x1909	0x19	0x9	0xd2c8e0	0x0
2	0x2348fb0	0x2350090	0x190a	0x19	0xa	0xd2d5d0	0x0
2	0x2348fb0	0x23500a8	0x190b	0x19	0xb	0xd2cf40	0x0
2	0x2348fb0	0x23500c0	0x190c	0x19	0xc	0xd28a60	0x0
2	0x2348fb0	0x23500d8	0x190d	0x19	0xd	0xd2af70	0x0
2	0x2348fb0	0x23500f0	0x190e	0x19	0xe	0xd29cb0	0x0
2	0x2348fb0	0x2350108	0x190f	0x19	0xf	0xd2c230	0x0
2	0x2348fb0	0x2350120	0x1910	0x19	0x10	0xd290a0	0x0
2	0x2348fb0	0x2350138	0x1911	0x19	0x11	0xd2b5d0	0x0
2	0x2348fb0	0x2350150	0x1912	0x19	0x12	0xd2a310	0x0
2	0x2348fb0	0x2350168	0x0313	0x3	0x13	0xd2e8b0	0x0
2	0x2348fb0	0x2350180	0x0314	0x3	0x14	0xd2ee90	0x0
2	0x2348fb0	0x2350198	0x0315	0x3	0x15	0xd2e310	0x0
2	0x2348fb0	0x23501b0	0x0316	0x3	0x16	0xd23450	0x0
2	0x2348fb0	0x23501c8	0x0317	0x3	0x17	0xd24070	0x0
2	0x2348fb0	0x23501e0	0x0318	0x3	0x18	0xd23a50	0x0
2	0x2348fb0	0x23501f8	0x1919	0x19	0x19	0xd26a50	0x0
2	0x2348fb0	0x2350210	0x031a	0x3	0x1a	0xd2fee0	0x0
2	0x2348fb0	0x2350228	0x191b	0x19	0x1b	0xd32600	0x0
2	0x2348fb0	0x2350240	0x031c	0x3	0x1c	0xd2f410	0x0
2	0x2348fb0	0x2350258	0x031d	0x3	0x1d	0xd31a70	0x0
2	0x2348fb0	0x2350270	0x191e	0x19	0x1e	0xd24690	0x0
2	0x2348fb0	0x2350288	0x191f	0x19	0x1f	0xd25330	0x0
2	0x2348fb0	0x23502a0	0x1920	0x19	0x20	0xd24cd0	0x0
2	0x2348fb0	0x23502b8	0x0321	0x3	0x21	0xd29700	0x0
2	0x2348fb0	0x23502d0	0x0322	0x3	0x22	0xd2bc60	0x0
2	0x2348fb0	0x23502e8	0x0323	0x3	0x23	0xd2a9a0	0x0
2	0x2348fb0	0x2350300	0x0324	0x3	0x24	0xd2f960	0x0
2	0x2348fb0	0x2350318	0x0325	0x3	0x25	0xd32020	0x0
2	0x2348fb0	0x2350330	0x0326	0x3	0x26	0xd25990	0x0
2	0x2348fb0	0x2350348	0x0327	0x3	0x27	0xd264b0	0x0
2	0x2348fb0	0x2350360	0x0328	0x3	0x28	0xd25f10	0x0
2	0x2348fb0	0x2350378	0x192a	0x19	0x2a	0x175f240	0x0
2	0x2348fb0	0x2350390	0x192b	0x19	0x2b	0x175eb30	0x0
2	0x2348fb0	0x23503a8	0x192c	0x19	0x2c	0x175f950	0x0
2	0x2348fb0	0x23503c0	0x192d	0x19	0x2d	0x175e420	0x0
2	0x2348fb0	0x23503e0	0x0b00	0xb	0x0	0xda9080	0x0
2	0x2348fb0	0x23503f8	0x0b02	0xb	0x2	0xda8b30	0x0
2	0x2348fb0	0x2350420	0x0a00	0xa	0x0	0xd56d50	0x0
2	0x2348fb0	0x2350438	0x0a01	0xa	0x1	0xd57f70	0x0
2	0x2348fb0	0x2350450	0x0302	0x3	0x2	0xd57340	0x0
2	0x2348fb0	0x2350468	0x0a03	0xa	0x3	0xd57980	0x0
2	0x2348fb0	0x2350480	0x0a04	0xa	0x4	0xd521a0	0x0
2	0x2348fb0	0x2350498	0x0a05	0xa	0x5	0xd53240	0x0
2	0x2348fb0	0x23504b0	0x0306	0x3	0x6	0xd52710	0x0
2	0x2348fb0	0x23504c8	0x0a07	0xa	0x7	0xd52cd0	0x0
2	0x2348fb0	0x23504e0	0x0a08	0xa	0x8	0xd537b0	0x0
2	0x2348fb0	0x23504f8	0x0309	0x3	0x9	0xd54980	0x0
2	0x2348fb0	0x2350510	0x0a0a	0xa	0xa	0xd54f70	0x0
2	0x2348fb0	0x2350528	0x030b	0x3	0xb	0xd53d80	0x0
2	0x2348fb0	0x2350540	0x0a0c	0xa	0xc	0xd543b0	0x0
2	0x2348fb0	0x2350558	0x030d	0x3	0xd	0xd59b90	0x0
2	0x2348fb0	0x2350570	0x030e	0x3	0xe	0xd5a1c0	0x0
2	0x2348fb0	0x2350588	0x0a0f	0xa	0xf	0xd595c0	0x0
2	0x2348fb0	0x23505a0	0x0210	0x2	0x10	0xd4f620	0x0
2	0x2348fb0	0x23505b8	0x0311	0x3	0x11	0xd4f0b0	0x0
2	0x2348fb0	0x23505d0	0x0212	0x2	0x12	0xd50650	0x0
2	0x2348fb0	0x23505e8	0x0313	0x3	0x13	0xd4fb60	0x0
2	0x2348fb0	0x2350600	0x0214	0x2	0x14	0xd50110	0x0
2	0x2348fb0	0x2350618	0x0315	0x3	0x15	0xd58aa0	0x0
2	0x2348fb0	0x2350630	0x0316	0x3	0x16	0xd59050	0x0
2	0x2348fb0	0x2350648	0x0217	0x2	0x17	0xd58560	0x0
2	0x2348fb0	0x2350660	0x0a18	0xa	0x18	0xd55540	0x0
2	0x2348fb0	0x2350678	0x0a19	0xa	0x19	0xd56760	0x0
2	0x2348fb0	0x2350690	0x031a	0x3	0x1a	0xd55b30	0x0
2	0x2348fb0	0x23506a8	0x0a1b	0xa	0x1b	0xd56170	0x0
2	0x2348fb0	0x23506c0	0x031c	0x3	0x1c	0xd5b8d0	0x0
2	0x2348fb0	0x23506d8	0x0a1d	0xa	0x1d	0xd5b2e0	0x0
2	0x2348fb0	0x23506f0	0x0a1e	0xa	0x1e	0xd50b90	0x0
2	0x2348fb0	0x2350708	0x0a1f	0xa	0x1f	0xd51c30	0x0
2	0x2348fb0	0x2350720	0x0320	0x3	0x20	0xd51100	0x0
2	0x2348fb0	0x2350738	0x0a21	0xa	0x21	0xd516c0	0x0
2	0x2348fb0	0x2350750	0x0322	0x3	0x22	0xd5ad20	0x0
2	0x2348fb0	0x2350768	0x0a23	0xa	0x23	0xd5a7b0	0x0
2	0x2348fb0	0x2350780	0x0200	0x2	0x0	0xd0a4e0	0x0
2	0x2348fb0	0x2350798	0x0201	0x2	0x1	0xd0afc0	0x0
2	0x2348fb0	0x23507b0	0x0202	0x2	0x2	0xd09f70	0x0
2	0x2348fb0	0x23507c8	0x0203	0x2	0x3	0xd0aa50	0x0
2	0x2348fb0	0x23507e0	0x0200	0x2	0x0	0xd0b530	0x0
2	0x2348fb0	0x23507f8	0x0201	0x2	0x1	0xd0ba70	0x0
2	0x2348fb0	0x2350820	0x2700	0x27	0x0	0xc7a000	0x0
2	0x2348fb0	0x2350838	0x0a01	0xa	0x1	0xc79970	0x0
2	0x2348fb0	0x2350850	0x0702	0x7	0x2	0xc77280	0x0
2	0x2348fb0	0x2350868	0x0a03	0xa	0x3	0xc76cc0	0x0
2	0x2348fb0	0x2350880	0x0a04	0xa	0x4	0xc77860	0x0
2	0x2348fb0	0x2350898	0x0305	0x3	0x5	0xc78580	0x0
2	0x2348fb0	0x23508b0	0x0a06	0xa	0x6	0xc77ef0	0x0
2	0x2348fb0	0x23508c8	0x0307	0x3	0x7	0xc792c0	0x0
2	0x2348fb0	0x23508e0	0x0a08	0xa	0x8	0xc78c30	0x0
2	0x2348fb0	0x23508f8	0x0a09	0xa	0x9	0xc74fc0	0x0
2	0x2348fb0	0x2350910	0x030a	0x3	0xa	0xc75b40	0x0
2	0x2348fb0	0x2350928	0x0a0b	0xa	0xb	0xc75580	0x0
2	0x2348fb0	0x2350940	0x030c	0x3	0xc	0xc766e0	0x0
2	0x2348fb0	0x2350958	0x0a0d	0xa	0xd	0xc76120	0x0
2	0x2348fb0	0x2350980	0x0500	0x5	0x0	0xc693d0	0x0
2	0x2348fb0	0x2350998	0x0601	0x6	0x1	0xc69d10	0x0
2	0x2348fb0	0x23509b0	0x0502	0x5	0x2	0xc69870	0x0
2	0x2348fb0	0x23509e0	0x1900	0x19	0x0	0xd7c5e0	0x0
2	0x2348fb0	0x23509f8	0x1901	0x19	0x1	0xd7cc30	0x0
2	0x2348fb0	0x2350a10	0x1902	0x19	0x2	0xd73520	0x0
2	0x2348fb0	0x2350a28	0x1903	0x19	0x3	0xd76090	0x0
2	0x2348fb0	0x2350a40	0x1904	0x19	0x4	0xd766d0	0x0
2	0x2348fb0	0x2350a58	0x1905	0x19	0x5	0xd73b60	0x0
2	0x2348fb0	0x2350a70	0x1906	0x19	0x6	0xd70b60	0x0
2	0x2348fb0	0x2350a88	0x1907	0x19	0x7	0xd6d6a0	0x0
2	0x2348fb0	0x2350aa0	0x1908	0x19	0x8	0xd6e250	0x0
2	0x2348fb0	0x2350ab8	0x1909	0x19	0x9	0xd71710	0x0
2	0x2348fb0	0x2350ad0	0x190a	0x19	0xa	0xd71120	0x0
2	0x2348fb0	0x2350ae8	0x190b	0x19	0xb	0xd71d00	0x0
2	0x2348fb0	0x2350b00	0x190c	0x19	0xc	0xd6dc60	0x0
2	0x2348fb0	0x2350b18	0x190d	0x19	0xd	0xd6e840	0x0
2	0x2348fb0	0x2350b30	0x190e	0x19	0xe	0xd72880	0x0
2	0x2348fb0	0x2350b48	0x190f	0x19	0xf	0xd753f0	0x0
2	0x2348fb0	0x2350b60	0x1910	0x19	0x10	0xd75a30	0x0
2	0x2348fb0	0x2350b78	0x1911	0x19	0x11	0xd72ec0	0x0
2	0x2348fb0	0x2350b90	0x1912	0x19	0x12	0xd6f3c0	0x0
2	0x2348fb0	0x2350ba8	0x1913	0x19	0x13	0xd6bf00	0x0
2	0x2348fb0	0x2350bc0	0x1914	0x19	0x14	0xd6cab0	0x0
2	0x2348fb0	0x2350bd8	0x1915	0x19	0x15	0xd6ff70	0x0
2	0x2348fb0	0x2350bf0	0x1916	0x19	0x16	0xd6f980	0x0
2	0x2348fb0	0x2350c08	0x1917	0x19	0x17	0xd70560	0x0
2	0x2348fb0	0x2350c20	0x1918	0x19	0x18	0xd6c4c0	0x0
2	0x2348fb0	0x2350c38	0x1919	0x19	0x19	0xd6d0a0	0x0
2	0x2348fb0	0x2350c50	0x191a	0x19	0x1a	0xd74dd0	0x0
2	0x2348fb0	0x2350c68	0x051b	0x5	0x1b	0xd6ba00	0x0
2	0x2348fb0	0x2350c80	0x051c	0x5	0x1c	0xd6b030	0x0
2	0x2348fb0	0x2350c98	0x191d	0x19	0x1d	0xd741c0	0x0
2	0x2348fb0	0x2350cb0	0x191e	0x19	0x1e	0xd747b0	0x0
2	0x2348fb0	0x2350cc8	0x031f	0x3	0x1f	0xd6ee40	0x0
2	0x2348fb0	0x2350ce0	0x0520	0x5	0x20	0xd6b530	0x0
2	0x2348fb0	0x2350cf8	0x1921	0x19	0x21	0xd7a660	0x0
2	0x2348fb0	0x2350d10	0x1922	0x19	0x22	0xd78690	0x0
2	0x2348fb0	0x2350d28	0x1923	0x19	0x23	0xd76d30	0x0
2	0x2348fb0	0x2350d40	0x1924	0x19	0x24	0xd77a10	0x0
2	0x2348fb0	0x2350d58	0x1925	0x19	0x25	0xd7ac90	0x0
2	0x2348fb0	0x2350d70	0x1926	0x19	0x26	0xd78cd0	0x0
2	0x2348fb0	0x2350d88	0x1927	0x19	0x27	0xd79310	0x0
2	0x2348fb0	0x2350da0	0x2128	0x21	0x28	0xd79fb0	0x0
2	0x2348fb0	0x2350db8	0x1929	0x19	0x29	0xd79960	0x0
2	0x2348fb0	0x2350dd0	0x192a	0x19	0x2a	0xd7b2c0	0x0
2	0x2348fb0	0x2350de8	0x212b	0x21	0x2b	0xd7bf40	0x0
2	0x2348fb0	0x2350e00	0x192c	0x19	0x2c	0xd7b900	0x0
2	0x2348fb0	0x2350e18	0x192d	0x19	0x2d	0xd773a0	0x0
2	0x2348fb0	0x2350e30	0x192e	0x19	0x2e	0xd78050	0x0
2	0x2348fb0	0x2350e48	0x032f	0x3	0x2f	0xd72300	0x0
2	0x2348fb0	0x2350e60	0x0530	0x5	0x30	0x1761420	0x0
2	0x2348fb0	0x2350e78	0x0331	0x3	0x31	0x1761920	0x0
2	0x2348fb0	0x2350ea0	0x1900	0x19	0x0	0xdcc680	0x0
2	0x2348fb0	0x2350eb8	0x1301	0x13	0x1	0xdcbfd0	0x0
2	0x2348fb0	0x2350ed0	0x1302	0x13	0x2	0xdccd10	0x0
2	0x2348fb0	0x2350ee8	0x0303	0x3	0x3	0xdcd9d0	0x0
2	0x2348fb0	0x2350f00	0x0504	0x5	0x4	0xdcd3c0	0x0
2	0x2348fb0	0x2350f18	0x0505	0x5	0x5	0xdcdfe0	0x0
2	0x2348fb0	0x2350f30	0x2306	0x23	0x6	0xdced10	0x0
2	0x2348fb0	0x2350f48	0x1307	0x13	0x7	0xdce5f0	0x0
2	0x2348fb0	0x2350f60	0x1308	0x13	0x8	0xdcf450	0x0
2	0x2348fb0	0x2350f80	0x0300	0x3	0x0	0xdf05d0	0x0
2	0x2348fb0	0x2350f98	0x0201	0x2	0x1	0xdeffb0	0x0
2	0x2348fb0	0x2350fb0	0x0202	0x2	0x2	0xdf0bd0	0x0
2	0x2348fb0	0x2350fc8	0x0203	0x2	0x3	0xdee590	0x0
2	0x2348fb0	0x2350fe0	0x0304	0x3	0x4	0xdeeaa0	0x0
2	0x2348fb0	0x2350ff8	0x0205	0x2	0x5	0xdef010	0x0
2	0x2348fb0	0x2351010	0x0306	0x3	0x6	0xdefa40	0x0
2	0x2348fb0	0x2351028	0x0207	0x2	0x7	0xdef520	0x0
2	0x2348fb0	0x2351040	0x1900	0x19	0x0	0xe069e0	0x0
2	0x2348fb0	0x2351058	0x1901	0x19	0x1	0xe076a0	0x0
2	0x2348fb0	0x2351070	0x1902	0x19	0x2	0xe07030	0x0
2	0x2348fb0	0x23510a0	0x0a00	0xa	0x0	0xd82f40	0x0
2	0x2348fb0	0x23510b8	0x0301	0x3	0x1	0xd83480	0x0
2	0x2348fb0	0x23510d0	0x0a02	0xa	0x2	0xd83a00	0x0
2	0x2348fb0	0x23510e8	0x0303	0x3	0x3	0xd7eb70	0x0
2	0x2348fb0	0x2351100	0x0a04	0xa	0x4	0xd7e510	0x0
2	0x2348fb0	0x2351118	0x0a05	0xa	0x5	0xd7f1a0	0x0
2	0x2348fb0	0x2351130	0x0306	0x3	0x6	0xd7d8c0	0x0
2	0x2348fb0	0x2351148	0x0507	0x5	0x7	0xd7d290	0x0
2	0x2348fb0	0x2351160	0x0508	0x5	0x8	0xd7dee0	0x0
2	0x2348fb0	0x2351178	0x0d09	0xd	0x9	0xd81250	0x0
2	0x2348fb0	0x2351190	0x130a	0x13	0xa	0xd80ba0	0x0
2	0x2348fb0	0x23511a8	0x130b	0x13	0xb	0xd81940	0x0
2	0x2348fb0	0x23511c0	0x0d0c	0xd	0xc	0xd7fe70	0x0
2	0x2348fb0	0x23511d8	0x050d	0x5	0xd	0xd7f800	0x0
2	0x2348fb0	0x23511f0	0x050e	0x5	0xe	0xd80530	0x0
2	0x2348fb0	0x2351208	0x050f	0x5	0xf	0xd81ff0	0x0
2	0x2348fb0	0x2351220	0x0310	0x3	0x10	0xd824f0	0x0
2	0x2348fb0	0x2351238	0x0511	0x5	0x11	0xd82a40	0x0
2	0x2348fb0	0x2351260	0x0a00	0xa	0x0	0xd67aa0	0x0
2	0x2348fb0	0x2351278	0x0301	0x3	0x1	0xd67fe0	0x0
2	0x2348fb0	0x2351290	0x0a02	0xa	0x2	0xd68560	0x0
2	0x2348fb0	0x23512a8	0x0303	0x3	0x3	0xd636d0	0x0
2	0x2348fb0	0x23512c0	0x0a04	0xa	0x4	0xd63070	0x0
2	0x2348fb0	0x23512d8	0x0a05	0xa	0x5	0xd63d00	0x0
2	0x2348fb0	0x23512f0	0x0306	0x3	0x6	0xd62420	0x0
2	0x2348fb0	0x2351308	0x0507	0x5	0x7	0xd61df0	0x0
2	0x2348fb0	0x2351320	0x0508	0x5	0x8	0xd62a40	0x0
2	0x2348fb0	0x2351338	0x0d09	0xd	0x9	0xd65db0	0x0
2	0x2348fb0	0x2351350	0x130a	0x13	0xa	0xd65700	0x0
2	0x2348fb0	0x2351368	0x130b	0x13	0xb	0xd664a0	0x0
2	0x2348fb0	0x2351380	0x0d0c	0xd	0xc	0xd649d0	0x0
2	0x2348fb0	0x2351398	0x050d	0x5	0xd	0xd64360	0x0
2	0x2348fb0	0x23513b0	0x050e	0x5	0xe	0xd65090	0x0
2	0x2348fb0	0x23513c8	0x050f	0x5	0xf	0xd66b50	0x0
2	0x2348fb0	0x23513e0	0x0310	0x3	0x10	0xd67050	0x0
2	0x2348fb0	0x23513f8	0x0511	0x5	0x11	0xd675a0	0x0
2	0x2348fb0	0x2351420	0x0500	0x5	0x0	0xcb05c0	0x0
2	0x2348fb0	0x2351438	0x0301	0x3	0x1	0xcb0ae0	0x0
2	0x2348fb0	0x2351450	0x0502	0x5	0x2	0xcb1030	0x0
2	0x2348fb0	0x2351468	0x0303	0x3	0x3	0xcb1a70	0x0
2	0x2348fb0	0x2351480	0x0504	0x5	0x4	0xcb1550	0x0
2	0x2348fb0	0x23514a0	0x0300	0x3	0x0	0xd0f9c0	0x0
2	0x2348fb0	0x23514b8	0x0501	0x5	0x1	0xd0f400	0x0
2	0x2348fb0	0x23514d0	0x0502	0x5	0x2	0xd0ff80	0x0
2	0x2348fb0	0x2351500	0x0200	0x2	0x0	0xcd0d60	0x0
2	0x2348fb0	0x2351518	0x0501	0x5	0x1	0xcd0890	0x0
2	0x2348fb0	0x2351530	0x0002	0x0	0x2	0xcd12a0	0x0
2	0x2348fb0	0x2351560	0x0b00	0xb	0x0	0xcf9a30	0x0
2	0x2348fb0	0x2351578	0x2201	0x22	0x1	0xcf9490	0x0
2	0x2348fb0	0x2351590	0x2202	0x22	0x2	0xcf9fa0	0x0
2	0x2348fb0	0x23515a8	0x0b03	0xb	0x3	0xcd28b0	0x0
2	0x2348fb0	0x23515c0	0x2204	0x22	0x4	0xcdaf50	0x0
2	0x2348fb0	0x23515d8	0x2205	0x22	0x5	0xcdc6d0	0x0
2	0x2348fb0	0x23515f0	0x0306	0x3	0x6	0xcd44a0	0x0
2	0x2348fb0	0x2351608	0x0507	0x5	0x7	0xcd6ba0	0x0
2	0x2348fb0	0x2351620	0x0508	0x5	0x8	0xcd76c0	0x0
2	0x2348fb0	0x2351638	0x0709	0x7	0x9	0xcd5560	0x0
2	0x2348fb0	0x2351650	0x050a	0x5	0xa	0xcd8770	0x0
2	0x2348fb0	0x2351668	0x050b	0x5	0xb	0xcd9820	0x0
2	0x2348fb0	0x2351680	0x050c	0x5	0xc	0x1747360	0x0
2	0x2348fb0	0x2351698	0x190d	0x19	0xd	0x1748640	0x0
2	0x2348fb0	0x23516b0	0x050e	0x5	0xe	0x1748cc0	0x0
2	0x2348fb0	0x23516c8	0x190f	0x19	0xf	0x1747990	0x0
2	0x2348fb0	0x23516e0	0x0510	0x5	0x10	0x1748010	0x0
2	0x2348fb0	0x23516f8	0x0511	0x5	0x11	0x17453d0	0x0
2	0x2348fb0	0x2351710	0x1912	0x19	0x12	0x17466b0	0x0
2	0x2348fb0	0x2351728	0x0513	0x5	0x13	0x1746d30	0x0
2	0x2348fb0	0x2351740	0x1914	0x19	0x14	0x1745a00	0x0
2	0x2348fb0	0x2351758	0x0515	0x5	0x15	0x1746080	0x0
2	0x2348fb0	0x2351770	0x0516	0x5	0x16	0x1743330	0x0
2	0x2348fb0	0x2351788	0x0317	0x3	0x17	0x1743870	0x0
2	0x2348fb0	0x23517a0	0x0518	0x5	0x18	0x1743e10	0x0
2	0x2348fb0	0x23517b8	0x1919	0x19	0x19	0xce0b00	0x0
2	0x2348fb0	0x23517d0	0x051a	0x5	0x1a	0xce0520	0x0
2	0x2348fb0	0x23517e8	0x191b	0x19	0x1b	0xce1710	0x0
2	0x2348fb0	0x2351800	0x051c	0x5	0x1c	0xce1d40	0x0
2	0x2348fb0	0x2351818	0x051d	0x5	0x1d	0xce1130	0x0
2	0x2348fb0	0x2351830	0x051e	0x5	0x1e	0xce7020	0x0
2	0x2348fb0	0x2351848	0x051f	0x5	0x1f	0xce7560	0x0
2	0x2348fb0	0x2351860	0x0520	0x5	0x20	0xce7aa0	0x0
2	0x2348fb0	0x2351878	0x0521	0x5	0x21	0xce8a40	0x0
2	0x2348fb0	0x2351890	0x0522	0x5	0x22	0xce8f40	0x0
2	0x2348fb0	0x23518a8	0x0523	0x5	0x23	0xce9f00	0x0
2	0x2348fb0	0x23518c0	0x0524	0x5	0x24	0xcfe910	0x0
2	0x2348fb0	0x23518d8	0x0525	0x5	0x25	0xcfee50	0x0
2	0x2348fb0	0x23518f0	0x0626	0x6	0x26	0xce84f0	0x0
2	0x2348fb0	0x2351908	0x0727	0x7	0x27	0xce99a0	0x0
2	0x2348fb0	0x2351920	0x0628	0x6	0x28	0xce7fa0	0x0
2	0x2348fb0	0x2351938	0x0729	0x7	0x29	0xce9440	0x0
2	0x2348fb0	0x2351950	0x0b2a	0xb	0x2a	0xcd2320	0x0
2	0x2348fb0	0x2351968	0x222b	0x22	0x2b	0xcda970	0x0
2	0x2348fb0	0x2351980	0x222c	0x22	0x2c	0xcdc0f0	0x0
2	0x2348fb0	0x2351998	0x0b2d	0xb	0x2d	0xcf8980	0x0
2	0x2348fb0	0x23519b0	0x222e	0x22	0x2e	0xcf83e0	0x0
2	0x2348fb0	0x23519c8	0x222f	0x22	0x2f	0xcf8ef0	0x0
2	0x2348fb0	0x23519e0	0x0330	0x3	0x30	0xcd3f00	0x0
2	0x2348fb0	0x23519f8	0x0531	0x5	0x31	0xcd6610	0x0
2	0x2348fb0	0x2351a10	0x0532	0x5	0x32	0xcd7130	0x0
2	0x2348fb0	0x2351a28	0x0733	0x7	0x33	0xcd4a40	0x0
2	0x2348fb0	0x2351a40	0x0534	0x5	0x34	0xcd7c50	0x0
2	0x2348fb0	0x2351a58	0x0535	0x5	0x35	0xcd8d00	0x0
2	0x2348fb0	0x2351a70	0x0536	0x5	0x36	0x1744350	0x0
2	0x2348fb0	0x2351a88	0x0337	0x3	0x37	0x17448b0	0x0
2	0x2348fb0	0x2351aa0	0x0538	0x5	0x38	0x1744e70	0x0
2	0x2348fb0	0x2351ab8	0x0539	0x5	0x39	0xce41c0	0x0
2	0x2348fb0	0x2351ad0	0x033a	0x3	0x3a	0xce4730	0x0
2	0x2348fb0	0x2351ae8	0x053b	0x5	0x3b	0xce4d00	0x0
2	0x2348fb0	0x2351b00	0x053c	0x5	0x3c	0x17581b0	0x0
2	0x2348fb0	0x2351b18	0x0b3d	0xb	0x3d	0xcd1d90	0x0
2	0x2348fb0	0x2351b30	0x223e	0x22	0x3e	0xcda390	0x0
2	0x2348fb0	0x2351b48	0x223f	0x22	0x3f	0xcdbb10	0x0
2	0x2348fb0	0x2351b60	0x0b40	0xb	0x40	0xcfc600	0x0
2	0x2348fb0	0x2351b78	0x0541	0x5	0x41	0xcfdcf0	0x0
2	0x2348fb0	0x2351b90	0x0542	0x5	0x42	0xcfe300	0x0
2	0x2348fb0	0x2351ba8	0x0b43	0xb	0x43	0xcd1800	0x0
2	0x2348fb0	0x2351bc0	0x2244	0x22	0x44	0xcd9db0	0x0
2	0x2348fb0	0x2351bd8	0x2245	0x22	0x45	0xcdb530	0x0
2	0x2348fb0	0x2351bf0	0x1946	0x19	0x46	0xcfaab0	0x0
2	0x2348fb0	0x2351c08	0x2247	0x22	0x47	0xcfa540	0x0
2	0x2348fb0	0x2351c20	0x2248	0x22	0x48	0xcfb030	0x0
2	0x2348fb0	0x2351c38	0x0749	0x7	0x49	0xcd4fd0	0x0
2	0x2348fb0	0x2351c50	0x054a	0x5	0x4a	0xcd81e0	0x0
2	0x2348fb0	0x2351c68	0x054b	0x5	0x4b	0xcd9290	0x0
2	0x2348fb0	0x2351c80	0x054c	0x5	0x4c	0xcffe10	0x0
2	0x2348fb0	0x2351c98	0x054d	0x5	0x4d	0xd00340	0x0
2	0x2348fb0	0x2351cb0	0x034e	0x3	0x4e	0xd00e10	0x0
2	0x2348fb0	0x2351cc8	0x034f	0x3	0x4f	0xd00870	0x0
2	0x2348fb0	0x2351ce0	0x0b50	0xb	0x50	0xcd33d0	0x0
2	0x2348fb0	0x2351cf8	0x2251	0x22	0x51	0xcdd290	0x0
2	0x2348fb0	0x2351d10	0x2252	0x22	0x52	0xcdde50	0x0
2	0x2348fb0	0x2351d28	0x0b53	0xb	0x53	0xcd2e40	0x0
2	0x2348fb0	0x2351d40	0x2254	0x22	0x54	0xcdccb0	0x0
2	0x2348fb0	0x2351d58	0x2255	0x22	0x55	0xcdd870	0x0
2	0x2348fb0	0x2351d70	0x0356	0x3	0x56	0xcd3960	0x0
2	0x2348fb0	0x2351d88	0x0557	0x5	0x57	0xcd5af0	0x0
2	0x2348fb0	0x2351da0	0x0558	0x5	0x58	0xcd6080	0x0
2	0x2348fb0	0x2351db8	0x1759	0x17	0x59	0xcfbb10	0x0
2	0x2348fb0	0x2351dd0	0x225a	0x22	0x5a	0xcfb5a0	0x0
2	0x2348fb0	0x2351de8	0x225b	0x22	0x5b	0xcfc090	0x0
2	0x2348fb0	0x2351e00	0x055c	0x5	0x5c	0xcea400	0x0
2	0x2348fb0	0x2351e18	0x055d	0x5	0x5d	0xcea940	0x0
2	0x2348fb0	0x2351e30	0x055e	0x5	0x5e	0xceae80	0x0
2	0x2348fb0	0x2351e48	0x055f	0x5	0x5f	0xcebe20	0x0
2	0x2348fb0	0x2351e60	0x0560	0x5	0x60	0xcec320	0x0
2	0x2348fb0	0x2351e78	0x0561	0x5	0x61	0xced2e0	0x0
2	0x2348fb0	0x2351e90	0x0562	0x5	0x62	0xcff390	0x0
2	0x2348fb0	0x2351ea8	0x0563	0x5	0x63	0xcff8d0	0x0
2	0x2348fb0	0x2351ec0	0x0664	0x6	0x64	0xceb8d0	0x0
2	0x2348fb0	0x2351ed8	0x0765	0x7	0x65	0xcecd80	0x0
2	0x2348fb0	0x2351ef0	0x0666	0x6	0x66	0xceb380	0x0
2	0x2348fb0	0x2351f08	0x0767	0x7	0x67	0xcec820	0x0
2	0x2348fb0	0x2351f20	0x0368	0x3	0x68	0xcdf9b0	0x0
2	0x2348fb0	0x2351f38	0x0569	0x5	0x69	0xcdf420	0x0
2	0x2348fb0	0x2351f50	0x056a	0x5	0x6a	0xcdff90	0x0
2	0x2348fb0	0x2351f68	0x036b	0x3	0x6b	0x174d340	0x0
2	0x2348fb0	0x2351f80	0x0a6c	0xa	0x6c	0x174cd60	0x0
2	0x2348fb0	0x2351f98	0x036d	0x3	0x6d	0x174df50	0x0
2	0x2348fb0	0x2351fb0	0x0a6e	0xa	0x6e	0x174e580	0x0
2	0x2348fb0	0x2351fc8	0x0a6f	0xa	0x6f	0x174d970	0x0
2	0x2348fb0	0x2351fe0	0x0570	0x5	0x70	0x174b0a0	0x0
2	0x2348fb0	0x2351ff8	0x1971	0x19	0x71	0x174c1d0	0x0
2	0x2348fb0	0x2352010	0x0572	0x5	0x72	0x174c7c0	0x0
2	0x2348fb0	0x2352028	0x1973	0x19	0x73	0x174b640	0x0
2	0x2348fb0	0x2352040	0x0574	0x5	0x74	0x174bc30	0x0
2	0x2348fb0	0x2352058	0x1975	0x19	0x75	0xce2920	0x0
2	0x2348fb0	0x2352070	0x1376	0x13	0x76	0xce2320	0x0
2	0x2348fb0	0x2352088	0x1977	0x19	0x77	0xce3570	0x0
2	0x2348fb0	0x23520a0	0x1378	0x13	0x78	0xce3bc0	0x0
2	0x2348fb0	0x23520b8	0x1379	0x13	0x79	0xce2f70	0x0
2	0x2348fb0	0x23520d0	0x057f	0x5	0x7f	0xd013b0	0x0
2	0x2348fb0	0x23520e8	0x0680	0x6	0x80	0xd018b0	0x0
2	0x2348fb0	0x2352100	0x0581	0x5	0x81	0xd01e00	0x0
2	0x2348fb0	0x2352118	0x0582	0x5	0x82	0xd02300	0x0
2	0x2348fb0	0x2352130	0x0383	0x3	0x83	0xd02830	0x0
2	0x2348fb0	0x2352148	0x0584	0x5	0x84	0xd02db0	0x0
2	0x2348fb0	0x2352160	0x0a85	0xa	0x85	0xd05600	0x0
2	0x2348fb0	0x2352178	0x0386	0x3	0x86	0xd05bc0	0x0
2	0x2348fb0	0x2352190	0x0a87	0xa	0x87	0xd061d0	0x0
2	0x2348fb0	0x23521a8	0x0a88	0xa	0x88	0xd04470	0x0
2	0x2348fb0	0x23521c0	0x0389	0x3	0x89	0xd04a30	0x0
2	0x2348fb0	0x23521d8	0x0a8a	0xa	0x8a	0xd05040	0x0
2	0x2348fb0	0x23521f0	0x0b8b	0xb	0x8b	0xcf3630	0x0
2	0x2348fb0	0x2352208	0x228c	0x22	0x8c	0xcf3020	0x0
2	0x2348fb0	0x2352220	0x228d	0x22	0x8d	0xcf3bf0	0x0
2	0x2348fb0	0x2352238	0x0b8e	0xb	0x8e	0xcf2450	0x0
2	0x2348fb0	0x2352250	0x228f	0x22	0x8f	0xcf1e40	0x0
2	0x2348fb0	0x2352268	0x2290	0x22	0x90	0xcf2a10	0x0
2	0x2348fb0	0x2352280	0x0391	0x3	0x91	0xcf47c0	0x0
2	0x2348fb0	0x2352298	0x2292	0x22	0x92	0xcf4200	0x0
2	0x2348fb0	0x23522b0	0x2293	0x22	0x93	0xcf4d90	0x0
2	0x2348fb0	0x23522c8	0x0794	0x7	0x94	0xcf5910	0x0
2	0x2348fb0	0x23522e0	0x2295	0x22	0x95	0xcf5350	0x0
2	0x2348fb0	0x23522f8	0x2296	0x22	0x96	0xcf5ee0	0x0
2	0x2348fb0	0x2352310	0x0397	0x3	0x97	0xcf6ac0	0x0
2	0x2348fb0	0x2352328	0x0a98	0xa	0x98	0xcf64a0	0x0
2	0x2348fb0	0x2352340	0x0399	0x3	0x99	0xcf7750	0x0
2	0x2348fb0	0x2352358	0x0a9a	0xa	0x9a	0xcf7dc0	0x0
2	0x2348fb0	0x2352370	0x0a9b	0xa	0x9b	0xcf7130	0x0
2	0x2348fb0	0x2352388	0x0a9c	0xa	0x9c	0xd032e0	0x0
2	0x2348fb0	0x23523a0	0x039d	0x3	0x9d	0xd038a0	0x0
2	0x2348fb0	0x23523b8	0x0a9e	0xa	0x9e	0xd03eb0	0x0
2	0x2348fb0	0x23523d0	0x0b9f	0xb	0x9f	0xceefd0	0x0
2	0x2348fb0	0x23523e8	0x22a0	0x22	0xa0	0xcee9c0	0x0
2	0x2348fb0	0x2352400	0x22a1	0x22	0xa1	0xcef590	0x0
2	0x2348fb0	0x2352418	0x0ba2	0xb	0xa2	0xceddf0	0x0
2	0x2348fb0	0x2352430	0x22a3	0x22	0xa3	0xced7e0	0x0
2	0x2348fb0	0x2352448	0x22a4	0x22	0xa4	0xcee3b0	0x0
2	0x2348fb0	0x2352460	0x03a5	0x3	0xa5	0xcf0160	0x0
2	0x2348fb0	0x2352478	0x22a6	0x22	0xa6	0xcefba0	0x0
2	0x2348fb0	0x2352490	0x22a7	0x22	0xa7	0xcf0730	0x0
2	0x2348fb0	0x23524a8	0x07a8	0x7	0xa8	0xcf12b0	0x0
2	0x2348fb0	0x23524c0	0x22a9	0x22	0xa9	0xcf0cf0	0x0
2	0x2348fb0	0x23524d8	0x22aa	0x22	0xaa	0xcf1880	0x0
2	0x2348fb0	0x23524f0	0x05ab	0x5	0xab	0x174eb60	0x0
2	0x2348fb0	0x2352508	0x19ac	0x19	0xac	0x174fdb0	0x0
2	0x2348fb0	0x2352520	0x05ad	0x5	0xad	0x1750400	0x0
2	0x2348fb0	0x2352538	0x19ae	0x19	0xae	0x174f160	0x0
2	0x2348fb0	0x2352550	0x05af	0x5	0xaf	0x174f7b0	0x0
2	0x2348fb0	0x2352568	0x19b0	0x19	0xb0	0x1751000	0x0
2	0x2348fb0	0x2352580	0x13b1	0x13	0xb1	0x1750a00	0x0
2	0x2348fb0	0x2352598	0x19b2	0x19	0xb2	0x1751c50	0x0
2	0x2348fb0	0x23525b0	0x13b3	0x13	0xb3	0x17522a0	0x0
2	0x2348fb0	0x23525c8	0x13b4	0x13	0xb4	0x1751650	0x0
2	0x2348fb0	0x23525e0	0x06b5	0x6	0xb5	0x1742810	0x0
2	0x2348fb0	0x23525f8	0x05b6	0x5	0xb6	0x17422b0	0x0
2	0x2348fb0	0x2352610	0x05b7	0x5	0xb7	0x1742dd0	0x0
2	0x2348fb0	0x2352628	0x03b8	0x3	0xb8	0xcfd160	0x0
2	0x2348fb0	0x2352640	0x03b9	0x3	0xb9	0xcfd740	0x0
2	0x2348fb0	0x2352658	0x05ba	0x5	0xba	0xcfcbc0	0x0
2	0x2348fb0	0x2352670	0x03bb	0x3	0xbb	0xd06cc0	0x0
2	0x2348fb0	0x2352688	0x05bc	0x5	0xbc	0xd06790	0x0
2	0x2348fb0	0x23526a0	0x05bd	0x5	0xbd	0x17492f0	0x0
2	0x2348fb0	0x23526b8	0x19be	0x19	0xbe	0x174a4b0	0x0
2	0x2348fb0	0x23526d0	0x05bf	0x5	0xbf	0x174aad0	0x0
2	0x2348fb0	0x23526e8	0x19c0	0x19	0xc0	0x17498c0	0x0
2	0x2348fb0	0x2352700	0x05c1	0x5	0xc1	0x1749ee0	0x0
2	0x2348fb0	0x2352720	0x0500	0x5	0x0	0xd0ef80	0x0
2	0x2348fb0	0x2352740	0x0a00	0xa	0x0	0xdde920	0x0
2	0x2348fb0	0x2352758	0x0a01	0xa	0x1	0xddef10	0x0
2	0x2348fb0	0x2352770	0x0a02	0xa	0x2	0xddf500	0x0
2	0x2348fb0	0x2352788	0x0503	0x5	0x3	0xdcfb70	0x0
2	0x2348fb0	0x23527a0	0x0504	0x5	0x4	0xdd00b0	0x0
2	0x2348fb0	0x23527b8	0x0705	0x7	0x5	0xdd0c40	0x0
2	0x2348fb0	0x23527d0	0x1306	0x13	0x6	0xdd0600	0x0
2	0x2348fb0	0x23527e8	0x1307	0x13	0x7	0xdd1280	0x0
2	0x2348fb0	0x2352800	0x1908	0x19	0x8	0xdd3060	0x0
2	0x2348fb0	0x2352818	0x1309	0x13	0x9	0xdd2a00	0x0
2	0x2348fb0	0x2352830	0x130a	0x13	0xa	0xdd36c0	0x0
2	0x2348fb0	0x2352848	0x070b	0x7	0xb	0xdd1e80	0x0
2	0x2348fb0	0x2352860	0x050c	0x5	0xc	0xdd18c0	0x0
2	0x2348fb0	0x2352878	0x050d	0x5	0xd	0xdd2440	0x0
2	0x2348fb0	0x2352890	0x030e	0x3	0xe	0xdd4300	0x0
2	0x2348fb0	0x23528a8	0x050f	0x5	0xf	0xdd3d20	0x0
2	0x2348fb0	0x23528c0	0x0510	0x5	0x10	0xdd48f0	0x0
2	0x2348fb0	0x23528d8	0x2311	0x23	0x11	0xdd55f0	0x0
2	0x2348fb0	0x23528f0	0x1312	0x13	0x12	0xdd4ed0	0x0
2	0x2348fb0	0x2352908	0x1313	0x13	0x13	0xdd5d50	0x0
2	0x2348fb0	0x2352920	0x2314	0x23	0x14	0xdd6b20	0x0
2	0x2348fb0	0x2352938	0x1315	0x13	0x15	0xdd6470	0x0
2	0x2348fb0	0x2352950	0x1316	0x13	0x16	0xdd71e0	0x0
2	0x2348fb0	0x2352968	0x0a17	0xa	0x17	0xdd7890	0x0
2	0x2348fb0	0x2352980	0x0318	0x3	0x18	0xdd7e20	0x0
2	0x2348fb0	0x2352998	0x0a19	0xa	0x19	0xdd8400	0x0
2	0x2348fb0	0x23529b0	0x031a	0x3	0x1a	0xdd9e50	0x0
2	0x2348fb0	0x23529c8	0x0a1b	0xa	0x1b	0xdd98c0	0x0
2	0x2348fb0	0x23529e0	0x0a1c	0xa	0x1c	0xddae70	0x0
2	0x2348fb0	0x23529f8	0x031d	0x3	0x1d	0xddb480	0x0
2	0x2348fb0	0x2352a10	0x0a1e	0xa	0x1e	0xddbae0	0x0
2	0x2348fb0	0x2352a28	0x031f	0x3	0x1f	0xddd790	0x0
2	0x2348fb0	0x2352a40	0x0a20	0xa	0x20	0xddd180	0x0
2	0x2348fb0	0x2352a58	0x0521	0x5	0x21	0xdd8990	0x0
2	0x2348fb0	0x2352a70	0x0322	0x3	0x22	0xdd8e80	0x0
2	0x2348fb0	0x2352a88	0x0523	0x5	0x23	0xdd93d0	0x0
2	0x2348fb0	0x2352aa0	0x0324	0x3	0x24	0xdda920	0x0
2	0x2348fb0	0x2352ab8	0x0525	0x5	0x25	0xdda430	0x0
2	0x2348fb0	0x2352ad0	0x0226	0x2	0x26	0xddc0f0	0x0
2	0x2348fb0	0x2352ae8	0x0327	0x3	0x27	0xddc650	0x0
2	0x2348fb0	0x2352b00	0x0228	0x2	0x28	0xddcc20	0x0
2	0x2348fb0	0x2352b18	0x0329	0x3	0x29	0xdde350	0x0
2	0x2348fb0	0x2352b30	0x022a	0x2	0x2a	0xddddf0	0x0
2	0x2348fb0	0x2352b60	0x0500	0x5	0x0	0x1764b60	0x0
2	0x2348fb0	0x2352b78	0x1901	0x19	0x1	0x17651f0	0x0
2	0x2348fb0	0x2352b90	0x0502	0x5	0x2	0x1765850	0x0
2	0x2348fb0	0x2352ba8	0x1903	0x19	0x3	0xd92c10	0x0
2	0x2348fb0	0x2352bc0	0x0504	0x5	0x4	0xd925f0	0x0
2	0x2348fb0	0x2352bd8	0x0505	0x5	0x5	0xd93230	0x0
2	0x2348fb0	0x2352bf0	0x1906	0x19	0x6	0x1763e70	0x0
2	0x2348fb0	0x2352c08	0x0507	0x5	0x7	0x17637e0	0x0
2	0x2348fb0	0x2352c20	0x0508	0x5	0x8	0x17644d0	0x0
2	0x2348fb0	0x2352c38	0x0709	0x7	0x9	0xd91a60	0x0
2	0x2348fb0	0x2352c50	0x050a	0x5	0xa	0xd91490	0x0
2	0x2348fb0	0x2352c68	0x050b	0x5	0xb	0xd92020	0x0
2	0x2348fb0	0x2352c80	0x0d0c	0xd	0xc	0xd93ea0	0x0
2	0x2348fb0	0x2352c98	0x050d	0x5	0xd	0xd93850	0x0
2	0x2348fb0	0x2352cb0	0x050e	0x5	0xe	0xd94530	0x0
2	0x2348fb0	0x2352cc8	0x050f	0x5	0xf	0xd94b80	0x0
2	0x2348fb0	0x2352ce0	0x0310	0x3	0x10	0xd95080	0x0
2	0x2348fb0	0x2352cf8	0x0511	0x5	0x11	0xd955d0	0x0
2	0x2348fb0	0x2352d10	0x0512	0x5	0x12	0xd95ad0	0x0
2	0x2348fb0	0x2352d28	0x0313	0x3	0x13	0xd95fd0	0x0
2	0x2348fb0	0x2352d40	0x0514	0x5	0x14	0xd96520	0x0
2	0x2348fb0	0x2352d58	0x0315	0x3	0x15	0xd97ea0	0x0
2	0x2348fb0	0x2352d70	0x0516	0x5	0x16	0xd979a0	0x0
2	0x2348fb0	0x2352d88	0x0217	0x2	0x17	0xd96a20	0x0
2	0x2348fb0	0x2352da0	0x0318	0x3	0x18	0xd96f30	0x0
2	0x2348fb0	0x2352db8	0x0219	0x2	0x19	0xd97490	0x0
2	0x2348fb0	0x2352dd0	0x031a	0x3	0x1a	0xd98900	0x0
2	0x2348fb0	0x2352de8	0x021b	0x2	0x1b	0xd983f0	0x0
2	0x2348fb0	0x2352e00	0x0600	0x6	0x0	0xcb9dd0	0x0
2	0x2348fb0	0x2352e18	0x0601	0x6	0x1	0xcba2f0	0x0
2	0x2348fb0	0x2352e30	0x0502	0x5	0x2	0xcbb780	0x0
2	0x2348fb0	0x2352e48	0x0503	0x5	0x3	0xcbbcf0	0x0
2	0x2348fb0	0x2352e60	0x2204	0x22	0x4	0x1738920	0x0
2	0x2348fb0	0x2352e78	0x0507	0x5	0x7	0xcbd380	0x0
2	0x2348fb0	0x2352e90	0x1308	0x13	0x8	0xcbd9b0	0x0
2	0x2348fb0	0x2352ea8	0x0509	0x5	0x9	0x1738f30	0x0
2	0x2348fb0	0x2352ec0	0x060a	0x6	0xa	0xcba810	0x0
2	0x2348fb0	0x2352ed8	0x060b	0x6	0xb	0xcb98b0	0x0
2	0x2348fb0	0x2352ef0	0x060c	0x6	0xc	0xcb9390	0x0
2	0x2348fb0	0x2352f08	0x060d	0x6	0xd	0xcbad30	0x0
2	0x2348fb0	0x2352f20	0x050e	0x5	0xe	0xcbb280	0x0
2	0x2348fb0	0x2352f38	0x050f	0x5	0xf	0xcbc2b0	0x0
2	0x2348fb0	0x2352f60	0x1300	0x13	0x0	0x175b250	0x0
2	0x2348fb0	0x2352f78	0x1301	0x13	0x1	0x175b940	0x0
2	0x2348fb0	0x2352f90	0x1302	0x13	0x2	0x175ab50	0x0
2	0x2348fb0	0x2352fa8	0x1903	0x19	0x3	0xd16de0	0x0
2	0x2348fb0	0x2352fc0	0x1904	0x19	0x4	0xd18190	0x0
2	0x2348fb0	0x2352fd8	0x1305	0x13	0x5	0xd17b00	0x0
2	0x2348fb0	0x2352ff0	0x1306	0x13	0x6	0xd18820	0x0
2	0x2348fb0	0x2353008	0x1307	0x13	0x7	0xd17470	0x0
2	0x2348fb0	0x2353020	0x1908	0x19	0x8	0x1759ca0	0x0
2	0x2348fb0	0x2353038	0x1909	0x19	0x9	0x1758df0	0x0
2	0x2348fb0	0x2353050	0x130a	0x13	0xa	0x1758680	0x0
2	0x2348fb0	0x2353068	0x130b	0x13	0xb	0x1759530	0x0
2	0x2348fb0	0x2353080	0x130c	0x13	0xc	0x175a3e0	0x0
2	0x2348fb0	0x2353098	0x070d	0x7	0xd	0xd14e30	0x0
2	0x2348fb0	0x23530b0	0x070e	0x7	0xe	0xd16140	0x0
2	0x2348fb0	0x23530c8	0x0a0f	0xa	0xf	0xd15ae0	0x0
2	0x2348fb0	0x23530e0	0x0a10	0xa	0x10	0xd16780	0x0
2	0x2348fb0	0x23530f8	0x0a11	0xa	0x11	0xd15480	0x0
2	0x2348fb0	0x2353110	0x0d12	0xd	0x12	0xd1d610	0x0
2	0x2348fb0	0x2353128	0x0d13	0xd	0x13	0xd1ea90	0x0
2	0x2348fb0	0x2353140	0x1314	0x13	0x14	0xd1e3e0	0x0
2	0x2348fb0	0x2353158	0x1315	0x13	0x15	0xd1f1b0	0x0
2	0x2348fb0	0x2353170	0x1316	0x13	0x16	0xd1dd30	0x0
2	0x2348fb0	0x2353188	0x0d17	0xd	0x17	0xd1f860	0x0
2	0x2348fb0	0x23531a0	0x0d18	0xd	0x18	0xd20da0	0x0
2	0x2348fb0	0x23531b8	0x1319	0x13	0x19	0xd206b0	0x0
2	0x2348fb0	0x23531d0	0x131a	0x13	0x1a	0xd21500	0x0
2	0x2348fb0	0x23531e8	0x131b	0x13	0x1b	0xd1ffc0	0x0
2	0x2348fb0	0x2353200	0x231c	0x23	0x1c	0xd195e0	0x0
2	0x2348fb0	0x2353218	0x231d	0x23	0x1d	0xd1c770	0x0
2	0x2348fb0	0x2353230	0x131e	0x13	0x1e	0xd1c040	0x0
2	0x2348fb0	0x2353248	0x131f	0x13	0x1f	0xd1cee0	0x0
2	0x2348fb0	0x2353260	0x1320	0x13	0x20	0xd1b910	0x0
2	0x2348fb0	0x2353278	0x2321	0x23	0x21	0xd18eb0	0x0
2	0x2348fb0	0x2353290	0x2322	0x23	0x22	0xd1ab10	0x0
2	0x2348fb0	0x23532a8	0x1323	0x13	0x23	0xd1a430	0x0
2	0x2348fb0	0x23532c0	0x1324	0x13	0x24	0xd1b230	0x0
2	0x2348fb0	0x23532d8	0x1325	0x13	0x25	0xd19d50	0x0
2	0x2348fb0	0x23532f0	0x1326	0x13	0x26	0x175c750	0x0
2	0x2348fb0	0x2353308	0x1927	0x19	0x27	0x175c040	0x0
2	0x2348fb0	0x2353320	0x1328	0x13	0x28	0x175dce0	0x0
2	0x2348fb0	0x2353338	0x1929	0x19	0x29	0x175ce90	0x0
2	0x2348fb0	0x2353350	0x132a	0x13	0x2a	0x175d5a0	0x0
2	0x2348fb0	0x2353380	0x0700	0x7	0x0	0xc72b10	0x0
2	0x2348fb0	0x2353398	0x0a01	0xa	0x1	0xc72530	0x0
2	0x2348fb0	0x23533b0	0x0502	0x5	0x2	0x17347d0	0x0
2	0x2348fb0	0x23533c8	0x0303	0x3	0x3	0x17341b0	0x0
2	0x2348fb0	0x23533e0	0x0504	0x5	0x4	0x1734e40	0x0
2	0x2348fb0	0x23533f8	0x0705	0x7	0x5	0xc70270	0x0
2	0x2348fb0	0x2353410	0x0206	0x2	0x6	0xc6fd20	0x0
2	0x2348fb0	0x2353428	0x0307	0x3	0x7	0xc6c300	0x0
2	0x2348fb0	0x2353440	0x0508	0x5	0x8	0xc6bce0	0x0
2	0x2348fb0	0x2353458	0x0509	0x5	0x9	0xc6c920	0x0
2	0x2348fb0	0x2353470	0x050a	0x5	0xa	0x17334f0	0x0
2	0x2348fb0	0x2353488	0x050b	0x5	0xb	0x1733b50	0x0
2	0x2348fb0	0x23534a0	0x190c	0x19	0xc	0x1732e90	0x0
2	0x2348fb0	0x23534b8	0x050d	0x5	0xd	0x1732170	0x0
2	0x2348fb0	0x23534d0	0x050e	0x5	0xe	0x1732800	0x0
2	0x2348fb0	0x23534e8	0x070f	0x7	0xf	0xc6b720	0x0
2	0x2348fb0	0x2353500	0x0510	0x5	0x10	0xc6ab80	0x0
2	0x2348fb0	0x2353518	0x0511	0x5	0x11	0xc6b150	0x0
2	0x2348fb0	0x2353530	0x0d12	0xd	0x12	0xc6d590	0x0
2	0x2348fb0	0x2353548	0x0513	0x5	0x13	0xc6cf40	0x0
2	0x2348fb0	0x2353560	0x0514	0x5	0x14	0xc6dc20	0x0
2	0x2348fb0	0x2353578	0x0515	0x5	0x15	0xc730f0	0x0
2	0x2348fb0	0x2353590	0x0316	0x3	0x16	0xc735f0	0x0
2	0x2348fb0	0x23535a8	0x0517	0x5	0x17	0xc73b10	0x0
2	0x2348fb0	0x23535c0	0x0a18	0xa	0x18	0xc707d0	0x0
2	0x2348fb0	0x23535d8	0x0319	0x3	0x19	0xc71390	0x0
2	0x2348fb0	0x23535f0	0x0a1a	0xa	0x1a	0xc70db0	0x0
2	0x2348fb0	0x2353608	0x031b	0x3	0x1b	0xc71f50	0x0
2	0x2348fb0	0x2353620	0x0a1c	0xa	0x1c	0xc71970	0x0
2	0x2348fb0	0x2353638	0x051d	0x5	0x1d	0xc74010	0x0
2	0x2348fb0	0x2353650	0x031e	0x3	0x1e	0xc74540	0x0
2	0x2348fb0	0x2353668	0x051f	0x5	0x1f	0xc74a90	0x0
2	0x2348fb0	0x2353680	0x0220	0x2	0x20	0xc6e270	0x0
2	0x2348fb0	0x2353698	0x0321	0x3	0x21	0xc6ed10	0x0
2	0x2348fb0	0x23536b0	0x0222	0x2	0x22	0xc6e7c0	0x0
2	0x2348fb0	0x23536c8	0x0323	0x3	0x23	0xc6f7c0	0x0
2	0x2348fb0	0x23536e0	0x0224	0x2	0x24	0xc6f270	0x0
2	0x2348fb0	0x2353700	0x0500	0x5	0x0	0xd8edb0	0x0
2	0x2348fb0	0x2353718	0x0501	0x5	0x1	0xd8cf40	0x0
2	0x2348fb0	0x2353730	0x0502	0x5	0x2	0xd90190	0x0
2	0x2348fb0	0x2353748	0x0503	0x5	0x3	0xd90630	0x0
2	0x2348fb0	0x2353760	0x0304	0x3	0x4	0xd8dda0	0x0
2	0x2348fb0	0x2353778	0x0305	0x3	0x5	0xd8e300	0x0
2	0x2348fb0	0x2353790	0x0506	0x5	0x6	0xd8fcf0	0x0
2	0x2348fb0	0x23537a8	0x0507	0x5	0x7	0xd90ae0	0x0
2	0x2348fb0	0x23537c0	0x0308	0x3	0x8	0xd8e860	0x0
2	0x2348fb0	0x23537d8	0x0309	0x3	0x9	0xd8f290	0x0
2	0x2348fb0	0x23537f0	0x050a	0x5	0xa	0xd8f7f0	0x0
2	0x2348fb0	0x2353808	0x050b	0x5	0xb	0xd8c110	0x0
2	0x2348fb0	0x2353820	0x060c	0x6	0xc	0xd8c5b0	0x0
2	0x2348fb0	0x2353838	0x050d	0x5	0xd	0xd8caa0	0x0
2	0x2348fb0	0x2353850	0x060e	0x6	0xe	0xd8d8a0	0x0
2	0x2348fb0	0x2353868	0x050f	0x5	0xf	0xd8d400	0x0
2	0x2348fb0	0x2353880	0x0700	0x7	0x0	0xcbe550	0x0
2	0x2348fb0	0x2353898	0x0701	0x7	0x1	0xcbe030	0x0
2	0x2348fb0	0x23538b0	0x0702	0x7	0x2	0xcbeaa0	0x0
2	0x2348fb0	0x23538c8	0x0503	0x5	0x3	0xcbffb0	0x0
2	0x2348fb0	0x23538e0	0x0704	0x7	0x4	0xcbf510	0x0
2	0x2348fb0	0x23538f8	0x0705	0x7	0x5	0xcbeff0	0x0
2	0x2348fb0	0x2353910	0x0506	0x5	0x6	0xcc0480	0x0
2	0x2348fb0	0x2353928	0x0707	0x7	0x7	0xcbfa60	0x0
2	0x2348fb0	0x2353940	0x0500	0x5	0x0	0xcc1720	0x0
2	0x2348fb0	0x2353958	0x0501	0x5	0x1	0x173c1a0	0x0
2	0x2348fb0	0x2353970	0x0502	0x5	0x2	0x173bd20	0x0
2	0x2348fb0	0x23539a0	0x0300	0x3	0x0	0xdb36b0	0x0
2	0x2348fb0	0x23539b8	0x0601	0x6	0x1	0x176abb0	0x0
2	0x2348fb0	0x23539d0	0x0602	0x6	0x2	0x176a6d0	0x0
2	0x2348fb0	0x23539e8	0x0603	0x6	0x3	0xdb3bc0	0x0
2	0x2348fb0	0x2353a00	0x0700	0x7	0x0	0xcb8340	0x0
2	0x2348fb0	0x2353a18	0x0701	0x7	0x1	0xcb8e10	0x0
2	0x2348fb0	0x2353a30	0x0702	0x7	0x2	0xcb7df0	0x0
2	0x2348fb0	0x2353a48	0x0703	0x7	0x3	0xcb8890	0x0
2	0x2348fb0	0x2353a60	0x0500	0x5	0x0	0xcb6620	0x0
2	0x2348fb0	0x2353a78	0x0601	0x6	0x1	0xcb6ac0	0x0
2	0x2348fb0	0x2353a90	0x0502	0x5	0x2	0xcb6fb0	0x0
2	0x2348fb0	0x2353aa8	0x0603	0x6	0x3	0xcb78f0	0x0
2	0x2348fb0	0x2353ac0	0x0504	0x5	0x4	0xcb7450	0x0
2	0x2348fb0	0x2353ae0	0x0500	0x5	0x0	0xcc0950	0x0
2	0x2348fb0	0x2353af8	0x0501	0x5	0x1	0x1739590	0x0
2	0x2348fb0	0x2353b20	0x0700	0x7	0x0	0xcb4460	0x0
2	0x2348fb0	0x2353b38	0x0701	0x7	0x1	0xcb49b0	0x0
2	0x2348fb0	0x2353b50	0x0702	0x7	0x2	0xcb5ac0	0x0
2	0x2348fb0	0x2353b68	0x0703	0x7	0x3	0xcb6050	0x0
2	0x2348fb0	0x2353b80	0x0704	0x7	0x4	0xcb3960	0x0
2	0x2348fb0	0x2353b98	0x0705	0x7	0x5	0xcb3eb0	0x0
2	0x2348fb0	0x2353bb0	0x0706	0x7	0x6	0x1738360	0x0
2	0x2348fb0	0x2353bc8	0x0707	0x7	0x7	0xcb54f0	0x0
2	0x2348fb0	0x2353be0	0x0200	0x2	0x0	0xe096a0	0x0
2	0x2348fb0	0x2353c00	0x0a00	0xa	0x0	0xe09ad0	0x0
2	0x2348fb0	0x2353c20	0x0500	0x5	0x0	0xcb1fc0	0x0
2	0x2348fb0	0x2353c38	0x0301	0x3	0x1	0xcb24c0	0x0
2	0x2348fb0	0x2353c50	0x0502	0x5	0x2	0xcb2a10	0x0
2	0x2348fb0	0x2353c68	0x0303	0x3	0x3	0xcb3410	0x0
2	0x2348fb0	0x2353c80	0x0504	0x5	0x4	0xcb2f10	0x0
2	0x2348fb0	0x2353ca0	0x0500	0x5	0x0	0xd07240	0x0
2	0x2348fb0	0x2353cb8	0x0301	0x3	0x1	0xd07c30	0x0
2	0x2348fb0	0x2353cd0	0x0502	0x5	0x2	0xd07730	0x0
2	0x2348fb0	0x2353ce8	0x0303	0x3	0x3	0xd09050	0x0
2	0x2348fb0	0x2353d00	0x0504	0x5	0x4	0xd08b50	0x0
2	0x2348fb0	0x2353d18	0x0505	0x5	0x5	0xd08650	0x0
2	0x2348fb0	0x2353d30	0x0506	0x5	0x6	0xd09a70	0x0
2	0x2348fb0	0x2353d48	0x0507	0x5	0x7	0xd08180	0x0
2	0x2348fb0	0x2353d60	0x0508	0x5	0x8	0xd095a0	0x0
3	0x236cd10	0x236cd10	0x0200	0x2	0x0	0xea7440	0x0
3	0x236cd10	0x236cd30	0x0200	0x2	0x0	0xea6fe0	0x0
3	0x236cd10	0x236cd50	0x0200	0x2	0x0	0xea6b80	0x0
3	0x236cd10	0x236cd70	0x0500	0x5	0x0	0xea6710	0x0
3	0x236cd10	0x236cda0	0x1900	0x19	0x0	0x14f8050	0x0
3	0x236cd10	0x236cdb8	0x1901	0x19	0x1	0x14f7a00	0x0
3	0x236cd10	0x236cdd0	0x1902	0x19	0x2	0x14f86a0	0x0
3	0x236cd10	0x236cde8	0x1903	0x19	0x3	0x14f8d40	0x0
3	0x236cd10	0x236ce00	0x1904	0x19	0x4	0x14f93e0	0x0
3	0x236cd10	0x236ce18	0x1905	0x19	0x5	0x14f5fa0	0x0
3	0x236cd10	0x236ce30	0x1906	0x19	0x6	0x14f5950	0x0
3	0x236cd10	0x236ce48	0x1907	0x19	0x7	0x14f65f0	0x0
3	0x236cd10	0x236ce60	0x1908	0x19	0x8	0x14f6c90	0x0
3	0x236cd10	0x236ce78	0x1909	0x19	0x9	0x14f7330	0x0
3	0x236cd10	0x236cea0	0x0200	0x2	0x0	0x14d8600	0x0
3	0x236cd10	0x236ceb8	0x0201	0x2	0x1	0x14d8b70	0x0
3	0x236cd10	0x236cee0	0x0500	0x5	0x0	0xe46790	0x0
3	0x236cd10	0x236cef8	0x0201	0x2	0x1	0xe46320	0x0
3	0x236cd10	0x236cf10	0x0502	0x5	0x2	0xe46c90	0x0
3	0x236cd10	0x236cf40	0x0d00	0xd	0x0	0x14d03f0	0x0
3	0x236cd10	0x236cf58	0x1301	0x13	0x1	0x14cfd20	0x0
3	0x236cd10	0x236cf70	0x1302	0x13	0x2	0x14d0b00	0x0
3	0x236cd10	0x236cf88	0x2303	0x23	0x3	0x14d1930	0x0
3	0x236cd10	0x236cfa0	0x1304	0x13	0x4	0x14d11d0	0x0
3	0x236cd10	0x236cfb8	0x1305	0x13	0x5	0x14d2090	0x0
3	0x236cd10	0x236cfe0	0x0000	0x0	0x0	0x14cf110	0x0
3	0x236cd10	0x236cff8	0x0501	0x5	0x1	0x14cead0	0x0
3	0x236cd10	0x236d010	0x0502	0x5	0x2	0x14cf6e0	0x0
3	0x236cd10	0x236d028	0x0d03	0xd	0x3	0x14cdde0	0x0
3	0x236cd10	0x236d040	0x0504	0x5	0x4	0x14cd780	0x0
3	0x236cd10	0x236d058	0x0505	0x5	0x5	0x14ce470	0x0
3	0x236cd10	0x236d080	0x0600	0x6	0x0	0x14c6880	0x0
3	0x236cd10	0x236d098	0x0501	0x5	0x1	0x14c6310	0x0
3	0x236cd10	0x236d0b0	0x0502	0x5	0x2	0x14c6dd0	0x0
3	0x236cd10	0x236d0c8	0x0b03	0xb	0x3	0x14c3190	0x0
3	0x236cd10	0x236d0e0	0x0504	0x5	0x4	0x14c36f0	0x0
3	0x236cd10	0x236d0f8	0x0505	0x5	0x5	0x14c3c90	0x0
3	0x236cd10	0x236d110	0x0606	0x6	0x6	0x14c78b0	0x0
3	0x236cd10	0x236d128	0x0507	0x5	0x7	0x14c7340	0x0
3	0x236cd10	0x236d140	0x0508	0x5	0x8	0x14c7e10	0x0
3	0x236cd10	0x236d158	0x0609	0x6	0x9	0x14c52a0	0x0
3	0x236cd10	0x236d170	0x0b0a	0xb	0xa	0x14c4d40	0x0
3	0x236cd10	0x236d188	0x050b	0x5	0xb	0x14c4230	0x0
3	0x236cd10	0x236d1a0	0x050c	0x5	0xc	0x14c47d0	0x0
3	0x236cd10	0x236d1b8	0x050d	0x5	0xd	0x14c5800	0x0
3	0x236cd10	0x236d1d0	0x050e	0x5	0xe	0x14c5da0	0x0
3	0x236cd10	0x236d1f0	0x0200	0x2	0x0	0xe445e0	0x0
3	0x236cd10	0x236d220	0x1900	0x19	0x0	0x14e55c0	0x0
3	0x236cd10	0x236d238	0x1901	0x19	0x1	0x14e5c10	0x0
3	0x236cd10	0x236d250	0x1902	0x19	0x2	0x14e6260	0x0
3	0x236cd10	0x236d268	0x1903	0x19	0x3	0x14e42a0	0x0
3	0x236cd10	0x236d280	0x1904	0x19	0x4	0x14e48f0	0x0
3	0x236cd10	0x236d298	0x1905	0x19	0x5	0x14e4f40	0x0
3	0x236cd10	0x236d2c0	0x0500	0x5	0x0	0xeb2630	0x0
3	0x236cd10	0x236d2d8	0x0501	0x5	0x1	0xeb1c00	0x0
3	0x236cd10	0x236d2f0	0x0702	0x7	0x2	0xeb2ae0	0x0
3	0x236cd10	0x236d308	0x0703	0x7	0x3	0xeb20e0	0x0
3	0x236cd10	0x236d320	0x0500	0x5	0x0	0xeab320	0x0
3	0x236cd10	0x236d340	0x0500	0x5	0x0	0xeaae30	0x0
3	0x236cd10	0x236d360	0x0900	0x9	0x0	0x14eb0a0	0x0
3	0x236cd10	0x236d378	0x0201	0x2	0x1	0x14eac30	0x0
3	0x236cd10	0x236d3a0	0x0502	0x5	0x2	0x14f5460	0x0
3	0x236cd10	0x236d3b8	0x0503	0x5	0x3	0x14f4fa0	0x0
3	0x236cd10	0x236d3e0	0x0500	0x5	0x0	0x17a9b70	0x0
3	0x236cd10	0x236d3f8	0x0501	0x5	0x1	0x17a96b0	0x0
3	0x236cd10	0x236d420	0x0500	0x5	0x0	0xeaa0c0	0x0
3	0x236cd10	0x236d438	0x0601	0x6	0x1	0xea9c20	0x0
3	0x236cd10	0x236d450	0x0202	0x2	0x2	0xea97c0	0x0
3	0x236cd10	0x236d480	0x0b00	0xb	0x0	0x151c480	0x0
3	0x236cd10	0x236d498	0x0b01	0xb	0x1	0x151ce60	0x0
3	0x236cd10	0x236d4b0	0x0502	0x5	0x2	0x151bfa0	0x0
3	0x236cd10	0x236d4c8	0x0503	0x5	0x3	0x151c9a0	0x0
3	0x236cd10	0x236d4e0	0x0300	0x3	0x0	0x151b5b0	0x0
3	0x236cd10	0x236d4f8	0x0501	0x5	0x1	0x151bae0	0x0
3	0x236cd10	0x236d520	0x0300	0x3	0x0	0x1515b40	0x0
3	0x236cd10	0x236d538	0x0501	0x5	0x1	0x15160b0	0x0
3	0x236cd10	0x236d550	0x0b02	0xb	0x2	0x15155e0	0x0
3	0x236cd10	0x236d568	0x2203	0x22	0x3	0x1516620	0x0
3	0x236cd10	0x236d580	0x0300	0x3	0x0	0x151e3b0	0x0
3	0x236cd10	0x236d598	0x0201	0x2	0x1	0x151de60	0x0
3	0x236cd10	0x236d5b0	0x0200	0x2	0x0	0x151ac70	0x0
3	0x236cd10	0x236d5e0	0x0500	0x5	0x0	0x151d8f0	0x0
3	0x236cd10	0x236d5f8	0x0301	0x3	0x1	0x151d360	0x0
3	0x236cd10	0x236d620	0x0200	0x2	0x0	0x14f9ef0	0x0
3	0x236cd10	0x236d638	0x0201	0x2	0x1	0x14fa910	0x0
3	0x236cd10	0x236d650	0x0302	0x3	0x2	0x14fa3d0	0x0
3	0x236cd10	0x236d668	0x0703	0x7	0x3	0x14fb310	0x0
3	0x236cd10	0x236d680	0x0204	0x2	0x4	0x14fadf0	0x0
3	0x236cd10	0x236d698	0x0205	0x2	0x5	0x14fb880	0x0
3	0x236cd10	0x236d6c0	0x0500	0x5	0x0	0x1514990	0x0
3	0x236cd10	0x236d6d8	0x1301	0x13	0x1	0x1514f90	0x0
3	0x236cd10	0x236d700	0x0500	0x5	0x0	0x1513c70	0x0
3	0x236cd10	0x236d718	0x1301	0x13	0x1	0x15142d0	0x0
3	0x236cd10	0x236d740	0x0200	0x2	0x0	0xea5bb0	0x0
3	0x236cd10	0x236d758	0x0a01	0xa	0x1	0xea5000	0x0
3	0x236cd10	0x236d770	0x0a05	0xa	0x5	0x15136e0	0x0
3	0x236cd10	0x236d7a0	0x1300	0x13	0x0	0x1512260	0x0
3	0x236cd10	0x236d7b8	0x1301	0x13	0x1	0x1513000	0x0
3	0x236cd10	0x236d7d0	0x1305	0x13	0x5	0x1512920	0x0
3	0x236cd10	0x236d800	0x0a00	0xa	0x0	0x150eb90	0x0
3	0x236cd10	0x236d818	0x0a01	0xa	0x1	0x150f7a0	0x0
3	0x236cd10	0x236d830	0x0a05	0xa	0x5	0x150f180	0x0
3	0x236cd10	0x236d860	0x1300	0x13	0x0	0x150c0e0	0x0
3	0x236cd10	0x236d878	0x1301	0x13	0x1	0x150d600	0x0
3	0x236cd10	0x236d890	0x1302	0x13	0x2	0x150e450	0x0
3	0x236cd10	0x236d8a8	0x1303	0x13	0x3	0x150cef0	0x0
3	0x236cd10	0x236d8c0	0x130a	0x13	0xa	0x150c7e0	0x0
3	0x236cd10	0x236d8d8	0x130b	0x13	0xb	0x150dd20	0x0
3	0x236cd10	0x236d900	0x1300	0x13	0x0	0x1509560	0x0
3	0x236cd10	0x236d918	0x1301	0x13	0x1	0x150aad0	0x0
3	0x236cd10	0x236d930	0x1302	0x13	0x2	0x150b980	0x0
3	0x236cd10	0x236d948	0x1303	0x13	0x3	0x150a3a0	0x0
3	0x236cd10	0x236d960	0x130a	0x13	0xa	0x1509c70	0x0
3	0x236cd10	0x236d978	0x130b	0x13	0xb	0x150b220	0x0
3	0x236cd10	0x236d9a0	0x1300	0x13	0x0	0x15069f0	0x0
3	0x236cd10	0x236d9b8	0x1301	0x13	0x1	0x1507f70	0x0
3	0x236cd10	0x236d9d0	0x1302	0x13	0x2	0x1508e00	0x0
3	0x236cd10	0x236d9e8	0x1303	0x13	0x3	0x1507840	0x0
3	0x236cd10	0x236da00	0x130a	0x13	0xa	0x1507110	0x0
3	0x236cd10	0x236da18	0x130b	0x13	0xb	0x15086b0	0x0
3	0x236cd10	0x236da40	0x0300	0x3	0x0	0xe8fff0	0x0
3	0x236cd10	0x236da58	0x0301	0x3	0x1	0xe91170	0x0
3	0x236cd10	0x236da70	0x0502	0x5	0x2	0xe916c0	0x0
3	0x236cd10	0x236da88	0x0503	0x5	0x3	0x17a3d80	0x0
3	0x236cd10	0x236daa0	0x0304	0x3	0x4	0xe91b60	0x0
3	0x236cd10	0x236dab8	0x0305	0x3	0x5	0xe90bb0	0x0
3	0x236cd10	0x236dad0	0x0306	0x3	0x6	0xe90600	0x0
3	0x236cd10	0x236dae8	0x0307	0x3	0x7	0xe92110	0x0
3	0x236cd10	0x236db00	0x0308	0x3	0x8	0xe926a0	0x0
3	0x236cd10	0x236db18	0x0309	0x3	0x9	0xe92c20	0x0
3	0x236cd10	0x236db40	0x1300	0x13	0x0	0x15041d0	0x0
3	0x236cd10	0x236db58	0x1301	0x13	0x1	0x1504870	0x0
3	0x236cd10	0x236db70	0x1302	0x13	0x2	0x1505620	0x0
3	0x236cd10	0x236db88	0x1303	0x13	0x3	0x1505ca0	0x0
3	0x236cd10	0x236dba0	0x1308	0x13	0x8	0x1504f50	0x0
3	0x236cd10	0x236dbb8	0x1309	0x13	0x9	0x1506350	0x0
3	0x236cd10	0x236dbe0	0x2500	0x25	0x0	0x1502d00	0x0
3	0x236cd10	0x236dbf8	0x2501	0x25	0x1	0x15033d0	0x0
3	0x236cd10	0x236dc10	0x2504	0x25	0x4	0x1503ad0	0x0
3	0x236cd10	0x236dc40	0x0300	0x3	0x0	0x14d6470	0x0
3	0x236cd10	0x236dc58	0x0201	0x2	0x1	0x14d5a30	0x0
3	0x236cd10	0x236dc70	0x0202	0x2	0x2	0x14d5f50	0x0
3	0x236cd10	0x236dc88	0x0303	0x3	0x3	0x14d7a70	0x0
3	0x236cd10	0x236dca0	0x0a04	0xa	0x4	0x14d6f10	0x0
3	0x236cd10	0x236dcb8	0x0a05	0xa	0x5	0x14d74c0	0x0
3	0x236cd10	0x236dcd0	0x030c	0x3	0xc	0x14d69a0	0x0
3	0x236cd10	0x236dce8	0x030f	0x3	0xf	0x14d8020	0x0
3	0x236cd10	0x236dd00	0x1300	0x13	0x0	0x14ff330	0x0
3	0x236cd10	0x236dd18	0x1301	0x13	0x1	0x14ff9f0	0x0
3	0x236cd10	0x236dd30	0x1302	0x13	0x2	0x15007c0	0x0
3	0x236cd10	0x236dd48	0x1303	0x13	0x3	0x1500e50	0x0
3	0x236cd10	0x236dd60	0x1308	0x13	0x8	0x15000e0	0x0
3	0x236cd10	0x236dd78	0x1309	0x13	0x9	0x1501510	0x0
3	0x236cd10	0x236dda0	0x1300	0x13	0x0	0x14fde40	0x0
3	0x236cd10	0x236ddb8	0x1301	0x13	0x1	0x14fe520	0x0
3	0x236cd10	0x236ddd0	0x2502	0x25	0x2	0x14fc8d0	0x0
3	0x236cd10	0x236dde8	0x2503	0x25	0x3	0x14fcfe0	0x0
3	0x236cd10	0x236de00	0x1308	0x13	0x8	0x14fec40	0x0
3	0x236cd10	0x236de18	0x2509	0x25	0x9	0x14fd720	0x0
3	0x236cd10	0x236de40	0x0300	0x3	0x0	0x14fc320	0x0
3	0x236cd10	0x236de58	0x0301	0x3	0x1	0x14fbda0	0x0
3	0x236cd10	0x236de80	0x0300	0x3	0x0	0xe82370	0x0
3	0x236cd10	0x236de98	0x0301	0x3	0x1	0xe81e50	0x0
3	0x236cd10	0x236deb0	0x0302	0x3	0x2	0xe828c0	0x0
3	0x236cd10	0x236dee0	0x0300	0x3	0x0	0xe80880	0x0
3	0x236cd10	0x236def8	0x0301	0x3	0x1	0xe80dd0	0x0
3	0x236cd10	0x236df10	0x0302	0x3	0x2	0xe818a0	0x0
3	0x236cd10	0x236df28	0x0303	0x3	0x3	0xe81320	0x0
3	0x236cd10	0x236df40	0x1900	0x19	0x0	0x17a3640	0x0
3	0x236cd10	0x236df58	0x1901	0x19	0x1	0x17a2820	0x0
3	0x236cd10	0x236df70	0x1902	0x19	0x2	0x17a2f30	0x0
3	0x236cd10	0x236df88	0x1903	0x19	0x3	0x17a2130	0x0
3	0x236cd10	0x236dfa0	0x1904	0x19	0x4	0x17a0080	0x0
3	0x236cd10	0x236dfb8	0x1905	0x19	0x5	0x17a06d0	0x0
3	0x236cd10	0x236dfd0	0x1906	0x19	0x6	0x17a1a60	0x0
3	0x236cd10	0x236dfe8	0x1907	0x19	0x7	0x17a0d20	0x0
3	0x236cd10	0x236e000	0x1908	0x19	0x8	0x17a13c0	0x0
3	0x236cd10	0x236e020	0x1900	0x19	0x0	0x179b020	0x0
3	0x236cd10	0x236e038	0x1901	0x19	0x1	0x179b640	0x0
3	0x236cd10	0x236e050	0x1902	0x19	0x2	0x179fa10	0x0
3	0x236cd10	0x236e068	0x1903	0x19	0x3	0x179e750	0x0
3	0x236cd10	0x236e080	0x1904	0x19	0x4	0x179f3c0	0x0
3	0x236cd10	0x236e098	0x1905	0x19	0x5	0x179ed70	0x0
3	0x236cd10	0x236e0b0	0x0306	0x3	0x6	0x179e150	0x0
3	0x236cd10	0x236e0c8	0x0307	0x3	0x7	0x179cfe0	0x0
3	0x236cd10	0x236e0e0	0x0308	0x3	0x8	0x179db70	0x0
3	0x236cd10	0x236e0f8	0x0309	0x3	0x9	0x179d590	0x0
3	0x236cd10	0x236e110	0x190a	0x19	0xa	0x179c940	0x0
3	0x236cd10	0x236e128	0x190b	0x19	0xb	0x179bc60	0x0
3	0x236cd10	0x236e140	0x190c	0x19	0xc	0x179c2d0	0x0
3	0x236cd10	0x236e160	0x0200	0x2	0x0	0x1519b90	0x0
3	0x236cd10	0x236e178	0x0301	0x3	0x1	0x15195a0	0x0
3	0x236cd10	0x236e190	0x0202	0x2	0x2	0x151a6f0	0x0
3	0x236cd10	0x236e1a8	0x0303	0x3	0x3	0x151a100	0x0
3	0x236cd10	0x236e1c0	0x0204	0x2	0x4	0x1519020	0x0
3	0x236cd10	0x236e1d8	0x0305	0x3	0x5	0x1518a30	0x0
3	0x236cd10	0x236e1f0	0x0200	0x2	0x0	0xe7de90	0x0
3	0x236cd10	0x236e210	0x0500	0x5	0x0	0xe7da00	0x0
3	0x236cd10	0x236e230	0x0500	0x5	0x0	0x14c2820	0x0
3	0x236cd10	0x236e250	0x0200	0x2	0x0	0xe7cfa0	0x0
3	0x236cd10	0x236e270	0x0200	0x2	0x0	0xe7cb30	0x0
3	0x236cd10	0x236e290	0x0200	0x2	0x0	0x14f9ab0	0x0
3	0x236cd10	0x236e2c0	0x0700	0x7	0x0	0xe7c190	0x0
3	0x236cd10	0x236e2d8	0x0501	0x5	0x1	0xe7c680	0x0
3	0x236cd10	0x236e2f0	0x0502	0x5	0x2	0xe7aea0	0x0
3	0x236cd10	0x236e308	0x0503	0x5	0x3	0xe7b830	0x0
3	0x236cd10	0x236e320	0x0604	0x6	0x4	0xe7b350	0x0
3	0x236cd10	0x236e338	0x0505	0x5	0x5	0xe7bce0	0x0
3	0x236cd10	0x236e360	0x0700	0x7	0x0	0xe7a3a0	0x0
3	0x236cd10	0x236e378	0x0701	0x7	0x1	0xe7a920	0x0
3	0x236cd10	0x236e390	0x0702	0x7	0x2	0xe798a0	0x0
3	0x236cd10	0x236e3a8	0x0703	0x7	0x3	0xe79e20	0x0
3	0x236cd10	0x236e3c0	0x0500	0x5	0x0	0xe793d0	0x0
3	0x236cd10	0x236e3e0	0x0200	0x2	0x0	0x15171e0	0x0
3	0x236cd10	0x236e3f8	0x0301	0x3	0x1	0x1516ba0	0x0
3	0x236cd10	0x236e410	0x0a02	0xa	0x2	0x1517eb0	0x0
3	0x236cd10	0x236e428	0x0303	0x3	0x3	0x1517830	0x0
3	0x236cd10	0x236e440	0x0500	0x5	0x0	0x14f4160	0x0
3	0x236cd10	0x236e460	0x0300	0x3	0x0	0x14f3060	0x0
3	0x236cd10	0x236e478	0x0301	0x3	0x1	0x14f2b00	0x0
3	0x236cd10	0x236e490	0x0302	0x3	0x2	0x14f35c0	0x0
3	0x236cd10	0x236e4a8	0x0303	0x3	0x3	0x14f3b90	0x0
3	0x236cd10	0x236e4c0	0x1300	0x13	0x0	0x14ef6b0	0x0
3	0x236cd10	0x236e4d8	0x1301	0x13	0x1	0x14efdc0	0x0
3	0x236cd10	0x236e500	0x0a00	0xa	0x0	0x14f0f10	0x0
3	0x236cd10	0x236e518	0x1301	0x13	0x1	0x14f1540	0x0
3	0x236cd10	0x236e530	0x1302	0x13	0x2	0x14f1c40	0x0
3	0x236cd10	0x236e548	0x1303	0x13	0x3	0x14f2340	0x0
3	0x236cd10	0x236e560	0x0500	0x5	0x0	0x14c2ce0	0x0
3	0x236cd10	0x236e580	0x0000	0x0	0x0	0x1511da0	0x0
3	0x236cd10	0x236e5a0	0x0500	0x5	0x0	0xe766e0	0x0
3	0x236cd10	0x236e5c0	0x0500	0x5	0x0	0x1511930	0x0
3	0x236cd10	0x236e5e0	0x0500	0x5	0x0	0xe75d40	0x0
3	0x236cd10	0x236e5f8	0x0301	0x3	0x1	0xe75350	0x0
3	0x236cd10	0x236e610	0x0502	0x5	0x2	0xe74e80	0x0
3	0x236cd10	0x236e628	0x0503	0x5	0x3	0xe75870	0x0
3	0x236cd10	0x236e640	0x0504	0x5	0x4	0xe76210	0x0
3	0x236cd10	0x236e660	0x0200	0x2	0x0	0x15114d0	0x0
3	0x236cd10	0x236e680	0x0600	0x6	0x0	0x14eecc0	0x0
3	0x236cd10	0x236e698	0x0501	0x5	0x1	0x14ee7e0	0x0
3	0x236cd10	0x236e6b0	0x0502	0x5	0x2	0x14ef1d0	0x0
3	0x236cd10	0x236e6e0	0x0600	0x6	0x0	0xe73f10	0x0
3	0x236cd10	0x236e6f8	0x0501	0x5	0x1	0xe739d0	0x0
3	0x236cd10	0x236e710	0x0502	0x5	0x2	0xe74490	0x0
3	0x236cd10	0x236e728	0x0503	0x5	0x3	0xe749d0	0x0
3	0x236cd10	0x236e740	0x0502	0x5	0x2	0x14eba80	0x0
3	0x236cd10	0x236e758	0x0503	0x5	0x3	0x14ebf90	0x0
3	0x236cd10	0x236e770	0x0b04	0xb	0x4	0x14ec4a0	0x0
3	0x236cd10	0x236e788	0x0505	0x5	0x5	0x14ec9d0	0x0
3	0x236cd10	0x236e7a0	0x0506	0x5	0x6	0x14ecf50	0x0
3	0x236cd10	0x236e7b8	0x070a	0x7	0xa	0x14eb570	0x0
3	0x236cd10	0x236e7d0	0x0500	0x5	0x0	0xe70f50	0x0
3	0x236cd10	0x236e800	0x1000	0x10	0x0	0xe6f740	0x0
3	0x236cd10	0x236e818	0x0201	0x2	0x1	0xe6f290	0x0
3	0x236cd10	0x236e830	0x0202	0x2	0x2	0xe6fc40	0x0
3	0x236cd10	0x236e848	0x1003	0x10	0x3	0xe705a0	0x0
3	0x236cd10	0x236e860	0x0204	0x2	0x4	0xe700f0	0x0
3	0x236cd10	0x236e878	0x0205	0x2	0x5	0xe70aa0	0x0
3	0x236cd10	0x236e890	0x0506	0x5	0x6	0x14e9de0	0x0
3	0x236cd10	0x236e8a8	0x0507	0x5	0x7	0x14ea280	0x0
3	0x236cd10	0x236e8c0	0x0708	0x7	0x8	0x14ea720	0x0
3	0x236cd10	0x236e8e0	0x0500	0x5	0x0	0xe6bdd0	0x0
3	0x236cd10	0x236e8f8	0x0501	0x5	0x1	0xe6c270	0x0
3	0x236cd10	0x236e920	0x1200	0x12	0x0	0x1510fa0	0x0
3	0x236cd10	0x236e938	0x2001	0x20	0x1	0x1510ab0	0x0
3	0x236cd10	0x236e950	0x0200	0x2	0x0	0x1510670	0x0
3	0x236cd10	0x236e970	0x0200	0x2	0x0	0x1510220	0x0
3	0x236cd10	0x236e990	0x0300	0x3	0x0	0x14c22e0	0x0
3	0x236cd10	0x236e9b0	0x0200	0x2	0x0	0xe6b970	0x0
3	0x236cd10	0x236e9d0	0x0000	0x0	0x0	0xe6b470	0x0
3	0x236cd10	0x236ea00	0x0300	0x3	0x0	0x1798970	0x0
3	0x236cd10	0x236ea18	0x0301	0x3	0x1	0x17983f0	0x0
3	0x236cd10	0x236ea40	0x0300	0x3	0x0	0xe69e80	0x0
3	0x236cd10	0x236ea58	0x0301	0x3	0x1	0xe69960	0x0
3	0x236cd10	0x236ea70	0x0302	0x3	0x2	0xe6a3d0	0x0
3	0x236cd10	0x236eaa0	0x0300	0x3	0x0	0xe683a0	0x0
3	0x236cd10	0x236eab8	0x0301	0x3	0x1	0xe688f0	0x0
3	0x236cd10	0x236ead0	0x0302	0x3	0x2	0xe693b0	0x0
3	0x236cd10	0x236eae8	0x0303	0x3	0x3	0xe68e40	0x0
3	0x236cd10	0x236eb00	0x1a00	0x1a	0x0	0x14e77a0	0x0
3	0x236cd10	0x236eb18	0x1a01	0x1a	0x1	0x14e7f30	0x0
3	0x236cd10	0x236eb30	0x1a02	0x1a	0x2	0x14e86c0	0x0
3	0x236cd10	0x236eb48	0x1a03	0x1a	0x3	0x14e8e50	0x0
3	0x236cd10	0x236eb60	0x1b04	0x1b	0x4	0x14e9600	0x0
3	0x236cd10	0x236eb78	0x1a05	0x1a	0x5	0x14e68e0	0x0
3	0x236cd10	0x236eb90	0x1a06	0x1a	0x6	0x14e7040	0x0
3	0x236cd10	0x236ebc0	0x1900	0x19	0x0	0x1797c70	0x0
3	0x236cd10	0x236ebd8	0x1901	0x19	0x1	0x1796db0	0x0
3	0x236cd10	0x236ebf0	0x1902	0x19	0x2	0x1797510	0x0
3	0x236cd10	0x236ec08	0x1903	0x19	0x3	0x1796670	0x0
3	0x236cd10	0x236ec20	0x1904	0x19	0x4	0xe661e0	0x0
3	0x236cd10	0x236ec38	0x1905	0x19	0x5	0xe66860	0x0
3	0x236cd10	0x236ec50	0x1906	0x19	0x6	0xe67ca0	0x0
3	0x236cd10	0x236ec68	0x1907	0x19	0x7	0xe66ee0	0x0
3	0x236cd10	0x236ec80	0x1908	0x19	0x8	0xe675c0	0x0
3	0x236cd10	0x236ec98	0x1909	0x19	0x9	0x14e3b10	0x0
3	0x236cd10	0x236ecb0	0x190a	0x19	0xa	0x14e2c50	0x0
3	0x236cd10	0x236ecc8	0x190b	0x19	0xb	0x14e33b0	0x0
3	0x236cd10	0x236ece0	0x190c	0x19	0xc	0x14e2510	0x0
3	0x236cd10	0x236ed00	0x0300	0x3	0x0	0xe65180	0x0
3	0x236cd10	0x236ed18	0x0301	0x3	0x1	0xe64c00	0x0
3	0x236cd10	0x236ed30	0x0302	0x3	0x2	0xe65700	0x0
3	0x236cd10	0x236ed48	0x0303	0x3	0x3	0xe65c70	0x0
3	0x236cd10	0x236ed60	0x1900	0x19	0x0	0x14de230	0x0
3	0x236cd10	0x236ed78	0x1901	0x19	0x1	0x14de890	0x0
3	0x236cd10	0x236ed90	0x1902	0x19	0x2	0x14dfc70	0x0
3	0x236cd10	0x236eda8	0x1903	0x19	0x3	0x14deef0	0x0
3	0x236cd10	0x236edc0	0x1904	0x19	0x4	0x14df5b0	0x0
3	0x236cd10	0x236ede0	0x0500	0x5	0x0	0xe64780	0x0
3	0x236cd10	0x236ee00	0x0000	0x0	0x0	0xe641f0	0x0
3	0x236cd10	0x236ee20	0x0000	0x0	0x0	0xe63c60	0x0
3	0x236cd10	0x236ee40	0x0000	0x0	0x0	0xe61b40	0x0
3	0x236cd10	0x236ee58	0x1601	0x16	0x1	0xe62b40	0x0
3	0x236cd10	0x236ee70	0x1202	0x12	0x2	0xe625d0	0x0
3	0x236cd10	0x236ee88	0x1203	0x12	0x3	0xe62070	0x0
3	0x236cd10	0x236eea0	0x1604	0x16	0x4	0xe63690	0x0
3	0x236cd10	0x236eeb8	0x1205	0x12	0x5	0xe63100	0x0
3	0x236cd10	0x236eee0	0x0300	0x3	0x0	0x14d9690	0x0
3	0x236cd10	0x236eef8	0x0a01	0xa	0x1	0x14d90e0	0x0
3	0x236cd10	0x236ef10	0x0a02	0xa	0x2	0x14d9c70	0x0
3	0x236cd10	0x236ef28	0x0303	0x3	0x3	0x14da7d0	0x0
3	0x236cd10	0x236ef40	0x0a04	0xa	0x4	0x14da220	0x0
3	0x236cd10	0x236ef58	0x0a05	0xa	0x5	0x14dadc0	0x0
3	0x236cd10	0x236ef80	0x1300	0x13	0x0	0x1793460	0x0
3	0x236cd10	0x236ef98	0x1301	0x13	0x1	0x1793a80	0x0
3	0x236cd10	0x236efc0	0x0300	0x3	0x0	0x14e0e70	0x0
3	0x236cd10	0x236efd8	0x0301	0x3	0x1	0x14e08f0	0x0
3	0x236cd10	0x236eff0	0x0302	0x3	0x2	0x14e0350	0x0
3	0x236cd10	0x236f008	0x0303	0x3	0x3	0x14e1f50	0x0
3	0x236cd10	0x236f020	0x0304	0x3	0x4	0x14e19c0	0x0
3	0x236cd10	0x236f038	0x0305	0x3	0x5	0x14e13f0	0x0
3	0x236cd10	0x236f050	0x0b00	0xb	0x0	0x1795100	0x0
3	0x236cd10	0x236f070	0x0b00	0xb	0x0	0xe5e2f0	0x0
3	0x236cd10	0x236f0a0	0x1300	0x13	0x0	0xe6dcd0	0x0
3	0x236cd10	0x236f0b8	0x1302	0x13	0x2	0x1798f10	0x0
3	0x236cd10	0x236f0e0	0x1900	0x19	0x0	0xe71a50	0x0
3	0x236cd10	0x236f0f8	0x0501	0x5	0x1	0xe71420	0x0
3	0x236cd10	0x236f110	0x0502	0x5	0x2	0xe72070	0x0
3	0x236cd10	0x236f128	0x0d06	0xd	0x6	0xe72cf0	0x0
3	0x236cd10	0x236f140	0x0507	0x5	0x7	0xe726a0	0x0
3	0x236cd10	0x236f158	0x0508	0x5	0x8	0xe73380	0x0
3	0x236cd10	0x236f170	0x1909	0x19	0x9	0x14edb00	0x0
3	0x236cd10	0x236f188	0x050a	0x5	0xa	0x14ed4d0	0x0
3	0x236cd10	0x236f1a0	0x1900	0x19	0x0	0xe49950	0x0
3	0x236cd10	0x236f1b8	0x1901	0x19	0x1	0xe4ad00	0x0
3	0x236cd10	0x236f1d0	0x1302	0x13	0x2	0xe4a670	0x0
3	0x236cd10	0x236f1e8	0x1303	0x13	0x3	0xe4b390	0x0
3	0x236cd10	0x236f200	0x1304	0x13	0x4	0xe49fe0	0x0
3	0x236cd10	0x236f218	0x0d0a	0xd	0xa	0xe501d0	0x0
3	0x236cd10	0x236f230	0x0d0b	0xd	0xb	0xe51650	0x0
3	0x236cd10	0x236f248	0x130c	0x13	0xc	0xe50fa0	0x0
3	0x236cd10	0x236f260	0x130d	0x13	0xd	0xe51d70	0x0
3	0x236cd10	0x236f278	0x130e	0x13	0xe	0xe508f0	0x0
3	0x236cd10	0x236f290	0x0d0f	0xd	0xf	0xe52420	0x0
3	0x236cd10	0x236f2a8	0x0d10	0xd	0x10	0xe53970	0x0
3	0x236cd10	0x236f2c0	0x1311	0x13	0x11	0xe53280	0x0
3	0x236cd10	0x236f2d8	0x1312	0x13	0x12	0xe540d0	0x0
3	0x236cd10	0x236f2f0	0x1313	0x13	0x13	0xe52b90	0x0
3	0x236cd10	0x236f308	0x2314	0x23	0x14	0xe4c150	0x0
3	0x236cd10	0x236f320	0x2315	0x23	0x15	0xe4f330	0x0
3	0x236cd10	0x236f338	0x1316	0x13	0x16	0xe4ec00	0x0
3	0x236cd10	0x236f350	0x1317	0x13	0x17	0xe4faa0	0x0
3	0x236cd10	0x236f368	0x1318	0x13	0x18	0xe4e4d0	0x0
3	0x236cd10	0x236f380	0x2319	0x23	0x19	0xe4ba20	0x0
3	0x236cd10	0x236f398	0x231a	0x23	0x1a	0xe4d6b0	0x0
3	0x236cd10	0x236f3b0	0x131b	0x13	0x1b	0xe4cfc0	0x0
3	0x236cd10	0x236f3c8	0x131c	0x13	0x1c	0xe4dde0	0x0
3	0x236cd10	0x236f3e0	0x131d	0x13	0x1d	0xe4c8d0	0x0
3	0x236cd10	0x236f3f8	0x191e	0x19	0x1e	0x14c8380	0x0
3	0x236cd10	0x236f410	0x191f	0x19	0x1f	0x14c90a0	0x0
3	0x236cd10	0x236f428	0x1320	0x13	0x20	0x14c8a10	0x0
3	0x236cd10	0x236f440	0x0a00	0xa	0x0	0x14ee120	0x0
3	0x236cd10	0x236f460	0x0a00	0xa	0x0	0xe5d550	0x0
3	0x236cd10	0x236f478	0x0a01	0xa	0x1	0xe5dc20	0x0
3	0x236cd10	0x236f490	0x0a02	0xa	0x2	0xe5c930	0x0
3	0x236cd10	0x236f4a8	0x0a03	0xa	0x3	0xe5cf40	0x0
3	0x236cd10	0x236f4c0	0x0500	0x5	0x0	0x1518560	0x0
3	0x236cd10	0x236f4e0	0x0200	0x2	0x0	0xe59c00	0x0
3	0x236cd10	0x236f500	0x0500	0x5	0x0	0x14cd200	0x0
3	0x236cd10	0x236f520	0x0500	0x5	0x0	0x150fdb0	0x0
3	0x236cd10	0x236f540	0x1300	0x13	0x0	0x14cab10	0x0
3	0x236cd10	0x236f558	0x1301	0x13	0x1	0x14cbe40	0x0
3	0x236cd10	0x236f570	0x1302	0x13	0x2	0x14ccb50	0x0
3	0x236cd10	0x236f588	0x1303	0x13	0x3	0x14cb7c0	0x0
3	0x236cd10	0x236f5a0	0x130a	0x13	0xa	0x14cb150	0x0
3	0x236cd10	0x236f5b8	0x130b	0x13	0xb	0x14cc4b0	0x0
3	0x236cd10	0x236f5d0	0x0200	0x2	0x0	0x17855f0	0x0
3	0x236cd10	0x236f600	0x0100	0x1	0x0	0xea7880	0x0
3	0x236cd10	0x236f618	0x1501	0x15	0x1	0xea7db0	0x0
3	0x236cd10	0x236f640	0x0300	0x3	0x0	0x14c9de0	0x0
3	0x236cd10	0x236f658	0x0a01	0xa	0x1	0x14c9730	0x0
3	0x236cd10	0x236f670	0x0a02	0xa	0x2	0x14ca460	0x0
3	0x236cd10	0x236f6a0	0x0300	0x3	0x0	0x151ff00	0x0
3	0x236cd10	0x236f6b8	0x0201	0x2	0x1	0x151f9b0	0x0
3	0x236cd10	0x236f6d0	0x0202	0x2	0x2	0x15204a0	0x0
3	0x236cd10	0x236f700	0x0500	0x5	0x0	0x178db90	0x0
3	0x236cd10	0x236f718	0x0501	0x5	0x1	0x178e060	0x0
3	0x236cd10	0x236f740	0x0300	0x3	0x0	0x14dc9d0	0x0
3	0x236cd10	0x236f758	0x0301	0x3	0x1	0x14db370	0x0
3	0x236cd10	0x236f770	0x0302	0x3	0x2	0x14dd030	0x0
3	0x236cd10	0x236f788	0x0303	0x3	0x3	0x14db950	0x0
3	0x236cd10	0x236f7a0	0x0304	0x3	0x4	0x14dd600	0x0
3	0x236cd10	0x236f7b8	0x0305	0x3	0x5	0x14dbea0	0x0
3	0x236cd10	0x236f7d0	0x0306	0x3	0x6	0x14ddc60	0x0
3	0x236cd10	0x236f7e8	0x0307	0x3	0x7	0x14dc480	0x0
3	0x236cd10	0x236f800	0x0500	0x5	0x0	0xe48ad0	0x0
3	0x236cd10	0x236f820	0x0200	0x2	0x0	0xe48690	0x0
3	0x236cd10	0x236f840	0x0500	0x5	0x0	0xe48210	0x0
3	0x236cd10	0x236f860	0x0500	0x5	0x0	0xe47830	0x0
3	0x236cd10	0x236f878	0x0501	0x5	0x1	0xe47d20	0x0
3	0x236cd10	0x236f8a0	0x0200	0x2	0x0	0x14d38b0	0x0
3	0x236cd10	0x236f8b8	0x0201	0x2	0x1	0x14d4400	0x0
3	0x236cd10	0x236f8d0	0x0302	0x3	0x2	0x14d3e20	0x0
3	0x236cd10	0x236f8e8	0x0203	0x2	0x3	0x14d4970	0x0
3	0x236cd10	0x236f900	0x0204	0x2	0x4	0x14d54c0	0x0
3	0x236cd10	0x236f918	0x0305	0x3	0x5	0x14d4ee0	0x0
3	0x236cd10	0x236f930	0x0206	0x2	0x6	0x14d27f0	0x0
3	0x236cd10	0x236f948	0x0207	0x2	0x7	0x14d3340	0x0
3	0x236cd10	0x236f960	0x0308	0x3	0x8	0x14d2d60	0x0
3	0x236cd10	0x236f980	0x0200	0x2	0x0	0xe23480	0x0
3	0x236cd10	0x236f9a0	0x0a00	0xa	0x0	0xe47180	0x0
3	0x236cd10	0x236f9c0	0x0300	0x3	0x0	0xe45d60	0x0
3	0x236cd10	0x236f9e0	0x0500	0x5	0x0	0xe458c0	0x0
3	0x236cd10	0x236fa00	0x0200	0x2	0x0	0xe44a20	0x0
3	0x236cd10	0x236fa18	0x0201	0x2	0x1	0xe453e0	0x0
3	0x236cd10	0x236fa30	0x0202	0x2	0x2	0xe44f00	0x0
3	0x236cd10	0x236fa60	0x0500	0x5	0x0	0xe44170	0x0
3	0x236cd10	0x236fa78	0x0501	0x5	0x1	0xe43350	0x0
3	0x236cd10	0x236fa90	0x0502	0x5	0x2	0xe43ce0	0x0
3	0x236cd10	0x236fac0	0x0500	0x5	0x0	0xe42ee0	0x0
3	0x236cd10	0x236fad8	0x0501	0x5	0x1	0xe42a40	0x0
3	0x236cd10	0x236faf0	0x0502	0x5	0x2	0xe420a0	0x0
3	0x236cd10	0x236fb08	0x0603	0x6	0x3	0xe41ba0	0x0
3	0x236cd10	0x236fb20	0x0604	0x6	0x4	0xe42540	0x0
3	0x236cd10	0x236fb40	0x0500	0x5	0x0	0xe3f8e0	0x0
3	0x236cd10	0x236fb58	0x0601	0x6	0x1	0xe406c0	0x0
3	0x236cd10	0x236fb70	0x0602	0x6	0x2	0x1787ef0	0x0
3	0x236cd10	0x236fb88	0x0303	0x3	0x3	0x17893d0	0x0
3	0x236cd10	0x236fba0	0x0304	0x3	0x4	0x1786930	0x0
3	0x236cd10	0x236fbb8	0x0505	0x5	0x5	0xe41180	0x0
3	0x236cd10	0x236fbd0	0x0506	0x5	0x6	0x17889b0	0x0
3	0x236cd10	0x236fbe8	0x0507	0x5	0x7	0x1789f50	0x0
3	0x236cd10	0x236fc00	0x0508	0x5	0x8	0x1787470	0x0
3	0x236cd10	0x236fc18	0x0609	0x6	0x9	0xe40c20	0x0
3	0x236cd10	0x236fc30	0x060a	0x6	0xa	0x1788450	0x0
3	0x236cd10	0x236fc48	0x030b	0x3	0xb	0x1789990	0x0
3	0x236cd10	0x236fc60	0x030c	0x3	0xc	0x1786ed0	0x0
3	0x236cd10	0x236fc78	0x050d	0x5	0xd	0xe41690	0x0
3	0x236cd10	0x236fc90	0x050e	0x5	0xe	0x1788ec0	0x0
3	0x236cd10	0x236fca8	0x050f	0x5	0xf	0x178a4a0	0x0
3	0x236cd10	0x236fcc0	0x0510	0x5	0x10	0x17879b0	0x0
3	0x236cd10	0x236fcd8	0x0511	0x5	0x11	0x1786490	0x0
3	0x236cd10	0x236fcf0	0x0512	0x5	0x12	0x178b570	0x0
3	0x236cd10	0x236fd08	0x0313	0x3	0x13	0x178a9f0	0x0
3	0x236cd10	0x236fd20	0x0514	0x5	0x14	0x178d190	0x0
3	0x236cd10	0x236fd38	0x0315	0x3	0x15	0x178c040	0x0
3	0x236cd10	0x236fd50	0x0516	0x5	0x16	0x1785ff0	0x0
3	0x236cd10	0x236fd68	0x0319	0x3	0x19	0x178afc0	0x0
3	0x236cd10	0x236fd80	0x031a	0x3	0x1a	0x178ba70	0x0
3	0x236cd10	0x236fd98	0x031b	0x3	0x1b	0x178cbe0	0x0
3	0x236cd10	0x236fdb0	0x031c	0x3	0x1c	0x178c610	0x0
3	0x236cd10	0x236fde0	0x0700	0x7	0x0	0xe3ce00	0x0
3	0x236cd10	0x236fdf8	0x0701	0x7	0x1	0xe3d360	0x0
3	0x236cd10	0x236fe10	0x0702	0x7	0x2	0xe3d8e0	0x0
3	0x236cd10	0x236fe28	0x0703	0x7	0x3	0xe3de60	0x0
3	0x236cd10	0x236fe40	0x0704	0x7	0x4	0xe3e3c0	0x0
3	0x236cd10	0x236fe58	0x0705	0x7	0x5	0xe3e940	0x0
3	0x236cd10	0x236fe70	0x0506	0x5	0x6	0xe3eec0	0x0
3	0x236cd10	0x236fe88	0x0507	0x5	0x7	0xe3f3d0	0x0
3	0x236cd10	0x236fea0	0x0200	0x2	0x0	0x151b0d0	0x0
3	0x236cd10	0x236fec0	0x0500	0x5	0x0	0x14f4620	0x0
3	0x236cd10	0x236fed8	0x0501	0x5	0x1	0x14f4ae0	0x0
3	0x236cd10	0x236ff00	0x0a00	0xa	0x0	0x1501bd0	0x0
3	0x236cd10	0x236ff18	0x0a01	0xa	0x1	0x1502170	0x0
3	0x236cd10	0x236ff30	0x0a04	0xa	0x4	0x1502740	0x0
3	0x236cd10	0x236ff60	0x0200	0x2	0x0	0x14f0550	0x0
3	0x236cd10	0x236ff78	0x0201	0x2	0x1	0x14f0a30	0x0
3	0x236cd10	0x236ffa0	0x0700	0x7	0x0	0xe3b770	0x0
3	0x236cd10	0x236ffb8	0x0701	0x7	0x1	0x1785a30	0x0
3	0x236cd10	0x236ffd0	0x0702	0x7	0x2	0xe3bcd0	0x0
3	0x236cd10	0x236ffe8	0x0703	0x7	0x3	0xe3c820	0x0
3	0x236cd10	0x2370000	0x0500	0x5	0x0	0xe3ae30	0x0
3	0x236cd10	0x2370018	0x0501	0x5	0x1	0xe3b2d0	0x0
3	0x236cd10	0x2370040	0x0500	0x5	0x0	0xe37df0	0x0
3	0x236cd10	0x2370058	0x0501	0x5	0x1	0xe38750	0x0
3	0x236cd10	0x2370070	0x0502	0x5	0x2	0xe382c0	0x0
3	0x236cd10	0x2370088	0x0703	0x7	0x3	0xe39fd0	0x0
3	0x236cd10	0x23700a0	0x0504	0x5	0x4	0xe3a4d0	0x0
3	0x236cd10	0x23700b8	0x0505	0x5	0x5	0xe3a980	0x0
3	0x236cd10	0x23700d0	0x0606	0x6	0x6	0xe39100	0x0
3	0x236cd10	0x23700e8	0x0507	0x5	0x7	0xe38c20	0x0
3	0x236cd10	0x2370100	0x0508	0x5	0x8	0xe39620	0x0
3	0x236cd10	0x2370118	0x0509	0x5	0x9	0xe39b00	0x0
3	0x236cd10	0x2370140	0x0b00	0xb	0x0	0xe31410	0x0
3	0x236cd10	0x2370158	0x0501	0x5	0x1	0xe30540	0x0
3	0x236cd10	0x2370170	0x0b02	0xb	0x2	0xe2f650	0x0
3	0x236cd10	0x2370188	0x0503	0x5	0x3	0xe2e7c0	0x0
3	0x236cd10	0x23701a0	0x0004	0x0	0x4	0xe35ba0	0x0
3	0x236cd10	0x23701b8	0x0505	0x5	0x5	0xe350f0	0x0
3	0x236cd10	0x23701d0	0x0006	0x0	0x6	0xe345f0	0x0
3	0x236cd10	0x23701e8	0x0507	0x5	0x7	0xe33b80	0x0
3	0x236cd10	0x2370200	0x0008	0x0	0x8	0xe36110	0x0
3	0x236cd10	0x2370218	0x0509	0x5	0x9	0xe35630	0x0
3	0x236cd10	0x2370230	0x000a	0x0	0xa	0xe34b50	0x0
3	0x236cd10	0x2370248	0x050b	0x5	0xb	0xe340a0	0x0
3	0x236cd10	0x2370260	0x000c	0x0	0xc	0xe31910	0x0
3	0x236cd10	0x2370278	0x050d	0x5	0xd	0xe30a00	0x0
3	0x236cd10	0x2370290	0x000e	0x0	0xe	0xe2fb50	0x0
3	0x236cd10	0x23702a8	0x050f	0x5	0xf	0xe2ec60	0x0
3	0x236cd10	0x23702c0	0x0510	0x5	0x10	0xe336e0	0x0
3	0x236cd10	0x23702d8	0x0511	0x5	0x11	0xe31e50	0x0
3	0x236cd10	0x23702f0	0x0b12	0xb	0x12	0xe30f10	0x0
3	0x236cd10	0x2370308	0x0513	0x5	0x13	0xe30080	0x0
3	0x236cd10	0x2370320	0x0b14	0xb	0x14	0xe2f150	0x0
3	0x236cd10	0x2370338	0x0515	0x5	0x15	0xe2e320	0x0
3	0x236cd10	0x2370350	0x0b16	0xb	0x16	0xe331b0	0x0
3	0x236cd10	0x2370368	0x0517	0x5	0x17	0xe32cc0	0x0
3	0x236cd10	0x2370380	0x0b18	0xb	0x18	0xe32790	0x0
3	0x236cd10	0x2370398	0x0519	0x5	0x19	0xe322c0	0x0
3	0x236cd10	0x23703c0	0x0500	0x5	0x0	0xe2d520	0x0
3	0x236cd10	0x23703d8	0x0501	0x5	0x1	0xe2de70	0x0
3	0x236cd10	0x23703f0	0x0502	0x5	0x2	0xe2d9e0	0x0
3	0x236cd10	0x2370420	0x0300	0x3	0x0	0x14be950	0x0
3	0x236cd10	0x2370438	0x0301	0x3	0x1	0x14be3d0	0x0
3	0x236cd10	0x2370450	0x0302	0x3	0x2	0x14bf4c0	0x0
3	0x236cd10	0x2370468	0x0303	0x3	0x3	0x14bfa70	0x0
3	0x236cd10	0x2370480	0x0304	0x3	0x4	0x14c05b0	0x0
3	0x236cd10	0x2370498	0x0305	0x3	0x5	0x14c0020	0x0
3	0x236cd10	0x23704b0	0x0306	0x3	0x6	0x14c1130	0x0
3	0x236cd10	0x23704c8	0x0307	0x3	0x7	0x14c0b70	0x0
3	0x236cd10	0x23704e0	0x0308	0x3	0x8	0x14c1cf0	0x0
3	0x236cd10	0x23704f8	0x0309	0x3	0x9	0x14c1730	0x0
3	0x236cd10	0x2370510	0x030a	0x3	0xa	0x14bef00	0x0
3	0x236cd10	0x2370540	0x1900	0x19	0x0	0xe2ce80	0x0
3	0x236cd10	0x2370558	0x1901	0x19	0x1	0xe2c7e0	0x0
3	0x236cd10	0x2370570	0x1902	0x19	0x2	0xe2acc0	0x0
3	0x236cd10	0x2370588	0x1903	0x19	0x3	0xe2a630	0x0
3	0x236cd10	0x23705a0	0x1904	0x19	0x4	0xe2b350	0x0
3	0x236cd10	0x23705b8	0x1905	0x19	0x5	0xe2ba20	0x0
3	0x236cd10	0x23705d0	0x1906	0x19	0x6	0xe2c0f0	0x0
3	0x236cd10	0x23705e8	0x1907	0x19	0x7	0xe28b10	0x0
3	0x236cd10	0x2370600	0x1908	0x19	0x8	0xe28480	0x0
3	0x236cd10	0x2370618	0x1909	0x19	0x9	0xe291a0	0x0
3	0x236cd10	0x2370630	0x190a	0x19	0xa	0xe29870	0x0
3	0x236cd10	0x2370648	0x190b	0x19	0xb	0xe29f40	0x0
3	0x236cd10	0x2370660	0x1900	0x19	0x0	0x14b4d60	0x0
3	0x236cd10	0x2370678	0x1901	0x19	0x1	0x14b5420	0x0
3	0x236cd10	0x2370690	0x1902	0x19	0x2	0x14b61b0	0x0
3	0x236cd10	0x23706a8	0x1903	0x19	0x3	0x14b6870	0x0
3	0x236cd10	0x23706c0	0x1904	0x19	0x4	0x14b9e70	0x0
3	0x236cd10	0x23706d8	0x1905	0x19	0x5	0x14babe0	0x0
3	0x236cd10	0x23706f0	0x1906	0x19	0x6	0x14b97d0	0x0
3	0x236cd10	0x2370708	0x1907	0x19	0x7	0x14ba510	0x0
3	0x236cd10	0x2370720	0x1908	0x19	0x8	0x14b7cb0	0x0
3	0x236cd10	0x2370738	0x1909	0x19	0x9	0x14b7620	0x0
3	0x236cd10	0x2370750	0x190a	0x19	0xa	0x14b8340	0x0
3	0x236cd10	0x2370768	0x190b	0x19	0xb	0x14b8a10	0x0
3	0x236cd10	0x2370780	0x190c	0x19	0xc	0x14b90e0	0x0
3	0x236cd10	0x2370798	0x190d	0x19	0xd	0x14bcb40	0x0
3	0x236cd10	0x23707b0	0x190e	0x19	0xe	0x14bd770	0x0
3	0x236cd10	0x23707c8	0x190f	0x19	0xf	0x14bd150	0x0
3	0x236cd10	0x23707e0	0x1910	0x19	0x10	0x14bdd90	0x0
3	0x236cd10	0x23707f8	0x1911	0x19	0x11	0x14bb2b0	0x0
3	0x236cd10	0x2370810	0x1912	0x19	0x12	0x14bbee0	0x0
3	0x236cd10	0x2370828	0x1913	0x19	0x13	0x14bb8c0	0x0
3	0x236cd10	0x2370840	0x1914	0x19	0x14	0x14bc500	0x0
3	0x236cd10	0x2370858	0x1915	0x19	0x15	0x14b4000	0x0
3	0x236cd10	0x2370870	0x1916	0x19	0x16	0x14b3970	0x0
3	0x236cd10	0x2370888	0x1917	0x19	0x17	0x14b4690	0x0
3	0x236cd10	0x23708a0	0x1918	0x19	0x18	0x14b5ae0	0x0
3	0x236cd10	0x23708b8	0x1919	0x19	0x19	0x14b6f30	0x0
3	0x236cd10	0x23708e0	0x0500	0x5	0x0	0xe27f80	0x0
3	0x236cd10	0x23708f8	0x1201	0x12	0x1	0xe269b0	0x0
3	0x236cd10	0x2370910	0x1202	0x12	0x2	0xe27a00	0x0
3	0x236cd10	0x2370928	0x1203	0x12	0x3	0xe26460	0x0
3	0x236cd10	0x2370940	0x1204	0x12	0x4	0xe27480	0x0
3	0x236cd10	0x2370958	0x1205	0x12	0x5	0xe26f00	0x0
3	0x236cd10	0x2370970	0x0300	0x3	0x0	0x14b33f0	0x0
3	0x236cd10	0x23709a0	0x0500	0x5	0x0	0xe25f30	0x0
3	0x236cd10	0x23709b8	0x1201	0x12	0x1	0xe248a0	0x0
3	0x236cd10	0x23709d0	0x1202	0x12	0x2	0xe25980	0x0
3	0x236cd10	0x23709e8	0x1203	0x12	0x3	0xe24320	0x0
3	0x236cd10	0x2370a00	0x1204	0x12	0x4	0xe253d0	0x0
3	0x236cd10	0x2370a18	0x1205	0x12	0x5	0xe24e20	0x0
3	0x236cd10	0x2370a40	0x0000	0x0	0x0	0xe23df0	0x0
3	0x236cd10	0x2370a58	0x0001	0x0	0x1	0xe238c0	0x0
3	0x236cd10	0x2370a80	0x0500	0x5	0x0	0x151e950	0x0
3	0x236cd10	0x2370a98	0x0501	0x5	0x1	0x151f440	0x0
3	0x236cd10	0x2370ab0	0x0302	0x3	0x2	0x151eeb0	0x0
3	0x236cd10	0x2370ae0	0x0200	0x2	0x0	0x176ceb0	0x0
3	0x236cd10	0x2370af8	0x0301	0x3	0x1	0x176d420	0x0
3	0x236cd10	0x2370b10	0x0202	0x2	0x2	0x176dfd0	0x0
3	0x236cd10	0x2370b28	0x0303	0x3	0x3	0x176d9f0	0x0
3	0x236cd10	0x2370b40	0x0204	0x2	0x4	0x176e540	0x0
3	0x236cd10	0x2370b60	0x0200	0x2	0x0	0x1769230	0x0
3	0x236cd10	0x2370b78	0x0201	0x2	0x1	0x176a1c0	0x0
3	0x236cd10	0x2370b90	0x0302	0x3	0x2	0x1769740	0x0
3	0x236cd10	0x2370ba8	0x0203	0x2	0x3	0x1769cb0	0x0
3	0x236cd10	0x2370bc0	0x0204	0x2	0x4	0x1767820	0x0
3	0x236cd10	0x2370bd8	0x0305	0x3	0x5	0x17687b0	0x0
3	0x236cd10	0x2370bf0	0x0206	0x2	0x6	0x1768d20	0x0
3	0x236cd10	0x2370c08	0x0307	0x3	0x7	0x1767d30	0x0
3	0x236cd10	0x2370c20	0x0208	0x2	0x8	0x17682a0	0x0
3	0x236cd10	0x2370c40	0x0a00	0xa	0x0	0x17354b0	0x0
3	0x236cd10	0x2370c58	0x0a01	0xa	0x1	0x1736520	0x0
3	0x236cd10	0x2370c70	0x0302	0x3	0x2	0x1735f90	0x0
3	0x236cd10	0x2370c88	0x0303	0x3	0x3	0x1737100	0x0
3	0x236cd10	0x2370ca0	0x0a04	0xa	0x4	0x1735a20	0x0
3	0x236cd10	0x2370cb8	0x0a05	0xa	0x5	0x1736b10	0x0
3	0x236cd10	0x2370ce0	0x0300	0x3	0x0	0x17557b0	0x0
3	0x236cd10	0x2370cf8	0x0a01	0xa	0x1	0x1755dd0	0x0
3	0x236cd10	0x2370d10	0x0a02	0xa	0x2	0x17551d0	0x0
3	0x236cd10	0x2370d28	0x0303	0x3	0x3	0x1752e50	0x0
3	0x236cd10	0x2370d40	0x0304	0x3	0x4	0x1753a10	0x0
3	0x236cd10	0x2370d58	0x0a05	0xa	0x5	0x17528a0	0x0
3	0x236cd10	0x2370d70	0x0a06	0xa	0x6	0x1754010	0x0
3	0x236cd10	0x2370d88	0x0a07	0xa	0x7	0x1753460	0x0
3	0x236cd10	0x2370da0	0x0308	0x3	0x8	0x1756990	0x0
3	0x236cd10	0x2370db8	0x0a09	0xa	0x9	0x17563b0	0x0
3	0x236cd10	0x2370dd0	0x030a	0x3	0xa	0x17575a0	0x0
3	0x236cd10	0x2370de8	0x0a0b	0xa	0xb	0x1757bd0	0x0
3	0x236cd10	0x2370e00	0x0a0c	0xa	0xc	0x1756fc0	0x0
3	0x236cd10	0x2370e18	0x030d	0x3	0xd	0x1754ba0	0x0
3	0x236cd10	0x2370e30	0x0a0e	0xa	0xe	0x17545c0	0x0
3	0x236cd10	0x2370e60	0x0300	0x3	0x0	0xd86b60	0x0
3	0x236cd10	0x2370e78	0x0a01	0xa	0x1	0xd864d0	0x0
3	0x236cd10	0x2370e90	0x0a02	0xa	0x2	0xd871c0	0x0
3	0x236cd10	0x2370ea8	0x0d03	0xd	0x3	0xd87f20	0x0
3	0x236cd10	0x2370ec0	0x1304	0x13	0x4	0xd87850	0x0
3	0x236cd10	0x2370ed8	0x1305	0x13	0x5	0xd88630	0x0
3	0x236cd10	0x2370ef0	0x0312	0x3	0x12	0x149f640	0x0
3	0x236cd10	0x2370f08	0x0a13	0xa	0x13	0x149f090	0x0
3	0x236cd10	0x2370f20	0x031a	0x3	0x1a	0x14a01d0	0x0
3	0x236cd10	0x2370f38	0x0a1b	0xa	0x1b	0x149fc20	0x0
3	0x236cd10	0x2370f50	0x021c	0x2	0x1c	0xd88d00	0x0
3	0x236cd10	0x2370f68	0x031d	0x3	0x1d	0xd89210	0x0
3	0x236cd10	0x2370f80	0x021e	0x2	0x1e	0xd89780	0x0
3	0x236cd10	0x2370f98	0x0a1f	0xa	0x1f	0x149bec0	0x0
3	0x236cd10	0x2370fb0	0x0320	0x3	0x20	0x149c460	0x0
3	0x236cd10	0x2370fc8	0x0a21	0xa	0x21	0x149ca40	0x0
3	0x236cd10	0x2370fe0	0x0222	0x2	0x22	0x149d580	0x0
3	0x236cd10	0x2370ff8	0x0a23	0xa	0x23	0x149cfe0	0x0
3	0x236cd10	0x2371010	0x0324	0x3	0x24	0x149e070	0x0
3	0x236cd10	0x2371028	0x0325	0x3	0x25	0x149da90	0x0
3	0x236cd10	0x2371040	0x0226	0x2	0x26	0x149eb80	0x0
3	0x236cd10	0x2371058	0x0a27	0xa	0x27	0x149e5e0	0x0
3	0x236cd10	0x2371070	0x0500	0x5	0x0	0xe09ff0	0x0
3	0x236cd10	0x23710a0	0x0500	0x5	0x0	0xdf11f0	0x0
3	0x236cd10	0x23710b8	0x1e01	0x1e	0x1	0xdf1660	0x0
3	0x236cd10	0x23710e0	0x0500	0x5	0x0	0xd0bfb0	0x0
3	0x236cd10	0x23710f8	0x0303	0x3	0x3	0xd0ca50	0x0
3	0x236cd10	0x2371110	0x0304	0x3	0x4	0xd0c4a0	0x0
3	0x236cd10	0x2371140	0x0a00	0xa	0x0	0x1776320	0x0
3	0x236cd10	0x2371158	0x1301	0x13	0x1	0x17768d0	0x0
3	0x236cd10	0x2371170	0x0502	0x5	0x2	0x1776ea0	0x0
3	0x236cd10	0x2371188	0x0503	0x5	0x3	0x1777430	0x0
3	0x236cd10	0x23711a0	0x0504	0x5	0x4	0x1774360	0x0
3	0x236cd10	0x23711b8	0x2205	0x22	0x5	0x1775300	0x0
3	0x236cd10	0x23711d0	0x0506	0x5	0x6	0x17748c0	0x0
3	0x236cd10	0x23711e8	0x0507	0x5	0x7	0x1775880	0x0
3	0x236cd10	0x2371200	0x0508	0x5	0x8	0x1774de0	0x0
3	0x236cd10	0x2371218	0x0509	0x5	0x9	0x1775dd0	0x0
3	0x236cd10	0x2371230	0x0a0a	0xa	0xa	0x1782cd0	0x0
3	0x236cd10	0x2371248	0x0a0b	0xa	0xb	0x1782630	0x0
3	0x236cd10	0x2371260	0x0a0c	0xa	0xc	0x1783a10	0x0
3	0x236cd10	0x2371278	0x0a0d	0xa	0xd	0x1783370	0x0
3	0x236cd10	0x2371290	0x0a0e	0xa	0xe	0x177dc00	0x0
3	0x236cd10	0x23712a8	0x0a0f	0xa	0xf	0x177d560	0x0
3	0x236cd10	0x23712c0	0x0a10	0xa	0x10	0x177e940	0x0
3	0x236cd10	0x23712d8	0x0a11	0xa	0x11	0x177e2a0	0x0
3	0x236cd10	0x23712f0	0x1312	0x13	0x12	0x1c068a0	0x0
3	0x236cd10	0x2371308	0x1313	0x13	0x13	0x1c061f0	0x0
3	0x236cd10	0x2371320	0x1314	0x13	0x14	0x1c07600	0x0
3	0x236cd10	0x2371338	0x1315	0x13	0x15	0x1c06f50	0x0
3	0x236cd10	0x2371350	0x2216	0x22	0x16	0x1778580	0x0
3	0x236cd10	0x2371368	0x2217	0x22	0x17	0x17779f0	0x0
3	0x236cd10	0x2371380	0x0518	0x5	0x18	0x1778b60	0x0
3	0x236cd10	0x2371398	0x0519	0x5	0x19	0x1777fa0	0x0
3	0x236cd10	0x23713b0	0x191a	0x19	0x1a	0x1779160	0x0
3	0x236cd10	0x23713c8	0x191b	0x19	0x1b	0x1779750	0x0
3	0x236cd10	0x23713e0	0x131c	0x13	0x1c	0x177ab60	0x0
3	0x236cd10	0x23713f8	0x131d	0x13	0x1d	0x177a3f0	0x0
3	0x236cd10	0x2371410	0x0a1e	0xa	0x1e	0x177b2f0	0x0
3	0x236cd10	0x2371428	0x0a1f	0xa	0x1f	0x1779d40	0x0
3	0x236cd10	0x2371440	0x1320	0x13	0x20	0x17811d0	0x0
3	0x236cd10	0x2371458	0x1321	0x13	0x21	0x1780aa0	0x0
3	0x236cd10	0x2371470	0x0a22	0xa	0x22	0x1781f90	0x0
3	0x236cd10	0x2371488	0x0a23	0xa	0x23	0x1781920	0x0
3	0x236cd10	0x23714a0	0x1325	0x13	0x25	0x177c100	0x0
3	0x236cd10	0x23714b8	0x1326	0x13	0x26	0x177b9d0	0x0
3	0x236cd10	0x23714d0	0x0a27	0xa	0x27	0x177cec0	0x0
3	0x236cd10	0x23714e8	0x0a28	0xa	0x28	0x177c850	0x0
3	0x236cd10	0x2371500	0x0329	0x3	0x29	0x1772b70	0x0
3	0x236cd10	0x2371518	0x212a	0x21	0x2a	0x1773120	0x0
3	0x236cd10	0x2371530	0x212b	0x21	0x2b	0x16dfde0	0x0
3	0x236cd10	0x2371548	0x192c	0x19	0x2c	0x16df770	0x0
3	0x236cd10	0x2371560	0x062d	0x6	0x2d	0x17840b0	0x0
3	0x236cd10	0x2371578	0x062e	0x6	0x2e	0x1784640	0x0
3	0x236cd10	0x2371590	0x032f	0x3	0x2f	0x1773770	0x0
3	0x236cd10	0x23715a8	0x2130	0x21	0x30	0x1773d20	0x0
3	0x236cd10	0x23715c0	0x0531	0x5	0x31	0x1771e20	0x0
3	0x236cd10	0x23715d8	0x0532	0x5	0x32	0x1772290	0x0
3	0x236cd10	0x23715f0	0x0533	0x5	0x33	0x1772700	0x0
3	0x236cd10	0x2371620	0x0500	0x5	0x0	0xd22060	0x0
3	0x236cd10	0x2371638	0x0501	0x5	0x1	0xd21bf0	0x0
3	0x236cd10	0x2371660	0x0a00	0xa	0x0	0xe0a930	0x0
3	0x236cd10	0x2371678	0x0301	0x3	0x1	0xe0b3e0	0x0
3	0x236cd10	0x2371690	0x0a02	0xa	0x2	0xe0bea0	0x0
3	0x236cd10	0x23716a8	0x0303	0x3	0x3	0xe0ae60	0x0
3	0x236cd10	0x23716c0	0x0a04	0xa	0x4	0xe0b970	0x0
3	0x236cd10	0x23716e0	0x0300	0x3	0x0	0x1771230	0x0
3	0x236cd10	0x23716f8	0x0301	0x3	0x1	0x1771810	0x0
3	0x236cd10	0x2371710	0x0302	0x3	0x2	0xe01f30	0x0
3	0x236cd10	0x2371728	0x0303	0x3	0x3	0xe02510	0x0
3	0x236cd10	0x2371740	0x0500	0x5	0x0	0xdcb560	0x0
3	0x236cd10	0x2371758	0x0201	0x2	0x1	0xdcba70	0x0
3	0x236cd10	0x2371770	0x0502	0x5	0x2	0xdca620	0x0
3	0x236cd10	0x2371788	0x0203	0x2	0x3	0xdcb030	0x0
3	0x236cd10	0x23717a0	0x0504	0x5	0x4	0xdcab10	0x0
3	0x236cd10	0x23717c0	0x1900	0x19	0x0	0xd9ba90	0x0
3	0x236cd10	0x23717d8	0x1901	0x19	0x1	0xd9b440	0x0
3	0x236cd10	0x23717f0	0x1902	0x19	0x2	0xd9adf0	0x0
3	0x236cd10	0x2371808	0x1903	0x19	0x3	0xd9a7a0	0x0
3	0x236cd10	0x2371820	0x1904	0x19	0x4	0x17671d0	0x0
3	0x236cd10	0x2371838	0x1905	0x19	0x5	0x1766b80	0x0
3	0x236cd10	0x2371850	0x1906	0x19	0x6	0xd9a150	0x0
3	0x236cd10	0x2371868	0x1907	0x19	0x7	0xd99b00	0x0
3	0x236cd10	0x2371880	0x1908	0x19	0x8	0xd994b0	0x0
3	0x236cd10	0x2371898	0x1909	0x19	0x9	0xd98e60	0x0
3	0x236cd10	0x23718b0	0x190a	0x19	0xa	0x1766530	0x0
3	0x236cd10	0x23718c8	0x190b	0x19	0xb	0x1765ee0	0x0
3	0x236cd10	0x23718e0	0x190c	0x19	0xc	0xd9e610	0x0
3	0x236cd10	0x23718f8	0x190d	0x19	0xd	0xd9f270	0x0
3	0x236cd10	0x2371910	0x190e	0x19	0xe	0xd9ec30	0x0
3	0x236cd10	0x2371928	0x190f	0x19	0xf	0xd9c0d0	0x0
3	0x236cd10	0x2371940	0x1910	0x19	0x10	0xd9cd30	0x0
3	0x236cd10	0x2371958	0x1911	0x19	0x11	0xd9c6f0	0x0
3	0x236cd10	0x2371970	0x1912	0x19	0x12	0xd9f8b0	0x0
3	0x236cd10	0x2371988	0x1913	0x19	0x13	0xda0510	0x0
3	0x236cd10	0x23719a0	0x1914	0x19	0x14	0xd9fed0	0x0
3	0x236cd10	0x23719b8	0x1915	0x19	0x15	0xd9d370	0x0
3	0x236cd10	0x23719d0	0x1916	0x19	0x16	0xd9dfd0	0x0
3	0x236cd10	0x23719e8	0x1917	0x19	0x17	0xd9d990	0x0
3	0x236cd10	0x2371a00	0x1918	0x19	0x18	0xda1d90	0x0
3	0x236cd10	0x2371a18	0x1919	0x19	0x19	0xda29b0	0x0
3	0x236cd10	0x2371a30	0x191a	0x19	0x1a	0xda2390	0x0
3	0x236cd10	0x2371a48	0x191b	0x19	0x1b	0xda0b50	0x0
3	0x236cd10	0x2371a60	0x191c	0x19	0x1c	0xda1770	0x0
3	0x236cd10	0x2371a78	0x191d	0x19	0x1d	0xda1150	0x0
3	0x236cd10	0x2371aa0	0x0500	0x5	0x0	0xc6a200	0x0
3	0x236cd10	0x2371ab8	0x0501	0x5	0x1	0xc6a6c0	0x0
3	0x236cd10	0x2371ad0	0x0500	0x5	0x0	0xd90f90	0x0
3	0x236cd10	0x2371b00	0x0300	0x3	0x0	0xd32c30	0x0
3	0x236cd10	0x2371b18	0x0301	0x3	0x1	0xd33200	0x0
3	0x236cd10	0x2371b40	0x1300	0x13	0x0	0xd8a470	0x0
3	0x236cd10	0x2371b58	0x1302	0x13	0x2	0xd89c90	0x0
3	0x236cd10	0x2371b70	0x1304	0x13	0x4	0xd8b2e0	0x0
3	0x236cd10	0x2371b88	0x1306	0x13	0x6	0xd8ab60	0x0
3	0x236cd10	0x2371ba0	0x1308	0x13	0x8	0xd8b9a0	0x0
3	0x236cd10	0x2371bb8	0x130a	0x13	0xa	0x14a0ed0	0x0
3	0x236cd10	0x2371bd0	0x130b	0x13	0xb	0x14a2520	0x0
3	0x236cd10	0x2371be8	0x130c	0x13	0xc	0x14a07b0	0x0
3	0x236cd10	0x2371c00	0x130d	0x13	0xd	0x14a1e60	0x0
3	0x236cd10	0x2371c18	0x130e	0x13	0xe	0x14a1650	0x0
3	0x236cd10	0x2371c30	0x130f	0x13	0xf	0x14a3450	0x0
3	0x236cd10	0x2371c48	0x1310	0x13	0x10	0x14a2cd0	0x0
3	0x236cd10	0x2371c60	0x0500	0x5	0x0	0xcc1280	0x0
3	0x236cd10	0x2371c78	0x0501	0x5	0x1	0xcc0de0	0x0
3	0x236cd10	0x2371ca0	0x0500	0x5	0x0	0x1739ef0	0x0
3	0x236cd10	0x2371cb8	0x0501	0x5	0x1	0x1739a50	0x0
3	0x236cd10	0x2371cd0	0x0502	0x5	0x2	0x173a390	0x0
3	0x236cd10	0x2371ce8	0x0503	0x5	0x3	0x173ad30	0x0
3	0x236cd10	0x2371d00	0x2204	0x22	0x4	0x173b200	0x0
3	0x236cd10	0x2371d18	0x2205	0x22	0x5	0x173b780	0x0
3	0x236cd10	0x2371d30	0x0506	0x5	0x6	0x173a860	0x0
3	0x236cd10	0x2371d60	0x0b00	0xb	0x0	0xe059e0	0x0
3	0x236cd10	0x2371d78	0x0501	0x5	0x1	0xe05f00	0x0
3	0x236cd10	0x2371d90	0x0502	0x5	0x2	0xe06470	0x0
3	0x236cd10	0x2371da8	0x0603	0x6	0x3	0xe04a40	0x0
3	0x236cd10	0x2371dc0	0x0504	0x5	0x4	0xe04f60	0x0
3	0x236cd10	0x2371dd8	0x0505	0x5	0x5	0xe054a0	0x0
3	0x236cd10	0x2371e00	0x0b00	0xb	0x0	0xdf2b00	0x0
3	0x236cd10	0x2371e18	0x0501	0x5	0x1	0xdf3020	0x0
3	0x236cd10	0x2371e30	0x0502	0x5	0x2	0xdf3590	0x0
3	0x236cd10	0x2371e48	0x0603	0x6	0x3	0xdf1b60	0x0
3	0x236cd10	0x2371e60	0x0504	0x5	0x4	0xdf2080	0x0
3	0x236cd10	0x2371e78	0x0505	0x5	0x5	0xdf25c0	0x0
3	0x236cd10	0x2371ea0	0x0b00	0xb	0x0	0xcc2be0	0x0
3	0x236cd10	0x2371eb8	0x0501	0x5	0x1	0xcc3130	0x0
3	0x236cd10	0x2371ed0	0x0502	0x5	0x2	0xcc36d0	0x0
3	0x236cd10	0x2371ee8	0x0603	0x6	0x3	0xcc1bb0	0x0
3	0x236cd10	0x2371f00	0x0504	0x5	0x4	0xcc2100	0x0
3	0x236cd10	0x2371f18	0x0505	0x5	0x5	0xcc2670	0x0
3	0x236cd10	0x2371f40	0x0b00	0xb	0x0	0xded500	0x0
3	0x236cd10	0x2371f58	0x0501	0x5	0x1	0xdeda50	0x0
3	0x236cd10	0x2371f70	0x0502	0x5	0x2	0xdedff0	0x0
3	0x236cd10	0x2371f88	0x0603	0x6	0x3	0xdec4d0	0x0
3	0x236cd10	0x2371fa0	0x0504	0x5	0x4	0xdeca20	0x0
3	0x236cd10	0x2371fb8	0x0505	0x5	0x5	0xdecf90	0x0
3	0x236cd10	0x2371fe0	0x0b00	0xb	0x0	0xd41b80	0x0
3	0x236cd10	0x2371ff8	0x0501	0x5	0x1	0xd420a0	0x0
3	0x236cd10	0x2372010	0x0502	0x5	0x2	0xd42610	0x0
3	0x236cd10	0x2372028	0x0603	0x6	0x3	0xd40be0	0x0
3	0x236cd10	0x2372040	0x0504	0x5	0x4	0xd41100	0x0
3	0x236cd10	0x2372058	0x0505	0x5	0x5	0xd41640	0x0
3	0x236cd10	0x2372080	0x0b00	0xb	0x0	0xd0df80	0x0
3	0x236cd10	0x2372098	0x0501	0x5	0x1	0xd0e4a0	0x0
3	0x236cd10	0x23720b0	0x0502	0x5	0x2	0xd0ea10	0x0
3	0x236cd10	0x23720c8	0x0603	0x6	0x3	0xd0cfe0	0x0
3	0x236cd10	0x23720e0	0x0504	0x5	0x4	0xd0d500	0x0
3	0x236cd10	0x23720f8	0x0505	0x5	0x5	0xd0da40	0x0
3	0x236cd10	0x2372110	0x0d06	0xd	0x6	0x1c05c40	0x0
3	0x236cd10	0x2372128	0x0507	0x5	0x7	0x1c051c0	0x0
3	0x236cd10	0x2372140	0x0508	0x5	0x8	0x1c05700	0x0
3	0x236cd10	0x2372160	0x0b00	0xb	0x0	0xdc7c70	0x0
3	0x236cd10	0x2372178	0x0501	0x5	0x1	0xdc8190	0x0
3	0x236cd10	0x2372190	0x0502	0x5	0x2	0xdc8700	0x0
3	0x236cd10	0x23721a8	0x0603	0x6	0x3	0xdc5d20	0x0
3	0x236cd10	0x23721c0	0x0504	0x5	0x4	0xdc6770	0x0
3	0x236cd10	0x23721d8	0x0505	0x5	0x5	0xdc71f0	0x0
3	0x236cd10	0x23721f0	0x0706	0x7	0x6	0xdc6240	0x0
3	0x236cd10	0x2372208	0x0507	0x5	0x7	0xdc6cb0	0x0
3	0x236cd10	0x2372220	0x0508	0x5	0x8	0xdc7730	0x0
3	0x236cd10	0x2372240	0x0b00	0xb	0x0	0xdb8490	0x0
3	0x236cd10	0x2372258	0x0501	0x5	0x1	0xdb89b0	0x0
3	0x236cd10	0x2372270	0x0502	0x5	0x2	0xdb8f20	0x0
3	0x236cd10	0x2372288	0x0603	0x6	0x3	0xdb6540	0x0
3	0x236cd10	0x23722a0	0x0504	0x5	0x4	0xdb6f90	0x0
3	0x236cd10	0x23722b8	0x0505	0x5	0x5	0xdb7a10	0x0
3	0x236cd10	0x23722d0	0x0706	0x7	0x6	0xdb6a60	0x0
3	0x236cd10	0x23722e8	0x0507	0x5	0x7	0xdb74d0	0x0
3	0x236cd10	0x2372300	0x0508	0x5	0x8	0xdb7f50	0x0
3	0x236cd10	0x2372320	0x0300	0x3	0x0	0xc92210	0x0
3	0x236cd10	0x2372338	0x0301	0x3	0x1	0xc8cdd0	0x0
3	0x236cd10	0x2372350	0x0302	0x3	0x2	0xc8d3d0	0x0
3	0x236cd10	0x2372368	0x0303	0x3	0x3	0xc92800	0x0
3	0x236cd10	0x2372380	0x0304	0x3	0x4	0xc8da00	0x0
3	0x236cd10	0x2372398	0x1905	0x19	0x5	0xc8e030	0x0
3	0x236cd10	0x23723b0	0x0306	0x3	0x6	0xc90a40	0x0
3	0x236cd10	0x23723c8	0x0307	0x3	0x7	0xc91610	0x0
3	0x236cd10	0x23723e0	0x0308	0x3	0x8	0xc91020	0x0
3	0x236cd10	0x23723f8	0x1909	0x19	0x9	0xc91c00	0x0
3	0x236cd10	0x2372410	0x030a	0x3	0xa	0xc8a320	0x0
3	0x236cd10	0x2372428	0x030b	0x3	0xb	0xc8bb80	0x0
3	0x236cd10	0x2372440	0x030c	0x3	0xc	0xc8af40	0x0
3	0x236cd10	0x2372458	0x190d	0x19	0xd	0xc8a900	0x0
3	0x236cd10	0x2372470	0x190e	0x19	0xe	0xc8c170	0x0
3	0x236cd10	0x2372488	0x190f	0x19	0xf	0xc8b530	0x0
3	0x236cd10	0x23724a0	0x1910	0x19	0x10	0xc8c7c0	0x0
3	0x236cd10	0x23724b8	0x1911	0x19	0x11	0xc9c380	0x0
3	0x236cd10	0x23724d0	0x1912	0x19	0x12	0xc985b0	0x0
3	0x236cd10	0x23724e8	0x1913	0x19	0x13	0xc98c00	0x0
3	0x236cd10	0x2372500	0x1914	0x19	0x14	0xc9ab00	0x0
3	0x236cd10	0x2372518	0x1915	0x19	0x15	0xc9b720	0x0
3	0x236cd10	0x2372530	0x1916	0x19	0x16	0xc9b100	0x0
3	0x236cd10	0x2372548	0x1917	0x19	0x17	0xc9bd40	0x0
3	0x236cd10	0x2372560	0x1918	0x19	0x18	0xc959f0	0x0
3	0x236cd10	0x2372578	0x1919	0x19	0x19	0xc972e0	0x0
3	0x236cd10	0x2372590	0x191a	0x19	0x1a	0xc96650	0x0
3	0x236cd10	0x23725a8	0x191b	0x19	0x1b	0xc95ff0	0x0
3	0x236cd10	0x23725c0	0x191c	0x19	0x1c	0xc97900	0x0
3	0x236cd10	0x23725d8	0x191d	0x19	0x1d	0xc96c70	0x0
3	0x236cd10	0x23725f0	0x191e	0x19	0x1e	0xc97f70	0x0
3	0x236cd10	0x2372608	0x191f	0x19	0x1f	0xc99280	0x0
3	0x236cd10	0x2372620	0x1920	0x19	0x20	0xc99ea0	0x0
3	0x236cd10	0x2372638	0x1921	0x19	0x21	0xc99880	0x0
3	0x236cd10	0x2372650	0x1922	0x19	0x22	0xc9a4c0	0x0
3	0x236cd10	0x2372668	0x1923	0x19	0x23	0xc92e30	0x0
3	0x236cd10	0x2372680	0x1924	0x19	0x24	0xc94720	0x0
3	0x236cd10	0x2372698	0x1925	0x19	0x25	0xc93a90	0x0
3	0x236cd10	0x23726b0	0x1926	0x19	0x26	0xc93430	0x0
3	0x236cd10	0x23726c8	0x1927	0x19	0x27	0xc94d40	0x0
3	0x236cd10	0x23726e0	0x1928	0x19	0x28	0xc940b0	0x0
3	0x236cd10	0x23726f8	0x1929	0x19	0x29	0xc953b0	0x0
3	0x236cd10	0x2372710	0x032a	0x3	0x2a	0xc8e6b0	0x0
3	0x236cd10	0x2372728	0x032b	0x3	0x2b	0xc8f280	0x0
3	0x236cd10	0x2372740	0x032c	0x3	0x2c	0xc8ec90	0x0
3	0x236cd10	0x2372758	0x192d	0x19	0x2d	0xc8f870	0x0
3	0x236cd10	0x2372770	0x032e	0x3	0x2e	0xc86030	0x0
3	0x236cd10	0x2372788	0x032f	0x3	0x2f	0xc86c00	0x0
3	0x236cd10	0x23727a0	0x0330	0x3	0x30	0xc86610	0x0
3	0x236cd10	0x23727b8	0x1931	0x19	0x31	0xc87db0	0x0
3	0x236cd10	0x23727d0	0x1932	0x19	0x32	0xc88a40	0x0
3	0x236cd10	0x23727e8	0x1933	0x19	0x33	0xc883f0	0x0
3	0x236cd10	0x2372800	0x1934	0x19	0x34	0xc89d10	0x0
3	0x236cd10	0x2372818	0x0335	0x3	0x35	0xc90460	0x0
3	0x236cd10	0x2372830	0x0336	0x3	0x36	0xc8fe80	0x0
3	0x236cd10	0x2372848	0x0337	0x3	0x37	0xc877d0	0x0
3	0x236cd10	0x2372860	0x0338	0x3	0x38	0xc871f0	0x0
3	0x236cd10	0x2372878	0x1939	0x19	0x39	0xc896d0	0x0
3	0x236cd10	0x2372890	0x193a	0x19	0x3a	0xc89090	0x0
3	0x236cd10	0x23728a8	0x193b	0x19	0x3b	0xc9e120	0x0
3	0x236cd10	0x23728c0	0x033c	0x3	0x3c	0xc9cf80	0x0
3	0x236cd10	0x23728d8	0x193d	0x19	0x3d	0x1737d00	0x0
3	0x236cd10	0x23728f0	0x193e	0x19	0x3e	0xc9e750	0x0
3	0x236cd10	0x2372908	0x033f	0x3	0x3f	0x1737710	0x0
3	0x236cd10	0x2372920	0x0340	0x3	0x40	0xc9d540	0x0
3	0x236cd10	0x2372938	0x1941	0x19	0x41	0xc9db30	0x0
3	0x236cd10	0x2372950	0x1942	0x19	0x42	0xc9f960	0x0
3	0x236cd10	0x2372968	0x0343	0x3	0x43	0xc9c9d0	0x0
3	0x236cd10	0x2372980	0x0344	0x3	0x44	0xc9edb0	0x0
3	0x236cd10	0x2372998	0x1945	0x19	0x45	0xc9ff90	0x0
3	0x236cd10	0x23729b0	0x0346	0x3	0x46	0xc9f390	0x0
3	0x236cd10	0x23729e0	0x1900	0x19	0x0	0x176b090	0x0
3	0x236cd10	0x23729f8	0x1901	0x19	0x1	0x176b700	0x0
3	0x236cd10	0x2372a10	0x1902	0x19	0x2	0xdb9ac0	0x0
3	0x236cd10	0x2372a28	0x1903	0x19	0x3	0xdb9490	0x0
3	0x236cd10	0x2372a40	0x1904	0x19	0x4	0xdbd210	0x0
3	0x236cd10	0x2372a58	0x1905	0x19	0x5	0xdbea50	0x0
3	0x236cd10	0x2372a70	0x1906	0x19	0x6	0xdbde20	0x0
3	0x236cd10	0x2372a88	0x1907	0x19	0x7	0xdbf090	0x0
3	0x236cd10	0x2372aa0	0x1908	0x19	0x8	0xdc20d0	0x0
3	0x236cd10	0x2372ab8	0x1909	0x19	0x9	0xdc0f30	0x0
3	0x236cd10	0x2372ad0	0x190a	0x19	0xa	0xdc1ae0	0x0
3	0x236cd10	0x2372ae8	0x190b	0x19	0xb	0xdc14f0	0x0
3	0x236cd10	0x2372b00	0x190c	0x19	0xc	0xdbcc50	0x0
3	0x236cd10	0x2372b18	0x190d	0x19	0xd	0xdbe460	0x0
3	0x236cd10	0x2372b30	0x190e	0x19	0xe	0xdbd830	0x0
3	0x236cd10	0x2372b48	0x190f	0x19	0xf	0xdbb360	0x0
3	0x236cd10	0x2372b60	0x1910	0x19	0x10	0xdbbfc0	0x0
3	0x236cd10	0x2372b78	0x1911	0x19	0x11	0xdbb980	0x0
3	0x236cd10	0x2372b90	0x1912	0x19	0x12	0xdbc600	0x0
3	0x236cd10	0x2372ba8	0x1913	0x19	0x13	0xdc08e0	0x0
3	0x236cd10	0x2372bc0	0x1914	0x19	0x14	0xdbf6a0	0x0
3	0x236cd10	0x2372bd8	0x1915	0x19	0x15	0xdc02c0	0x0
3	0x236cd10	0x2372bf0	0x1916	0x19	0x16	0xdbfca0	0x0
3	0x236cd10	0x2372c08	0x1917	0x19	0x17	0xdba120	0x0
3	0x236cd10	0x2372c20	0x1918	0x19	0x18	0xdbad40	0x0
3	0x236cd10	0x2372c38	0x1919	0x19	0x19	0xdba720	0x0
3	0x236cd10	0x2372c60	0x0500	0x5	0x0	0xe0c3d0	0x0
3	0x236cd10	0x2372c78	0x0501	0x5	0x1	0xe0c8f0	0x0
3	0x236cd10	0x2372c90	0x0306	0x3	0x6	0xe0d3f0	0x0
3	0x236cd10	0x2372ca8	0x0307	0x3	0x7	0xe0ce10	0x0
3	0x236cd10	0x2372cc0	0x0a00	0xa	0x0	0xde41b0	0x0
3	0x236cd10	0x2372cd8	0x1201	0x12	0x1	0xde4c40	0x0
3	0x236cd10	0x2372cf0	0x0a02	0xa	0x2	0xde46e0	0x0
3	0x236cd10	0x2372d08	0x1203	0x12	0x3	0xde51d0	0x0
3	0x236cd10	0x2372d20	0x030c	0x3	0xc	0xde5d70	0x0
3	0x236cd10	0x2372d38	0x030d	0x3	0xd	0xde5770	0x0
3	0x236cd10	0x2372d50	0x160e	0x16	0xe	0xde7560	0x0
3	0x236cd10	0x2372d68	0x160f	0x16	0xf	0xde6f20	0x0
3	0x236cd10	0x2372d80	0x0310	0x3	0x10	0xde6930	0x0
3	0x236cd10	0x2372d98	0x0311	0x3	0x11	0xde6340	0x0
3	0x236cd10	0x2372db0	0x1612	0x16	0x12	0xde8200	0x0
3	0x236cd10	0x2372dc8	0x1613	0x16	0x13	0xde7b90	0x0
3	0x236cd10	0x2372de0	0x0500	0x5	0x0	0xd601b0	0x0
3	0x236cd10	0x2372df8	0x0303	0x3	0x3	0xd61830	0x0
3	0x236cd10	0x2372e10	0x0304	0x3	0x4	0xd61240	0x0
3	0x236cd10	0x2372e28	0x0505	0x5	0x5	0xd5fcb0	0x0
3	0x236cd10	0x2372e40	0x0308	0x3	0x8	0xd60c90	0x0
3	0x236cd10	0x2372e58	0x0309	0x3	0x9	0xd606c0	0x0
3	0x236cd10	0x2372e80	0x0500	0x5	0x0	0xd11850	0x0
3	0x236cd10	0x2372e98	0x0501	0x5	0x1	0xd14990	0x0
3	0x236cd10	0x2372eb0	0x0502	0x5	0x2	0xd10a10	0x0
3	0x236cd10	0x2372ec8	0x0503	0x5	0x3	0xd10540	0x0
3	0x236cd10	0x2372ee0	0x0504	0x5	0x4	0xd10eb0	0x0
3	0x236cd10	0x2372ef8	0x0505	0x5	0x5	0xd11380	0x0
3	0x236cd10	0x2372f10	0x0506	0x5	0x6	0xd14020	0x0
3	0x236cd10	0x2372f28	0x0507	0x5	0x7	0xd11cf0	0x0
3	0x236cd10	0x2372f40	0x0508	0x5	0x8	0xd144f0	0x0
3	0x236cd10	0x2372f58	0x0509	0x5	0x9	0xd13620	0x0
3	0x236cd10	0x2372f70	0x0b0a	0xb	0xa	0xd12690	0x0
3	0x236cd10	0x2372f88	0x050b	0x5	0xb	0xd12190	0x0
3	0x236cd10	0x2372fa0	0x050c	0x5	0xc	0xd13150	0x0
3	0x236cd10	0x2372fb8	0x050d	0x5	0xd	0xd13af0	0x0
3	0x236cd10	0x2372fd0	0x050e	0x5	0xe	0xd12c20	0x0
3	0x236cd10	0x2372ff0	0x0300	0x3	0x0	0x1761ed0	0x0
3	0x236cd10	0x2373020	0x0500	0x5	0x0	0xcaf0a0	0x0
3	0x236cd10	0x2373038	0x1e02	0x1e	0x2	0xcaf5a0	0x0
3	0x236cd10	0x2373050	0x0503	0x5	0x3	0xcafb30	0x0
3	0x236cd10	0x2373068	0x1e05	0x1e	0x5	0xcb0030	0x0
3	0x236cd10	0x2373080	0x0506	0x5	0x6	0xca2990	0x0
3	0x236cd10	0x2373098	0x0b07	0xb	0x7	0xca19c0	0x0
3	0x236cd10	0x23730b0	0x0508	0x5	0x8	0xca1f10	0x0
3	0x236cd10	0x23730c8	0x0b09	0xb	0x9	0xca2430	0x0
3	0x236cd10	0x23730e0	0x030e	0x3	0xe	0xca3410	0x0
3	0x236cd10	0x23730f8	0x160f	0x16	0xf	0xca3fa0	0x0
3	0x236cd10	0x2373110	0x0310	0x3	0x10	0xca4b50	0x0
3	0x236cd10	0x2373128	0x1611	0x16	0x11	0xca5700	0x0
3	0x236cd10	0x2373140	0x0212	0x2	0x12	0xca6f50	0x0
3	0x236cd10	0x2373158	0x1213	0x12	0x13	0xca8820	0x0
3	0x236cd10	0x2373170	0x0214	0x2	0x14	0xcaa090	0x0
3	0x236cd10	0x2373188	0x1215	0x12	0x15	0xcab9d0	0x0
3	0x236cd10	0x23731a0	0x031a	0x3	0x1a	0xca6360	0x0
3	0x236cd10	0x23731b8	0x161b	0x16	0x1b	0xca7b80	0x0
3	0x236cd10	0x23731d0	0x031c	0x3	0x1c	0xca9480	0x0
3	0x236cd10	0x23731e8	0x161d	0x16	0x1d	0xcaad00	0x0
3	0x236cd10	0x2373200	0x021e	0x2	0x1e	0xca69a0	0x0
3	0x236cd10	0x2373218	0x121f	0x12	0x1f	0xca8220	0x0
3	0x236cd10	0x2373230	0x0220	0x2	0x20	0xca9ae0	0x0
3	0x236cd10	0x2373248	0x1221	0x12	0x21	0xcab3b0	0x0
3	0x236cd10	0x2373260	0x0326	0x3	0x26	0xca5d10	0x0
3	0x236cd10	0x2373278	0x1627	0x16	0x27	0xca74e0	0x0
3	0x236cd10	0x2373290	0x0328	0x3	0x28	0xca8e20	0x0
3	0x236cd10	0x23732a8	0x1629	0x16	0x29	0xcaa640	0x0
3	0x236cd10	0x23732c0	0x052a	0x5	0x2a	0xca14f0	0x0
3	0x236cd10	0x23732d8	0x0b2b	0xb	0x2b	0xca05b0	0x0
3	0x236cd10	0x23732f0	0x052c	0x5	0x2c	0xca0ad0	0x0
3	0x236cd10	0x2373308	0x0b2d	0xb	0x2d	0xca0fc0	0x0
3	0x236cd10	0x2373320	0x0332	0x3	0x32	0xca2e90	0x0
3	0x236cd10	0x2373338	0x1633	0x16	0x33	0xca39c0	0x0
3	0x236cd10	0x2373350	0x0334	0x3	0x34	0xca45b0	0x0
3	0x236cd10	0x2373368	0x1635	0x16	0x35	0xca5120	0x0
3	0x236cd10	0x2373380	0x0536	0x5	0x36	0xcabfe0	0x0
3	0x236cd10	0x2373398	0x0537	0x5	0x37	0xcadfd0	0x0
3	0x236cd10	0x23733b0	0x0538	0x5	0x38	0xcada30	0x0
3	0x236cd10	0x23733c8	0x0639	0x6	0x39	0xcaeaf0	0x0
3	0x236cd10	0x23733e0	0x033a	0x3	0x3a	0xcae510	0x0
3	0x236cd10	0x23733f8	0x053b	0x5	0x3b	0xcac480	0x0
3	0x236cd10	0x2373410	0x053c	0x5	0x3c	0xcad4c0	0x0
3	0x236cd10	0x2373428	0x063d	0x6	0x3d	0xcacf40	0x0
3	0x236cd10	0x2373440	0x033e	0x3	0x3e	0xcac990	0x0
3	0x236cd10	0x2373460	0x0500	0x5	0x0	0xe0a490	0x0
3	0x236cd10	0x2373480	0x0a00	0xa	0x0	0xdc8c70	0x0
3	0x236cd10	0x2373498	0x0301	0x3	0x1	0xdc96c0	0x0
3	0x236cd10	0x23734b0	0x0a02	0xa	0x2	0xdca120	0x0
3	0x236cd10	0x23734c8	0x0303	0x3	0x3	0xdc9170	0x0
3	0x236cd10	0x23734e0	0x0a04	0xa	0x4	0xdc9c20	0x0
3	0x236cd10	0x2373500	0x1e00	0x1e	0x0	0x17850c0	0x0
3	0x236cd10	0x2373518	0x0501	0x5	0x1	0x1784bd0	0x0
3	0x236cd10	0x2373540	0x0200	0x2	0x0	0xc7c710	0x0
3	0x236cd10	0x2373558	0x0301	0x3	0x1	0xc7d190	0x0
3	0x236cd10	0x2373570	0x0202	0x2	0x2	0xc7d740	0x0
3	0x236cd10	0x2373588	0x0303	0x3	0x3	0xc7c1a0	0x0
3	0x236cd10	0x23735a0	0x0204	0x2	0x4	0xc7cc50	0x0
3	0x236cd10	0x23735c0	0x0200	0x2	0x0	0xc7ac30	0x0
3	0x236cd10	0x23735d8	0x0301	0x3	0x1	0xc7b6b0	0x0
3	0x236cd10	0x23735f0	0x0202	0x2	0x2	0xc7bc60	0x0
3	0x236cd10	0x2373608	0x0303	0x3	0x3	0xc7a6c0	0x0
3	0x236cd10	0x2373620	0x0204	0x2	0x4	0xc7b170	0x0
3	0x236cd10	0x2373640	0x2300	0x23	0x0	0xd84690	0x0
3	0x236cd10	0x2373658	0x1301	0x13	0x1	0xd83f40	0x0
3	0x236cd10	0x2373670	0x1302	0x13	0x2	0xd84df0	0x0
3	0x236cd10	0x2373688	0x0203	0x2	0x3	0xd85540	0x0
3	0x236cd10	0x23736a0	0x0304	0x3	0x4	0xd85a50	0x0
3	0x236cd10	0x23736b8	0x0205	0x2	0x5	0xd85fc0	0x0
3	0x236cd10	0x23736d0	0x0306	0x3	0x6	0x1762440	0x0
3	0x236cd10	0x23736e8	0x0a07	0xa	0x7	0x1763150	0x0
3	0x236cd10	0x2373700	0x0a08	0xa	0x8	0x1762ac0	0x0
3	0x236cd10	0x2373720	0x0a00	0xa	0x0	0xe09040	0x0
3	0x236cd10	0x2373740	0x1300	0x13	0x0	0xe089a0	0x0
3	0x236cd10	0x2373760	0x0a00	0xa	0x0	0xe07d10	0x0
3	0x236cd10	0x2373778	0x0a01	0xa	0x1	0xe08370	0x0
3	0x236cd10	0x23737a0	0x0500	0x5	0x0	0xe04410	0x0
3	0x236cd10	0x23737b8	0x1301	0x13	0x1	0xe03dd0	0x0
3	0x236cd10	0x23737e0	0x1300	0x13	0x0	0xe03170	0x0
3	0x236cd10	0x23737f8	0x1301	0x13	0x1	0xe037a0	0x0
3	0x236cd10	0x2373820	0x2300	0x23	0x0	0xd691f0	0x0
3	0x236cd10	0x2373838	0x1301	0x13	0x1	0xd68aa0	0x0
3	0x236cd10	0x2373850	0x1302	0x13	0x2	0xd69950	0x0
3	0x236cd10	0x2373868	0x0203	0x2	0x3	0xd6a0a0	0x0
3	0x236cd10	0x2373880	0x0304	0x3	0x4	0xd6a5b0	0x0
3	0x236cd10	0x2373898	0x0205	0x2	0x5	0xd6ab20	0x0
3	0x236cd10	0x23738b0	0x0306	0x3	0x6	0x1760080	0x0
3	0x236cd10	0x23738c8	0x0a07	0xa	0x7	0x1760d90	0x0
3	0x236cd10	0x23738e0	0x0a08	0xa	0x8	0x1760700	0x0
3	0x236cd10	0x2373900	0x1300	0x13	0x0	0xe02b20	0x0
3	0x236cd10	0x2373920	0x0500	0x5	0x0	0xd5cea0	0x0
3	0x236cd10	0x2373938	0x0501	0x5	0x1	0xd5e360	0x0
3	0x236cd10	0x2373950	0x0502	0x5	0x2	0xd5c440	0x0
3	0x236cd10	0x2373968	0x0503	0x5	0x3	0xd5d900	0x0
3	0x236cd10	0x2373980	0x0504	0x5	0x4	0xd5ed90	0x0
3	0x236cd10	0x2373998	0x0505	0x5	0x5	0xd5f7a0	0x0
3	0x236cd10	0x23739b0	0x0506	0x5	0x6	0xd5e890	0x0
3	0x236cd10	0x23739c8	0x0507	0x5	0x7	0xd5f290	0x0
3	0x236cd10	0x23739e0	0x0508	0x5	0x8	0xd5c970	0x0
3	0x236cd10	0x23739f8	0x0509	0x5	0x9	0xd5de30	0x0
3	0x236cd10	0x2373a10	0x050a	0x5	0xa	0xd5bf10	0x0
3	0x236cd10	0x2373a28	0x050b	0x5	0xb	0xd5d3d0	0x0
3	0x236cd10	0x2373a40	0x1900	0x19	0x0	0x1770520	0x0
3	0x236cd10	0x2373a58	0x1901	0x19	0x1	0x1770b90	0x0
3	0x236cd10	0x2373a70	0x0302	0x3	0x2	0xdf91b0	0x0
3	0x236cd10	0x2373a88	0x0303	0x3	0x3	0xdf8bc0	0x0
3	0x236cd10	0x2373aa0	0x1904	0x19	0x4	0xdf97c0	0x0
3	0x236cd10	0x2373ab8	0x1905	0x19	0x5	0xdfbb30	0x0
3	0x236cd10	0x2373ad0	0x1906	0x19	0x6	0xdfa940	0x0
3	0x236cd10	0x2373ae8	0x1907	0x19	0x7	0xdfcd20	0x0
3	0x236cd10	0x2373b00	0x1908	0x19	0x8	0xdfe5b0	0x0
3	0x236cd10	0x2373b18	0x1909	0x19	0x9	0xdfd370	0x0
3	0x236cd10	0x2373b30	0x190a	0x19	0xa	0xdfdf90	0x0
3	0x236cd10	0x2373b48	0x190b	0x19	0xb	0xdfd970	0x0
3	0x236cd10	0x2373b60	0x190c	0x19	0xc	0xdf9dc0	0x0
3	0x236cd10	0x2373b78	0x190d	0x19	0xd	0xdfc150	0x0
3	0x236cd10	0x2373b90	0x190e	0x19	0xe	0xdfaf60	0x0
3	0x236cd10	0x2373ba8	0x030f	0x3	0xf	0xdff1b0	0x0
3	0x236cd10	0x2373bc0	0x0310	0x3	0x10	0xdff780	0x0
3	0x236cd10	0x2373bd8	0x0311	0x3	0x11	0xdfec00	0x0
3	0x236cd10	0x2373bf0	0x0312	0x3	0x12	0xdf3b00	0x0
3	0x236cd10	0x2373c08	0x0313	0x3	0x13	0xdf4690	0x0
3	0x236cd10	0x2373c20	0x0314	0x3	0x14	0xdf40b0	0x0
3	0x236cd10	0x2373c38	0x1915	0x19	0x15	0xdf6e10	0x0
3	0x236cd10	0x2373c50	0x1916	0x19	0x16	0xdf85a0	0x0
3	0x236cd10	0x2373c68	0x0317	0x3	0x17	0xdf7430	0x0
3	0x236cd10	0x2373c80	0x0318	0x3	0x18	0xdf7fc0	0x0
3	0x236cd10	0x2373c98	0x0319	0x3	0x19	0xdf79e0	0x0
3	0x236cd10	0x2373cb0	0x031a	0x3	0x1a	0xe007d0	0x0
3	0x236cd10	0x2373cc8	0x191b	0x19	0x1b	0xe01910	0x0
3	0x236cd10	0x2373ce0	0x031c	0x3	0x1c	0xdffd00	0x0
3	0x236cd10	0x2373cf8	0x031d	0x3	0x1d	0xe00d80	0x0
3	0x236cd10	0x2373d10	0x031e	0x3	0x1e	0xdf4c70	0x0
3	0x236cd10	0x2373d28	0x031f	0x3	0x1f	0xdf5800	0x0
3	0x236cd10	0x2373d40	0x0320	0x3	0x20	0xdf5220	0x0
3	0x236cd10	0x2373d58	0x0321	0x3	0x21	0xdfa3c0	0x0
3	0x236cd10	0x2373d70	0x0322	0x3	0x22	0xdfc770	0x0
3	0x236cd10	0x2373d88	0x0323	0x3	0x23	0xdfb580	0x0
3	0x236cd10	0x2373da0	0x0324	0x3	0x24	0xe00250	0x0
3	0x236cd10	0x2373db8	0x0325	0x3	0x25	0xe01330	0x0
3	0x236cd10	0x2373dd0	0x0326	0x3	0x26	0xdf5de0	0x0
3	0x236cd10	0x2373de8	0x0327	0x3	0x27	0xdf68a0	0x0
3	0x236cd10	0x2373e00	0x0328	0x3	0x28	0xdf6330	0x0
3	0x236cd10	0x2373e18	0x1929	0x19	0x29	0x176fe60	0x0
3	0x236cd10	0x2373e30	0x192a	0x19	0x2a	0x176f7d0	0x0
3	0x236cd10	0x2373e48	0x192b	0x19	0x2b	0x176f140	0x0
3	0x236cd10	0x2373e60	0x192c	0x19	0x2c	0x176eab0	0x0
3	0x236cd10	0x2373e80	0x0500	0x5	0x0	0xdeab30	0x0
3	0x236cd10	0x2373e98	0x0301	0x3	0x1	0xdeb030	0x0
3	0x236cd10	0x2373eb0	0x0502	0x5	0x2	0xdeb580	0x0
3	0x236cd10	0x2373ec8	0x0303	0x3	0x3	0xdebf80	0x0
3	0x236cd10	0x2373ee0	0x0504	0x5	0x4	0xdeba80	0x0
3	0x236cd10	0x2373f00	0x0500	0x5	0x0	0xde8840	0x0
3	0x236cd10	0x2373f18	0x0301	0x3	0x1	0xde8d10	0x0
3	0x236cd10	0x2373f30	0x0302	0x3	0x2	0xde9700	0x0
3	0x236cd10	0x2373f48	0x0503	0x5	0x3	0xde9230	0x0
3	0x236cd10	0x2373f60	0x0304	0x3	0x4	0xdea0f0	0x0
3	0x236cd10	0x2373f78	0x0305	0x3	0x5	0xdea610	0x0
3	0x236cd10	0x2373f90	0x0506	0x5	0x6	0xde9c20	0x0
3	0x236cd10	0x2373fc0	0x0200	0x2	0x0	0xde1490	0x0
3	0x236cd10	0x2373fd8	0x0301	0x3	0x1	0xde1a00	0x0
3	0x236cd10	0x2373ff0	0x0202	0x2	0x2	0xde25b0	0x0
3	0x236cd10	0x2374008	0x0303	0x3	0x3	0xde1fd0	0x0
3	0x236cd10	0x2374020	0x0304	0x3	0x4	0xde3bd0	0x0
3	0x236cd10	0x2374038	0x0205	0x2	0x5	0xde2b20	0x0
3	0x236cd10	0x2374050	0x0306	0x3	0x6	0xde3600	0x0
3	0x236cd10	0x2374068	0x0207	0x2	0x7	0xde3090	0x0
3	0x236cd10	0x2374080	0x0500	0x5	0x0	0xddfaf0	0x0
3	0x236cd10	0x2374098	0x0301	0x3	0x1	0xddfff0	0x0
3	0x236cd10	0x23740b0	0x0502	0x5	0x2	0xde0540	0x0
3	0x236cd10	0x23740c8	0x0303	0x3	0x3	0xde0f40	0x0
3	0x236cd10	0x23740e0	0x0504	0x5	0x4	0xde0a40	0x0
3	0x236cd10	0x2374100	0x0700	0x7	0x0	0xdc5280	0x0
3	0x236cd10	0x2374118	0x0701	0x7	0x1	0xdc57d0	0x0
3	0x236cd10	0x2374130	0x0702	0x7	0x2	0xdc47e0	0x0
3	0x236cd10	0x2374148	0x0703	0x7	0x3	0xdc4d30	0x0
3	0x236cd10	0x2374160	0x0500	0x5	0x0	0xdc26e0	0x0
3	0x236cd10	0x2374178	0x0303	0x3	0x3	0xdc36b0	0x0
3	0x236cd10	0x2374190	0x0304	0x3	0x4	0xdc30e0	0x0
3	0x236cd10	0x23741a8	0x0505	0x5	0x5	0x176bda0	0x0
3	0x236cd10	0x23741c0	0x0306	0x3	0x6	0x176c2d0	0x0
3	0x236cd10	0x23741d8	0x0307	0x3	0x7	0x176c8b0	0x0
3	0x236cd10	0x23741f0	0x0508	0x5	0x8	0xdc2be0	0x0
3	0x236cd10	0x2374208	0x030b	0x3	0xb	0xdc4230	0x0
3	0x236cd10	0x2374220	0x030c	0x3	0xc	0xdc3c60	0x0
3	0x236cd10	0x2374240	0x0300	0x3	0x0	0xd224d0	0x0
3	0x236cd10	0x2374258	0x0301	0x3	0x1	0xd22f20	0x0
3	0x236cd10	0x2374270	0x0302	0x3	0x2	0xd229f0	0x0
3	0x236cd10	0x23742a0	0x0200	0x2	0x0	0xdb40a0	0x0
3	0x236cd10	0x23742b8	0x0301	0x3	0x1	0xdb5030	0x0
3	0x236cd10	0x23742d0	0x0202	0x2	0x2	0xdb55a0	0x0
3	0x236cd10	0x23742e8	0x0303	0x3	0x3	0xdb45b0	0x0
3	0x236cd10	0x2374300	0x0204	0x2	0x4	0xdb4b20	0x0
3	0x236cd10	0x2374318	0x0305	0x3	0x5	0xdb5fc0	0x0
3	0x236cd10	0x2374330	0x0206	0x2	0x6	0xdb5ab0	0x0
3	0x236cd10	0x2374360	0x0500	0x5	0x0	0xdb1e30	0x0
3	0x236cd10	0x2374378	0x0601	0x6	0x1	0xdb2300	0x0
3	0x236cd10	0x2374390	0x0502	0x5	0x2	0xdb27f0	0x0
3	0x236cd10	0x23743a8	0x0603	0x6	0x3	0xdb31b0	0x0
3	0x236cd10	0x23743c0	0x0504	0x5	0x4	0xdb2cd0	0x0
3	0x236cd10	0x23743e0	0x0b00	0xb	0x0	0xdb1960	0x0
3	0x236cd10	0x2374400	0x0200	0x2	0x0	0xda43f0	0x0
3	0x236cd10	0x2374420	0x0500	0x5	0x0	0xda3f40	0x0
3	0x236cd10	0x2374438	0x0501	0x5	0x1	0xda2fd0	0x0
3	0x236cd10	0x2374450	0x0602	0x6	0x2	0xda34e0	0x0
3	0x236cd10	0x2374468	0x0503	0x5	0x3	0xda3a30	0x0
3	0x236cd10	0x2374480	0x0500	0x5	0x0	0xda58a0	0x0
3	0x236cd10	0x2374498	0x0301	0x3	0x1	0xda5d90	0x0
3	0x236cd10	0x23744b0	0x0502	0x5	0x2	0xda62b0	0x0
3	0x236cd10	0x23744c8	0x0303	0x3	0x3	0xda8140	0x0
3	0x236cd10	0x23744e0	0x0504	0x5	0x4	0xda7c50	0x0
3	0x236cd10	0x23744f8	0x0205	0x2	0x5	0xda4820	0x0
3	0x236cd10	0x2374510	0x0306	0x3	0x6	0xda4d90	0x0
3	0x236cd10	0x2374528	0x0207	0x2	0x7	0xda5330	0x0
3	0x236cd10	0x2374540	0x0308	0x3	0x8	0xda76b0	0x0
3	0x236cd10	0x2374558	0x0209	0x2	0x9	0xda7140	0x0
3	0x236cd10	0x2374570	0x050a	0x5	0xa	0xda6c70	0x0
3	0x236cd10	0x2374588	0x050b	0x5	0xb	0xda67a0	0x0
3	0x236cd10	0x23745a0	0x050c	0x5	0xc	0xda8660	0x0
3	0x236cd10	0x23745c0	0x0a00	0xa	0x0	0xd43d10	0x0
3	0x236cd10	0x23745d8	0x0301	0x3	0x1	0xd44240	0x0
3	0x236cd10	0x23745f0	0x0a02	0xa	0x2	0xd447d0	0x0
3	0x236cd10	0x2374608	0x0303	0x3	0x3	0xd47560	0x0
3	0x236cd10	0x2374620	0x0a04	0xa	0x4	0xd47020	0x0
3	0x236cd10	0x2374638	0x0a05	0xa	0x5	0xd42b80	0x0
3	0x236cd10	0x2374650	0x0306	0x3	0x6	0xd43140	0x0
3	0x236cd10	0x2374668	0x0a07	0xa	0x7	0xd43750	0x0
3	0x236cd10	0x2374680	0x0308	0x3	0x8	0xd46a10	0x0
3	0x236cd10	0x2374698	0x0a09	0xa	0x9	0xd46450	0x0
3	0x236cd10	0x23746b0	0x0a0a	0xa	0xa	0xd44d10	0x0
3	0x236cd10	0x23746c8	0x0a0b	0xa	0xb	0xd4a990	0x0
3	0x236cd10	0x23746e0	0x0a0c	0xa	0xc	0xd49210	0x0
3	0x236cd10	0x23746f8	0x0a0d	0xa	0xd	0xd4b590	0x0
3	0x236cd10	0x2374710	0x0a0e	0xa	0xe	0xd4bba0	0x0
3	0x236cd10	0x2374728	0x0a0f	0xa	0xf	0xd458b0	0x0
3	0x236cd10	0x2374740	0x0a10	0xa	0x10	0xd4af90	0x0
3	0x236cd10	0x2374758	0x0a11	0xa	0x11	0xd49810	0x0
3	0x236cd10	0x2374770	0x0a12	0xa	0x12	0xd47af0	0x0
3	0x236cd10	0x2374788	0x0a13	0xa	0x13	0xd4d910	0x0
3	0x236cd10	0x23747a0	0x0a14	0xa	0x14	0xd4cd50	0x0
3	0x236cd10	0x23747b8	0x0a15	0xa	0x15	0xd4e4d0	0x0
3	0x236cd10	0x23747d0	0x0a16	0xa	0x16	0xd45ea0	0x0
3	0x236cd10	0x23747e8	0x0a17	0xa	0x17	0xd49e10	0x0
3	0x236cd10	0x2374800	0x0a18	0xa	0x18	0xd48690	0x0
3	0x236cd10	0x2374818	0x0a19	0xa	0x19	0xd4c1b0	0x0
3	0x236cd10	0x2374830	0x0a1a	0xa	0x1a	0xd4c780	0x0
3	0x236cd10	0x2374848	0x0a1b	0xa	0x1b	0xd45300	0x0
3	0x236cd10	0x2374860	0x0a1c	0xa	0x1c	0xd480e0	0x0
3	0x236cd10	0x2374878	0x0a1d	0xa	0x1d	0xd4df10	0x0
3	0x236cd10	0x2374890	0x0a1e	0xa	0x1e	0xd4d350	0x0
3	0x236cd10	0x23748a8	0x0a1f	0xa	0x1f	0xd4a3d0	0x0
3	0x236cd10	0x23748c0	0x0a20	0xa	0x20	0xd48c50	0x0
3	0x236cd10	0x23748d8	0x0a21	0xa	0x21	0xd4eae0	0x0
3	0x236cd10	0x2374900	0x0200	0x2	0x0	0xe1bdf0	0x0
3	0x236cd10	0x2374918	0x0a01	0xa	0x1	0xe1e090	0x0
3	0x236cd10	0x2374930	0x0302	0x3	0x2	0xe1c890	0x0
3	0x236cd10	0x2374948	0x0303	0x3	0x3	0xe1ebd0	0x0
3	0x236cd10	0x2374960	0x0204	0x2	0x4	0xe1c340	0x0
3	0x236cd10	0x2374978	0x0a05	0xa	0x5	0xe1e630	0x0
3	0x236cd10	0x2374990	0x0306	0x3	0x6	0xe20d60	0x0
3	0x236cd10	0x23749a8	0x0307	0x3	0x7	0xe224e0	0x0
3	0x236cd10	0x23749c0	0x0208	0x2	0x8	0xe20230	0x0
3	0x236cd10	0x23749d8	0x0a09	0xa	0x9	0xe218f0	0x0
3	0x236cd10	0x23749f0	0x0a0a	0xa	0xa	0xe1ac50	0x0
3	0x236cd10	0x2374a08	0x0a0b	0xa	0xb	0xe1cdf0	0x0
3	0x236cd10	0x2374a20	0x030c	0x3	0xc	0xe1b810	0x0
3	0x236cd10	0x2374a38	0x030d	0x3	0xd	0xe1da50	0x0
3	0x236cd10	0x2374a50	0x0a0e	0xa	0xe	0xe1b230	0x0
3	0x236cd10	0x2374a68	0x0a0f	0xa	0xf	0xe1d420	0x0
3	0x236cd10	0x2374a80	0x0310	0x3	0x10	0xe20780	0x0
3	0x236cd10	0x2374a98	0x0311	0x3	0x11	0xe21ea0	0x0
3	0x236cd10	0x2374ab0	0x0a12	0xa	0x12	0xe1fc50	0x0
3	0x236cd10	0x2374ac8	0x0a13	0xa	0x13	0xe212c0	0x0
3	0x236cd10	0x2374ae0	0x0214	0x2	0x14	0xe1f6f0	0x0
3	0x236cd10	0x2374af8	0x0215	0x2	0x15	0xe1f190	0x0
3	0x236cd10	0x2374b10	0x0216	0x2	0x16	0xe22aa0	0x0
3	0x236cd10	0x2374b40	0x0200	0x2	0x0	0xdaa750	0x0
3	0x236cd10	0x2374b58	0x0a01	0xa	0x1	0xdac9f0	0x0
3	0x236cd10	0x2374b70	0x0302	0x3	0x2	0xdab1f0	0x0
3	0x236cd10	0x2374b88	0x0303	0x3	0x3	0xdad530	0x0
3	0x236cd10	0x2374ba0	0x0204	0x2	0x4	0xdaaca0	0x0
3	0x236cd10	0x2374bb8	0x0a05	0xa	0x5	0xdacf90	0x0
3	0x236cd10	0x2374bd0	0x0306	0x3	0x6	0xdaf6c0	0x0
3	0x236cd10	0x2374be8	0x0307	0x3	0x7	0xdb0e40	0x0
3	0x236cd10	0x2374c00	0x0208	0x2	0x8	0xdaeb90	0x0
3	0x236cd10	0x2374c18	0x0a09	0xa	0x9	0xdb0250	0x0
3	0x236cd10	0x2374c30	0x0a0a	0xa	0xa	0xda95b0	0x0
3	0x236cd10	0x2374c48	0x0a0b	0xa	0xb	0xdab750	0x0
3	0x236cd10	0x2374c60	0x030c	0x3	0xc	0xdaa170	0x0
3	0x236cd10	0x2374c78	0x030d	0x3	0xd	0xdac3b0	0x0
3	0x236cd10	0x2374c90	0x0a0e	0xa	0xe	0xda9b90	0x0
3	0x236cd10	0x2374ca8	0x0a0f	0xa	0xf	0xdabd80	0x0
3	0x236cd10	0x2374cc0	0x0310	0x3	0x10	0xdaf0e0	0x0
3	0x236cd10	0x2374cd8	0x0311	0x3	0x11	0xdb0800	0x0
3	0x236cd10	0x2374cf0	0x0a12	0xa	0x12	0xdae5b0	0x0
3	0x236cd10	0x2374d08	0x0a13	0xa	0x13	0xdafc20	0x0
3	0x236cd10	0x2374d20	0x0214	0x2	0x14	0xdae050	0x0
3	0x236cd10	0x2374d38	0x0215	0x2	0x15	0xdadaf0	0x0
3	0x236cd10	0x2374d50	0x0216	0x2	0x16	0xdb1400	0x0
3	0x236cd10	0x2374d80	0x0200	0x2	0x0	0xc7ee20	0x0
3	0x236cd10	0x2374d98	0x0a01	0xa	0x1	0xc810c0	0x0
3	0x236cd10	0x2374db0	0x0302	0x3	0x2	0xc7f8c0	0x0
3	0x236cd10	0x2374dc8	0x0303	0x3	0x3	0xc81c00	0x0
3	0x236cd10	0x2374de0	0x0204	0x2	0x4	0xc7f370	0x0
3	0x236cd10	0x2374df8	0x0a05	0xa	0x5	0xc81660	0x0
3	0x236cd10	0x2374e10	0x0306	0x3	0x6	0xc83d90	0x0
3	0x236cd10	0x2374e28	0x0307	0x3	0x7	0xc85510	0x0
3	0x236cd10	0x2374e40	0x0208	0x2	0x8	0xc83260	0x0
3	0x236cd10	0x2374e58	0x0a09	0xa	0x9	0xc84920	0x0
3	0x236cd10	0x2374e70	0x0a0a	0xa	0xa	0xc7dc80	0x0
3	0x236cd10	0x2374e88	0x0a0b	0xa	0xb	0xc7fe20	0x0
3	0x236cd10	0x2374ea0	0x030c	0x3	0xc	0xc7e840	0x0
3	0x236cd10	0x2374eb8	0x030d	0x3	0xd	0xc80a80	0x0
3	0x236cd10	0x2374ed0	0x0a0e	0xa	0xe	0xc7e260	0x0
3	0x236cd10	0x2374ee8	0x0a0f	0xa	0xf	0xc80450	0x0
3	0x236cd10	0x2374f00	0x0310	0x3	0x10	0xc837b0	0x0
3	0x236cd10	0x2374f18	0x0311	0x3	0x11	0xc84ed0	0x0
3	0x236cd10	0x2374f30	0x0a12	0xa	0x12	0xc82c80	0x0
3	0x236cd10	0x2374f48	0x0a13	0xa	0x13	0xc842f0	0x0
3	0x236cd10	0x2374f60	0x0214	0x2	0x14	0xc82720	0x0
3	0x236cd10	0x2374f78	0x0215	0x2	0x15	0xc821c0	0x0
3	0x236cd10	0x2374f90	0x0216	0x2	0x16	0xc85ad0	0x0
3	0x236cd10	0x2374fc0	0x0900	0x9	0x0	0xd40240	0x0
3	0x236cd10	0x2374fd8	0x0901	0x9	0x1	0xd40710	0x0
3	0x236cd10	0x2375000	0x0a00	0xa	0x0	0xd38e20	0x0
3	0x236cd10	0x2375018	0x0301	0x3	0x1	0xd3a0a0	0x0
3	0x236cd10	0x2375030	0x0302	0x3	0x2	0xd39a60	0x0
3	0x236cd10	0x2375048	0x0a03	0xa	0x3	0xd39440	0x0
3	0x236cd10	0x2375060	0x0304	0x3	0x4	0xd3b950	0x0
3	0x236cd10	0x2375078	0x0305	0x3	0x5	0xd3bf90	0x0
3	0x236cd10	0x2375090	0x0a06	0xa	0x6	0xd3b320	0x0
3	0x236cd10	0x23750a8	0x0a07	0xa	0x7	0xd3d730	0x0
3	0x236cd10	0x23750c0	0x0308	0x3	0x8	0xd3e3b0	0x0
3	0x236cd10	0x23750d8	0x0a09	0xa	0x9	0xd3dd70	0x0
3	0x236cd10	0x23750f0	0x030a	0x3	0xa	0xd3fbf0	0x0
3	0x236cd10	0x2375108	0x0a0b	0xa	0xb	0xd3f5a0	0x0
3	0x236cd10	0x2375120	0x0a0c	0xa	0xc	0xd348b0	0x0
3	0x236cd10	0x2375138	0x030d	0x3	0xd	0xd359b0	0x0
3	0x236cd10	0x2375150	0x030e	0x3	0xe	0xd353f0	0x0
3	0x236cd10	0x2375168	0x0a0f	0xa	0xf	0xd34e50	0x0
3	0x236cd10	0x2375180	0x0310	0x3	0x10	0xd37060	0x0
3	0x236cd10	0x2375198	0x0311	0x3	0x11	0xd37620	0x0
3	0x236cd10	0x23751b0	0x0a12	0xa	0x12	0xd36ab0	0x0
3	0x236cd10	0x23751c8	0x0a13	0xa	0x13	0xd3c5e0	0x0
3	0x236cd10	0x23751e0	0x0314	0x3	0x14	0xd3d160	0x0
3	0x236cd10	0x23751f8	0x0a15	0xa	0x15	0xd3cba0	0x0
3	0x236cd10	0x2375210	0x0316	0x3	0x16	0xd3efd0	0x0
3	0x236cd10	0x2375228	0x0a17	0xa	0x17	0xd3ea00	0x0
3	0x236cd10	0x2375240	0x0a18	0xa	0x18	0xd37bf0	0x0
3	0x236cd10	0x2375258	0x0319	0x3	0x19	0xd38810	0x0
3	0x236cd10	0x2375270	0x0a1a	0xa	0x1a	0xd38200	0x0
3	0x236cd10	0x2375288	0x031b	0x3	0x1b	0xd3ad00	0x0
3	0x236cd10	0x23752a0	0x0a1c	0xa	0x1c	0xd3a6e0	0x0
3	0x236cd10	0x23752b8	0x0a1d	0xa	0x1d	0xd337f0	0x0
3	0x236cd10	0x23752d0	0x031e	0x3	0x1e	0xd34310	0x0
3	0x236cd10	0x23752e8	0x0a1f	0xa	0x1f	0xd33d80	0x0
3	0x236cd10	0x2375300	0x0320	0x3	0x20	0xd36510	0x0
3	0x236cd10	0x2375318	0x0a21	0xa	0x21	0xd35f70	0x0
3	0x236cd10	0x2375330	0x0500	0x5	0x0	0xe23000	0x0
3	0x236cd10	0x2375360	0x0500	0x5	0x0	0xccea80	0x0
3	0x236cd10	0x2375378	0x0501	0x5	0x1	0xcc79c0	0x0
3	0x236cd10	0x2375390	0x1302	0x13	0x2	0x173d2e0	0x0
3	0x236cd10	0x23753a8	0x0503	0x5	0x3	0x173c620	0x0
3	0x236cd10	0x23753c0	0x1304	0x13	0x4	0x1741c60	0x0
3	0x236cd10	0x23753d8	0x0507	0x5	0x7	0x1741660	0x0
3	0x236cd10	0x23753f0	0x0508	0x5	0x8	0xccf940	0x0
3	0x236cd10	0x2375408	0x0509	0x5	0x9	0xccfe40	0x0
3	0x236cd10	0x2375420	0x050a	0x5	0xa	0xcd0370	0x0
3	0x236cd10	0x2375438	0x130d	0x13	0xd	0x173f460	0x0
3	0x236cd10	0x2375450	0x130e	0x13	0xe	0x173edf0	0x0
3	0x236cd10	0x2375468	0x130f	0x13	0xf	0xcc91e0	0x0
3	0x236cd10	0x2375480	0x1312	0x13	0x12	0x1740200	0x0
3	0x236cd10	0x2375498	0x1313	0x13	0x13	0x173fb30	0x0
3	0x236cd10	0x23754b0	0x1314	0x13	0x14	0xcc8b00	0x0
3	0x236cd10	0x23754c8	0x0515	0x5	0x15	0xccef50	0x0
3	0x236cd10	0x23754e0	0x0516	0x5	0x16	0xccf450	0x0
3	0x236cd10	0x23754f8	0x0517	0x5	0x17	0xcc47b0	0x0
3	0x236cd10	0x2375510	0x1a18	0x1a	0x18	0xcc6a50	0x0
3	0x236cd10	0x2375528	0x2619	0x26	0x19	0xcc71f0	0x0
3	0x236cd10	0x2375540	0x1a1a	0x1a	0x1a	0xcc53d0	0x0
3	0x236cd10	0x2375558	0x1a1b	0x1a	0x1b	0xcc4c50	0x0
3	0x236cd10	0x2375570	0x1a1c	0x1a	0x1c	0xcc62d0	0x0
3	0x236cd10	0x2375588	0x1a1d	0x1a	0x1d	0xcc5b50	0x0
3	0x236cd10	0x23755a0	0x031e	0x3	0x1e	0xcc3c70	0x0
3	0x236cd10	0x23755b8	0x031f	0x3	0x1f	0xcc4210	0x0
3	0x236cd10	0x23755d0	0x0520	0x5	0x20	0xcce0f0	0x0
3	0x236cd10	0x23755e8	0x0521	0x5	0x21	0xcce5c0	0x0
3	0x236cd10	0x2375600	0x1322	0x13	0x22	0xcca660	0x0
3	0x236cd10	0x2375618	0x1323	0x13	0x23	0xcc9910	0x0
3	0x236cd10	0x2375630	0x1324	0x13	0x24	0x1740f90	0x0
3	0x236cd10	0x2375648	0x1326	0x13	0x26	0x1740900	0x0
3	0x236cd10	0x2375660	0x1328	0x13	0x28	0xcc9fb0	0x0
3	0x236cd10	0x2375678	0x1329	0x13	0x29	0x173d960	0x0
3	0x236cd10	0x2375690	0x132a	0x13	0x2a	0x173cc50	0x0
3	0x236cd10	0x23756a8	0x1331	0x13	0x31	0x173e6f0	0x0
3	0x236cd10	0x23756c0	0x1332	0x13	0x32	0x173e040	0x0
3	0x236cd10	0x23756e0	0x1900	0x19	0x0	0xd283e0	0x0
3	0x236cd10	0x23756f8	0x1901	0x19	0x1	0xd270e0	0x0
3	0x236cd10	0x2375710	0x1902	0x19	0x2	0xd27d80	0x0
3	0x236cd10	0x2375728	0x1903	0x19	0x3	0xd27720	0x0
3	0x236cd10	0x2375740	0x0304	0x3	0x4	0xd30f80	0x0
3	0x236cd10	0x2375758	0x0305	0x3	0x5	0xd314f0	0x0
3	0x236cd10	0x2375770	0x0306	0x3	0x6	0xd30a00	0x0
3	0x236cd10	0x2375788	0x0307	0x3	0x7	0xd30490	0x0
3	0x236cd10	0x23757a0	0x1908	0x19	0x8	0xd2dc60	0x0
3	0x236cd10	0x23757b8	0x1909	0x19	0x9	0xd2c8e0	0x0
3	0x236cd10	0x23757d0	0x190a	0x19	0xa	0xd2d5d0	0x0
3	0x236cd10	0x23757e8	0x190b	0x19	0xb	0xd2cf40	0x0
3	0x236cd10	0x2375800	0x190c	0x19	0xc	0xd28a60	0x0
3	0x236cd10	0x2375818	0x190d	0x19	0xd	0xd2af70	0x0
3	0x236cd10	0x2375830	0x190e	0x19	0xe	0xd29cb0	0x0
3	0x236cd10	0x2375848	0x190f	0x19	0xf	0xd2c230	0x0
3	0x236cd10	0x2375860	0x1910	0x19	0x10	0xd290a0	0x0
3	0x236cd10	0x2375878	0x1911	0x19	0x11	0xd2b5d0	0x0
3	0x236cd10	0x2375890	0x1912	0x19	0x12	0xd2a310	0x0
3	0x236cd10	0x23758a8	0x0313	0x3	0x13	0xd2e8b0	0x0
3	0x236cd10	0x23758c0	0x0314	0x3	0x14	0xd2ee90	0x0
3	0x236cd10	0x23758d8	0x0315	0x3	0x15	0xd2e310	0x0
3	0x236cd10	0x23758f0	0x0316	0x3	0x16	0xd23450	0x0
3	0x236cd10	0x2375908	0x0317	0x3	0x17	0xd24070	0x0
3	0x236cd10	0x2375920	0x0318	0x3	0x18	0xd23a50	0x0
3	0x236cd10	0x2375938	0x1919	0x19	0x19	0xd26a50	0x0
3	0x236cd10	0x2375950	0x031a	0x3	0x1a	0xd2fee0	0x0
3	0x236cd10	0x2375968	0x191b	0x19	0x1b	0xd32600	0x0
3	0x236cd10	0x2375980	0x031c	0x3	0x1c	0xd2f410	0x0
3	0x236cd10	0x2375998	0x031d	0x3	0x1d	0xd31a70	0x0
3	0x236cd10	0x23759b0	0x191e	0x19	0x1e	0xd24690	0x0
3	0x236cd10	0x23759c8	0x191f	0x19	0x1f	0xd25330	0x0
3	0x236cd10	0x23759e0	0x1920	0x19	0x20	0xd24cd0	0x0
3	0x236cd10	0x23759f8	0x0321	0x3	0x21	0xd29700	0x0
3	0x236cd10	0x2375a10	0x0322	0x3	0x22	0xd2bc60	0x0
3	0x236cd10	0x2375a28	0x0323	0x3	0x23	0xd2a9a0	0x0
3	0x236cd10	0x2375a40	0x0324	0x3	0x24	0xd2f960	0x0
3	0x236cd10	0x2375a58	0x0325	0x3	0x25	0xd32020	0x0
3	0x236cd10	0x2375a70	0x0326	0x3	0x26	0xd25990	0x0
3	0x236cd10	0x2375a88	0x0327	0x3	0x27	0xd264b0	0x0
3	0x236cd10	0x2375aa0	0x0328	0x3	0x28	0xd25f10	0x0
3	0x236cd10	0x2375ab8	0x0329	0x3	0x29	0x1495b00	0x0
3	0x236cd10	0x2375ad0	0x192a	0x19	0x2a	0x175f240	0x0
3	0x236cd10	0x2375ae8	0x192b	0x19	0x2b	0x175eb30	0x0
3	0x236cd10	0x2375b00	0x192c	0x19	0x2c	0x175f950	0x0
3	0x236cd10	0x2375b18	0x192d	0x19	0x2d	0x175e420	0x0
3	0x236cd10	0x2375b40	0x0b00	0xb	0x0	0xda9080	0x0
3	0x236cd10	0x2375b58	0x0b02	0xb	0x2	0xda8b30	0x0
3	0x236cd10	0x2375b80	0x0a00	0xa	0x0	0xd56d50	0x0
3	0x236cd10	0x2375b98	0x0a01	0xa	0x1	0xd57f70	0x0
3	0x236cd10	0x2375bb0	0x0302	0x3	0x2	0xd57340	0x0
3	0x236cd10	0x2375bc8	0x0a03	0xa	0x3	0xd57980	0x0
3	0x236cd10	0x2375be0	0x0a04	0xa	0x4	0xd521a0	0x0
3	0x236cd10	0x2375bf8	0x0a05	0xa	0x5	0xd53240	0x0
3	0x236cd10	0x2375c10	0x0306	0x3	0x6	0xd52710	0x0
3	0x236cd10	0x2375c28	0x0a07	0xa	0x7	0xd52cd0	0x0
3	0x236cd10	0x2375c40	0x0a08	0xa	0x8	0xd537b0	0x0
3	0x236cd10	0x2375c58	0x0309	0x3	0x9	0xd54980	0x0
3	0x236cd10	0x2375c70	0x0a0a	0xa	0xa	0xd54f70	0x0
3	0x236cd10	0x2375c88	0x030b	0x3	0xb	0xd53d80	0x0
3	0x236cd10	0x2375ca0	0x0a0c	0xa	0xc	0xd543b0	0x0
3	0x236cd10	0x2375cb8	0x030d	0x3	0xd	0xd59b90	0x0
3	0x236cd10	0x2375cd0	0x030e	0x3	0xe	0xd5a1c0	0x0
3	0x236cd10	0x2375ce8	0x0a0f	0xa	0xf	0xd595c0	0x0
3	0x236cd10	0x2375d00	0x0210	0x2	0x10	0xd4f620	0x0
3	0x236cd10	0x2375d18	0x0311	0x3	0x11	0xd4f0b0	0x0
3	0x236cd10	0x2375d30	0x0212	0x2	0x12	0xd50650	0x0
3	0x236cd10	0x2375d48	0x0313	0x3	0x13	0xd4fb60	0x0
3	0x236cd10	0x2375d60	0x0214	0x2	0x14	0xd50110	0x0
3	0x236cd10	0x2375d78	0x0315	0x3	0x15	0xd58aa0	0x0
3	0x236cd10	0x2375d90	0x0316	0x3	0x16	0xd59050	0x0
3	0x236cd10	0x2375da8	0x0217	0x2	0x17	0xd58560	0x0
3	0x236cd10	0x2375dc0	0x0a18	0xa	0x18	0xd55540	0x0
3	0x236cd10	0x2375dd8	0x0a19	0xa	0x19	0xd56760	0x0
3	0x236cd10	0x2375df0	0x031a	0x3	0x1a	0xd55b30	0x0
3	0x236cd10	0x2375e08	0x0a1b	0xa	0x1b	0xd56170	0x0
3	0x236cd10	0x2375e20	0x031c	0x3	0x1c	0xd5b8d0	0x0
3	0x236cd10	0x2375e38	0x0a1d	0xa	0x1d	0xd5b2e0	0x0
3	0x236cd10	0x2375e50	0x0a1e	0xa	0x1e	0xd50b90	0x0
3	0x236cd10	0x2375e68	0x0a1f	0xa	0x1f	0xd51c30	0x0
3	0x236cd10	0x2375e80	0x0320	0x3	0x20	0xd51100	0x0
3	0x236cd10	0x2375e98	0x0a21	0xa	0x21	0xd516c0	0x0
3	0x236cd10	0x2375eb0	0x0322	0x3	0x22	0xd5ad20	0x0
3	0x236cd10	0x2375ec8	0x0a23	0xa	0x23	0xd5a7b0	0x0
3	0x236cd10	0x2375ee0	0x0324	0x3	0x24	0x1497200	0x0
3	0x236cd10	0x2375ef8	0x0a25	0xa	0x25	0x1496c10	0x0
3	0x236cd10	0x2375f10	0x0326	0x3	0x26	0x1496650	0x0
3	0x236cd10	0x2375f28	0x0a27	0xa	0x27	0x14960e0	0x0
3	0x236cd10	0x2375f40	0x0200	0x2	0x0	0xd0a4e0	0x0
3	0x236cd10	0x2375f58	0x0201	0x2	0x1	0xd0afc0	0x0
3	0x236cd10	0x2375f70	0x0202	0x2	0x2	0xd09f70	0x0
3	0x236cd10	0x2375f88	0x0203	0x2	0x3	0xd0aa50	0x0
3	0x236cd10	0x2375fa0	0x0200	0x2	0x0	0xd0b530	0x0
3	0x236cd10	0x2375fb8	0x0201	0x2	0x1	0xd0ba70	0x0
3	0x236cd10	0x2375fe0	0x2700	0x27	0x0	0xc7a000	0x0
3	0x236cd10	0x2375ff8	0x0a01	0xa	0x1	0xc79970	0x0
3	0x236cd10	0x2376010	0x0702	0x7	0x2	0xc77280	0x0
3	0x236cd10	0x2376028	0x0a03	0xa	0x3	0xc76cc0	0x0
3	0x236cd10	0x2376040	0x0a04	0xa	0x4	0xc77860	0x0
3	0x236cd10	0x2376058	0x0305	0x3	0x5	0xc78580	0x0
3	0x236cd10	0x2376070	0x0a06	0xa	0x6	0xc77ef0	0x0
3	0x236cd10	0x2376088	0x0307	0x3	0x7	0xc792c0	0x0
3	0x236cd10	0x23760a0	0x0a08	0xa	0x8	0xc78c30	0x0
3	0x236cd10	0x23760b8	0x0a09	0xa	0x9	0xc74fc0	0x0
3	0x236cd10	0x23760d0	0x030a	0x3	0xa	0xc75b40	0x0
3	0x236cd10	0x23760e8	0x0a0b	0xa	0xb	0xc75580	0x0
3	0x236cd10	0x2376100	0x030c	0x3	0xc	0xc766e0	0x0
3	0x236cd10	0x2376118	0x0a0d	0xa	0xd	0xc76120	0x0
3	0x236cd10	0x2376140	0x0500	0x5	0x0	0xc693d0	0x0
3	0x236cd10	0x2376158	0x0601	0x6	0x1	0xc69d10	0x0
3	0x236cd10	0x2376170	0x0502	0x5	0x2	0xc69870	0x0
3	0x236cd10	0x2376188	0x0603	0x6	0x3	0x14771e0	0x0
3	0x236cd10	0x23761a0	0x0504	0x5	0x4	0x14776e0	0x0
3	0x236cd10	0x23761c0	0x1900	0x19	0x0	0xd7c5e0	0x0
3	0x236cd10	0x23761d8	0x1901	0x19	0x1	0xd7cc30	0x0
3	0x236cd10	0x23761f0	0x1902	0x19	0x2	0xd73520	0x0
3	0x236cd10	0x2376208	0x1903	0x19	0x3	0xd76090	0x0
3	0x236cd10	0x2376220	0x1904	0x19	0x4	0xd766d0	0x0
3	0x236cd10	0x2376238	0x1905	0x19	0x5	0xd73b60	0x0
3	0x236cd10	0x2376250	0x1906	0x19	0x6	0xd70b60	0x0
3	0x236cd10	0x2376268	0x1907	0x19	0x7	0xd6d6a0	0x0
3	0x236cd10	0x2376280	0x1908	0x19	0x8	0xd6e250	0x0
3	0x236cd10	0x2376298	0x1909	0x19	0x9	0xd71710	0x0
3	0x236cd10	0x23762b0	0x190a	0x19	0xa	0xd71120	0x0
3	0x236cd10	0x23762c8	0x190b	0x19	0xb	0xd71d00	0x0
3	0x236cd10	0x23762e0	0x190c	0x19	0xc	0xd6dc60	0x0
3	0x236cd10	0x23762f8	0x190d	0x19	0xd	0xd6e840	0x0
3	0x236cd10	0x2376310	0x190e	0x19	0xe	0xd72880	0x0
3	0x236cd10	0x2376328	0x190f	0x19	0xf	0xd753f0	0x0
3	0x236cd10	0x2376340	0x1910	0x19	0x10	0xd75a30	0x0
3	0x236cd10	0x2376358	0x1911	0x19	0x11	0xd72ec0	0x0
3	0x236cd10	0x2376370	0x1912	0x19	0x12	0xd6f3c0	0x0
3	0x236cd10	0x2376388	0x1913	0x19	0x13	0xd6bf00	0x0
3	0x236cd10	0x23763a0	0x1914	0x19	0x14	0xd6cab0	0x0
3	0x236cd10	0x23763b8	0x1915	0x19	0x15	0xd6ff70	0x0
3	0x236cd10	0x23763d0	0x1916	0x19	0x16	0xd6f980	0x0
3	0x236cd10	0x23763e8	0x1917	0x19	0x17	0xd70560	0x0
3	0x236cd10	0x2376400	0x1918	0x19	0x18	0xd6c4c0	0x0
3	0x236cd10	0x2376418	0x1919	0x19	0x19	0xd6d0a0	0x0
3	0x236cd10	0x2376430	0x191a	0x19	0x1a	0xd74dd0	0x0
3	0x236cd10	0x2376448	0x051b	0x5	0x1b	0xd6ba00	0x0
3	0x236cd10	0x2376460	0x051c	0x5	0x1c	0xd6b030	0x0
3	0x236cd10	0x2376478	0x191d	0x19	0x1d	0xd741c0	0x0
3	0x236cd10	0x2376490	0x191e	0x19	0x1e	0xd747b0	0x0
3	0x236cd10	0x23764a8	0x031f	0x3	0x1f	0xd6ee40	0x0
3	0x236cd10	0x23764c0	0x0520	0x5	0x20	0xd6b530	0x0
3	0x236cd10	0x23764d8	0x1921	0x19	0x21	0xd7a660	0x0
3	0x236cd10	0x23764f0	0x1922	0x19	0x22	0xd78690	0x0
3	0x236cd10	0x2376508	0x1923	0x19	0x23	0xd76d30	0x0
3	0x236cd10	0x2376520	0x1924	0x19	0x24	0xd77a10	0x0
3	0x236cd10	0x2376538	0x1925	0x19	0x25	0xd7ac90	0x0
3	0x236cd10	0x2376550	0x1926	0x19	0x26	0xd78cd0	0x0
3	0x236cd10	0x2376568	0x1927	0x19	0x27	0xd79310	0x0
3	0x236cd10	0x2376580	0x2128	0x21	0x28	0xd79fb0	0x0
3	0x236cd10	0x2376598	0x1929	0x19	0x29	0xd79960	0x0
3	0x236cd10	0x23765b0	0x192a	0x19	0x2a	0xd7b2c0	0x0
3	0x236cd10	0x23765c8	0x212b	0x21	0x2b	0xd7bf40	0x0
3	0x236cd10	0x23765e0	0x192c	0x19	0x2c	0xd7b900	0x0
3	0x236cd10	0x23765f8	0x192d	0x19	0x2d	0xd773a0	0x0
3	0x236cd10	0x2376610	0x192e	0x19	0x2e	0xd78050	0x0
3	0x236cd10	0x2376628	0x032f	0x3	0x2f	0xd72300	0x0
3	0x236cd10	0x2376640	0x0530	0x5	0x30	0x1761420	0x0
3	0x236cd10	0x2376658	0x0331	0x3	0x31	0x1761920	0x0
3	0x236cd10	0x2376680	0x1900	0x19	0x0	0xdcc680	0x0
3	0x236cd10	0x2376698	0x1301	0x13	0x1	0xdcbfd0	0x0
3	0x236cd10	0x23766b0	0x1302	0x13	0x2	0xdccd10	0x0
3	0x236cd10	0x23766c8	0x0303	0x3	0x3	0xdcd9d0	0x0
3	0x236cd10	0x23766e0	0x0504	0x5	0x4	0xdcd3c0	0x0
3	0x236cd10	0x23766f8	0x0505	0x5	0x5	0xdcdfe0	0x0
3	0x236cd10	0x2376710	0x2306	0x23	0x6	0xdced10	0x0
3	0x236cd10	0x2376728	0x1307	0x13	0x7	0xdce5f0	0x0
3	0x236cd10	0x2376740	0x1308	0x13	0x8	0xdcf450	0x0
3	0x236cd10	0x2376758	0x1909	0x19	0x9	0x14a6b20	0x0
3	0x236cd10	0x2376770	0x130a	0x13	0xa	0x14a71b0	0x0
3	0x236cd10	0x2376788	0x030b	0x3	0xb	0x14a7860	0x0
3	0x236cd10	0x23767a0	0x050c	0x5	0xc	0x14a7e70	0x0
3	0x236cd10	0x23767c0	0x0300	0x3	0x0	0xdf05d0	0x0
3	0x236cd10	0x23767d8	0x0201	0x2	0x1	0xdeffb0	0x0
3	0x236cd10	0x23767f0	0x0202	0x2	0x2	0xdf0bd0	0x0
3	0x236cd10	0x2376808	0x0203	0x2	0x3	0xdee590	0x0
3	0x236cd10	0x2376820	0x0304	0x3	0x4	0xdeeaa0	0x0
3	0x236cd10	0x2376838	0x0205	0x2	0x5	0xdef010	0x0
3	0x236cd10	0x2376850	0x0306	0x3	0x6	0xdefa40	0x0
3	0x236cd10	0x2376868	0x0207	0x2	0x7	0xdef520	0x0
3	0x236cd10	0x2376880	0x0208	0x2	0x8	0x14b0db0	0x0
3	0x236cd10	0x2376898	0x0709	0x7	0x9	0x14b12c0	0x0
3	0x236cd10	0x23768b0	0x020a	0x2	0xa	0x14b1820	0x0
3	0x236cd10	0x23768c8	0x070b	0x7	0xb	0x14b2250	0x0
3	0x236cd10	0x23768e0	0x020c	0x2	0xc	0x14b1d30	0x0
3	0x236cd10	0x23768f8	0x030d	0x3	0xd	0x14b27c0	0x0
3	0x236cd10	0x2376910	0x020e	0x2	0xe	0x14b2dd0	0x0
3	0x236cd10	0x2376940	0x1900	0x19	0x0	0xe069e0	0x0
3	0x236cd10	0x2376958	0x1901	0x19	0x1	0xe076a0	0x0
3	0x236cd10	0x2376970	0x1902	0x19	0x2	0xe07030	0x0
3	0x236cd10	0x23769a0	0x0a00	0xa	0x0	0xd82f40	0x0
3	0x236cd10	0x23769b8	0x0301	0x3	0x1	0xd83480	0x0
3	0x236cd10	0x23769d0	0x0a02	0xa	0x2	0xd83a00	0x0
3	0x236cd10	0x23769e8	0x0303	0x3	0x3	0xd7eb70	0x0
3	0x236cd10	0x2376a00	0x0a04	0xa	0x4	0xd7e510	0x0
3	0x236cd10	0x2376a18	0x0a05	0xa	0x5	0xd7f1a0	0x0
3	0x236cd10	0x2376a30	0x0306	0x3	0x6	0xd7d8c0	0x0
3	0x236cd10	0x2376a48	0x0507	0x5	0x7	0xd7d290	0x0
3	0x236cd10	0x2376a60	0x0508	0x5	0x8	0xd7dee0	0x0
3	0x236cd10	0x2376a78	0x0d09	0xd	0x9	0xd81250	0x0
3	0x236cd10	0x2376a90	0x130a	0x13	0xa	0xd80ba0	0x0
3	0x236cd10	0x2376aa8	0x130b	0x13	0xb	0xd81940	0x0
3	0x236cd10	0x2376ac0	0x0d0c	0xd	0xc	0xd7fe70	0x0
3	0x236cd10	0x2376ad8	0x050d	0x5	0xd	0xd7f800	0x0
3	0x236cd10	0x2376af0	0x050e	0x5	0xe	0xd80530	0x0
3	0x236cd10	0x2376b08	0x050f	0x5	0xf	0xd81ff0	0x0
3	0x236cd10	0x2376b20	0x0310	0x3	0x10	0xd824f0	0x0
3	0x236cd10	0x2376b38	0x0511	0x5	0x11	0xd82a40	0x0
3	0x236cd10	0x2376b50	0x0312	0x3	0x12	0x149a7e0	0x0
3	0x236cd10	0x2376b68	0x0a13	0xa	0x13	0x149ae10	0x0
3	0x236cd10	0x2376b80	0x0314	0x3	0x14	0x1499b80	0x0
3	0x236cd10	0x2376b98	0x0515	0x5	0x15	0x149a1a0	0x0
3	0x236cd10	0x2376bb0	0x0316	0x3	0x16	0x149b970	0x0
3	0x236cd10	0x2376bc8	0x0517	0x5	0x17	0x149b470	0x0
3	0x236cd10	0x2376be0	0x0a00	0xa	0x0	0xd67aa0	0x0
3	0x236cd10	0x2376bf8	0x0301	0x3	0x1	0xd67fe0	0x0
3	0x236cd10	0x2376c10	0x0a02	0xa	0x2	0xd68560	0x0
3	0x236cd10	0x2376c28	0x0303	0x3	0x3	0xd636d0	0x0
3	0x236cd10	0x2376c40	0x0a04	0xa	0x4	0xd63070	0x0
3	0x236cd10	0x2376c58	0x0a05	0xa	0x5	0xd63d00	0x0
3	0x236cd10	0x2376c70	0x0306	0x3	0x6	0xd62420	0x0
3	0x236cd10	0x2376c88	0x0507	0x5	0x7	0xd61df0	0x0
3	0x236cd10	0x2376ca0	0x0508	0x5	0x8	0xd62a40	0x0
3	0x236cd10	0x2376cb8	0x0d09	0xd	0x9	0xd65db0	0x0
3	0x236cd10	0x2376cd0	0x130a	0x13	0xa	0xd65700	0x0
3	0x236cd10	0x2376ce8	0x130b	0x13	0xb	0xd664a0	0x0
3	0x236cd10	0x2376d00	0x0d0c	0xd	0xc	0xd649d0	0x0
3	0x236cd10	0x2376d18	0x050d	0x5	0xd	0xd64360	0x0
3	0x236cd10	0x2376d30	0x050e	0x5	0xe	0xd65090	0x0
3	0x236cd10	0x2376d48	0x050f	0x5	0xf	0xd66b50	0x0
3	0x236cd10	0x2376d60	0x0310	0x3	0x10	0xd67050	0x0
3	0x236cd10	0x2376d78	0x0511	0x5	0x11	0xd675a0	0x0
3	0x236cd10	0x2376d90	0x0312	0x3	0x12	0x14984a0	0x0
3	0x236cd10	0x2376da8	0x0a13	0xa	0x13	0x1498ad0	0x0
3	0x236cd10	0x2376dc0	0x0314	0x3	0x14	0x1497840	0x0
3	0x236cd10	0x2376dd8	0x0515	0x5	0x15	0x1497e60	0x0
3	0x236cd10	0x2376df0	0x0316	0x3	0x16	0x1499630	0x0
3	0x236cd10	0x2376e08	0x0517	0x5	0x17	0x1499130	0x0
3	0x236cd10	0x2376e20	0x0500	0x5	0x0	0xcb05c0	0x0
3	0x236cd10	0x2376e38	0x0301	0x3	0x1	0xcb0ae0	0x0
3	0x236cd10	0x2376e50	0x0502	0x5	0x2	0xcb1030	0x0
3	0x236cd10	0x2376e68	0x0303	0x3	0x3	0xcb1a70	0x0
3	0x236cd10	0x2376e80	0x0504	0x5	0x4	0xcb1550	0x0
3	0x236cd10	0x2376ea0	0x0300	0x3	0x0	0xd0f9c0	0x0
3	0x236cd10	0x2376eb8	0x0501	0x5	0x1	0xd0f400	0x0
3	0x236cd10	0x2376ed0	0x0502	0x5	0x2	0xd0ff80	0x0
3	0x236cd10	0x2376f00	0x0200	0x2	0x0	0xcd0d60	0x0
3	0x236cd10	0x2376f18	0x0501	0x5	0x1	0xcd0890	0x0
3	0x236cd10	0x2376f30	0x0002	0x0	0x2	0xcd12a0	0x0
3	0x236cd10	0x2376f60	0x0b00	0xb	0x0	0xcf9a30	0x0
3	0x236cd10	0x2376f78	0x2201	0x22	0x1	0xcf9490	0x0
3	0x236cd10	0x2376f90	0x2202	0x22	0x2	0xcf9fa0	0x0
3	0x236cd10	0x2376fa8	0x0b03	0xb	0x3	0xcd28b0	0x0
3	0x236cd10	0x2376fc0	0x2204	0x22	0x4	0xcdaf50	0x0
3	0x236cd10	0x2376fd8	0x2205	0x22	0x5	0xcdc6d0	0x0
3	0x236cd10	0x2376ff0	0x0306	0x3	0x6	0xcd44a0	0x0
3	0x236cd10	0x2377008	0x0507	0x5	0x7	0xcd6ba0	0x0
3	0x236cd10	0x2377020	0x0508	0x5	0x8	0xcd76c0	0x0
3	0x236cd10	0x2377038	0x0709	0x7	0x9	0xcd5560	0x0
3	0x236cd10	0x2377050	0x050a	0x5	0xa	0xcd8770	0x0
3	0x236cd10	0x2377068	0x050b	0x5	0xb	0xcd9820	0x0
3	0x236cd10	0x2377080	0x050c	0x5	0xc	0x1747360	0x0
3	0x236cd10	0x2377098	0x190d	0x19	0xd	0x1748640	0x0
3	0x236cd10	0x23770b0	0x050e	0x5	0xe	0x1748cc0	0x0
3	0x236cd10	0x23770c8	0x190f	0x19	0xf	0x1747990	0x0
3	0x236cd10	0x23770e0	0x0510	0x5	0x10	0x1748010	0x0
3	0x236cd10	0x23770f8	0x0511	0x5	0x11	0x17453d0	0x0
3	0x236cd10	0x2377110	0x1912	0x19	0x12	0x17466b0	0x0
3	0x236cd10	0x2377128	0x0513	0x5	0x13	0x1746d30	0x0
3	0x236cd10	0x2377140	0x1914	0x19	0x14	0x1745a00	0x0
3	0x236cd10	0x2377158	0x0515	0x5	0x15	0x1746080	0x0
3	0x236cd10	0x2377170	0x0516	0x5	0x16	0x1743330	0x0
3	0x236cd10	0x2377188	0x0317	0x3	0x17	0x1743870	0x0
3	0x236cd10	0x23771a0	0x0518	0x5	0x18	0x1743e10	0x0
3	0x236cd10	0x23771b8	0x1919	0x19	0x19	0xce0b00	0x0
3	0x236cd10	0x23771d0	0x051a	0x5	0x1a	0xce0520	0x0
3	0x236cd10	0x23771e8	0x191b	0x19	0x1b	0xce1710	0x0
3	0x236cd10	0x2377200	0x051c	0x5	0x1c	0xce1d40	0x0
3	0x236cd10	0x2377218	0x051d	0x5	0x1d	0xce1130	0x0
3	0x236cd10	0x2377230	0x051e	0x5	0x1e	0xce7020	0x0
3	0x236cd10	0x2377248	0x051f	0x5	0x1f	0xce7560	0x0
3	0x236cd10	0x2377260	0x0520	0x5	0x20	0xce7aa0	0x0
3	0x236cd10	0x2377278	0x0521	0x5	0x21	0xce8a40	0x0
3	0x236cd10	0x2377290	0x0522	0x5	0x22	0xce8f40	0x0
3	0x236cd10	0x23772a8	0x0523	0x5	0x23	0xce9f00	0x0
3	0x236cd10	0x23772c0	0x0524	0x5	0x24	0xcfe910	0x0
3	0x236cd10	0x23772d8	0x0525	0x5	0x25	0xcfee50	0x0
3	0x236cd10	0x23772f0	0x0626	0x6	0x26	0xce84f0	0x0
3	0x236cd10	0x2377308	0x0727	0x7	0x27	0xce99a0	0x0
3	0x236cd10	0x2377320	0x0628	0x6	0x28	0xce7fa0	0x0
3	0x236cd10	0x2377338	0x0729	0x7	0x29	0xce9440	0x0
3	0x236cd10	0x2377350	0x0b2a	0xb	0x2a	0xcd2320	0x0
3	0x236cd10	0x2377368	0x222b	0x22	0x2b	0xcda970	0x0
3	0x236cd10	0x2377380	0x222c	0x22	0x2c	0xcdc0f0	0x0
3	0x236cd10	0x2377398	0x0b2d	0xb	0x2d	0xcf8980	0x0
3	0x236cd10	0x23773b0	0x222e	0x22	0x2e	0xcf83e0	0x0
3	0x236cd10	0x23773c8	0x222f	0x22	0x2f	0xcf8ef0	0x0
3	0x236cd10	0x23773e0	0x0330	0x3	0x30	0xcd3f00	0x0
3	0x236cd10	0x23773f8	0x0531	0x5	0x31	0xcd6610	0x0
3	0x236cd10	0x2377410	0x0532	0x5	0x32	0xcd7130	0x0
3	0x236cd10	0x2377428	0x0733	0x7	0x33	0xcd4a40	0x0
3	0x236cd10	0x2377440	0x0534	0x5	0x34	0xcd7c50	0x0
3	0x236cd10	0x2377458	0x0535	0x5	0x35	0xcd8d00	0x0
3	0x236cd10	0x2377470	0x0536	0x5	0x36	0x1744350	0x0
3	0x236cd10	0x2377488	0x0337	0x3	0x37	0x17448b0	0x0
3	0x236cd10	0x23774a0	0x0538	0x5	0x38	0x1744e70	0x0
3	0x236cd10	0x23774b8	0x0539	0x5	0x39	0xce41c0	0x0
3	0x236cd10	0x23774d0	0x033a	0x3	0x3a	0xce4730	0x0
3	0x236cd10	0x23774e8	0x053b	0x5	0x3b	0xce4d00	0x0
3	0x236cd10	0x2377500	0x053c	0x5	0x3c	0x17581b0	0x0
3	0x236cd10	0x2377518	0x0b3d	0xb	0x3d	0xcd1d90	0x0
3	0x236cd10	0x2377530	0x223e	0x22	0x3e	0xcda390	0x0
3	0x236cd10	0x2377548	0x223f	0x22	0x3f	0xcdbb10	0x0
3	0x236cd10	0x2377560	0x0b40	0xb	0x40	0xcfc600	0x0
3	0x236cd10	0x2377578	0x0541	0x5	0x41	0xcfdcf0	0x0
3	0x236cd10	0x2377590	0x0542	0x5	0x42	0xcfe300	0x0
3	0x236cd10	0x23775a8	0x0b43	0xb	0x43	0xcd1800	0x0
3	0x236cd10	0x23775c0	0x2244	0x22	0x44	0xcd9db0	0x0
3	0x236cd10	0x23775d8	0x2245	0x22	0x45	0xcdb530	0x0
3	0x236cd10	0x23775f0	0x1946	0x19	0x46	0xcfaab0	0x0
3	0x236cd10	0x2377608	0x2247	0x22	0x47	0xcfa540	0x0
3	0x236cd10	0x2377620	0x2248	0x22	0x48	0xcfb030	0x0
3	0x236cd10	0x2377638	0x0749	0x7	0x49	0xcd4fd0	0x0
3	0x236cd10	0x2377650	0x054a	0x5	0x4a	0xcd81e0	0x0
3	0x236cd10	0x2377668	0x054b	0x5	0x4b	0xcd9290	0x0
3	0x236cd10	0x2377680	0x054c	0x5	0x4c	0xcffe10	0x0
3	0x236cd10	0x2377698	0x054d	0x5	0x4d	0xd00340	0x0
3	0x236cd10	0x23776b0	0x034e	0x3	0x4e	0xd00e10	0x0
3	0x236cd10	0x23776c8	0x034f	0x3	0x4f	0xd00870	0x0
3	0x236cd10	0x23776e0	0x0b50	0xb	0x50	0xcd33d0	0x0
3	0x236cd10	0x23776f8	0x2251	0x22	0x51	0xcdd290	0x0
3	0x236cd10	0x2377710	0x2252	0x22	0x52	0xcdde50	0x0
3	0x236cd10	0x2377728	0x0b53	0xb	0x53	0xcd2e40	0x0
3	0x236cd10	0x2377740	0x2254	0x22	0x54	0xcdccb0	0x0
3	0x236cd10	0x2377758	0x2255	0x22	0x55	0xcdd870	0x0
3	0x236cd10	0x2377770	0x0356	0x3	0x56	0xcd3960	0x0
3	0x236cd10	0x2377788	0x0557	0x5	0x57	0xcd5af0	0x0
3	0x236cd10	0x23777a0	0x0558	0x5	0x58	0xcd6080	0x0
3	0x236cd10	0x23777b8	0x1759	0x17	0x59	0xcfbb10	0x0
3	0x236cd10	0x23777d0	0x225a	0x22	0x5a	0xcfb5a0	0x0
3	0x236cd10	0x23777e8	0x225b	0x22	0x5b	0xcfc090	0x0
3	0x236cd10	0x2377800	0x055c	0x5	0x5c	0xcea400	0x0
3	0x236cd10	0x2377818	0x055d	0x5	0x5d	0xcea940	0x0
3	0x236cd10	0x2377830	0x055e	0x5	0x5e	0xceae80	0x0
3	0x236cd10	0x2377848	0x055f	0x5	0x5f	0xcebe20	0x0
3	0x236cd10	0x2377860	0x0560	0x5	0x60	0xcec320	0x0
3	0x236cd10	0x2377878	0x0561	0x5	0x61	0xced2e0	0x0
3	0x236cd10	0x2377890	0x0562	0x5	0x62	0xcff390	0x0
3	0x236cd10	0x23778a8	0x0563	0x5	0x63	0xcff8d0	0x0
3	0x236cd10	0x23778c0	0x0664	0x6	0x64	0xceb8d0	0x0
3	0x236cd10	0x23778d8	0x0765	0x7	0x65	0xcecd80	0x0
3	0x236cd10	0x23778f0	0x0666	0x6	0x66	0xceb380	0x0
3	0x236cd10	0x2377908	0x0767	0x7	0x67	0xcec820	0x0
3	0x236cd10	0x2377920	0x0368	0x3	0x68	0xcdf9b0	0x0
3	0x236cd10	0x2377938	0x0569	0x5	0x69	0xcdf420	0x0
3	0x236cd10	0x2377950	0x056a	0x5	0x6a	0xcdff90	0x0
3	0x236cd10	0x2377968	0x036b	0x3	0x6b	0x174d340	0x0
3	0x236cd10	0x2377980	0x0a6c	0xa	0x6c	0x174cd60	0x0
3	0x236cd10	0x2377998	0x036d	0x3	0x6d	0x174df50	0x0
3	0x236cd10	0x23779b0	0x0a6e	0xa	0x6e	0x174e580	0x0
3	0x236cd10	0x23779c8	0x0a6f	0xa	0x6f	0x174d970	0x0
3	0x236cd10	0x23779e0	0x0570	0x5	0x70	0x174b0a0	0x0
3	0x236cd10	0x23779f8	0x1971	0x19	0x71	0x174c1d0	0x0
3	0x236cd10	0x2377a10	0x0572	0x5	0x72	0x174c7c0	0x0
3	0x236cd10	0x2377a28	0x1973	0x19	0x73	0x174b640	0x0
3	0x236cd10	0x2377a40	0x0574	0x5	0x74	0x174bc30	0x0
3	0x236cd10	0x2377a58	0x1975	0x19	0x75	0xce2920	0x0
3	0x236cd10	0x2377a70	0x1376	0x13	0x76	0xce2320	0x0
3	0x236cd10	0x2377a88	0x1977	0x19	0x77	0xce3570	0x0
3	0x236cd10	0x2377aa0	0x1378	0x13	0x78	0xce3bc0	0x0
3	0x236cd10	0x2377ab8	0x1379	0x13	0x79	0xce2f70	0x0
3	0x236cd10	0x2377ad0	0x0b7a	0xb	0x7a	0x148dc00	0x0
3	0x236cd10	0x2377ae8	0x227b	0x22	0x7b	0x148e170	0x0
3	0x236cd10	0x2377b00	0x0b7c	0xb	0x7c	0x147f290	0x0
3	0x236cd10	0x2377b18	0x227d	0x22	0x7d	0x1481ff0	0x0
3	0x236cd10	0x2377b30	0x037e	0x3	0x7e	0x1480350	0x0
3	0x236cd10	0x2377b48	0x057f	0x5	0x7f	0xd013b0	0x0
3	0x236cd10	0x2377b60	0x0680	0x6	0x80	0xd018b0	0x0
3	0x236cd10	0x2377b78	0x0581	0x5	0x81	0xd01e00	0x0
3	0x236cd10	0x2377b90	0x0582	0x5	0x82	0xd02300	0x0
3	0x236cd10	0x2377ba8	0x0383	0x3	0x83	0xd02830	0x0
3	0x236cd10	0x2377bc0	0x0584	0x5	0x84	0xd02db0	0x0
3	0x236cd10	0x2377bd8	0x0a85	0xa	0x85	0xd05600	0x0
3	0x236cd10	0x2377bf0	0x0386	0x3	0x86	0xd05bc0	0x0
3	0x236cd10	0x2377c08	0x0a87	0xa	0x87	0xd061d0	0x0
3	0x236cd10	0x2377c20	0x0a88	0xa	0x88	0xd04470	0x0
3	0x236cd10	0x2377c38	0x0389	0x3	0x89	0xd04a30	0x0
3	0x236cd10	0x2377c50	0x0a8a	0xa	0x8a	0xd05040	0x0
3	0x236cd10	0x2377c68	0x0b8b	0xb	0x8b	0xcf3630	0x0
3	0x236cd10	0x2377c80	0x228c	0x22	0x8c	0xcf3020	0x0
3	0x236cd10	0x2377c98	0x228d	0x22	0x8d	0xcf3bf0	0x0
3	0x236cd10	0x2377cb0	0x0b8e	0xb	0x8e	0xcf2450	0x0
3	0x236cd10	0x2377cc8	0x228f	0x22	0x8f	0xcf1e40	0x0
3	0x236cd10	0x2377ce0	0x2290	0x22	0x90	0xcf2a10	0x0
3	0x236cd10	0x2377cf8	0x0391	0x3	0x91	0xcf47c0	0x0
3	0x236cd10	0x2377d10	0x2292	0x22	0x92	0xcf4200	0x0
3	0x236cd10	0x2377d28	0x2293	0x22	0x93	0xcf4d90	0x0
3	0x236cd10	0x2377d40	0x0794	0x7	0x94	0xcf5910	0x0
3	0x236cd10	0x2377d58	0x2295	0x22	0x95	0xcf5350	0x0
3	0x236cd10	0x2377d70	0x2296	0x22	0x96	0xcf5ee0	0x0
3	0x236cd10	0x2377d88	0x0397	0x3	0x97	0xcf6ac0	0x0
3	0x236cd10	0x2377da0	0x0a98	0xa	0x98	0xcf64a0	0x0
3	0x236cd10	0x2377db8	0x0399	0x3	0x99	0xcf7750	0x0
3	0x236cd10	0x2377dd0	0x0a9a	0xa	0x9a	0xcf7dc0	0x0
3	0x236cd10	0x2377de8	0x0a9b	0xa	0x9b	0xcf7130	0x0
3	0x236cd10	0x2377e00	0x0a9c	0xa	0x9c	0xd032e0	0x0
3	0x236cd10	0x2377e18	0x039d	0x3	0x9d	0xd038a0	0x0
3	0x236cd10	0x2377e30	0x0a9e	0xa	0x9e	0xd03eb0	0x0
3	0x236cd10	0x2377e48	0x0b9f	0xb	0x9f	0xceefd0	0x0
3	0x236cd10	0x2377e60	0x22a0	0x22	0xa0	0xcee9c0	0x0
3	0x236cd10	0x2377e78	0x22a1	0x22	0xa1	0xcef590	0x0
3	0x236cd10	0x2377e90	0x0ba2	0xb	0xa2	0xceddf0	0x0
3	0x236cd10	0x2377ea8	0x22a3	0x22	0xa3	0xced7e0	0x0
3	0x236cd10	0x2377ec0	0x22a4	0x22	0xa4	0xcee3b0	0x0
3	0x236cd10	0x2377ed8	0x03a5	0x3	0xa5	0xcf0160	0x0
3	0x236cd10	0x2377ef0	0x22a6	0x22	0xa6	0xcefba0	0x0
3	0x236cd10	0x2377f08	0x22a7	0x22	0xa7	0xcf0730	0x0
3	0x236cd10	0x2377f20	0x07a8	0x7	0xa8	0xcf12b0	0x0
3	0x236cd10	0x2377f38	0x22a9	0x22	0xa9	0xcf0cf0	0x0
3	0x236cd10	0x2377f50	0x22aa	0x22	0xaa	0xcf1880	0x0
3	0x236cd10	0x2377f68	0x05ab	0x5	0xab	0x174eb60	0x0
3	0x236cd10	0x2377f80	0x19ac	0x19	0xac	0x174fdb0	0x0
3	0x236cd10	0x2377f98	0x05ad	0x5	0xad	0x1750400	0x0
3	0x236cd10	0x2377fb0	0x19ae	0x19	0xae	0x174f160	0x0
3	0x236cd10	0x2377fc8	0x05af	0x5	0xaf	0x174f7b0	0x0
3	0x236cd10	0x2377fe0	0x19b0	0x19	0xb0	0x1751000	0x0
3	0x236cd10	0x2377ff8	0x13b1	0x13	0xb1	0x1750a00	0x0
3	0x236cd10	0x2378010	0x19b2	0x19	0xb2	0x1751c50	0x0
3	0x236cd10	0x2378028	0x13b3	0x13	0xb3	0x17522a0	0x0
3	0x236cd10	0x2378040	0x13b4	0x13	0xb4	0x1751650	0x0
3	0x236cd10	0x2378058	0x06b5	0x6	0xb5	0x1742810	0x0
3	0x236cd10	0x2378070	0x05b6	0x5	0xb6	0x17422b0	0x0
3	0x236cd10	0x2378088	0x05b7	0x5	0xb7	0x1742dd0	0x0
3	0x236cd10	0x23780a0	0x03b8	0x3	0xb8	0x1484320	0x0
3	0x236cd10	0x23780b8	0x03b9	0x3	0xb9	0x1483720	0x0
3	0x236cd10	0x23780d0	0x05ba	0x5	0xba	0x1483d30	0x0
3	0x236cd10	0x23780e8	0x03bb	0x3	0xbb	0x1483140	0x0
3	0x236cd10	0x2378100	0x05bc	0x5	0xbc	0x1482bb0	0x0
3	0x236cd10	0x2378118	0x05bd	0x5	0xbd	0x17492f0	0x0
3	0x236cd10	0x2378130	0x19be	0x19	0xbe	0x174a4b0	0x0
3	0x236cd10	0x2378148	0x05bf	0x5	0xbf	0x174aad0	0x0
3	0x236cd10	0x2378160	0x19c0	0x19	0xc0	0x17498c0	0x0
3	0x236cd10	0x2378178	0x05c1	0x5	0xc1	0x1749ee0	0x0
3	0x236cd10	0x2378190	0x05c2	0x5	0xc2	0x1480e90	0x0
3	0x236cd10	0x23781a8	0x05c6	0x5	0xc6	0x14885b0	0x0
3	0x236cd10	0x23781c0	0x05c7	0x5	0xc7	0x1488af0	0x0
3	0x236cd10	0x23781d8	0x05c8	0x5	0xc8	0x148f200	0x0
3	0x236cd10	0x23781f0	0x06c9	0x6	0xc9	0x1489560	0x0
3	0x236cd10	0x2378208	0x06ca	0x6	0xca	0x1489000	0x0
3	0x236cd10	0x2378220	0x0bcb	0xb	0xcb	0x147f820	0x0
3	0x236cd10	0x2378238	0x22cc	0x22	0xcc	0x14825d0	0x0
3	0x236cd10	0x2378250	0x0bcd	0xb	0xcd	0x148d0f0	0x0
3	0x236cd10	0x2378268	0x22ce	0x22	0xce	0x148d660	0x0
3	0x236cd10	0x2378280	0x03cf	0x3	0xcf	0x147fdb0	0x0
3	0x236cd10	0x2378298	0x05d0	0x5	0xd0	0x14808f0	0x0
3	0x236cd10	0x23782b0	0x03d1	0x3	0xd1	0x1485a10	0x0
3	0x236cd10	0x23782c8	0x05d2	0x5	0xd2	0x14854a0	0x0
3	0x236cd10	0x23782e0	0x0bd3	0xb	0xd3	0x147ed00	0x0
3	0x236cd10	0x23782f8	0x22d4	0x22	0xd4	0x1481a10	0x0
3	0x236cd10	0x2378310	0x0bd5	0xb	0xd5	0x147e770	0x0
3	0x236cd10	0x2378328	0x22d6	0x22	0xd6	0x1481430	0x0
3	0x236cd10	0x2378340	0x19d7	0x19	0xd7	0x148e710	0x0
3	0x236cd10	0x2378358	0x22d8	0x22	0xd8	0x148ec90	0x0
3	0x236cd10	0x2378370	0x05d9	0x5	0xd9	0x148f740	0x0
3	0x236cd10	0x2378388	0x03da	0x3	0xda	0x1490220	0x0
3	0x236cd10	0x23783a0	0x03db	0x3	0xdb	0x148fc80	0x0
3	0x236cd10	0x23783b8	0x19de	0x19	0xde	0x1486600	0x0
3	0x236cd10	0x23783d0	0x19df	0x19	0xdf	0x1486c70	0x0
3	0x236cd10	0x23783e8	0x05e0	0x5	0xe0	0x1485fe0	0x0
3	0x236cd10	0x2378400	0x03e1	0x3	0xe1	0x14878e0	0x0
3	0x236cd10	0x2378418	0x03e2	0x3	0xe2	0x1487f50	0x0
3	0x236cd10	0x2378430	0x0ae3	0xa	0xe3	0x14872d0	0x0
3	0x236cd10	0x2378448	0x06e4	0x6	0xe4	0x14907c0	0x0
3	0x236cd10	0x2378460	0x05e5	0x5	0xe5	0x1490d20	0x0
3	0x236cd10	0x2378478	0x03e6	0x3	0xe6	0x1491230	0x0
3	0x236cd10	0x2378490	0x05e7	0x5	0xe7	0x14917b0	0x0
3	0x236cd10	0x23784a8	0x03e8	0x3	0xe8	0x1493480	0x0
3	0x236cd10	0x23784c0	0x0ae9	0xa	0xe9	0x1493a90	0x0
3	0x236cd10	0x23784d8	0x03ea	0x3	0xea	0x14928b0	0x0
3	0x236cd10	0x23784f0	0x0aeb	0xa	0xeb	0x1492ec0	0x0
3	0x236cd10	0x2378508	0x03ec	0x3	0xec	0x148c410	0x0
3	0x236cd10	0x2378520	0x03ed	0x3	0xed	0x148ca80	0x0
3	0x236cd10	0x2378538	0x0aee	0xa	0xee	0x148bdf0	0x0
3	0x236cd10	0x2378550	0x03ef	0x3	0xef	0x1491ce0	0x0
3	0x236cd10	0x2378568	0x0af0	0xa	0xf0	0x14922f0	0x0
3	0x236cd10	0x2378580	0x0bf1	0xb	0xf1	0x148b830	0x0
3	0x236cd10	0x2378598	0x22f2	0x22	0xf2	0x148b220	0x0
3	0x236cd10	0x23785b0	0x0bf3	0xb	0xf3	0x148a0d0	0x0
3	0x236cd10	0x23785c8	0x22f4	0x22	0xf4	0x1489ac0	0x0
3	0x236cd10	0x23785e0	0x03f5	0x3	0xf5	0x148ac50	0x0
3	0x236cd10	0x23785f8	0x22f6	0x22	0xf6	0x148a690	0x0
3	0x236cd10	0x2378610	0x03f7	0x3	0xf7	0x1484ed0	0x0
3	0x236cd10	0x2378628	0x05f8	0x5	0xf8	0x1484960	0x0
3	0x236cd10	0x2378640	0x0500	0x5	0x0	0xd0ef80	0x0
3	0x236cd10	0x2378660	0x0a00	0xa	0x0	0xdde920	0x0
3	0x236cd10	0x2378678	0x0a01	0xa	0x1	0xddef10	0x0
3	0x236cd10	0x2378690	0x0a02	0xa	0x2	0xddf500	0x0
3	0x236cd10	0x23786a8	0x0503	0x5	0x3	0xdcfb70	0x0
3	0x236cd10	0x23786c0	0x0504	0x5	0x4	0xdd00b0	0x0
3	0x236cd10	0x23786d8	0x0705	0x7	0x5	0xdd0c40	0x0
3	0x236cd10	0x23786f0	0x1306	0x13	0x6	0xdd0600	0x0
3	0x236cd10	0x2378708	0x1307	0x13	0x7	0xdd1280	0x0
3	0x236cd10	0x2378720	0x1908	0x19	0x8	0xdd3060	0x0
3	0x236cd10	0x2378738	0x1309	0x13	0x9	0xdd2a00	0x0
3	0x236cd10	0x2378750	0x130a	0x13	0xa	0xdd36c0	0x0
3	0x236cd10	0x2378768	0x070b	0x7	0xb	0xdd1e80	0x0
3	0x236cd10	0x2378780	0x050c	0x5	0xc	0xdd18c0	0x0
3	0x236cd10	0x2378798	0x050d	0x5	0xd	0xdd2440	0x0
3	0x236cd10	0x23787b0	0x030e	0x3	0xe	0xdd4300	0x0
3	0x236cd10	0x23787c8	0x050f	0x5	0xf	0xdd3d20	0x0
3	0x236cd10	0x23787e0	0x0510	0x5	0x10	0xdd48f0	0x0
3	0x236cd10	0x23787f8	0x2311	0x23	0x11	0xdd55f0	0x0
3	0x236cd10	0x2378810	0x1312	0x13	0x12	0xdd4ed0	0x0
3	0x236cd10	0x2378828	0x1313	0x13	0x13	0xdd5d50	0x0
3	0x236cd10	0x2378840	0x2314	0x23	0x14	0xdd6b20	0x0
3	0x236cd10	0x2378858	0x1315	0x13	0x15	0xdd6470	0x0
3	0x236cd10	0x2378870	0x1316	0x13	0x16	0xdd71e0	0x0
3	0x236cd10	0x2378888	0x0a17	0xa	0x17	0xdd7890	0x0
3	0x236cd10	0x23788a0	0x0318	0x3	0x18	0xdd7e20	0x0
3	0x236cd10	0x23788b8	0x0a19	0xa	0x19	0xdd8400	0x0
3	0x236cd10	0x23788d0	0x031a	0x3	0x1a	0xdd9e50	0x0
3	0x236cd10	0x23788e8	0x0a1b	0xa	0x1b	0xdd98c0	0x0
3	0x236cd10	0x2378900	0x0a1c	0xa	0x1c	0xddae70	0x0
3	0x236cd10	0x2378918	0x031d	0x3	0x1d	0xddb480	0x0
3	0x236cd10	0x2378930	0x0a1e	0xa	0x1e	0xddbae0	0x0
3	0x236cd10	0x2378948	0x031f	0x3	0x1f	0xddd790	0x0
3	0x236cd10	0x2378960	0x0a20	0xa	0x20	0xddd180	0x0
3	0x236cd10	0x2378978	0x0521	0x5	0x21	0xdd8990	0x0
3	0x236cd10	0x2378990	0x0322	0x3	0x22	0xdd8e80	0x0
3	0x236cd10	0x23789a8	0x0523	0x5	0x23	0xdd93d0	0x0
3	0x236cd10	0x23789c0	0x0324	0x3	0x24	0xdda920	0x0
3	0x236cd10	0x23789d8	0x0525	0x5	0x25	0xdda430	0x0
3	0x236cd10	0x23789f0	0x0226	0x2	0x26	0xddc0f0	0x0
3	0x236cd10	0x2378a08	0x0327	0x3	0x27	0xddc650	0x0
3	0x236cd10	0x2378a20	0x0228	0x2	0x28	0xddcc20	0x0
3	0x236cd10	0x2378a38	0x0329	0x3	0x29	0xdde350	0x0
3	0x236cd10	0x2378a50	0x022a	0x2	0x2a	0xddddf0	0x0
3	0x236cd10	0x2378a68	0x192b	0x19	0x2b	0x14af510	0x0
3	0x236cd10	0x2378a80	0x132c	0x13	0x2c	0x14afb70	0x0
3	0x236cd10	0x2378a98	0x032d	0x3	0x2d	0x14b01d0	0x0
3	0x236cd10	0x2378ab0	0x052e	0x5	0x2e	0x14b07c0	0x0
3	0x236cd10	0x2378ac8	0x0a2f	0xa	0x2f	0x14a8480	0x0
3	0x236cd10	0x2378ae0	0x0730	0x7	0x30	0x14a8a10	0x0
3	0x236cd10	0x2378af8	0x0a31	0xa	0x31	0x14a8ff0	0x0
3	0x236cd10	0x2378b10	0x0732	0x7	0x32	0x14aaa40	0x0
3	0x236cd10	0x2378b28	0x0a33	0xa	0x33	0x14aa4b0	0x0
3	0x236cd10	0x2378b40	0x0a34	0xa	0x34	0x14aba60	0x0
3	0x236cd10	0x2378b58	0x0735	0x7	0x35	0x14ac070	0x0
3	0x236cd10	0x2378b70	0x0a36	0xa	0x36	0x14ac6d0	0x0
3	0x236cd10	0x2378b88	0x0737	0x7	0x37	0x14ae380	0x0
3	0x236cd10	0x2378ba0	0x0a38	0xa	0x38	0x14add70	0x0
3	0x236cd10	0x2378bb8	0x0539	0x5	0x39	0x14a9580	0x0
3	0x236cd10	0x2378bd0	0x073a	0x7	0x3a	0x14a9a70	0x0
3	0x236cd10	0x2378be8	0x053b	0x5	0x3b	0x14a9fc0	0x0
3	0x236cd10	0x2378c00	0x073c	0x7	0x3c	0x14ab510	0x0
3	0x236cd10	0x2378c18	0x053d	0x5	0x3d	0x14ab020	0x0
3	0x236cd10	0x2378c30	0x023e	0x2	0x3e	0x14acce0	0x0
3	0x236cd10	0x2378c48	0x073f	0x7	0x3f	0x14ad240	0x0
3	0x236cd10	0x2378c60	0x0240	0x2	0x40	0x14ad810	0x0
3	0x236cd10	0x2378c78	0x0741	0x7	0x41	0x14aef40	0x0
3	0x236cd10	0x2378c90	0x0242	0x2	0x42	0x14ae9e0	0x0
3	0x236cd10	0x2378cc0	0x0500	0x5	0x0	0x1764b60	0x0
3	0x236cd10	0x2378cd8	0x1901	0x19	0x1	0x17651f0	0x0
3	0x236cd10	0x2378cf0	0x0502	0x5	0x2	0x1765850	0x0
3	0x236cd10	0x2378d08	0x1903	0x19	0x3	0xd92c10	0x0
3	0x236cd10	0x2378d20	0x0504	0x5	0x4	0xd925f0	0x0
3	0x236cd10	0x2378d38	0x0505	0x5	0x5	0xd93230	0x0
3	0x236cd10	0x2378d50	0x1906	0x19	0x6	0x1763e70	0x0
3	0x236cd10	0x2378d68	0x0507	0x5	0x7	0x17637e0	0x0
3	0x236cd10	0x2378d80	0x0508	0x5	0x8	0x17644d0	0x0
3	0x236cd10	0x2378d98	0x0709	0x7	0x9	0xd91a60	0x0
3	0x236cd10	0x2378db0	0x050a	0x5	0xa	0xd91490	0x0
3	0x236cd10	0x2378dc8	0x050b	0x5	0xb	0xd92020	0x0
3	0x236cd10	0x2378de0	0x0d0c	0xd	0xc	0xd93ea0	0x0
3	0x236cd10	0x2378df8	0x050d	0x5	0xd	0xd93850	0x0
3	0x236cd10	0x2378e10	0x050e	0x5	0xe	0xd94530	0x0
3	0x236cd10	0x2378e28	0x050f	0x5	0xf	0xd94b80	0x0
3	0x236cd10	0x2378e40	0x0310	0x3	0x10	0xd95080	0x0
3	0x236cd10	0x2378e58	0x0511	0x5	0x11	0xd955d0	0x0
3	0x236cd10	0x2378e70	0x0512	0x5	0x12	0xd95ad0	0x0
3	0x236cd10	0x2378e88	0x0313	0x3	0x13	0xd95fd0	0x0
3	0x236cd10	0x2378ea0	0x0514	0x5	0x14	0xd96520	0x0
3	0x236cd10	0x2378eb8	0x0315	0x3	0x15	0xd97ea0	0x0
3	0x236cd10	0x2378ed0	0x0516	0x5	0x16	0xd979a0	0x0
3	0x236cd10	0x2378ee8	0x0217	0x2	0x17	0xd96a20	0x0
3	0x236cd10	0x2378f00	0x0318	0x3	0x18	0xd96f30	0x0
3	0x236cd10	0x2378f18	0x0219	0x2	0x19	0xd97490	0x0
3	0x236cd10	0x2378f30	0x031a	0x3	0x1a	0xd98900	0x0
3	0x236cd10	0x2378f48	0x021b	0x2	0x1b	0xd983f0	0x0
3	0x236cd10	0x2378f60	0x191c	0x19	0x1c	0x14a5a90	0x0
3	0x236cd10	0x2378f78	0x051d	0x5	0x1d	0x14a5460	0x0
3	0x236cd10	0x2378f90	0x031e	0x3	0x1e	0x14a65c0	0x0
3	0x236cd10	0x2378fa8	0x021f	0x2	0x1f	0x14a60b0	0x0
3	0x236cd10	0x2378fc0	0x0600	0x6	0x0	0xcb9dd0	0x0
3	0x236cd10	0x2378fd8	0x0601	0x6	0x1	0xcba2f0	0x0
3	0x236cd10	0x2378ff0	0x0502	0x5	0x2	0xcbb780	0x0
3	0x236cd10	0x2379008	0x0503	0x5	0x3	0xcbbcf0	0x0
3	0x236cd10	0x2379020	0x2204	0x22	0x4	0x1738920	0x0
3	0x236cd10	0x2379038	0x0507	0x5	0x7	0xcbd380	0x0
3	0x236cd10	0x2379050	0x1308	0x13	0x8	0xcbd9b0	0x0
3	0x236cd10	0x2379068	0x0509	0x5	0x9	0x1738f30	0x0
3	0x236cd10	0x2379080	0x060a	0x6	0xa	0xcba810	0x0
3	0x236cd10	0x2379098	0x060b	0x6	0xb	0xcb98b0	0x0
3	0x236cd10	0x23790b0	0x060c	0x6	0xc	0xcb9390	0x0
3	0x236cd10	0x23790c8	0x060d	0x6	0xd	0xcbad30	0x0
3	0x236cd10	0x23790e0	0x050e	0x5	0xe	0xcbb280	0x0
3	0x236cd10	0x23790f8	0x050f	0x5	0xf	0xcbc2b0	0x0
3	0x236cd10	0x2379120	0x1300	0x13	0x0	0x175b250	0x0
3	0x236cd10	0x2379138	0x1301	0x13	0x1	0x175b940	0x0
3	0x236cd10	0x2379150	0x1302	0x13	0x2	0x175ab50	0x0
3	0x236cd10	0x2379168	0x1903	0x19	0x3	0xd16de0	0x0
3	0x236cd10	0x2379180	0x1904	0x19	0x4	0xd18190	0x0
3	0x236cd10	0x2379198	0x1305	0x13	0x5	0xd17b00	0x0
3	0x236cd10	0x23791b0	0x1306	0x13	0x6	0xd18820	0x0
3	0x236cd10	0x23791c8	0x1307	0x13	0x7	0xd17470	0x0
3	0x236cd10	0x23791e0	0x1908	0x19	0x8	0x1759ca0	0x0
3	0x236cd10	0x23791f8	0x1909	0x19	0x9	0x1758df0	0x0
3	0x236cd10	0x2379210	0x130a	0x13	0xa	0x1758680	0x0
3	0x236cd10	0x2379228	0x130b	0x13	0xb	0x1759530	0x0
3	0x236cd10	0x2379240	0x130c	0x13	0xc	0x175a3e0	0x0
3	0x236cd10	0x2379258	0x070d	0x7	0xd	0xd14e30	0x0
3	0x236cd10	0x2379270	0x070e	0x7	0xe	0xd16140	0x0
3	0x236cd10	0x2379288	0x0a0f	0xa	0xf	0xd15ae0	0x0
3	0x236cd10	0x23792a0	0x0a10	0xa	0x10	0xd16780	0x0
3	0x236cd10	0x23792b8	0x0a11	0xa	0x11	0xd15480	0x0
3	0x236cd10	0x23792d0	0x0d12	0xd	0x12	0xd1d610	0x0
3	0x236cd10	0x23792e8	0x0d13	0xd	0x13	0xd1ea90	0x0
3	0x236cd10	0x2379300	0x1314	0x13	0x14	0xd1e3e0	0x0
3	0x236cd10	0x2379318	0x1315	0x13	0x15	0xd1f1b0	0x0
3	0x236cd10	0x2379330	0x1316	0x13	0x16	0xd1dd30	0x0
3	0x236cd10	0x2379348	0x0d17	0xd	0x17	0xd1f860	0x0
3	0x236cd10	0x2379360	0x0d18	0xd	0x18	0xd20da0	0x0
3	0x236cd10	0x2379378	0x1319	0x13	0x19	0xd206b0	0x0
3	0x236cd10	0x2379390	0x131a	0x13	0x1a	0xd21500	0x0
3	0x236cd10	0x23793a8	0x131b	0x13	0x1b	0xd1ffc0	0x0
3	0x236cd10	0x23793c0	0x231c	0x23	0x1c	0xd195e0	0x0
3	0x236cd10	0x23793d8	0x231d	0x23	0x1d	0xd1c770	0x0
3	0x236cd10	0x23793f0	0x131e	0x13	0x1e	0xd1c040	0x0
3	0x236cd10	0x2379408	0x131f	0x13	0x1f	0xd1cee0	0x0
3	0x236cd10	0x2379420	0x1320	0x13	0x20	0xd1b910	0x0
3	0x236cd10	0x2379438	0x2321	0x23	0x21	0xd18eb0	0x0
3	0x236cd10	0x2379450	0x2322	0x23	0x22	0xd1ab10	0x0
3	0x236cd10	0x2379468	0x1323	0x13	0x23	0xd1a430	0x0
3	0x236cd10	0x2379480	0x1324	0x13	0x24	0xd1b230	0x0
3	0x236cd10	0x2379498	0x1325	0x13	0x25	0xd19d50	0x0
3	0x236cd10	0x23794b0	0x1326	0x13	0x26	0x175c750	0x0
3	0x236cd10	0x23794c8	0x1927	0x19	0x27	0x175c040	0x0
3	0x236cd10	0x23794e0	0x1328	0x13	0x28	0x175dce0	0x0
3	0x236cd10	0x23794f8	0x1929	0x19	0x29	0x175ce90	0x0
3	0x236cd10	0x2379510	0x132a	0x13	0x2a	0x175d5a0	0x0
3	0x236cd10	0x2379528	0x132b	0x13	0x2b	0x1495400	0x0
3	0x236cd10	0x2379540	0x192c	0x19	0x2c	0x1494050	0x0
3	0x236cd10	0x2379558	0x192d	0x19	0x2d	0x1494d70	0x0
3	0x236cd10	0x2379570	0x132e	0x13	0x2e	0x14946e0	0x0
3	0x236cd10	0x23795a0	0x0700	0x7	0x0	0xc72b10	0x0
3	0x236cd10	0x23795b8	0x0a01	0xa	0x1	0xc72530	0x0
3	0x236cd10	0x23795d0	0x0502	0x5	0x2	0x17347d0	0x0
3	0x236cd10	0x23795e8	0x0303	0x3	0x3	0x17341b0	0x0
3	0x236cd10	0x2379600	0x0504	0x5	0x4	0x1734e40	0x0
3	0x236cd10	0x2379618	0x0705	0x7	0x5	0xc70270	0x0
3	0x236cd10	0x2379630	0x0206	0x2	0x6	0xc6fd20	0x0
3	0x236cd10	0x2379648	0x0307	0x3	0x7	0xc6c300	0x0
3	0x236cd10	0x2379660	0x0508	0x5	0x8	0xc6bce0	0x0
3	0x236cd10	0x2379678	0x0509	0x5	0x9	0xc6c920	0x0
3	0x236cd10	0x2379690	0x050a	0x5	0xa	0x17334f0	0x0
3	0x236cd10	0x23796a8	0x050b	0x5	0xb	0x1733b50	0x0
3	0x236cd10	0x23796c0	0x190c	0x19	0xc	0x1732e90	0x0
3	0x236cd10	0x23796d8	0x050d	0x5	0xd	0x1732170	0x0
3	0x236cd10	0x23796f0	0x050e	0x5	0xe	0x1732800	0x0
3	0x236cd10	0x2379708	0x070f	0x7	0xf	0xc6b720	0x0
3	0x236cd10	0x2379720	0x0510	0x5	0x10	0xc6ab80	0x0
3	0x236cd10	0x2379738	0x0511	0x5	0x11	0xc6b150	0x0
3	0x236cd10	0x2379750	0x0d12	0xd	0x12	0xc6d590	0x0
3	0x236cd10	0x2379768	0x0513	0x5	0x13	0xc6cf40	0x0
3	0x236cd10	0x2379780	0x0514	0x5	0x14	0xc6dc20	0x0
3	0x236cd10	0x2379798	0x0515	0x5	0x15	0x147bac0	0x0
3	0x236cd10	0x23797b0	0x0316	0x3	0x16	0x147c030	0x0
3	0x236cd10	0x23797c8	0x0517	0x5	0x17	0x147c5b0	0x0
3	0x236cd10	0x23797e0	0x0a18	0xa	0x18	0xc707d0	0x0
3	0x236cd10	0x23797f8	0x0319	0x3	0x19	0xc71390	0x0
3	0x236cd10	0x2379810	0x0a1a	0xa	0x1a	0xc70db0	0x0
3	0x236cd10	0x2379828	0x031b	0x3	0x1b	0xc71f50	0x0
3	0x236cd10	0x2379840	0x0a1c	0xa	0x1c	0xc71970	0x0
3	0x236cd10	0x2379858	0x051d	0x5	0x1d	0x147d680	0x0
3	0x236cd10	0x2379870	0x031e	0x3	0x1e	0x147dc20	0x0
3	0x236cd10	0x2379888	0x051f	0x5	0x1f	0x147e1d0	0x0
3	0x236cd10	0x23798a0	0x0220	0x2	0x20	0xc6e270	0x0
3	0x236cd10	0x23798b8	0x0321	0x3	0x21	0xc6ed10	0x0
3	0x236cd10	0x23798d0	0x0222	0x2	0x22	0xc6e7c0	0x0
3	0x236cd10	0x23798e8	0x0323	0x3	0x23	0xc6f7c0	0x0
3	0x236cd10	0x2379900	0x0224	0x2	0x24	0xc6f270	0x0
3	0x236cd10	0x2379918	0x0a25	0xa	0x25	0x1478b80	0x0
3	0x236cd10	0x2379930	0x0726	0x7	0x26	0x1479740	0x0
3	0x236cd10	0x2379948	0x0a27	0xa	0x27	0x1479160	0x0
3	0x236cd10	0x2379960	0x0228	0x2	0x28	0x1477b80	0x0
3	0x236cd10	0x2379978	0x0729	0x7	0x29	0x1478620	0x0
3	0x236cd10	0x2379990	0x022a	0x2	0x2a	0x14780d0	0x0
3	0x236cd10	0x23799a8	0x032b	0x3	0x2b	0x1479d20	0x0
3	0x236cd10	0x23799c0	0x052c	0x5	0x2c	0x147a340	0x0
3	0x236cd10	0x23799d8	0x052d	0x5	0x2d	0x147a960	0x0
3	0x236cd10	0x23799f0	0x032e	0x3	0x2e	0x147afc0	0x0
3	0x236cd10	0x2379a08	0x052f	0x5	0x2f	0x147b550	0x0
3	0x236cd10	0x2379a20	0x0330	0x3	0x30	0x147cb20	0x0
3	0x236cd10	0x2379a38	0x0531	0x5	0x31	0x147d0e0	0x0
3	0x236cd10	0x2379a60	0x0500	0x5	0x0	0xd8edb0	0x0
3	0x236cd10	0x2379a78	0x0501	0x5	0x1	0xd8cf40	0x0
3	0x236cd10	0x2379a90	0x0502	0x5	0x2	0xd90190	0x0
3	0x236cd10	0x2379aa8	0x0503	0x5	0x3	0xd90630	0x0
3	0x236cd10	0x2379ac0	0x0304	0x3	0x4	0xd8dda0	0x0
3	0x236cd10	0x2379ad8	0x0305	0x3	0x5	0xd8e300	0x0
3	0x236cd10	0x2379af0	0x0506	0x5	0x6	0xd8fcf0	0x0
3	0x236cd10	0x2379b08	0x0507	0x5	0x7	0xd90ae0	0x0
3	0x236cd10	0x2379b20	0x0308	0x3	0x8	0xd8e860	0x0
3	0x236cd10	0x2379b38	0x0309	0x3	0x9	0xd8f290	0x0
3	0x236cd10	0x2379b50	0x050a	0x5	0xa	0xd8f7f0	0x0
3	0x236cd10	0x2379b68	0x050b	0x5	0xb	0xd8c110	0x0
3	0x236cd10	0x2379b80	0x060c	0x6	0xc	0xd8c5b0	0x0
3	0x236cd10	0x2379b98	0x050d	0x5	0xd	0xd8caa0	0x0
3	0x236cd10	0x2379bb0	0x060e	0x6	0xe	0xd8d8a0	0x0
3	0x236cd10	0x2379bc8	0x050f	0x5	0xf	0xd8d400	0x0
3	0x236cd10	0x2379be0	0x0510	0x5	0x10	0x14a3c80	0x0
3	0x236cd10	0x2379bf8	0x0711	0x7	0x11	0x14a45c0	0x0
3	0x236cd10	0x2379c10	0x0512	0x5	0x12	0x14a4120	0x0
3	0x236cd10	0x2379c28	0x0713	0x7	0x13	0x14a4f60	0x0
3	0x236cd10	0x2379c40	0x0514	0x5	0x14	0x14a4ac0	0x0
3	0x236cd10	0x2379c60	0x0700	0x7	0x0	0xcbe550	0x0
3	0x236cd10	0x2379c78	0x0701	0x7	0x1	0xcbe030	0x0
3	0x236cd10	0x2379c90	0x0702	0x7	0x2	0xcbeaa0	0x0
3	0x236cd10	0x2379ca8	0x0503	0x5	0x3	0xcbffb0	0x0
3	0x236cd10	0x2379cc0	0x0704	0x7	0x4	0xcbf510	0x0
3	0x236cd10	0x2379cd8	0x0705	0x7	0x5	0xcbeff0	0x0
3	0x236cd10	0x2379cf0	0x0506	0x5	0x6	0xcc0480	0x0
3	0x236cd10	0x2379d08	0x0707	0x7	0x7	0xcbfa60	0x0
3	0x236cd10	0x2379d20	0x0500	0x5	0x0	0xcc1720	0x0
3	0x236cd10	0x2379d38	0x0501	0x5	0x1	0x173c1a0	0x0
3	0x236cd10	0x2379d50	0x0502	0x5	0x2	0x173bd20	0x0
3	0x236cd10	0x2379d80	0x0300	0x3	0x0	0xdb36b0	0x0
3	0x236cd10	0x2379d98	0x0601	0x6	0x1	0x176abb0	0x0
3	0x236cd10	0x2379db0	0x0602	0x6	0x2	0x176a6d0	0x0
3	0x236cd10	0x2379dc8	0x0603	0x6	0x3	0xdb3bc0	0x0
3	0x236cd10	0x2379de0	0x0700	0x7	0x0	0xcb8340	0x0
3	0x236cd10	0x2379df8	0x0701	0x7	0x1	0xcb8e10	0x0
3	0x236cd10	0x2379e10	0x0702	0x7	0x2	0xcb7df0	0x0
3	0x236cd10	0x2379e28	0x0703	0x7	0x3	0xcb8890	0x0
3	0x236cd10	0x2379e40	0x0500	0x5	0x0	0xcb6620	0x0
3	0x236cd10	0x2379e58	0x0601	0x6	0x1	0xcb6ac0	0x0
3	0x236cd10	0x2379e70	0x0502	0x5	0x2	0xcb6fb0	0x0
3	0x236cd10	0x2379e88	0x0603	0x6	0x3	0xcb78f0	0x0
3	0x236cd10	0x2379ea0	0x0504	0x5	0x4	0xcb7450	0x0
3	0x236cd10	0x2379ec0	0x0500	0x5	0x0	0xcc0950	0x0
3	0x236cd10	0x2379ed8	0x0501	0x5	0x1	0x1739590	0x0
3	0x236cd10	0x2379f00	0x0700	0x7	0x0	0xcb4460	0x0
3	0x236cd10	0x2379f18	0x0701	0x7	0x1	0xcb49b0	0x0
3	0x236cd10	0x2379f30	0x0702	0x7	0x2	0xcb5ac0	0x0
3	0x236cd10	0x2379f48	0x0703	0x7	0x3	0xcb6050	0x0
3	0x236cd10	0x2379f60	0x0704	0x7	0x4	0xcb3960	0x0
3	0x236cd10	0x2379f78	0x0705	0x7	0x5	0xcb3eb0	0x0
3	0x236cd10	0x2379f90	0x0706	0x7	0x6	0x1738360	0x0
3	0x236cd10	0x2379fa8	0x0707	0x7	0x7	0xcb54f0	0x0
3	0x236cd10	0x2379fc0	0x0200	0x2	0x0	0xe096a0	0x0
3	0x236cd10	0x2379fe0	0x0a00	0xa	0x0	0xe09ad0	0x0
3	0x236cd10	0x237a000	0x0500	0x5	0x0	0xcb1fc0	0x0
3	0x236cd10	0x237a018	0x0301	0x3	0x1	0xcb24c0	0x0
3	0x236cd10	0x237a030	0x0502	0x5	0x2	0xcb2a10	0x0
3	0x236cd10	0x237a048	0x0303	0x3	0x3	0xcb3410	0x0
3	0x236cd10	0x237a060	0x0504	0x5	0x4	0xcb2f10	0x0
3	0x236cd10	0x237a080	0x0500	0x5	0x0	0xd07240	0x0
3	0x236cd10	0x237a098	0x0301	0x3	0x1	0xd07c30	0x0
3	0x236cd10	0x237a0b0	0x0502	0x5	0x2	0xd07730	0x0
3	0x236cd10	0x237a0c8	0x0303	0x3	0x3	0xd09050	0x0
3	0x236cd10	0x237a0e0	0x0504	0x5	0x4	0xd08b50	0x0
3	0x236cd10	0x237a0f8	0x0505	0x5	0x5	0xd08650	0x0
3	0x236cd10	0x237a110	0x0506	0x5	0x6	0xd09a70	0x0
3	0x236cd10	0x237a128	0x0507	0x5	0x7	0xd08180	0x0
3	0x236cd10	0x237a140	0x0508	0x5	0x8	0xd095a0	0x0
4	0x238c9b0	0x238c9b0	0x0200	0x2	0x0	0xea7440	0x0
4	0x238c9b0	0x238c9d0	0x0200	0x2	0x0	0xea6fe0	0x0
4	0x238c9b0	0x238c9f0	0x0200	0x2	0x0	0xea6b80	0x0
4	0x238c9b0	0x238ca10	0x0500	0x5	0x0	0xea6710	0x0
4	0x238c9b0	0x238ca40	0x0500	0x5	0x0	0xe46790	0x0
4	0x238c9b0	0x238ca58	0x0201	0x2	0x1	0xe46320	0x0
4	0x238c9b0	0x238ca70	0x0502	0x5	0x2	0xe46c90	0x0
4	0x238c9b0	0x238ca90	0x0200	0x2	0x0	0xe445e0	0x0
4	0x238c9b0	0x238cac0	0x0500	0x5	0x0	0xeb2630	0x0
4	0x238c9b0	0x238cad8	0x0501	0x5	0x1	0xeb1c00	0x0
4	0x238c9b0	0x238caf0	0x0702	0x7	0x2	0xeb2ae0	0x0
4	0x238c9b0	0x238cb08	0x0703	0x7	0x3	0xeb20e0	0x0
4	0x238c9b0	0x238cb20	0x0500	0x5	0x0	0xeab320	0x0
4	0x238c9b0	0x238cb40	0x0500	0x5	0x0	0xeaae30	0x0
4	0x238c9b0	0x238cb60	0x0500	0x5	0x0	0x17a9b70	0x0
4	0x238c9b0	0x238cb78	0x0501	0x5	0x1	0x17a96b0	0x0
4	0x238c9b0	0x238cba0	0x0500	0x5	0x0	0xeaa0c0	0x0
4	0x238c9b0	0x238cbb8	0x0601	0x6	0x1	0xea9c20	0x0
4	0x238c9b0	0x238cbd0	0x0202	0x2	0x2	0xea97c0	0x0
4	0x238c9b0	0x238cc00	0x0200	0x2	0x0	0xea5bb0	0x0
4	0x238c9b0	0x238cc18	0x0a01	0xa	0x1	0xea5000	0x0
4	0x238c9b0	0x238cc40	0x1300	0x13	0x0	0xea3c80	0x0
4	0x238c9b0	0x238cc58	0x1301	0x13	0x1	0xea2eb0	0x0
4	0x238c9b0	0x238cc80	0x0a00	0xa	0x0	0xea1b50	0x0
4	0x238c9b0	0x238cc98	0x0a01	0xa	0x1	0xea0eb0	0x0
4	0x238c9b0	0x238ccc0	0x1300	0x13	0x0	0xe9ec60	0x0
4	0x238c9b0	0x238ccd8	0x1301	0x13	0x1	0xe9f300	0x0
4	0x238c9b0	0x238ccf0	0x1302	0x13	0x2	0xe9d6c0	0x0
4	0x238c9b0	0x238cd08	0x1303	0x13	0x3	0xe9c8b0	0x0
4	0x238c9b0	0x238cd20	0x1300	0x13	0x0	0x17a6e00	0x0
4	0x238c9b0	0x238cd38	0x1301	0x13	0x1	0x17a7bd0	0x0
4	0x238c9b0	0x238cd50	0x1302	0x13	0x2	0x17a82c0	0x0
4	0x238c9b0	0x238cd68	0x1303	0x13	0x3	0x17a74d0	0x0
4	0x238c9b0	0x238cd80	0x1300	0x13	0x0	0x17a5240	0x0
4	0x238c9b0	0x238cd98	0x1301	0x13	0x1	0x17a5ff0	0x0
4	0x238c9b0	0x238cdb0	0x1302	0x13	0x2	0x17a66e0	0x0
4	0x238c9b0	0x238cdc8	0x1303	0x13	0x3	0x17a5900	0x0
4	0x238c9b0	0x238cde0	0x0300	0x3	0x0	0xe8fff0	0x0
4	0x238c9b0	0x238cdf8	0x0301	0x3	0x1	0xe91170	0x0
4	0x238c9b0	0x238ce10	0x0502	0x5	0x2	0xe916c0	0x0
4	0x238c9b0	0x238ce28	0x0503	0x5	0x3	0x17a3d80	0x0
4	0x238c9b0	0x238ce40	0x0304	0x3	0x4	0xe91b60	0x0
4	0x238c9b0	0x238ce58	0x0305	0x3	0x5	0xe90bb0	0x0
4	0x238c9b0	0x238ce70	0x0306	0x3	0x6	0xe90600	0x0
4	0x238c9b0	0x238ce88	0x0307	0x3	0x7	0xe92110	0x0
4	0x238c9b0	0x238cea0	0x0308	0x3	0x8	0xe926a0	0x0
4	0x238c9b0	0x238ceb8	0x0309	0x3	0x9	0xe92c20	0x0
4	0x238c9b0	0x238cee0	0x1300	0x13	0x0	0xe8d950	0x0
4	0x238c9b0	0x238cef8	0x1301	0x13	0x1	0xe8df80	0x0
4	0x238c9b0	0x238cf10	0x1302	0x13	0x2	0xe8f340	0x0
4	0x238c9b0	0x238cf28	0x1303	0x13	0x3	0xe8f980	0x0
4	0x238c9b0	0x238cf40	0x1300	0x13	0x0	0xe8bf10	0x0
4	0x238c9b0	0x238cf58	0x1301	0x13	0x1	0xe8c570	0x0
4	0x238c9b0	0x238cf80	0x1300	0x13	0x0	0xe873f0	0x0
4	0x238c9b0	0x238cf98	0x1301	0x13	0x1	0xe87a40	0x0
4	0x238c9b0	0x238cfb0	0x1302	0x13	0x2	0xe88e40	0x0
4	0x238c9b0	0x238cfc8	0x1303	0x13	0x3	0xe89490	0x0
4	0x238c9b0	0x238cfe0	0x1300	0x13	0x0	0xe858d0	0x0
4	0x238c9b0	0x238cff8	0x1301	0x13	0x1	0xe85f90	0x0
4	0x238c9b0	0x238d010	0x2502	0x25	0x2	0xe83ca0	0x0
4	0x238c9b0	0x238d028	0x2503	0x25	0x3	0xe84350	0x0
4	0x238c9b0	0x238d040	0x0300	0x3	0x0	0xe82370	0x0
4	0x238c9b0	0x238d058	0x0301	0x3	0x1	0xe81e50	0x0
4	0x238c9b0	0x238d070	0x0302	0x3	0x2	0xe828c0	0x0
4	0x238c9b0	0x238d0a0	0x0300	0x3	0x0	0xe80880	0x0
4	0x238c9b0	0x238d0b8	0x0301	0x3	0x1	0xe80dd0	0x0
4	0x238c9b0	0x238d0d0	0x0302	0x3	0x2	0xe818a0	0x0
4	0x238c9b0	0x238d0e8	0x0303	0x3	0x3	0xe81320	0x0
4	0x238c9b0	0x238d100	0x1900	0x19	0x0	0x17a3640	0x0
4	0x238c9b0	0x238d118	0x1901	0x19	0x1	0x17a2820	0x0
4	0x238c9b0	0x238d130	0x1902	0x19	0x2	0x17a2f30	0x0
4	0x238c9b0	0x238d148	0x1903	0x19	0x3	0x17a2130	0x0
4	0x238c9b0	0x238d160	0x1904	0x19	0x4	0x17a0080	0x0
4	0x238c9b0	0x238d178	0x1905	0x19	0x5	0x17a06d0	0x0
4	0x238c9b0	0x238d190	0x1906	0x19	0x6	0x17a1a60	0x0
4	0x238c9b0	0x238d1a8	0x1907	0x19	0x7	0x17a0d20	0x0
4	0x238c9b0	0x238d1c0	0x1908	0x19	0x8	0x17a13c0	0x0
4	0x238c9b0	0x238d1e0	0x1900	0x19	0x0	0x179b020	0x0
4	0x238c9b0	0x238d1f8	0x1901	0x19	0x1	0x179b640	0x0
4	0x238c9b0	0x238d210	0x1902	0x19	0x2	0x179fa10	0x0
4	0x238c9b0	0x238d228	0x1903	0x19	0x3	0x179e750	0x0
4	0x238c9b0	0x238d240	0x1904	0x19	0x4	0x179f3c0	0x0
4	0x238c9b0	0x238d258	0x1905	0x19	0x5	0x179ed70	0x0
4	0x238c9b0	0x238d270	0x0306	0x3	0x6	0x179e150	0x0
4	0x238c9b0	0x238d288	0x0307	0x3	0x7	0x179cfe0	0x0
4	0x238c9b0	0x238d2a0	0x0308	0x3	0x8	0x179db70	0x0
4	0x238c9b0	0x238d2b8	0x0309	0x3	0x9	0x179d590	0x0
4	0x238c9b0	0x238d2d0	0x190a	0x19	0xa	0x179c940	0x0
4	0x238c9b0	0x238d2e8	0x190b	0x19	0xb	0x179bc60	0x0
4	0x238c9b0	0x238d300	0x190c	0x19	0xc	0x179c2d0	0x0
4	0x238c9b0	0x238d320	0x0200	0x2	0x0	0xe7de90	0x0
4	0x238c9b0	0x238d340	0x0500	0x5	0x0	0xe7da00	0x0
4	0x238c9b0	0x238d360	0x0200	0x2	0x0	0xe7cfa0	0x0
4	0x238c9b0	0x238d380	0x0200	0x2	0x0	0xe7cb30	0x0
4	0x238c9b0	0x238d3a0	0x0700	0x7	0x0	0xe7c190	0x0
4	0x238c9b0	0x238d3b8	0x0501	0x5	0x1	0xe7c680	0x0
4	0x238c9b0	0x238d3d0	0x0502	0x5	0x2	0xe7aea0	0x0
4	0x238c9b0	0x238d3e8	0x0503	0x5	0x3	0xe7b830	0x0
4	0x238c9b0	0x238d400	0x0604	0x6	0x4	0xe7b350	0x0
4	0x238c9b0	0x238d418	0x0505	0x5	0x5	0xe7bce0	0x0
4	0x238c9b0	0x238d440	0x0700	0x7	0x0	0xe7a3a0	0x0
4	0x238c9b0	0x238d458	0x0701	0x7	0x1	0xe7a920	0x0
4	0x238c9b0	0x238d470	0x0702	0x7	0x2	0xe798a0	0x0
4	0x238c9b0	0x238d488	0x0703	0x7	0x3	0xe79e20	0x0
4	0x238c9b0	0x238d4a0	0x0500	0x5	0x0	0xe793d0	0x0
4	0x238c9b0	0x238d4c0	0x2200	0x22	0x0	0x17a4660	0x0
4	0x238c9b0	0x238d4d8	0x0501	0x5	0x1	0x17a4c40	0x0
4	0x238c9b0	0x238d4f0	0x0502	0x5	0x2	0x17a41f0	0x0
4	0x238c9b0	0x238d510	0x0500	0x5	0x0	0xe766e0	0x0
4	0x238c9b0	0x238d540	0x0500	0x5	0x0	0xe75d40	0x0
4	0x238c9b0	0x238d558	0x0301	0x3	0x1	0xe75350	0x0
4	0x238c9b0	0x238d570	0x0502	0x5	0x2	0xe74e80	0x0
4	0x238c9b0	0x238d588	0x0503	0x5	0x3	0xe75870	0x0
4	0x238c9b0	0x238d5a0	0x0504	0x5	0x4	0xe76210	0x0
4	0x238c9b0	0x238d5c0	0x0600	0x6	0x0	0xe73f10	0x0
4	0x238c9b0	0x238d5d8	0x0501	0x5	0x1	0xe739d0	0x0
4	0x238c9b0	0x238d5f0	0x0502	0x5	0x2	0xe74490	0x0
4	0x238c9b0	0x238d608	0x0503	0x5	0x3	0xe749d0	0x0
4	0x238c9b0	0x238d620	0x0500	0x5	0x0	0xe70f50	0x0
4	0x238c9b0	0x238d640	0x1000	0x10	0x0	0xe6f740	0x0
4	0x238c9b0	0x238d658	0x0201	0x2	0x1	0xe6f290	0x0
4	0x238c9b0	0x238d670	0x0202	0x2	0x2	0xe6fc40	0x0
4	0x238c9b0	0x238d688	0x1003	0x10	0x3	0xe705a0	0x0
4	0x238c9b0	0x238d6a0	0x0204	0x2	0x4	0xe700f0	0x0
4	0x238c9b0	0x238d6b8	0x0205	0x2	0x5	0xe70aa0	0x0
4	0x238c9b0	0x238d6e0	0x0500	0x5	0x0	0xe6bdd0	0x0
4	0x238c9b0	0x238d6f8	0x0501	0x5	0x1	0xe6c270	0x0
4	0x238c9b0	0x238d710	0x0200	0x2	0x0	0xe6b970	0x0
4	0x238c9b0	0x238d730	0x0000	0x0	0x0	0xe6b470	0x0
4	0x238c9b0	0x238d760	0x0300	0x3	0x0	0x1798970	0x0
4	0x238c9b0	0x238d778	0x0301	0x3	0x1	0x17983f0	0x0
4	0x238c9b0	0x238d7a0	0x0300	0x3	0x0	0xe69e80	0x0
4	0x238c9b0	0x238d7b8	0x0301	0x3	0x1	0xe69960	0x0
4	0x238c9b0	0x238d7d0	0x0302	0x3	0x2	0xe6a3d0	0x0
4	0x238c9b0	0x238d800	0x0300	0x3	0x0	0xe683a0	0x0
4	0x238c9b0	0x238d818	0x0301	0x3	0x1	0xe688f0	0x0
4	0x238c9b0	0x238d830	0x0302	0x3	0x2	0xe693b0	0x0
4	0x238c9b0	0x238d848	0x0303	0x3	0x3	0xe68e40	0x0
4	0x238c9b0	0x238d860	0x1900	0x19	0x0	0x1797c70	0x0
4	0x238c9b0	0x238d878	0x1901	0x19	0x1	0x1796db0	0x0
4	0x238c9b0	0x238d890	0x1902	0x19	0x2	0x1797510	0x0
4	0x238c9b0	0x238d8a8	0x1903	0x19	0x3	0x1796670	0x0
4	0x238c9b0	0x238d8c0	0x1904	0x19	0x4	0xe661e0	0x0
4	0x238c9b0	0x238d8d8	0x1905	0x19	0x5	0xe66860	0x0
4	0x238c9b0	0x238d8f0	0x1906	0x19	0x6	0xe67ca0	0x0
4	0x238c9b0	0x238d908	0x1907	0x19	0x7	0xe66ee0	0x0
4	0x238c9b0	0x238d920	0x1908	0x19	0x8	0xe675c0	0x0
4	0x238c9b0	0x238d940	0x0300	0x3	0x0	0xe65180	0x0
4	0x238c9b0	0x238d958	0x0301	0x3	0x1	0xe64c00	0x0
4	0x238c9b0	0x238d970	0x0302	0x3	0x2	0xe65700	0x0
4	0x238c9b0	0x238d988	0x0303	0x3	0x3	0xe65c70	0x0
4	0x238c9b0	0x238d9a0	0x0500	0x5	0x0	0xe64780	0x0
4	0x238c9b0	0x238d9c0	0x0000	0x0	0x0	0xe641f0	0x0
4	0x238c9b0	0x238d9e0	0x0000	0x0	0x0	0xe63c60	0x0
4	0x238c9b0	0x238da00	0x0000	0x0	0x0	0xe61b40	0x0
4	0x238c9b0	0x238da18	0x1601	0x16	0x1	0xe62b40	0x0
4	0x238c9b0	0x238da30	0x1202	0x12	0x2	0xe625d0	0x0
4	0x238c9b0	0x238da48	0x1203	0x12	0x3	0xe62070	0x0
4	0x238c9b0	0x238da60	0x1604	0x16	0x4	0xe63690	0x0
4	0x238c9b0	0x238da78	0x1205	0x12	0x5	0xe63100	0x0
4	0x238c9b0	0x238daa0	0x0300	0x3	0x0	0x1794670	0x0
4	0x238c9b0	0x238dab8	0x0201	0x2	0x1	0x1794150	0x0
4	0x238c9b0	0x238dad0	0x0202	0x2	0x2	0x1794be0	0x0
4	0x238c9b0	0x238db00	0x1300	0x13	0x0	0x1793460	0x0
4	0x238c9b0	0x238db18	0x1301	0x13	0x1	0x1793a80	0x0
4	0x238c9b0	0x238db40	0x0300	0x3	0x0	0x17960f0	0x0
4	0x238c9b0	0x238db58	0x0301	0x3	0x1	0x1795b70	0x0
4	0x238c9b0	0x238db70	0x0302	0x3	0x2	0x17955d0	0x0
4	0x238c9b0	0x238db90	0x0b00	0xb	0x0	0x1795100	0x0
4	0x238c9b0	0x238dbb0	0x0b00	0xb	0x0	0xe5e2f0	0x0
4	0x238c9b0	0x238dbe0	0x1300	0x13	0x0	0xe6dcd0	0x0
4	0x238c9b0	0x238dbf8	0x1302	0x13	0x2	0x1798f10	0x0
4	0x238c9b0	0x238dc20	0x1900	0x19	0x0	0xe71a50	0x0
4	0x238c9b0	0x238dc38	0x0501	0x5	0x1	0xe71420	0x0
4	0x238c9b0	0x238dc50	0x0502	0x5	0x2	0xe72070	0x0
4	0x238c9b0	0x238dc68	0x0d06	0xd	0x6	0xe72cf0	0x0
4	0x238c9b0	0x238dc80	0x0507	0x5	0x7	0xe726a0	0x0
4	0x238c9b0	0x238dc98	0x0508	0x5	0x8	0xe73380	0x0
4	0x238c9b0	0x238dcc0	0x1900	0x19	0x0	0xe49950	0x0
4	0x238c9b0	0x238dcd8	0x1901	0x19	0x1	0xe4ad00	0x0
4	0x238c9b0	0x238dcf0	0x1302	0x13	0x2	0xe4a670	0x0
4	0x238c9b0	0x238dd08	0x1303	0x13	0x3	0xe4b390	0x0
4	0x238c9b0	0x238dd20	0x1304	0x13	0x4	0xe49fe0	0x0
4	0x238c9b0	0x238dd38	0x0d0a	0xd	0xa	0xe501d0	0x0
4	0x238c9b0	0x238dd50	0x0d0b	0xd	0xb	0xe51650	0x0
4	0x238c9b0	0x238dd68	0x130c	0x13	0xc	0xe50fa0	0x0
4	0x238c9b0	0x238dd80	0x130d	0x13	0xd	0xe51d70	0x0
4	0x238c9b0	0x238dd98	0x130e	0x13	0xe	0xe508f0	0x0
4	0x238c9b0	0x238ddb0	0x0d0f	0xd	0xf	0xe52420	0x0
4	0x238c9b0	0x238ddc8	0x0d10	0xd	0x10	0xe53970	0x0
4	0x238c9b0	0x238dde0	0x1311	0x13	0x11	0xe53280	0x0
4	0x238c9b0	0x238ddf8	0x1312	0x13	0x12	0xe540d0	0x0
4	0x238c9b0	0x238de10	0x1313	0x13	0x13	0xe52b90	0x0
4	0x238c9b0	0x238de28	0x2314	0x23	0x14	0xe4c150	0x0
4	0x238c9b0	0x238de40	0x2315	0x23	0x15	0xe4f330	0x0
4	0x238c9b0	0x238de58	0x1316	0x13	0x16	0xe4ec00	0x0
4	0x238c9b0	0x238de70	0x1317	0x13	0x17	0xe4faa0	0x0
4	0x238c9b0	0x238de88	0x1318	0x13	0x18	0xe4e4d0	0x0
4	0x238c9b0	0x238dea0	0x2319	0x23	0x19	0xe4ba20	0x0
4	0x238c9b0	0x238deb8	0x231a	0x23	0x1a	0xe4d6b0	0x0
4	0x238c9b0	0x238ded0	0x131b	0x13	0x1b	0xe4cfc0	0x0
4	0x238c9b0	0x238dee8	0x131c	0x13	0x1c	0xe4dde0	0x0
4	0x238c9b0	0x238df00	0x131d	0x13	0x1d	0xe4c8d0	0x0
4	0x238c9b0	0x238df20	0x1900	0x19	0x0	0x17a9060	0x0
4	0x238c9b0	0x238df40	0x1900	0x19	0x0	0x17a89e0	0x0
4	0x238c9b0	0x238df60	0x0a00	0xa	0x0	0xe5d550	0x0
4	0x238c9b0	0x238df78	0x0a01	0xa	0x1	0xe5dc20	0x0
4	0x238c9b0	0x238df90	0x0a02	0xa	0x2	0xe5c930	0x0
4	0x238c9b0	0x238dfa8	0x0a03	0xa	0x3	0xe5cf40	0x0
4	0x238c9b0	0x238dfc0	0x0200	0x2	0x0	0xe59c00	0x0
4	0x238c9b0	0x238dfe0	0x0500	0x5	0x0	0xe58a40	0x0
4	0x238c9b0	0x238e000	0x1300	0x13	0x0	0x1790f00	0x0
4	0x238c9b0	0x238e018	0x1301	0x13	0x1	0x1791ba0	0x0
4	0x238c9b0	0x238e030	0x1302	0x13	0x2	0x17921e0	0x0
4	0x238c9b0	0x238e048	0x0a03	0xa	0x3	0x1791550	0x0
4	0x238c9b0	0x238e060	0x0200	0x2	0x0	0x17855f0	0x0
4	0x238c9b0	0x238e080	0x0100	0x1	0x0	0xea7880	0x0
4	0x238c9b0	0x238e098	0x1501	0x15	0x1	0xea7db0	0x0
4	0x238c9b0	0x238e0c0	0x0500	0x5	0x0	0x178db90	0x0
4	0x238c9b0	0x238e0d8	0x0501	0x5	0x1	0x178e060	0x0
4	0x238c9b0	0x238e0f0	0x0502	0x5	0x2	0x178e530	0x0
4	0x238c9b0	0x238e110	0x0500	0x5	0x0	0xe48ad0	0x0
4	0x238c9b0	0x238e130	0x0200	0x2	0x0	0xe48690	0x0
4	0x238c9b0	0x238e150	0x0500	0x5	0x0	0xe48210	0x0
4	0x238c9b0	0x238e180	0x0500	0x5	0x0	0xe47830	0x0
4	0x238c9b0	0x238e198	0x0501	0x5	0x1	0xe47d20	0x0
4	0x238c9b0	0x238e1b0	0x0200	0x2	0x0	0xe23480	0x0
4	0x238c9b0	0x238e1d0	0x0a00	0xa	0x0	0xe47180	0x0
4	0x238c9b0	0x238e1f0	0x0300	0x3	0x0	0xe45d60	0x0
4	0x238c9b0	0x238e210	0x0500	0x5	0x0	0xe458c0	0x0
4	0x238c9b0	0x238e240	0x0200	0x2	0x0	0xe44a20	0x0
4	0x238c9b0	0x238e258	0x0201	0x2	0x1	0xe453e0	0x0
4	0x238c9b0	0x238e270	0x0202	0x2	0x2	0xe44f00	0x0
4	0x238c9b0	0x238e2a0	0x0500	0x5	0x0	0xe44170	0x0
4	0x238c9b0	0x238e2b8	0x0501	0x5	0x1	0xe43350	0x0
4	0x238c9b0	0x238e2d0	0x0502	0x5	0x2	0xe43ce0	0x0
4	0x238c9b0	0x238e300	0x0500	0x5	0x0	0xe42ee0	0x0
4	0x238c9b0	0x238e318	0x0501	0x5	0x1	0xe42a40	0x0
4	0x238c9b0	0x238e330	0x0502	0x5	0x2	0xe420a0	0x0
4	0x238c9b0	0x238e348	0x0603	0x6	0x3	0xe41ba0	0x0
4	0x238c9b0	0x238e360	0x0604	0x6	0x4	0xe42540	0x0
4	0x238c9b0	0x238e380	0x0500	0x5	0x0	0xe3f8e0	0x0
4	0x238c9b0	0x238e398	0x0601	0x6	0x1	0xe406c0	0x0
4	0x238c9b0	0x238e3b0	0x0602	0x6	0x2	0x1787ef0	0x0
4	0x238c9b0	0x238e3c8	0x0303	0x3	0x3	0x17893d0	0x0
4	0x238c9b0	0x238e3e0	0x0304	0x3	0x4	0x1786930	0x0
4	0x238c9b0	0x238e3f8	0x0505	0x5	0x5	0xe41180	0x0
4	0x238c9b0	0x238e410	0x0506	0x5	0x6	0x17889b0	0x0
4	0x238c9b0	0x238e428	0x0507	0x5	0x7	0x1789f50	0x0
4	0x238c9b0	0x238e440	0x0508	0x5	0x8	0x1787470	0x0
4	0x238c9b0	0x238e458	0x0609	0x6	0x9	0xe40c20	0x0
4	0x238c9b0	0x238e470	0x060a	0x6	0xa	0x1788450	0x0
4	0x238c9b0	0x238e488	0x030b	0x3	0xb	0x1789990	0x0
4	0x238c9b0	0x238e4a0	0x030c	0x3	0xc	0x1786ed0	0x0
4	0x238c9b0	0x238e4b8	0x050d	0x5	0xd	0xe41690	0x0
4	0x238c9b0	0x238e4d0	0x050e	0x5	0xe	0x1788ec0	0x0
4	0x238c9b0	0x238e4e8	0x050f	0x5	0xf	0x178a4a0	0x0
4	0x238c9b0	0x238e500	0x0510	0x5	0x10	0x17879b0	0x0
4	0x238c9b0	0x238e518	0x0511	0x5	0x11	0x1786490	0x0
4	0x238c9b0	0x238e530	0x0512	0x5	0x12	0x178b570	0x0
4	0x238c9b0	0x238e548	0x0313	0x3	0x13	0x178a9f0	0x0
4	0x238c9b0	0x238e560	0x0514	0x5	0x14	0x178d190	0x0
4	0x238c9b0	0x238e578	0x0315	0x3	0x15	0x178c040	0x0
4	0x238c9b0	0x238e590	0x0516	0x5	0x16	0x1785ff0	0x0
4	0x238c9b0	0x238e5a8	0x0319	0x3	0x19	0x178afc0	0x0
4	0x238c9b0	0x238e5c0	0x031a	0x3	0x1a	0x178ba70	0x0
4	0x238c9b0	0x238e5d8	0x031b	0x3	0x1b	0x178cbe0	0x0
4	0x238c9b0	0x238e5f0	0x031c	0x3	0x1c	0x178c610	0x0
4	0x238c9b0	0x238e620	0x0700	0x7	0x0	0xe3ce00	0x0
4	0x238c9b0	0x238e638	0x0701	0x7	0x1	0xe3d360	0x0
4	0x238c9b0	0x238e650	0x0702	0x7	0x2	0xe3d8e0	0x0
4	0x238c9b0	0x238e668	0x0703	0x7	0x3	0xe3de60	0x0
4	0x238c9b0	0x238e680	0x0704	0x7	0x4	0xe3e3c0	0x0
4	0x238c9b0	0x238e698	0x0705	0x7	0x5	0xe3e940	0x0
4	0x238c9b0	0x238e6b0	0x0506	0x5	0x6	0xe3eec0	0x0
4	0x238c9b0	0x238e6c8	0x0507	0x5	0x7	0xe3f3d0	0x0
4	0x238c9b0	0x238e6e0	0x0200	0x2	0x0	0xe8a6a0	0x0
4	0x238c9b0	0x238e6f8	0x0a01	0xa	0x1	0xe8abe0	0x0
4	0x238c9b0	0x238e720	0x0700	0x7	0x0	0xe3b770	0x0
4	0x238c9b0	0x238e738	0x0701	0x7	0x1	0x1785a30	0x0
4	0x238c9b0	0x238e750	0x0702	0x7	0x2	0xe3bcd0	0x0
4	0x238c9b0	0x238e768	0x0703	0x7	0x3	0xe3c820	0x0
4	0x238c9b0	0x238e780	0x0500	0x5	0x0	0xe3ae30	0x0
4	0x238c9b0	0x238e798	0x0501	0x5	0x1	0xe3b2d0	0x0
4	0x238c9b0	0x238e7c0	0x0500	0x5	0x0	0xe37df0	0x0
4	0x238c9b0	0x238e7d8	0x0501	0x5	0x1	0xe38750	0x0
4	0x238c9b0	0x238e7f0	0x0502	0x5	0x2	0xe382c0	0x0
4	0x238c9b0	0x238e808	0x0703	0x7	0x3	0xe39fd0	0x0
4	0x238c9b0	0x238e820	0x0504	0x5	0x4	0xe3a4d0	0x0
4	0x238c9b0	0x238e838	0x0505	0x5	0x5	0xe3a980	0x0
4	0x238c9b0	0x238e850	0x0606	0x6	0x6	0xe39100	0x0
4	0x238c9b0	0x238e868	0x0507	0x5	0x7	0xe38c20	0x0
4	0x238c9b0	0x238e880	0x0508	0x5	0x8	0xe39620	0x0
4	0x238c9b0	0x238e898	0x0509	0x5	0x9	0xe39b00	0x0
4	0x238c9b0	0x238e8c0	0x0b00	0xb	0x0	0xe31410	0x0
4	0x238c9b0	0x238e8d8	0x0501	0x5	0x1	0xe30540	0x0
4	0x238c9b0	0x238e8f0	0x0b02	0xb	0x2	0xe2f650	0x0
4	0x238c9b0	0x238e908	0x0503	0x5	0x3	0xe2e7c0	0x0
4	0x238c9b0	0x238e920	0x0004	0x0	0x4	0xe35ba0	0x0
4	0x238c9b0	0x238e938	0x0505	0x5	0x5	0xe350f0	0x0
4	0x238c9b0	0x238e950	0x0006	0x0	0x6	0xe345f0	0x0
4	0x238c9b0	0x238e968	0x0507	0x5	0x7	0xe33b80	0x0
4	0x238c9b0	0x238e980	0x0008	0x0	0x8	0xe36110	0x0
4	0x238c9b0	0x238e998	0x0509	0x5	0x9	0xe35630	0x0
4	0x238c9b0	0x238e9b0	0x000a	0x0	0xa	0xe34b50	0x0
4	0x238c9b0	0x238e9c8	0x050b	0x5	0xb	0xe340a0	0x0
4	0x238c9b0	0x238e9e0	0x000c	0x0	0xc	0xe31910	0x0
4	0x238c9b0	0x238e9f8	0x050d	0x5	0xd	0xe30a00	0x0
4	0x238c9b0	0x238ea10	0x000e	0x0	0xe	0xe2fb50	0x0
4	0x238c9b0	0x238ea28	0x050f	0x5	0xf	0xe2ec60	0x0
4	0x238c9b0	0x238ea40	0x0510	0x5	0x10	0xe336e0	0x0
4	0x238c9b0	0x238ea58	0x0511	0x5	0x11	0xe31e50	0x0
4	0x238c9b0	0x238ea70	0x0b12	0xb	0x12	0xe30f10	0x0
4	0x238c9b0	0x238ea88	0x0513	0x5	0x13	0xe30080	0x0
4	0x238c9b0	0x238eaa0	0x0b14	0xb	0x14	0xe2f150	0x0
4	0x238c9b0	0x238eab8	0x0515	0x5	0x15	0xe2e320	0x0
4	0x238c9b0	0x238ead0	0x0b16	0xb	0x16	0xe331b0	0x0
4	0x238c9b0	0x238eae8	0x0517	0x5	0x17	0xe32cc0	0x0
4	0x238c9b0	0x238eb00	0x0b18	0xb	0x18	0xe32790	0x0
4	0x238c9b0	0x238eb18	0x0519	0x5	0x19	0xe322c0	0x0
4	0x238c9b0	0x238eb40	0x0500	0x5	0x0	0xe2d520	0x0
4	0x238c9b0	0x238eb58	0x0501	0x5	0x1	0xe2de70	0x0
4	0x238c9b0	0x238eb70	0x0502	0x5	0x2	0xe2d9e0	0x0
4	0x238c9b0	0x238eba0	0x1900	0x19	0x0	0xe2ce80	0x0
4	0x238c9b0	0x238ebb8	0x1901	0x19	0x1	0xe2c7e0	0x0
4	0x238c9b0	0x238ebd0	0x1902	0x19	0x2	0xe2acc0	0x0
4	0x238c9b0	0x238ebe8	0x1903	0x19	0x3	0xe2a630	0x0
4	0x238c9b0	0x238ec00	0x1904	0x19	0x4	0xe2b350	0x0
4	0x238c9b0	0x238ec18	0x1905	0x19	0x5	0xe2ba20	0x0
4	0x238c9b0	0x238ec30	0x1906	0x19	0x6	0xe2c0f0	0x0
4	0x238c9b0	0x238ec48	0x1907	0x19	0x7	0xe28b10	0x0
4	0x238c9b0	0x238ec60	0x1908	0x19	0x8	0xe28480	0x0
4	0x238c9b0	0x238ec78	0x1909	0x19	0x9	0xe291a0	0x0
4	0x238c9b0	0x238ec90	0x190a	0x19	0xa	0xe29870	0x0
4	0x238c9b0	0x238eca8	0x190b	0x19	0xb	0xe29f40	0x0
4	0x238c9b0	0x238ecc0	0x0500	0x5	0x0	0xe27f80	0x0
4	0x238c9b0	0x238ecd8	0x1201	0x12	0x1	0xe269b0	0x0
4	0x238c9b0	0x238ecf0	0x1202	0x12	0x2	0xe27a00	0x0
4	0x238c9b0	0x238ed08	0x1203	0x12	0x3	0xe26460	0x0
4	0x238c9b0	0x238ed20	0x1204	0x12	0x4	0xe27480	0x0
4	0x238c9b0	0x238ed38	0x1205	0x12	0x5	0xe26f00	0x0
4	0x238c9b0	0x238ed60	0x0500	0x5	0x0	0xe25f30	0x0
4	0x238c9b0	0x238ed78	0x1201	0x12	0x1	0xe248a0	0x0
4	0x238c9b0	0x238ed90	0x1202	0x12	0x2	0xe25980	0x0
4	0x238c9b0	0x238eda8	0x1203	0x12	0x3	0xe24320	0x0
4	0x238c9b0	0x238edc0	0x1204	0x12	0x4	0xe253d0	0x0
4	0x238c9b0	0x238edd8	0x1205	0x12	0x5	0xe24e20	0x0
4	0x238c9b0	0x238ee00	0x0000	0x0	0x0	0xe23df0	0x0
4	0x238c9b0	0x238ee18	0x0001	0x0	0x1	0xe238c0	0x0
4	0x238c9b0	0x238ee40	0x0200	0x2	0x0	0x176ceb0	0x0
4	0x238c9b0	0x238ee58	0x0301	0x3	0x1	0x176d420	0x0
4	0x238c9b0	0x238ee70	0x0202	0x2	0x2	0x176dfd0	0x0
4	0x238c9b0	0x238ee88	0x0303	0x3	0x3	0x176d9f0	0x0
4	0x238c9b0	0x238eea0	0x0204	0x2	0x4	0x176e540	0x0
4	0x238c9b0	0x238eec0	0x0200	0x2	0x0	0x1769230	0x0
4	0x238c9b0	0x238eed8	0x0201	0x2	0x1	0x176a1c0	0x0
4	0x238c9b0	0x238eef0	0x0302	0x3	0x2	0x1769740	0x0
4	0x238c9b0	0x238ef08	0x0203	0x2	0x3	0x1769cb0	0x0
4	0x238c9b0	0x238ef20	0x0204	0x2	0x4	0x1767820	0x0
4	0x238c9b0	0x238ef38	0x0305	0x3	0x5	0x17687b0	0x0
4	0x238c9b0	0x238ef50	0x0206	0x2	0x6	0x1768d20	0x0
4	0x238c9b0	0x238ef68	0x0307	0x3	0x7	0x1767d30	0x0
4	0x238c9b0	0x238ef80	0x0208	0x2	0x8	0x17682a0	0x0
4	0x238c9b0	0x238efa0	0x0a00	0xa	0x0	0x17354b0	0x0
4	0x238c9b0	0x238efb8	0x0a01	0xa	0x1	0x1736520	0x0
4	0x238c9b0	0x238efd0	0x0302	0x3	0x2	0x1735f90	0x0
4	0x238c9b0	0x238efe8	0x0303	0x3	0x3	0x1737100	0x0
4	0x238c9b0	0x238f000	0x0a04	0xa	0x4	0x1735a20	0x0
4	0x238c9b0	0x238f018	0x0a05	0xa	0x5	0x1736b10	0x0
4	0x238c9b0	0x238f040	0x0300	0x3	0x0	0x17557b0	0x0
4	0x238c9b0	0x238f058	0x0a01	0xa	0x1	0x1755dd0	0x0
4	0x238c9b0	0x238f070	0x0a02	0xa	0x2	0x17551d0	0x0
4	0x238c9b0	0x238f088	0x0303	0x3	0x3	0x1752e50	0x0
4	0x238c9b0	0x238f0a0	0x0304	0x3	0x4	0x1753a10	0x0
4	0x238c9b0	0x238f0b8	0x0a05	0xa	0x5	0x17528a0	0x0
4	0x238c9b0	0x238f0d0	0x0a06	0xa	0x6	0x1754010	0x0
4	0x238c9b0	0x238f0e8	0x0a07	0xa	0x7	0x1753460	0x0
4	0x238c9b0	0x238f100	0x0308	0x3	0x8	0x1756990	0x0
4	0x238c9b0	0x238f118	0x0a09	0xa	0x9	0x17563b0	0x0
4	0x238c9b0	0x238f130	0x030a	0x3	0xa	0x17575a0	0x0
4	0x238c9b0	0x238f148	0x0a0b	0xa	0xb	0x1757bd0	0x0
4	0x238c9b0	0x238f160	0x0a0c	0xa	0xc	0x1756fc0	0x0
4	0x238c9b0	0x238f178	0x030d	0x3	0xd	0x1754ba0	0x0
4	0x238c9b0	0x238f190	0x0a0e	0xa	0xe	0x17545c0	0x0
4	0x238c9b0	0x238f1c0	0x0300	0x3	0x0	0xd86b60	0x0
4	0x238c9b0	0x238f1d8	0x0a01	0xa	0x1	0xd864d0	0x0
4	0x238c9b0	0x238f1f0	0x0a02	0xa	0x2	0xd871c0	0x0
4	0x238c9b0	0x238f208	0x0d03	0xd	0x3	0xd87f20	0x0
4	0x238c9b0	0x238f220	0x1304	0x13	0x4	0xd87850	0x0
4	0x238c9b0	0x238f238	0x1305	0x13	0x5	0xd88630	0x0
4	0x238c9b0	0x238f250	0x021c	0x2	0x1c	0xd88d00	0x0
4	0x238c9b0	0x238f268	0x031d	0x3	0x1d	0xd89210	0x0
4	0x238c9b0	0x238f280	0x021e	0x2	0x1e	0xd89780	0x0
4	0x238c9b0	0x238f2a0	0x0500	0x5	0x0	0xe09ff0	0x0
4	0x238c9b0	0x238f2c0	0x0500	0x5	0x0	0xdf11f0	0x0
4	0x238c9b0	0x238f2d8	0x1e01	0x1e	0x1	0xdf1660	0x0
4	0x238c9b0	0x238f300	0x0500	0x5	0x0	0xd0bfb0	0x0
4	0x238c9b0	0x238f318	0x0303	0x3	0x3	0xd0ca50	0x0
4	0x238c9b0	0x238f330	0x0304	0x3	0x4	0xd0c4a0	0x0
4	0x238c9b0	0x238f360	0x0a00	0xa	0x0	0x1776320	0x0
4	0x238c9b0	0x238f378	0x1301	0x13	0x1	0x17768d0	0x0
4	0x238c9b0	0x238f390	0x0502	0x5	0x2	0x1776ea0	0x0
4	0x238c9b0	0x238f3a8	0x0503	0x5	0x3	0x1777430	0x0
4	0x238c9b0	0x238f3c0	0x0504	0x5	0x4	0x1774360	0x0
4	0x238c9b0	0x238f3d8	0x2205	0x22	0x5	0x1775300	0x0
4	0x238c9b0	0x238f3f0	0x0506	0x5	0x6	0x17748c0	0x0
4	0x238c9b0	0x238f408	0x0507	0x5	0x7	0x1775880	0x0
4	0x238c9b0	0x238f420	0x0508	0x5	0x8	0x1774de0	0x0
4	0x238c9b0	0x238f438	0x0509	0x5	0x9	0x1775dd0	0x0
4	0x238c9b0	0x238f450	0x0a0a	0xa	0xa	0x1782cd0	0x0
4	0x238c9b0	0x238f468	0x0a0b	0xa	0xb	0x1782630	0x0
4	0x238c9b0	0x238f480	0x0a0c	0xa	0xc	0x1783a10	0x0
4	0x238c9b0	0x238f498	0x0a0d	0xa	0xd	0x1783370	0x0
4	0x238c9b0	0x238f4b0	0x0a0e	0xa	0xe	0x177dc00	0x0
4	0x238c9b0	0x238f4c8	0x0a0f	0xa	0xf	0x177d560	0x0
4	0x238c9b0	0x238f4e0	0x0a10	0xa	0x10	0x177e940	0x0
4	0x238c9b0	0x238f4f8	0x0a11	0xa	0x11	0x177e2a0	0x0
4	0x238c9b0	0x238f510	0x1312	0x13	0x12	0x177f690	0x0
4	0x238c9b0	0x238f528	0x1313	0x13	0x13	0x177efe0	0x0
4	0x238c9b0	0x238f540	0x1314	0x13	0x14	0x17803f0	0x0
4	0x238c9b0	0x238f558	0x1315	0x13	0x15	0x177fd40	0x0
4	0x238c9b0	0x238f570	0x2216	0x22	0x16	0x1778580	0x0
4	0x238c9b0	0x238f588	0x2217	0x22	0x17	0x17779f0	0x0
4	0x238c9b0	0x238f5a0	0x0518	0x5	0x18	0x1778b60	0x0
4	0x238c9b0	0x238f5b8	0x0519	0x5	0x19	0x1777fa0	0x0
4	0x238c9b0	0x238f5d0	0x191a	0x19	0x1a	0x1779160	0x0
4	0x238c9b0	0x238f5e8	0x191b	0x19	0x1b	0x1779750	0x0
4	0x238c9b0	0x238f600	0x131c	0x13	0x1c	0x177ab60	0x0
4	0x238c9b0	0x238f618	0x131d	0x13	0x1d	0x177a3f0	0x0
4	0x238c9b0	0x238f630	0x0a1e	0xa	0x1e	0x177b2f0	0x0
4	0x238c9b0	0x238f648	0x0a1f	0xa	0x1f	0x1779d40	0x0
4	0x238c9b0	0x238f660	0x1320	0x13	0x20	0x17811d0	0x0
4	0x238c9b0	0x238f678	0x1321	0x13	0x21	0x1780aa0	0x0
4	0x238c9b0	0x238f690	0x0a22	0xa	0x22	0x1781f90	0x0
4	0x238c9b0	0x238f6a8	0x0a23	0xa	0x23	0x1781920	0x0
4	0x238c9b0	0x238f6c0	0x1325	0x13	0x25	0x177c100	0x0
4	0x238c9b0	0x238f6d8	0x1326	0x13	0x26	0x177b9d0	0x0
4	0x238c9b0	0x238f6f0	0x0a27	0xa	0x27	0x177cec0	0x0
4	0x238c9b0	0x238f708	0x0a28	0xa	0x28	0x177c850	0x0
4	0x238c9b0	0x238f720	0x0329	0x3	0x29	0x1772b70	0x0
4	0x238c9b0	0x238f738	0x212a	0x21	0x2a	0x1773120	0x0
4	0x238c9b0	0x238f750	0x212b	0x21	0x2b	0x16dfde0	0x0
4	0x238c9b0	0x238f768	0x192c	0x19	0x2c	0x16df770	0x0
4	0x238c9b0	0x238f780	0x062d	0x6	0x2d	0x17840b0	0x0
4	0x238c9b0	0x238f798	0x062e	0x6	0x2e	0x1784640	0x0
4	0x238c9b0	0x238f7b0	0x032f	0x3	0x2f	0x1773770	0x0
4	0x238c9b0	0x238f7c8	0x2130	0x21	0x30	0x1773d20	0x0
4	0x238c9b0	0x238f7e0	0x0531	0x5	0x31	0x1771e20	0x0
4	0x238c9b0	0x238f7f8	0x0532	0x5	0x32	0x1772290	0x0
4	0x238c9b0	0x238f810	0x0533	0x5	0x33	0x1772700	0x0
4	0x238c9b0	0x238f840	0x0500	0x5	0x0	0xd22060	0x0
4	0x238c9b0	0x238f858	0x0501	0x5	0x1	0xd21bf0	0x0
4	0x238c9b0	0x238f880	0x0a00	0xa	0x0	0xe0a930	0x0
4	0x238c9b0	0x238f898	0x0301	0x3	0x1	0xe0b3e0	0x0
4	0x238c9b0	0x238f8b0	0x0a02	0xa	0x2	0xe0bea0	0x0
4	0x238c9b0	0x238f8c8	0x0303	0x3	0x3	0xe0ae60	0x0
4	0x238c9b0	0x238f8e0	0x0a04	0xa	0x4	0xe0b970	0x0
4	0x238c9b0	0x238f900	0x0300	0x3	0x0	0x1771230	0x0
4	0x238c9b0	0x238f918	0x0301	0x3	0x1	0x1771810	0x0
4	0x238c9b0	0x238f930	0x0302	0x3	0x2	0xe01f30	0x0
4	0x238c9b0	0x238f948	0x0303	0x3	0x3	0xe02510	0x0
4	0x238c9b0	0x238f960	0x0500	0x5	0x0	0xdcb560	0x0
4	0x238c9b0	0x238f978	0x0201	0x2	0x1	0xdcba70	0x0
4	0x238c9b0	0x238f990	0x0502	0x5	0x2	0xdca620	0x0
4	0x238c9b0	0x238f9a8	0x0203	0x2	0x3	0xdcb030	0x0
4	0x238c9b0	0x238f9c0	0x0504	0x5	0x4	0xdcab10	0x0
4	0x238c9b0	0x238f9e0	0x1900	0x19	0x0	0xd9ba90	0x0
4	0x238c9b0	0x238f9f8	0x1901	0x19	0x1	0xd9b440	0x0
4	0x238c9b0	0x238fa10	0x1902	0x19	0x2	0xd9adf0	0x0
4	0x238c9b0	0x238fa28	0x1903	0x19	0x3	0xd9a7a0	0x0
4	0x238c9b0	0x238fa40	0x1904	0x19	0x4	0x17671d0	0x0
4	0x238c9b0	0x238fa58	0x1905	0x19	0x5	0x1766b80	0x0
4	0x238c9b0	0x238fa70	0x1906	0x19	0x6	0xd9a150	0x0
4	0x238c9b0	0x238fa88	0x1907	0x19	0x7	0xd99b00	0x0
4	0x238c9b0	0x238faa0	0x1908	0x19	0x8	0xd994b0	0x0
4	0x238c9b0	0x238fab8	0x1909	0x19	0x9	0xd98e60	0x0
4	0x238c9b0	0x238fad0	0x190a	0x19	0xa	0x1766530	0x0
4	0x238c9b0	0x238fae8	0x190b	0x19	0xb	0x1765ee0	0x0
4	0x238c9b0	0x238fb00	0x190c	0x19	0xc	0xd9e610	0x0
4	0x238c9b0	0x238fb18	0x190d	0x19	0xd	0xd9f270	0x0
4	0x238c9b0	0x238fb30	0x190e	0x19	0xe	0xd9ec30	0x0
4	0x238c9b0	0x238fb48	0x190f	0x19	0xf	0xd9c0d0	0x0
4	0x238c9b0	0x238fb60	0x1910	0x19	0x10	0xd9cd30	0x0
4	0x238c9b0	0x238fb78	0x1911	0x19	0x11	0xd9c6f0	0x0
4	0x238c9b0	0x238fb90	0x1912	0x19	0x12	0xd9f8b0	0x0
4	0x238c9b0	0x238fba8	0x1913	0x19	0x13	0xda0510	0x0
4	0x238c9b0	0x238fbc0	0x1914	0x19	0x14	0xd9fed0	0x0
4	0x238c9b0	0x238fbd8	0x1915	0x19	0x15	0xd9d370	0x0
4	0x238c9b0	0x238fbf0	0x1916	0x19	0x16	0xd9dfd0	0x0
4	0x238c9b0	0x238fc08	0x1917	0x19	0x17	0xd9d990	0x0
4	0x238c9b0	0x238fc20	0x1918	0x19	0x18	0xda1d90	0x0
4	0x238c9b0	0x238fc38	0x1919	0x19	0x19	0xda29b0	0x0
4	0x238c9b0	0x238fc50	0x191a	0x19	0x1a	0xda2390	0x0
4	0x238c9b0	0x238fc68	0x191b	0x19	0x1b	0xda0b50	0x0
4	0x238c9b0	0x238fc80	0x191c	0x19	0x1c	0xda1770	0x0
4	0x238c9b0	0x238fc98	0x191d	0x19	0x1d	0xda1150	0x0
4	0x238c9b0	0x238fcc0	0x0500	0x5	0x0	0xc6a200	0x0
4	0x238c9b0	0x238fcd8	0x0501	0x5	0x1	0xc6a6c0	0x0
4	0x238c9b0	0x238fcf0	0x0500	0x5	0x0	0xd90f90	0x0
4	0x238c9b0	0x238fd20	0x0300	0x3	0x0	0xd32c30	0x0
4	0x238c9b0	0x238fd38	0x0301	0x3	0x1	0xd33200	0x0
4	0x238c9b0	0x238fd60	0x1300	0x13	0x0	0xd8a470	0x0
4	0x238c9b0	0x238fd78	0x1302	0x13	0x2	0xd89c90	0x0
4	0x238c9b0	0x238fd90	0x1304	0x13	0x4	0xd8b2e0	0x0
4	0x238c9b0	0x238fda8	0x1306	0x13	0x6	0xd8ab60	0x0
4	0x238c9b0	0x238fdc0	0x1308	0x13	0x8	0xd8b9a0	0x0
4	0x238c9b0	0x238fde0	0x0500	0x5	0x0	0xcc1280	0x0
4	0x238c9b0	0x238fdf8	0x0501	0x5	0x1	0xcc0de0	0x0
4	0x238c9b0	0x238fe20	0x0500	0x5	0x0	0x1739ef0	0x0
4	0x238c9b0	0x238fe38	0x0501	0x5	0x1	0x1739a50	0x0
4	0x238c9b0	0x238fe50	0x0502	0x5	0x2	0x173a390	0x0
4	0x238c9b0	0x238fe68	0x0503	0x5	0x3	0x173ad30	0x0
4	0x238c9b0	0x238fe80	0x2204	0x22	0x4	0x173b200	0x0
4	0x238c9b0	0x238fe98	0x2205	0x22	0x5	0x173b780	0x0
4	0x238c9b0	0x238feb0	0x0506	0x5	0x6	0x173a860	0x0
4	0x238c9b0	0x238fee0	0x0b00	0xb	0x0	0xe059e0	0x0
4	0x238c9b0	0x238fef8	0x0501	0x5	0x1	0xe05f00	0x0
4	0x238c9b0	0x238ff10	0x0502	0x5	0x2	0xe06470	0x0
4	0x238c9b0	0x238ff28	0x0603	0x6	0x3	0xe04a40	0x0
4	0x238c9b0	0x238ff40	0x0504	0x5	0x4	0xe04f60	0x0
4	0x238c9b0	0x238ff58	0x0505	0x5	0x5	0xe054a0	0x0
4	0x238c9b0	0x238ff80	0x0b00	0xb	0x0	0xdf2b00	0x0
4	0x238c9b0	0x238ff98	0x0501	0x5	0x1	0xdf3020	0x0
4	0x238c9b0	0x238ffb0	0x0502	0x5	0x2	0xdf3590	0x0
4	0x238c9b0	0x238ffc8	0x0603	0x6	0x3	0xdf1b60	0x0
4	0x238c9b0	0x238ffe0	0x0504	0x5	0x4	0xdf2080	0x0
4	0x238c9b0	0x238fff8	0x0505	0x5	0x5	0xdf25c0	0x0
4	0x238c9b0	0x2390020	0x0b00	0xb	0x0	0xcc2be0	0x0
4	0x238c9b0	0x2390038	0x0501	0x5	0x1	0xcc3130	0x0
4	0x238c9b0	0x2390050	0x0502	0x5	0x2	0xcc36d0	0x0
4	0x238c9b0	0x2390068	0x0603	0x6	0x3	0xcc1bb0	0x0
4	0x238c9b0	0x2390080	0x0504	0x5	0x4	0xcc2100	0x0
4	0x238c9b0	0x2390098	0x0505	0x5	0x5	0xcc2670	0x0
4	0x238c9b0	0x23900c0	0x0b00	0xb	0x0	0xded500	0x0
4	0x238c9b0	0x23900d8	0x0501	0x5	0x1	0xdeda50	0x0
4	0x238c9b0	0x23900f0	0x0502	0x5	0x2	0xdedff0	0x0
4	0x238c9b0	0x2390108	0x0603	0x6	0x3	0xdec4d0	0x0
4	0x238c9b0	0x2390120	0x0504	0x5	0x4	0xdeca20	0x0
4	0x238c9b0	0x2390138	0x0505	0x5	0x5	0xdecf90	0x0
4	0x238c9b0	0x2390160	0x0b00	0xb	0x0	0xd41b80	0x0
4	0x238c9b0	0x2390178	0x0501	0x5	0x1	0xd420a0	0x0
4	0x238c9b0	0x2390190	0x0502	0x5	0x2	0xd42610	0x0
4	0x238c9b0	0x23901a8	0x0603	0x6	0x3	0xd40be0	0x0
4	0x238c9b0	0x23901c0	0x0504	0x5	0x4	0xd41100	0x0
4	0x238c9b0	0x23901d8	0x0505	0x5	0x5	0xd41640	0x0
4	0x238c9b0	0x2390200	0x0b00	0xb	0x0	0xd0df80	0x0
4	0x238c9b0	0x2390218	0x0501	0x5	0x1	0xd0e4a0	0x0
4	0x238c9b0	0x2390230	0x0502	0x5	0x2	0xd0ea10	0x0
4	0x238c9b0	0x2390248	0x0603	0x6	0x3	0xd0cfe0	0x0
4	0x238c9b0	0x2390260	0x0504	0x5	0x4	0xd0d500	0x0
4	0x238c9b0	0x2390278	0x0505	0x5	0x5	0xd0da40	0x0
4	0x238c9b0	0x23902a0	0x0b00	0xb	0x0	0xdc7c70	0x0
4	0x238c9b0	0x23902b8	0x0501	0x5	0x1	0xdc8190	0x0
4	0x238c9b0	0x23902d0	0x0502	0x5	0x2	0xdc8700	0x0
4	0x238c9b0	0x23902e8	0x0603	0x6	0x3	0xdc5d20	0x0
4	0x238c9b0	0x2390300	0x0504	0x5	0x4	0xdc6770	0x0
4	0x238c9b0	0x2390318	0x0505	0x5	0x5	0xdc71f0	0x0
4	0x238c9b0	0x2390330	0x0706	0x7	0x6	0xdc6240	0x0
4	0x238c9b0	0x2390348	0x0507	0x5	0x7	0xdc6cb0	0x0
4	0x238c9b0	0x2390360	0x0508	0x5	0x8	0xdc7730	0x0
4	0x238c9b0	0x2390380	0x0b00	0xb	0x0	0xdb8490	0x0
4	0x238c9b0	0x2390398	0x0501	0x5	0x1	0xdb89b0	0x0
4	0x238c9b0	0x23903b0	0x0502	0x5	0x2	0xdb8f20	0x0
4	0x238c9b0	0x23903c8	0x0603	0x6	0x3	0xdb6540	0x0
4	0x238c9b0	0x23903e0	0x0504	0x5	0x4	0xdb6f90	0x0
4	0x238c9b0	0x23903f8	0x0505	0x5	0x5	0xdb7a10	0x0
4	0x238c9b0	0x2390410	0x0706	0x7	0x6	0xdb6a60	0x0
4	0x238c9b0	0x2390428	0x0507	0x5	0x7	0xdb74d0	0x0
4	0x238c9b0	0x2390440	0x0508	0x5	0x8	0xdb7f50	0x0
4	0x238c9b0	0x2390460	0x0300	0x3	0x0	0xc92210	0x0
4	0x238c9b0	0x2390478	0x0301	0x3	0x1	0xc8cdd0	0x0
4	0x238c9b0	0x2390490	0x0302	0x3	0x2	0xc8d3d0	0x0
4	0x238c9b0	0x23904a8	0x0303	0x3	0x3	0xc92800	0x0
4	0x238c9b0	0x23904c0	0x0304	0x3	0x4	0xc8da00	0x0
4	0x238c9b0	0x23904d8	0x1905	0x19	0x5	0xc8e030	0x0
4	0x238c9b0	0x23904f0	0x0306	0x3	0x6	0xc90a40	0x0
4	0x238c9b0	0x2390508	0x0307	0x3	0x7	0xc91610	0x0
4	0x238c9b0	0x2390520	0x0308	0x3	0x8	0xc91020	0x0
4	0x238c9b0	0x2390538	0x1909	0x19	0x9	0xc91c00	0x0
4	0x238c9b0	0x2390550	0x030a	0x3	0xa	0xc8a320	0x0
4	0x238c9b0	0x2390568	0x030b	0x3	0xb	0xc8bb80	0x0
4	0x238c9b0	0x2390580	0x030c	0x3	0xc	0xc8af40	0x0
4	0x238c9b0	0x2390598	0x190d	0x19	0xd	0xc8a900	0x0
4	0x238c9b0	0x23905b0	0x190e	0x19	0xe	0xc8c170	0x0
4	0x238c9b0	0x23905c8	0x190f	0x19	0xf	0xc8b530	0x0
4	0x238c9b0	0x23905e0	0x1910	0x19	0x10	0xc8c7c0	0x0
4	0x238c9b0	0x23905f8	0x1911	0x19	0x11	0xc9c380	0x0
4	0x238c9b0	0x2390610	0x1912	0x19	0x12	0xc985b0	0x0
4	0x238c9b0	0x2390628	0x1913	0x19	0x13	0xc98c00	0x0
4	0x238c9b0	0x2390640	0x1914	0x19	0x14	0xc9ab00	0x0
4	0x238c9b0	0x2390658	0x1915	0x19	0x15	0xc9b720	0x0
4	0x238c9b0	0x2390670	0x1916	0x19	0x16	0xc9b100	0x0
4	0x238c9b0	0x2390688	0x1917	0x19	0x17	0xc9bd40	0x0
4	0x238c9b0	0x23906a0	0x1918	0x19	0x18	0xc959f0	0x0
4	0x238c9b0	0x23906b8	0x1919	0x19	0x19	0xc972e0	0x0
4	0x238c9b0	0x23906d0	0x191a	0x19	0x1a	0xc96650	0x0
4	0x238c9b0	0x23906e8	0x191b	0x19	0x1b	0xc95ff0	0x0
4	0x238c9b0	0x2390700	0x191c	0x19	0x1c	0xc97900	0x0
4	0x238c9b0	0x2390718	0x191d	0x19	0x1d	0xc96c70	0x0
4	0x238c9b0	0x2390730	0x191e	0x19	0x1e	0xc97f70	0x0
4	0x238c9b0	0x2390748	0x191f	0x19	0x1f	0xc99280	0x0
4	0x238c9b0	0x2390760	0x1920	0x19	0x20	0xc99ea0	0x0
4	0x238c9b0	0x2390778	0x1921	0x19	0x21	0xc99880	0x0
4	0x238c9b0	0x2390790	0x1922	0x19	0x22	0xc9a4c0	0x0
4	0x238c9b0	0x23907a8	0x1923	0x19	0x23	0xc92e30	0x0
4	0x238c9b0	0x23907c0	0x1924	0x19	0x24	0xc94720	0x0
4	0x238c9b0	0x23907d8	0x1925	0x19	0x25	0xc93a90	0x0
4	0x238c9b0	0x23907f0	0x1926	0x19	0x26	0xc93430	0x0
4	0x238c9b0	0x2390808	0x1927	0x19	0x27	0xc94d40	0x0
4	0x238c9b0	0x2390820	0x1928	0x19	0x28	0xc940b0	0x0
4	0x238c9b0	0x2390838	0x1929	0x19	0x29	0xc953b0	0x0
4	0x238c9b0	0x2390850	0x032a	0x3	0x2a	0xc8e6b0	0x0
4	0x238c9b0	0x2390868	0x032b	0x3	0x2b	0xc8f280	0x0
4	0x238c9b0	0x2390880	0x032c	0x3	0x2c	0xc8ec90	0x0
4	0x238c9b0	0x2390898	0x192d	0x19	0x2d	0xc8f870	0x0
4	0x238c9b0	0x23908b0	0x032e	0x3	0x2e	0xc86030	0x0
4	0x238c9b0	0x23908c8	0x032f	0x3	0x2f	0xc86c00	0x0
4	0x238c9b0	0x23908e0	0x0330	0x3	0x30	0xc86610	0x0
4	0x238c9b0	0x23908f8	0x1931	0x19	0x31	0xc87db0	0x0
4	0x238c9b0	0x2390910	0x1932	0x19	0x32	0xc88a40	0x0
4	0x238c9b0	0x2390928	0x1933	0x19	0x33	0xc883f0	0x0
4	0x238c9b0	0x2390940	0x1934	0x19	0x34	0xc89d10	0x0
4	0x238c9b0	0x2390958	0x0335	0x3	0x35	0xc90460	0x0
4	0x238c9b0	0x2390970	0x0336	0x3	0x36	0xc8fe80	0x0
4	0x238c9b0	0x2390988	0x0337	0x3	0x37	0xc877d0	0x0
4	0x238c9b0	0x23909a0	0x0338	0x3	0x38	0xc871f0	0x0
4	0x238c9b0	0x23909b8	0x1939	0x19	0x39	0xc896d0	0x0
4	0x238c9b0	0x23909d0	0x193a	0x19	0x3a	0xc89090	0x0
4	0x238c9b0	0x23909e8	0x193b	0x19	0x3b	0xc9e120	0x0
4	0x238c9b0	0x2390a00	0x033c	0x3	0x3c	0xc9cf80	0x0
4	0x238c9b0	0x2390a18	0x193d	0x19	0x3d	0x1737d00	0x0
4	0x238c9b0	0x2390a30	0x193e	0x19	0x3e	0xc9e750	0x0
4	0x238c9b0	0x2390a48	0x033f	0x3	0x3f	0x1737710	0x0
4	0x238c9b0	0x2390a60	0x0340	0x3	0x40	0xc9d540	0x0
4	0x238c9b0	0x2390a78	0x1941	0x19	0x41	0xc9db30	0x0
4	0x238c9b0	0x2390a90	0x1942	0x19	0x42	0xc9f960	0x0
4	0x238c9b0	0x2390aa8	0x0343	0x3	0x43	0xc9c9d0	0x0
4	0x238c9b0	0x2390ac0	0x0344	0x3	0x44	0xc9edb0	0x0
4	0x238c9b0	0x2390ad8	0x1945	0x19	0x45	0xc9ff90	0x0
4	0x238c9b0	0x2390af0	0x0346	0x3	0x46	0xc9f390	0x0
4	0x238c9b0	0x2390b20	0x1900	0x19	0x0	0x176b090	0x0
4	0x238c9b0	0x2390b38	0x1901	0x19	0x1	0x176b700	0x0
4	0x238c9b0	0x2390b50	0x1902	0x19	0x2	0xdb9ac0	0x0
4	0x238c9b0	0x2390b68	0x1903	0x19	0x3	0xdb9490	0x0
4	0x238c9b0	0x2390b80	0x1904	0x19	0x4	0xdbd210	0x0
4	0x238c9b0	0x2390b98	0x1905	0x19	0x5	0xdbea50	0x0
4	0x238c9b0	0x2390bb0	0x1906	0x19	0x6	0xdbde20	0x0
4	0x238c9b0	0x2390bc8	0x1907	0x19	0x7	0xdbf090	0x0
4	0x238c9b0	0x2390be0	0x1908	0x19	0x8	0xdc20d0	0x0
4	0x238c9b0	0x2390bf8	0x1909	0x19	0x9	0xdc0f30	0x0
4	0x238c9b0	0x2390c10	0x190a	0x19	0xa	0xdc1ae0	0x0
4	0x238c9b0	0x2390c28	0x190b	0x19	0xb	0xdc14f0	0x0
4	0x238c9b0	0x2390c40	0x190c	0x19	0xc	0xdbcc50	0x0
4	0x238c9b0	0x2390c58	0x190d	0x19	0xd	0xdbe460	0x0
4	0x238c9b0	0x2390c70	0x190e	0x19	0xe	0xdbd830	0x0
4	0x238c9b0	0x2390c88	0x190f	0x19	0xf	0xdbb360	0x0
4	0x238c9b0	0x2390ca0	0x1910	0x19	0x10	0xdbbfc0	0x0
4	0x238c9b0	0x2390cb8	0x1911	0x19	0x11	0xdbb980	0x0
4	0x238c9b0	0x2390cd0	0x1912	0x19	0x12	0xdbc600	0x0
4	0x238c9b0	0x2390ce8	0x1913	0x19	0x13	0xdc08e0	0x0
4	0x238c9b0	0x2390d00	0x1914	0x19	0x14	0xdbf6a0	0x0
4	0x238c9b0	0x2390d18	0x1915	0x19	0x15	0xdc02c0	0x0
4	0x238c9b0	0x2390d30	0x1916	0x19	0x16	0xdbfca0	0x0
4	0x238c9b0	0x2390d48	0x1917	0x19	0x17	0xdba120	0x0
4	0x238c9b0	0x2390d60	0x1918	0x19	0x18	0xdbad40	0x0
4	0x238c9b0	0x2390d78	0x1919	0x19	0x19	0xdba720	0x0
4	0x238c9b0	0x2390da0	0x0500	0x5	0x0	0xe0c3d0	0x0
4	0x238c9b0	0x2390db8	0x0501	0x5	0x1	0xe0c8f0	0x0
4	0x238c9b0	0x2390dd0	0x0306	0x3	0x6	0xe0d3f0	0x0
4	0x238c9b0	0x2390de8	0x0307	0x3	0x7	0xe0ce10	0x0
4	0x238c9b0	0x2390e00	0x0a00	0xa	0x0	0xde41b0	0x0
4	0x238c9b0	0x2390e18	0x1201	0x12	0x1	0xde4c40	0x0
4	0x238c9b0	0x2390e30	0x0a02	0xa	0x2	0xde46e0	0x0
4	0x238c9b0	0x2390e48	0x1203	0x12	0x3	0xde51d0	0x0
4	0x238c9b0	0x2390e60	0x030c	0x3	0xc	0xde5d70	0x0
4	0x238c9b0	0x2390e78	0x030d	0x3	0xd	0xde5770	0x0
4	0x238c9b0	0x2390e90	0x160e	0x16	0xe	0xde7560	0x0
4	0x238c9b0	0x2390ea8	0x160f	0x16	0xf	0xde6f20	0x0
4	0x238c9b0	0x2390ec0	0x0310	0x3	0x10	0xde6930	0x0
4	0x238c9b0	0x2390ed8	0x0311	0x3	0x11	0xde6340	0x0
4	0x238c9b0	0x2390ef0	0x1612	0x16	0x12	0xde8200	0x0
4	0x238c9b0	0x2390f08	0x1613	0x16	0x13	0xde7b90	0x0
4	0x238c9b0	0x2390f20	0x0500	0x5	0x0	0xd601b0	0x0
4	0x238c9b0	0x2390f38	0x0303	0x3	0x3	0xd61830	0x0
4	0x238c9b0	0x2390f50	0x0304	0x3	0x4	0xd61240	0x0
4	0x238c9b0	0x2390f68	0x0505	0x5	0x5	0xd5fcb0	0x0
4	0x238c9b0	0x2390f80	0x0308	0x3	0x8	0xd60c90	0x0
4	0x238c9b0	0x2390f98	0x0309	0x3	0x9	0xd606c0	0x0
4	0x238c9b0	0x2390fc0	0x0500	0x5	0x0	0xd11850	0x0
4	0x238c9b0	0x2390fd8	0x0501	0x5	0x1	0xd14990	0x0
4	0x238c9b0	0x2390ff0	0x0502	0x5	0x2	0xd10a10	0x0
4	0x238c9b0	0x2391008	0x0503	0x5	0x3	0xd10540	0x0
4	0x238c9b0	0x2391020	0x0504	0x5	0x4	0xd10eb0	0x0
4	0x238c9b0	0x2391038	0x0505	0x5	0x5	0xd11380	0x0
4	0x238c9b0	0x2391050	0x0506	0x5	0x6	0xd14020	0x0
4	0x238c9b0	0x2391068	0x0507	0x5	0x7	0xd11cf0	0x0
4	0x238c9b0	0x2391080	0x0508	0x5	0x8	0xd144f0	0x0
4	0x238c9b0	0x2391098	0x0509	0x5	0x9	0xd13620	0x0
4	0x238c9b0	0x23910b0	0x0b0a	0xb	0xa	0xd12690	0x0
4	0x238c9b0	0x23910c8	0x050b	0x5	0xb	0xd12190	0x0
4	0x238c9b0	0x23910e0	0x050c	0x5	0xc	0xd13150	0x0
4	0x238c9b0	0x23910f8	0x050d	0x5	0xd	0xd13af0	0x0
4	0x238c9b0	0x2391110	0x050e	0x5	0xe	0xd12c20	0x0
4	0x238c9b0	0x2391130	0x0300	0x3	0x0	0x1761ed0	0x0
4	0x238c9b0	0x2391160	0x0500	0x5	0x0	0xcaf0a0	0x0
4	0x238c9b0	0x2391178	0x1e02	0x1e	0x2	0xcaf5a0	0x0
4	0x238c9b0	0x2391190	0x0503	0x5	0x3	0xcafb30	0x0
4	0x238c9b0	0x23911a8	0x1e05	0x1e	0x5	0xcb0030	0x0
4	0x238c9b0	0x23911c0	0x0506	0x5	0x6	0xca2990	0x0
4	0x238c9b0	0x23911d8	0x0b07	0xb	0x7	0xca19c0	0x0
4	0x238c9b0	0x23911f0	0x0508	0x5	0x8	0xca1f10	0x0
4	0x238c9b0	0x2391208	0x0b09	0xb	0x9	0xca2430	0x0
4	0x238c9b0	0x2391220	0x030e	0x3	0xe	0xca3410	0x0
4	0x238c9b0	0x2391238	0x160f	0x16	0xf	0xca3fa0	0x0
4	0x238c9b0	0x2391250	0x0310	0x3	0x10	0xca4b50	0x0
4	0x238c9b0	0x2391268	0x1611	0x16	0x11	0xca5700	0x0
4	0x238c9b0	0x2391280	0x0212	0x2	0x12	0xca6f50	0x0
4	0x238c9b0	0x2391298	0x1213	0x12	0x13	0xca8820	0x0
4	0x238c9b0	0x23912b0	0x0214	0x2	0x14	0xcaa090	0x0
4	0x238c9b0	0x23912c8	0x1215	0x12	0x15	0xcab9d0	0x0
4	0x238c9b0	0x23912e0	0x031a	0x3	0x1a	0xca6360	0x0
4	0x238c9b0	0x23912f8	0x161b	0x16	0x1b	0xca7b80	0x0
4	0x238c9b0	0x2391310	0x031c	0x3	0x1c	0xca9480	0x0
4	0x238c9b0	0x2391328	0x161d	0x16	0x1d	0xcaad00	0x0
4	0x238c9b0	0x2391340	0x021e	0x2	0x1e	0xca69a0	0x0
4	0x238c9b0	0x2391358	0x121f	0x12	0x1f	0xca8220	0x0
4	0x238c9b0	0x2391370	0x0220	0x2	0x20	0xca9ae0	0x0
4	0x238c9b0	0x2391388	0x1221	0x12	0x21	0xcab3b0	0x0
4	0x238c9b0	0x23913a0	0x0326	0x3	0x26	0xca5d10	0x0
4	0x238c9b0	0x23913b8	0x1627	0x16	0x27	0xca74e0	0x0
4	0x238c9b0	0x23913d0	0x0328	0x3	0x28	0xca8e20	0x0
4	0x238c9b0	0x23913e8	0x1629	0x16	0x29	0xcaa640	0x0
4	0x238c9b0	0x2391400	0x052a	0x5	0x2a	0xca14f0	0x0
4	0x238c9b0	0x2391418	0x0b2b	0xb	0x2b	0xca05b0	0x0
4	0x238c9b0	0x2391430	0x052c	0x5	0x2c	0xca0ad0	0x0
4	0x238c9b0	0x2391448	0x0b2d	0xb	0x2d	0xca0fc0	0x0
4	0x238c9b0	0x2391460	0x0332	0x3	0x32	0xca2e90	0x0
4	0x238c9b0	0x2391478	0x1633	0x16	0x33	0xca39c0	0x0
4	0x238c9b0	0x2391490	0x0334	0x3	0x34	0xca45b0	0x0
4	0x238c9b0	0x23914a8	0x1635	0x16	0x35	0xca5120	0x0
4	0x238c9b0	0x23914c0	0x0536	0x5	0x36	0xcabfe0	0x0
4	0x238c9b0	0x23914d8	0x0537	0x5	0x37	0xcadfd0	0x0
4	0x238c9b0	0x23914f0	0x0538	0x5	0x38	0xcada30	0x0
4	0x238c9b0	0x2391508	0x0639	0x6	0x39	0xcaeaf0	0x0
4	0x238c9b0	0x2391520	0x033a	0x3	0x3a	0xcae510	0x0
4	0x238c9b0	0x2391538	0x053b	0x5	0x3b	0xcac480	0x0
4	0x238c9b0	0x2391550	0x053c	0x5	0x3c	0xcad4c0	0x0
4	0x238c9b0	0x2391568	0x063d	0x6	0x3d	0xcacf40	0x0
4	0x238c9b0	0x2391580	0x033e	0x3	0x3e	0xcac990	0x0
4	0x238c9b0	0x23915a0	0x0500	0x5	0x0	0xe0a490	0x0
4	0x238c9b0	0x23915c0	0x0a00	0xa	0x0	0xdc8c70	0x0
4	0x238c9b0	0x23915d8	0x0301	0x3	0x1	0xdc96c0	0x0
4	0x238c9b0	0x23915f0	0x0a02	0xa	0x2	0xdca120	0x0
4	0x238c9b0	0x2391608	0x0303	0x3	0x3	0xdc9170	0x0
4	0x238c9b0	0x2391620	0x0a04	0xa	0x4	0xdc9c20	0x0
4	0x238c9b0	0x2391640	0x1e00	0x1e	0x0	0x17850c0	0x0
4	0x238c9b0	0x2391658	0x0501	0x5	0x1	0x1784bd0	0x0
4	0x238c9b0	0x2391680	0x0200	0x2	0x0	0xc7c710	0x0
4	0x238c9b0	0x2391698	0x0301	0x3	0x1	0xc7d190	0x0
4	0x238c9b0	0x23916b0	0x0202	0x2	0x2	0xc7d740	0x0
4	0x238c9b0	0x23916c8	0x0303	0x3	0x3	0xc7c1a0	0x0
4	0x238c9b0	0x23916e0	0x0204	0x2	0x4	0xc7cc50	0x0
4	0x238c9b0	0x2391700	0x0200	0x2	0x0	0xc7ac30	0x0
4	0x238c9b0	0x2391718	0x0301	0x3	0x1	0xc7b6b0	0x0
4	0x238c9b0	0x2391730	0x0202	0x2	0x2	0xc7bc60	0x0
4	0x238c9b0	0x2391748	0x0303	0x3	0x3	0xc7a6c0	0x0
4	0x238c9b0	0x2391760	0x0204	0x2	0x4	0xc7b170	0x0
4	0x238c9b0	0x2391780	0x2300	0x23	0x0	0xd84690	0x0
4	0x238c9b0	0x2391798	0x1301	0x13	0x1	0xd83f40	0x0
4	0x238c9b0	0x23917b0	0x1302	0x13	0x2	0xd84df0	0x0
4	0x238c9b0	0x23917c8	0x0203	0x2	0x3	0xd85540	0x0
4	0x238c9b0	0x23917e0	0x0304	0x3	0x4	0xd85a50	0x0
4	0x238c9b0	0x23917f8	0x0205	0x2	0x5	0xd85fc0	0x0
4	0x238c9b0	0x2391810	0x0306	0x3	0x6	0x1762440	0x0
4	0x238c9b0	0x2391828	0x0a07	0xa	0x7	0x1763150	0x0
4	0x238c9b0	0x2391840	0x0a08	0xa	0x8	0x1762ac0	0x0
4	0x238c9b0	0x2391860	0x0a00	0xa	0x0	0xe09040	0x0
4	0x238c9b0	0x2391880	0x1300	0x13	0x0	0xe089a0	0x0
4	0x238c9b0	0x23918a0	0x0a00	0xa	0x0	0xe07d10	0x0
4	0x238c9b0	0x23918b8	0x0a01	0xa	0x1	0xe08370	0x0
4	0x238c9b0	0x23918e0	0x0500	0x5	0x0	0xe04410	0x0
4	0x238c9b0	0x23918f8	0x1301	0x13	0x1	0xe03dd0	0x0
4	0x238c9b0	0x2391920	0x1300	0x13	0x0	0xe03170	0x0
4	0x238c9b0	0x2391938	0x1301	0x13	0x1	0xe037a0	0x0
4	0x238c9b0	0x2391960	0x2300	0x23	0x0	0xd691f0	0x0
4	0x238c9b0	0x2391978	0x1301	0x13	0x1	0xd68aa0	0x0
4	0x238c9b0	0x2391990	0x1302	0x13	0x2	0xd69950	0x0
4	0x238c9b0	0x23919a8	0x0203	0x2	0x3	0xd6a0a0	0x0
4	0x238c9b0	0x23919c0	0x0304	0x3	0x4	0xd6a5b0	0x0
4	0x238c9b0	0x23919d8	0x0205	0x2	0x5	0xd6ab20	0x0
4	0x238c9b0	0x23919f0	0x0306	0x3	0x6	0x1760080	0x0
4	0x238c9b0	0x2391a08	0x0a07	0xa	0x7	0x1760d90	0x0
4	0x238c9b0	0x2391a20	0x0a08	0xa	0x8	0x1760700	0x0
4	0x238c9b0	0x2391a40	0x1300	0x13	0x0	0xe02b20	0x0
4	0x238c9b0	0x2391a60	0x0500	0x5	0x0	0xd5cea0	0x0
4	0x238c9b0	0x2391a78	0x0501	0x5	0x1	0xd5e360	0x0
4	0x238c9b0	0x2391a90	0x0502	0x5	0x2	0xd5c440	0x0
4	0x238c9b0	0x2391aa8	0x0503	0x5	0x3	0xd5d900	0x0
4	0x238c9b0	0x2391ac0	0x0504	0x5	0x4	0xd5ed90	0x0
4	0x238c9b0	0x2391ad8	0x0505	0x5	0x5	0xd5f7a0	0x0
4	0x238c9b0	0x2391af0	0x0506	0x5	0x6	0xd5e890	0x0
4	0x238c9b0	0x2391b08	0x0507	0x5	0x7	0xd5f290	0x0
4	0x238c9b0	0x2391b20	0x0508	0x5	0x8	0xd5c970	0x0
4	0x238c9b0	0x2391b38	0x0509	0x5	0x9	0xd5de30	0x0
4	0x238c9b0	0x2391b50	0x050a	0x5	0xa	0xd5bf10	0x0
4	0x238c9b0	0x2391b68	0x050b	0x5	0xb	0xd5d3d0	0x0
4	0x238c9b0	0x2391b80	0x1900	0x19	0x0	0x1770520	0x0
4	0x238c9b0	0x2391b98	0x1901	0x19	0x1	0x1770b90	0x0
4	0x238c9b0	0x2391bb0	0x0302	0x3	0x2	0xdf91b0	0x0
4	0x238c9b0	0x2391bc8	0x0303	0x3	0x3	0xdf8bc0	0x0
4	0x238c9b0	0x2391be0	0x1904	0x19	0x4	0xdf97c0	0x0
4	0x238c9b0	0x2391bf8	0x1905	0x19	0x5	0xdfbb30	0x0
4	0x238c9b0	0x2391c10	0x1906	0x19	0x6	0xdfa940	0x0
4	0x238c9b0	0x2391c28	0x1907	0x19	0x7	0xdfcd20	0x0
4	0x238c9b0	0x2391c40	0x1908	0x19	0x8	0xdfe5b0	0x0
4	0x238c9b0	0x2391c58	0x1909	0x19	0x9	0xdfd370	0x0
4	0x238c9b0	0x2391c70	0x190a	0x19	0xa	0xdfdf90	0x0
4	0x238c9b0	0x2391c88	0x190b	0x19	0xb	0xdfd970	0x0
4	0x238c9b0	0x2391ca0	0x190c	0x19	0xc	0xdf9dc0	0x0
4	0x238c9b0	0x2391cb8	0x190d	0x19	0xd	0xdfc150	0x0
4	0x238c9b0	0x2391cd0	0x190e	0x19	0xe	0xdfaf60	0x0
4	0x238c9b0	0x2391ce8	0x030f	0x3	0xf	0xdff1b0	0x0
4	0x238c9b0	0x2391d00	0x0310	0x3	0x10	0xdff780	0x0
4	0x238c9b0	0x2391d18	0x0311	0x3	0x11	0xdfec00	0x0
4	0x238c9b0	0x2391d30	0x0312	0x3	0x12	0xdf3b00	0x0
4	0x238c9b0	0x2391d48	0x0313	0x3	0x13	0xdf4690	0x0
4	0x238c9b0	0x2391d60	0x0314	0x3	0x14	0xdf40b0	0x0
4	0x238c9b0	0x2391d78	0x1915	0x19	0x15	0xdf6e10	0x0
4	0x238c9b0	0x2391d90	0x1916	0x19	0x16	0xdf85a0	0x0
4	0x238c9b0	0x2391da8	0x0317	0x3	0x17	0xdf7430	0x0
4	0x238c9b0	0x2391dc0	0x0318	0x3	0x18	0xdf7fc0	0x0
4	0x238c9b0	0x2391dd8	0x0319	0x3	0x19	0xdf79e0	0x0
4	0x238c9b0	0x2391df0	0x031a	0x3	0x1a	0xe007d0	0x0
4	0x238c9b0	0x2391e08	0x191b	0x19	0x1b	0xe01910	0x0
4	0x238c9b0	0x2391e20	0x031c	0x3	0x1c	0xdffd00	0x0
4	0x238c9b0	0x2391e38	0x031d	0x3	0x1d	0xe00d80	0x0
4	0x238c9b0	0x2391e50	0x031e	0x3	0x1e	0xdf4c70	0x0
4	0x238c9b0	0x2391e68	0x031f	0x3	0x1f	0xdf5800	0x0
4	0x238c9b0	0x2391e80	0x0320	0x3	0x20	0xdf5220	0x0
4	0x238c9b0	0x2391e98	0x0321	0x3	0x21	0xdfa3c0	0x0
4	0x238c9b0	0x2391eb0	0x0322	0x3	0x22	0xdfc770	0x0
4	0x238c9b0	0x2391ec8	0x0323	0x3	0x23	0xdfb580	0x0
4	0x238c9b0	0x2391ee0	0x0324	0x3	0x24	0xe00250	0x0
4	0x238c9b0	0x2391ef8	0x0325	0x3	0x25	0xe01330	0x0
4	0x238c9b0	0x2391f10	0x0326	0x3	0x26	0xdf5de0	0x0
4	0x238c9b0	0x2391f28	0x0327	0x3	0x27	0xdf68a0	0x0
4	0x238c9b0	0x2391f40	0x0328	0x3	0x28	0xdf6330	0x0
4	0x238c9b0	0x2391f58	0x1929	0x19	0x29	0x176fe60	0x0
4	0x238c9b0	0x2391f70	0x192a	0x19	0x2a	0x176f7d0	0x0
4	0x238c9b0	0x2391f88	0x192b	0x19	0x2b	0x176f140	0x0
4	0x238c9b0	0x2391fa0	0x192c	0x19	0x2c	0x176eab0	0x0
4	0x238c9b0	0x2391fc0	0x0500	0x5	0x0	0xdeab30	0x0
4	0x238c9b0	0x2391fd8	0x0301	0x3	0x1	0xdeb030	0x0
4	0x238c9b0	0x2391ff0	0x0502	0x5	0x2	0xdeb580	0x0
4	0x238c9b0	0x2392008	0x0303	0x3	0x3	0xdebf80	0x0
4	0x238c9b0	0x2392020	0x0504	0x5	0x4	0xdeba80	0x0
4	0x238c9b0	0x2392040	0x0500	0x5	0x0	0xde8840	0x0
4	0x238c9b0	0x2392058	0x0301	0x3	0x1	0xde8d10	0x0
4	0x238c9b0	0x2392070	0x0302	0x3	0x2	0xde9700	0x0
4	0x238c9b0	0x2392088	0x0503	0x5	0x3	0xde9230	0x0
4	0x238c9b0	0x23920a0	0x0304	0x3	0x4	0xdea0f0	0x0
4	0x238c9b0	0x23920b8	0x0305	0x3	0x5	0xdea610	0x0
4	0x238c9b0	0x23920d0	0x0506	0x5	0x6	0xde9c20	0x0
4	0x238c9b0	0x2392100	0x0200	0x2	0x0	0xde1490	0x0
4	0x238c9b0	0x2392118	0x0301	0x3	0x1	0xde1a00	0x0
4	0x238c9b0	0x2392130	0x0202	0x2	0x2	0xde25b0	0x0
4	0x238c9b0	0x2392148	0x0303	0x3	0x3	0xde1fd0	0x0
4	0x238c9b0	0x2392160	0x0304	0x3	0x4	0xde3bd0	0x0
4	0x238c9b0	0x2392178	0x0205	0x2	0x5	0xde2b20	0x0
4	0x238c9b0	0x2392190	0x0306	0x3	0x6	0xde3600	0x0
4	0x238c9b0	0x23921a8	0x0207	0x2	0x7	0xde3090	0x0
4	0x238c9b0	0x23921c0	0x0500	0x5	0x0	0xddfaf0	0x0
4	0x238c9b0	0x23921d8	0x0301	0x3	0x1	0xddfff0	0x0
4	0x238c9b0	0x23921f0	0x0502	0x5	0x2	0xde0540	0x0
4	0x238c9b0	0x2392208	0x0303	0x3	0x3	0xde0f40	0x0
4	0x238c9b0	0x2392220	0x0504	0x5	0x4	0xde0a40	0x0
4	0x238c9b0	0x2392240	0x0700	0x7	0x0	0xdc5280	0x0
4	0x238c9b0	0x2392258	0x0701	0x7	0x1	0xdc57d0	0x0
4	0x238c9b0	0x2392270	0x0702	0x7	0x2	0xdc47e0	0x0
4	0x238c9b0	0x2392288	0x0703	0x7	0x3	0xdc4d30	0x0
4	0x238c9b0	0x23922a0	0x0500	0x5	0x0	0xdc26e0	0x0
4	0x238c9b0	0x23922b8	0x0303	0x3	0x3	0xdc36b0	0x0
4	0x238c9b0	0x23922d0	0x0304	0x3	0x4	0xdc30e0	0x0
4	0x238c9b0	0x23922e8	0x0505	0x5	0x5	0x176bda0	0x0
4	0x238c9b0	0x2392300	0x0306	0x3	0x6	0x176c2d0	0x0
4	0x238c9b0	0x2392318	0x0307	0x3	0x7	0x176c8b0	0x0
4	0x238c9b0	0x2392330	0x0508	0x5	0x8	0xdc2be0	0x0
4	0x238c9b0	0x2392348	0x030b	0x3	0xb	0xdc4230	0x0
4	0x238c9b0	0x2392360	0x030c	0x3	0xc	0xdc3c60	0x0
4	0x238c9b0	0x2392380	0x0300	0x3	0x0	0xd224d0	0x0
4	0x238c9b0	0x2392398	0x0301	0x3	0x1	0xd22f20	0x0
4	0x238c9b0	0x23923b0	0x0302	0x3	0x2	0xd229f0	0x0
4	0x238c9b0	0x23923e0	0x0200	0x2	0x0	0xdb40a0	0x0
4	0x238c9b0	0x23923f8	0x0301	0x3	0x1	0xdb5030	0x0
4	0x238c9b0	0x2392410	0x0202	0x2	0x2	0xdb55a0	0x0
4	0x238c9b0	0x2392428	0x0303	0x3	0x3	0xdb45b0	0x0
4	0x238c9b0	0x2392440	0x0204	0x2	0x4	0xdb4b20	0x0
4	0x238c9b0	0x2392458	0x0305	0x3	0x5	0xdb5fc0	0x0
4	0x238c9b0	0x2392470	0x0206	0x2	0x6	0xdb5ab0	0x0
4	0x238c9b0	0x23924a0	0x0500	0x5	0x0	0xdb1e30	0x0
4	0x238c9b0	0x23924b8	0x0601	0x6	0x1	0xdb2300	0x0
4	0x238c9b0	0x23924d0	0x0502	0x5	0x2	0xdb27f0	0x0
4	0x238c9b0	0x23924e8	0x0603	0x6	0x3	0xdb31b0	0x0
4	0x238c9b0	0x2392500	0x0504	0x5	0x4	0xdb2cd0	0x0
4	0x238c9b0	0x2392520	0x0b00	0xb	0x0	0xdb1960	0x0
4	0x238c9b0	0x2392540	0x0200	0x2	0x0	0xda43f0	0x0
4	0x238c9b0	0x2392560	0x0500	0x5	0x0	0xda3f40	0x0
4	0x238c9b0	0x2392578	0x0501	0x5	0x1	0xda2fd0	0x0
4	0x238c9b0	0x2392590	0x0602	0x6	0x2	0xda34e0	0x0
4	0x238c9b0	0x23925a8	0x0503	0x5	0x3	0xda3a30	0x0
4	0x238c9b0	0x23925c0	0x0500	0x5	0x0	0xda58a0	0x0
4	0x238c9b0	0x23925d8	0x0301	0x3	0x1	0xda5d90	0x0
4	0x238c9b0	0x23925f0	0x0502	0x5	0x2	0xda62b0	0x0
4	0x238c9b0	0x2392608	0x0303	0x3	0x3	0xda8140	0x0
4	0x238c9b0	0x2392620	0x0504	0x5	0x4	0xda7c50	0x0
4	0x238c9b0	0x2392638	0x0205	0x2	0x5	0xda4820	0x0
4	0x238c9b0	0x2392650	0x0306	0x3	0x6	0xda4d90	0x0
4	0x238c9b0	0x2392668	0x0207	0x2	0x7	0xda5330	0x0
4	0x238c9b0	0x2392680	0x0308	0x3	0x8	0xda76b0	0x0
4	0x238c9b0	0x2392698	0x0209	0x2	0x9	0xda7140	0x0
4	0x238c9b0	0x23926b0	0x050a	0x5	0xa	0xda6c70	0x0
4	0x238c9b0	0x23926c8	0x050b	0x5	0xb	0xda67a0	0x0
4	0x238c9b0	0x23926e0	0x050c	0x5	0xc	0xda8660	0x0
4	0x238c9b0	0x2392700	0x0a00	0xa	0x0	0xd43d10	0x0
4	0x238c9b0	0x2392718	0x0301	0x3	0x1	0xd44240	0x0
4	0x238c9b0	0x2392730	0x0a02	0xa	0x2	0xd447d0	0x0
4	0x238c9b0	0x2392748	0x0303	0x3	0x3	0xd47560	0x0
4	0x238c9b0	0x2392760	0x0a04	0xa	0x4	0xd47020	0x0
4	0x238c9b0	0x2392778	0x0a05	0xa	0x5	0xd42b80	0x0
4	0x238c9b0	0x2392790	0x0306	0x3	0x6	0xd43140	0x0
4	0x238c9b0	0x23927a8	0x0a07	0xa	0x7	0xd43750	0x0
4	0x238c9b0	0x23927c0	0x0308	0x3	0x8	0xd46a10	0x0
4	0x238c9b0	0x23927d8	0x0a09	0xa	0x9	0xd46450	0x0
4	0x238c9b0	0x23927f0	0x0a0a	0xa	0xa	0xd44d10	0x0
4	0x238c9b0	0x2392808	0x0a0b	0xa	0xb	0xd4a990	0x0
4	0x238c9b0	0x2392820	0x0a0c	0xa	0xc	0xd49210	0x0
4	0x238c9b0	0x2392838	0x0a0d	0xa	0xd	0xd4b590	0x0
4	0x238c9b0	0x2392850	0x0a0e	0xa	0xe	0xd4bba0	0x0
4	0x238c9b0	0x2392868	0x0a0f	0xa	0xf	0xd458b0	0x0
4	0x238c9b0	0x2392880	0x0a10	0xa	0x10	0xd4af90	0x0
4	0x238c9b0	0x2392898	0x0a11	0xa	0x11	0xd49810	0x0
4	0x238c9b0	0x23928b0	0x0a12	0xa	0x12	0xd47af0	0x0
4	0x238c9b0	0x23928c8	0x0a13	0xa	0x13	0xd4d910	0x0
4	0x238c9b0	0x23928e0	0x0a14	0xa	0x14	0xd4cd50	0x0
4	0x238c9b0	0x23928f8	0x0a15	0xa	0x15	0xd4e4d0	0x0
4	0x238c9b0	0x2392910	0x0a16	0xa	0x16	0xd45ea0	0x0
4	0x238c9b0	0x2392928	0x0a17	0xa	0x17	0xd49e10	0x0
4	0x238c9b0	0x2392940	0x0a18	0xa	0x18	0xd48690	0x0
4	0x238c9b0	0x2392958	0x0a19	0xa	0x19	0xd4c1b0	0x0
4	0x238c9b0	0x2392970	0x0a1a	0xa	0x1a	0xd4c780	0x0
4	0x238c9b0	0x2392988	0x0a1b	0xa	0x1b	0xd45300	0x0
4	0x238c9b0	0x23929a0	0x0a1c	0xa	0x1c	0xd480e0	0x0
4	0x238c9b0	0x23929b8	0x0a1d	0xa	0x1d	0xd4df10	0x0
4	0x238c9b0	0x23929d0	0x0a1e	0xa	0x1e	0xd4d350	0x0
4	0x238c9b0	0x23929e8	0x0a1f	0xa	0x1f	0xd4a3d0	0x0
4	0x238c9b0	0x2392a00	0x0a20	0xa	0x20	0xd48c50	0x0
4	0x238c9b0	0x2392a18	0x0a21	0xa	0x21	0xd4eae0	0x0
4	0x238c9b0	0x2392a40	0x0200	0x2	0x0	0xe1bdf0	0x0
4	0x238c9b0	0x2392a58	0x0a01	0xa	0x1	0xe1e090	0x0
4	0x238c9b0	0x2392a70	0x0302	0x3	0x2	0xe1c890	0x0
4	0x238c9b0	0x2392a88	0x0303	0x3	0x3	0xe1ebd0	0x0
4	0x238c9b0	0x2392aa0	0x0204	0x2	0x4	0xe1c340	0x0
4	0x238c9b0	0x2392ab8	0x0a05	0xa	0x5	0xe1e630	0x0
4	0x238c9b0	0x2392ad0	0x0306	0x3	0x6	0xe20d60	0x0
4	0x238c9b0	0x2392ae8	0x0307	0x3	0x7	0xe224e0	0x0
4	0x238c9b0	0x2392b00	0x0208	0x2	0x8	0xe20230	0x0
4	0x238c9b0	0x2392b18	0x0a09	0xa	0x9	0xe218f0	0x0
4	0x238c9b0	0x2392b30	0x0a0a	0xa	0xa	0xe1ac50	0x0
4	0x238c9b0	0x2392b48	0x0a0b	0xa	0xb	0xe1cdf0	0x0
4	0x238c9b0	0x2392b60	0x030c	0x3	0xc	0xe1b810	0x0
4	0x238c9b0	0x2392b78	0x030d	0x3	0xd	0xe1da50	0x0
4	0x238c9b0	0x2392b90	0x0a0e	0xa	0xe	0xe1b230	0x0
4	0x238c9b0	0x2392ba8	0x0a0f	0xa	0xf	0xe1d420	0x0
4	0x238c9b0	0x2392bc0	0x0310	0x3	0x10	0xe20780	0x0
4	0x238c9b0	0x2392bd8	0x0311	0x3	0x11	0xe21ea0	0x0
4	0x238c9b0	0x2392bf0	0x0a12	0xa	0x12	0xe1fc50	0x0
4	0x238c9b0	0x2392c08	0x0a13	0xa	0x13	0xe212c0	0x0
4	0x238c9b0	0x2392c20	0x0214	0x2	0x14	0xe1f6f0	0x0
4	0x238c9b0	0x2392c38	0x0215	0x2	0x15	0xe1f190	0x0
4	0x238c9b0	0x2392c50	0x0216	0x2	0x16	0xe22aa0	0x0
4	0x238c9b0	0x2392c80	0x0200	0x2	0x0	0xdaa750	0x0
4	0x238c9b0	0x2392c98	0x0a01	0xa	0x1	0xdac9f0	0x0
4	0x238c9b0	0x2392cb0	0x0302	0x3	0x2	0xdab1f0	0x0
4	0x238c9b0	0x2392cc8	0x0303	0x3	0x3	0xdad530	0x0
4	0x238c9b0	0x2392ce0	0x0204	0x2	0x4	0xdaaca0	0x0
4	0x238c9b0	0x2392cf8	0x0a05	0xa	0x5	0xdacf90	0x0
4	0x238c9b0	0x2392d10	0x0306	0x3	0x6	0xdaf6c0	0x0
4	0x238c9b0	0x2392d28	0x0307	0x3	0x7	0xdb0e40	0x0
4	0x238c9b0	0x2392d40	0x0208	0x2	0x8	0xdaeb90	0x0
4	0x238c9b0	0x2392d58	0x0a09	0xa	0x9	0xdb0250	0x0
4	0x238c9b0	0x2392d70	0x0a0a	0xa	0xa	0xda95b0	0x0
4	0x238c9b0	0x2392d88	0x0a0b	0xa	0xb	0xdab750	0x0
4	0x238c9b0	0x2392da0	0x030c	0x3	0xc	0xdaa170	0x0
4	0x238c9b0	0x2392db8	0x030d	0x3	0xd	0xdac3b0	0x0
4	0x238c9b0	0x2392dd0	0x0a0e	0xa	0xe	0xda9b90	0x0
4	0x238c9b0	0x2392de8	0x0a0f	0xa	0xf	0xdabd80	0x0
4	0x238c9b0	0x2392e00	0x0310	0x3	0x10	0xdaf0e0	0x0
4	0x238c9b0	0x2392e18	0x0311	0x3	0x11	0xdb0800	0x0
4	0x238c9b0	0x2392e30	0x0a12	0xa	0x12	0xdae5b0	0x0
4	0x238c9b0	0x2392e48	0x0a13	0xa	0x13	0xdafc20	0x0
4	0x238c9b0	0x2392e60	0x0214	0x2	0x14	0xdae050	0x0
4	0x238c9b0	0x2392e78	0x0215	0x2	0x15	0xdadaf0	0x0
4	0x238c9b0	0x2392e90	0x0216	0x2	0x16	0xdb1400	0x0
4	0x238c9b0	0x2392ec0	0x0200	0x2	0x0	0xc7ee20	0x0
4	0x238c9b0	0x2392ed8	0x0a01	0xa	0x1	0xc810c0	0x0
4	0x238c9b0	0x2392ef0	0x0302	0x3	0x2	0xc7f8c0	0x0
4	0x238c9b0	0x2392f08	0x0303	0x3	0x3	0xc81c00	0x0
4	0x238c9b0	0x2392f20	0x0204	0x2	0x4	0xc7f370	0x0
4	0x238c9b0	0x2392f38	0x0a05	0xa	0x5	0xc81660	0x0
4	0x238c9b0	0x2392f50	0x0306	0x3	0x6	0xc83d90	0x0
4	0x238c9b0	0x2392f68	0x0307	0x3	0x7	0xc85510	0x0
4	0x238c9b0	0x2392f80	0x0208	0x2	0x8	0xc83260	0x0
4	0x238c9b0	0x2392f98	0x0a09	0xa	0x9	0xc84920	0x0
4	0x238c9b0	0x2392fb0	0x0a0a	0xa	0xa	0xc7dc80	0x0
4	0x238c9b0	0x2392fc8	0x0a0b	0xa	0xb	0xc7fe20	0x0
4	0x238c9b0	0x2392fe0	0x030c	0x3	0xc	0xc7e840	0x0
4	0x238c9b0	0x2392ff8	0x030d	0x3	0xd	0xc80a80	0x0
4	0x238c9b0	0x2393010	0x0a0e	0xa	0xe	0xc7e260	0x0
4	0x238c9b0	0x2393028	0x0a0f	0xa	0xf	0xc80450	0x0
4	0x238c9b0	0x2393040	0x0310	0x3	0x10	0xc837b0	0x0
4	0x238c9b0	0x2393058	0x0311	0x3	0x11	0xc84ed0	0x0
4	0x238c9b0	0x2393070	0x0a12	0xa	0x12	0xc82c80	0x0
4	0x238c9b0	0x2393088	0x0a13	0xa	0x13	0xc842f0	0x0
4	0x238c9b0	0x23930a0	0x0214	0x2	0x14	0xc82720	0x0
4	0x238c9b0	0x23930b8	0x0215	0x2	0x15	0xc821c0	0x0
4	0x238c9b0	0x23930d0	0x0216	0x2	0x16	0xc85ad0	0x0
4	0x238c9b0	0x2393100	0x0900	0x9	0x0	0xd40240	0x0
4	0x238c9b0	0x2393118	0x0901	0x9	0x1	0xd40710	0x0
4	0x238c9b0	0x2393140	0x0a00	0xa	0x0	0xd38e20	0x0
4	0x238c9b0	0x2393158	0x0301	0x3	0x1	0xd3a0a0	0x0
4	0x238c9b0	0x2393170	0x0302	0x3	0x2	0xd39a60	0x0
4	0x238c9b0	0x2393188	0x0a03	0xa	0x3	0xd39440	0x0
4	0x238c9b0	0x23931a0	0x0304	0x3	0x4	0xd3b950	0x0
4	0x238c9b0	0x23931b8	0x0305	0x3	0x5	0xd3bf90	0x0
4	0x238c9b0	0x23931d0	0x0a06	0xa	0x6	0xd3b320	0x0
4	0x238c9b0	0x23931e8	0x0a07	0xa	0x7	0xd3d730	0x0
4	0x238c9b0	0x2393200	0x0308	0x3	0x8	0xd3e3b0	0x0
4	0x238c9b0	0x2393218	0x0a09	0xa	0x9	0xd3dd70	0x0
4	0x238c9b0	0x2393230	0x030a	0x3	0xa	0xd3fbf0	0x0
4	0x238c9b0	0x2393248	0x0a0b	0xa	0xb	0xd3f5a0	0x0
4	0x238c9b0	0x2393260	0x0a0c	0xa	0xc	0xd348b0	0x0
4	0x238c9b0	0x2393278	0x030d	0x3	0xd	0xd359b0	0x0
4	0x238c9b0	0x2393290	0x030e	0x3	0xe	0xd353f0	0x0
4	0x238c9b0	0x23932a8	0x0a0f	0xa	0xf	0xd34e50	0x0
4	0x238c9b0	0x23932c0	0x0310	0x3	0x10	0xd37060	0x0
4	0x238c9b0	0x23932d8	0x0311	0x3	0x11	0xd37620	0x0
4	0x238c9b0	0x23932f0	0x0a12	0xa	0x12	0xd36ab0	0x0
4	0x238c9b0	0x2393308	0x0a13	0xa	0x13	0xd3c5e0	0x0
4	0x238c9b0	0x2393320	0x0314	0x3	0x14	0xd3d160	0x0
4	0x238c9b0	0x2393338	0x0a15	0xa	0x15	0xd3cba0	0x0
4	0x238c9b0	0x2393350	0x0316	0x3	0x16	0xd3efd0	0x0
4	0x238c9b0	0x2393368	0x0a17	0xa	0x17	0xd3ea00	0x0
4	0x238c9b0	0x2393380	0x0a18	0xa	0x18	0xd37bf0	0x0
4	0x238c9b0	0x2393398	0x0319	0x3	0x19	0xd38810	0x0
4	0x238c9b0	0x23933b0	0x0a1a	0xa	0x1a	0xd38200	0x0
4	0x238c9b0	0x23933c8	0x031b	0x3	0x1b	0xd3ad00	0x0
4	0x238c9b0	0x23933e0	0x0a1c	0xa	0x1c	0xd3a6e0	0x0
4	0x238c9b0	0x23933f8	0x0a1d	0xa	0x1d	0xd337f0	0x0
4	0x238c9b0	0x2393410	0x031e	0x3	0x1e	0xd34310	0x0
4	0x238c9b0	0x2393428	0x0a1f	0xa	0x1f	0xd33d80	0x0
4	0x238c9b0	0x2393440	0x0320	0x3	0x20	0xd36510	0x0
4	0x238c9b0	0x2393458	0x0a21	0xa	0x21	0xd35f70	0x0
4	0x238c9b0	0x2393470	0x0500	0x5	0x0	0xe23000	0x0
4	0x238c9b0	0x23934a0	0x0500	0x5	0x0	0xccea80	0x0
4	0x238c9b0	0x23934b8	0x0501	0x5	0x1	0xcc79c0	0x0
4	0x238c9b0	0x23934d0	0x1302	0x13	0x2	0x173d2e0	0x0
4	0x238c9b0	0x23934e8	0x0503	0x5	0x3	0x173c620	0x0
4	0x238c9b0	0x2393500	0x1304	0x13	0x4	0x1741c60	0x0
4	0x238c9b0	0x2393518	0x0507	0x5	0x7	0x1741660	0x0
4	0x238c9b0	0x2393530	0x0508	0x5	0x8	0xccf940	0x0
4	0x238c9b0	0x2393548	0x0509	0x5	0x9	0xccfe40	0x0
4	0x238c9b0	0x2393560	0x050a	0x5	0xa	0xcd0370	0x0
4	0x238c9b0	0x2393578	0x130d	0x13	0xd	0x173f460	0x0
4	0x238c9b0	0x2393590	0x130e	0x13	0xe	0x173edf0	0x0
4	0x238c9b0	0x23935a8	0x130f	0x13	0xf	0xcc91e0	0x0
4	0x238c9b0	0x23935c0	0x1312	0x13	0x12	0x1740200	0x0
4	0x238c9b0	0x23935d8	0x1313	0x13	0x13	0x173fb30	0x0
4	0x238c9b0	0x23935f0	0x1314	0x13	0x14	0xcc8b00	0x0
4	0x238c9b0	0x2393608	0x0515	0x5	0x15	0xccef50	0x0
4	0x238c9b0	0x2393620	0x0516	0x5	0x16	0xccf450	0x0
4	0x238c9b0	0x2393638	0x0517	0x5	0x17	0xcc47b0	0x0
4	0x238c9b0	0x2393650	0x1a18	0x1a	0x18	0xcc6a50	0x0
4	0x238c9b0	0x2393668	0x2619	0x26	0x19	0xcc71f0	0x0
4	0x238c9b0	0x2393680	0x1a1a	0x1a	0x1a	0xcc53d0	0x0
4	0x238c9b0	0x2393698	0x1a1b	0x1a	0x1b	0xcc4c50	0x0
4	0x238c9b0	0x23936b0	0x1a1c	0x1a	0x1c	0xcc62d0	0x0
4	0x238c9b0	0x23936c8	0x1a1d	0x1a	0x1d	0xcc5b50	0x0
4	0x238c9b0	0x23936e0	0x031e	0x3	0x1e	0xcc3c70	0x0
4	0x238c9b0	0x23936f8	0x031f	0x3	0x1f	0xcc4210	0x0
4	0x238c9b0	0x2393710	0x0520	0x5	0x20	0xcce0f0	0x0
4	0x238c9b0	0x2393728	0x0521	0x5	0x21	0xcce5c0	0x0
4	0x238c9b0	0x2393740	0x1322	0x13	0x22	0xcca660	0x0
4	0x238c9b0	0x2393758	0x1323	0x13	0x23	0xcc9910	0x0
4	0x238c9b0	0x2393770	0x1324	0x13	0x24	0x1740f90	0x0
4	0x238c9b0	0x2393788	0x1326	0x13	0x26	0x1740900	0x0
4	0x238c9b0	0x23937a0	0x1328	0x13	0x28	0xcc9fb0	0x0
4	0x238c9b0	0x23937b8	0x1329	0x13	0x29	0x173d960	0x0
4	0x238c9b0	0x23937d0	0x132a	0x13	0x2a	0x173cc50	0x0
4	0x238c9b0	0x23937e8	0x1331	0x13	0x31	0x173e6f0	0x0
4	0x238c9b0	0x2393800	0x1332	0x13	0x32	0x173e040	0x0
4	0x238c9b0	0x2393820	0x1900	0x19	0x0	0xd283e0	0x0
4	0x238c9b0	0x2393838	0x1901	0x19	0x1	0xd270e0	0x0
4	0x238c9b0	0x2393850	0x1902	0x19	0x2	0xd27d80	0x0
4	0x238c9b0	0x2393868	0x1903	0x19	0x3	0xd27720	0x0
4	0x238c9b0	0x2393880	0x0304	0x3	0x4	0xd30f80	0x0
4	0x238c9b0	0x2393898	0x0305	0x3	0x5	0xd314f0	0x0
4	0x238c9b0	0x23938b0	0x0306	0x3	0x6	0xd30a00	0x0
4	0x238c9b0	0x23938c8	0x0307	0x3	0x7	0xd30490	0x0
4	0x238c9b0	0x23938e0	0x1908	0x19	0x8	0xd2dc60	0x0
4	0x238c9b0	0x23938f8	0x1909	0x19	0x9	0xd2c8e0	0x0
4	0x238c9b0	0x2393910	0x190a	0x19	0xa	0xd2d5d0	0x0
4	0x238c9b0	0x2393928	0x190b	0x19	0xb	0xd2cf40	0x0
4	0x238c9b0	0x2393940	0x190c	0x19	0xc	0xd28a60	0x0
4	0x238c9b0	0x2393958	0x190d	0x19	0xd	0xd2af70	0x0
4	0x238c9b0	0x2393970	0x190e	0x19	0xe	0xd29cb0	0x0
4	0x238c9b0	0x2393988	0x190f	0x19	0xf	0xd2c230	0x0
4	0x238c9b0	0x23939a0	0x1910	0x19	0x10	0xd290a0	0x0
4	0x238c9b0	0x23939b8	0x1911	0x19	0x11	0xd2b5d0	0x0
4	0x238c9b0	0x23939d0	0x1912	0x19	0x12	0xd2a310	0x0
4	0x238c9b0	0x23939e8	0x0313	0x3	0x13	0xd2e8b0	0x0
4	0x238c9b0	0x2393a00	0x0314	0x3	0x14	0xd2ee90	0x0
4	0x238c9b0	0x2393a18	0x0315	0x3	0x15	0xd2e310	0x0
4	0x238c9b0	0x2393a30	0x0316	0x3	0x16	0xd23450	0x0
4	0x238c9b0	0x2393a48	0x0317	0x3	0x17	0xd24070	0x0
4	0x238c9b0	0x2393a60	0x0318	0x3	0x18	0xd23a50	0x0
4	0x238c9b0	0x2393a78	0x1919	0x19	0x19	0xd26a50	0x0
4	0x238c9b0	0x2393a90	0x031a	0x3	0x1a	0xd2fee0	0x0
4	0x238c9b0	0x2393aa8	0x191b	0x19	0x1b	0xd32600	0x0
4	0x238c9b0	0x2393ac0	0x031c	0x3	0x1c	0xd2f410	0x0
4	0x238c9b0	0x2393ad8	0x031d	0x3	0x1d	0xd31a70	0x0
4	0x238c9b0	0x2393af0	0x191e	0x19	0x1e	0xd24690	0x0
4	0x238c9b0	0x2393b08	0x191f	0x19	0x1f	0xd25330	0x0
4	0x238c9b0	0x2393b20	0x1920	0x19	0x20	0xd24cd0	0x0
4	0x238c9b0	0x2393b38	0x0321	0x3	0x21	0xd29700	0x0
4	0x238c9b0	0x2393b50	0x0322	0x3	0x22	0xd2bc60	0x0
4	0x238c9b0	0x2393b68	0x0323	0x3	0x23	0xd2a9a0	0x0
4	0x238c9b0	0x2393b80	0x0324	0x3	0x24	0xd2f960	0x0
4	0x238c9b0	0x2393b98	0x0325	0x3	0x25	0xd32020	0x0
4	0x238c9b0	0x2393bb0	0x0326	0x3	0x26	0xd25990	0x0
4	0x238c9b0	0x2393bc8	0x0327	0x3	0x27	0xd264b0	0x0
4	0x238c9b0	0x2393be0	0x0328	0x3	0x28	0xd25f10	0x0
4	0x238c9b0	0x2393bf8	0x192a	0x19	0x2a	0x175f240	0x0
4	0x238c9b0	0x2393c10	0x192b	0x19	0x2b	0x175eb30	0x0
4	0x238c9b0	0x2393c28	0x192c	0x19	0x2c	0x175f950	0x0
4	0x238c9b0	0x2393c40	0x192d	0x19	0x2d	0x175e420	0x0
4	0x238c9b0	0x2393c60	0x0b00	0xb	0x0	0xda9080	0x0
4	0x238c9b0	0x2393c78	0x0b02	0xb	0x2	0xda8b30	0x0
4	0x238c9b0	0x2393ca0	0x0a00	0xa	0x0	0xd56d50	0x0
4	0x238c9b0	0x2393cb8	0x0a01	0xa	0x1	0xd57f70	0x0
4	0x238c9b0	0x2393cd0	0x0302	0x3	0x2	0xd57340	0x0
4	0x238c9b0	0x2393ce8	0x0a03	0xa	0x3	0xd57980	0x0
4	0x238c9b0	0x2393d00	0x0a04	0xa	0x4	0xd521a0	0x0
4	0x238c9b0	0x2393d18	0x0a05	0xa	0x5	0xd53240	0x0
4	0x238c9b0	0x2393d30	0x0306	0x3	0x6	0xd52710	0x0
4	0x238c9b0	0x2393d48	0x0a07	0xa	0x7	0xd52cd0	0x0
4	0x238c9b0	0x2393d60	0x0a08	0xa	0x8	0xd537b0	0x0
4	0x238c9b0	0x2393d78	0x0309	0x3	0x9	0xd54980	0x0
4	0x238c9b0	0x2393d90	0x0a0a	0xa	0xa	0xd54f70	0x0
4	0x238c9b0	0x2393da8	0x030b	0x3	0xb	0xd53d80	0x0
4	0x238c9b0	0x2393dc0	0x0a0c	0xa	0xc	0xd543b0	0x0
4	0x238c9b0	0x2393dd8	0x030d	0x3	0xd	0xd59b90	0x0
4	0x238c9b0	0x2393df0	0x030e	0x3	0xe	0xd5a1c0	0x0
4	0x238c9b0	0x2393e08	0x0a0f	0xa	0xf	0xd595c0	0x0
4	0x238c9b0	0x2393e20	0x0210	0x2	0x10	0xd4f620	0x0
4	0x238c9b0	0x2393e38	0x0311	0x3	0x11	0xd4f0b0	0x0
4	0x238c9b0	0x2393e50	0x0212	0x2	0x12	0xd50650	0x0
4	0x238c9b0	0x2393e68	0x0313	0x3	0x13	0xd4fb60	0x0
4	0x238c9b0	0x2393e80	0x0214	0x2	0x14	0xd50110	0x0
4	0x238c9b0	0x2393e98	0x0315	0x3	0x15	0xd58aa0	0x0
4	0x238c9b0	0x2393eb0	0x0316	0x3	0x16	0xd59050	0x0
4	0x238c9b0	0x2393ec8	0x0217	0x2	0x17	0xd58560	0x0
4	0x238c9b0	0x2393ee0	0x0a18	0xa	0x18	0xd55540	0x0
4	0x238c9b0	0x2393ef8	0x0a19	0xa	0x19	0xd56760	0x0
4	0x238c9b0	0x2393f10	0x031a	0x3	0x1a	0xd55b30	0x0
4	0x238c9b0	0x2393f28	0x0a1b	0xa	0x1b	0xd56170	0x0
4	0x238c9b0	0x2393f40	0x031c	0x3	0x1c	0xd5b8d0	0x0
4	0x238c9b0	0x2393f58	0x0a1d	0xa	0x1d	0xd5b2e0	0x0
4	0x238c9b0	0x2393f70	0x0a1e	0xa	0x1e	0xd50b90	0x0
4	0x238c9b0	0x2393f88	0x0a1f	0xa	0x1f	0xd51c30	0x0
4	0x238c9b0	0x2393fa0	0x0320	0x3	0x20	0xd51100	0x0
4	0x238c9b0	0x2393fb8	0x0a21	0xa	0x21	0xd516c0	0x0
4	0x238c9b0	0x2393fd0	0x0322	0x3	0x22	0xd5ad20	0x0
4	0x238c9b0	0x2393fe8	0x0a23	0xa	0x23	0xd5a7b0	0x0
4	0x238c9b0	0x2394000	0x0200	0x2	0x0	0xd0a4e0	0x0
4	0x238c9b0	0x2394018	0x0201	0x2	0x1	0xd0afc0	0x0
4	0x238c9b0	0x2394030	0x0202	0x2	0x2	0xd09f70	0x0
4	0x238c9b0	0x2394048	0x0203	0x2	0x3	0xd0aa50	0x0
4	0x238c9b0	0x2394060	0x0200	0x2	0x0	0xd0b530	0x0
4	0x238c9b0	0x2394078	0x0201	0x2	0x1	0xd0ba70	0x0
4	0x238c9b0	0x23940a0	0x2700	0x27	0x0	0xc7a000	0x0
4	0x238c9b0	0x23940b8	0x0a01	0xa	0x1	0xc79970	0x0
4	0x238c9b0	0x23940d0	0x0702	0x7	0x2	0xc77280	0x0
4	0x238c9b0	0x23940e8	0x0a03	0xa	0x3	0xc76cc0	0x0
4	0x238c9b0	0x2394100	0x0a04	0xa	0x4	0xc77860	0x0
4	0x238c9b0	0x2394118	0x0305	0x3	0x5	0xc78580	0x0
4	0x238c9b0	0x2394130	0x0a06	0xa	0x6	0xc77ef0	0x0
4	0x238c9b0	0x2394148	0x0307	0x3	0x7	0xc792c0	0x0
4	0x238c9b0	0x2394160	0x0a08	0xa	0x8	0xc78c30	0x0
4	0x238c9b0	0x2394178	0x0a09	0xa	0x9	0xc74fc0	0x0
4	0x238c9b0	0x2394190	0x030a	0x3	0xa	0xc75b40	0x0
4	0x238c9b0	0x23941a8	0x0a0b	0xa	0xb	0xc75580	0x0
4	0x238c9b0	0x23941c0	0x030c	0x3	0xc	0xc766e0	0x0
4	0x238c9b0	0x23941d8	0x0a0d	0xa	0xd	0xc76120	0x0
4	0x238c9b0	0x2394200	0x0500	0x5	0x0	0xc693d0	0x0
4	0x238c9b0	0x2394218	0x0601	0x6	0x1	0xc69d10	0x0
4	0x238c9b0	0x2394230	0x0502	0x5	0x2	0xc69870	0x0
4	0x238c9b0	0x2394260	0x1900	0x19	0x0	0xd7c5e0	0x0
4	0x238c9b0	0x2394278	0x1901	0x19	0x1	0xd7cc30	0x0
4	0x238c9b0	0x2394290	0x1902	0x19	0x2	0xd73520	0x0
4	0x238c9b0	0x23942a8	0x1903	0x19	0x3	0xd76090	0x0
4	0x238c9b0	0x23942c0	0x1904	0x19	0x4	0xd766d0	0x0
4	0x238c9b0	0x23942d8	0x1905	0x19	0x5	0xd73b60	0x0
4	0x238c9b0	0x23942f0	0x1906	0x19	0x6	0xd70b60	0x0
4	0x238c9b0	0x2394308	0x1907	0x19	0x7	0xd6d6a0	0x0
4	0x238c9b0	0x2394320	0x1908	0x19	0x8	0xd6e250	0x0
4	0x238c9b0	0x2394338	0x1909	0x19	0x9	0xd71710	0x0
4	0x238c9b0	0x2394350	0x190a	0x19	0xa	0xd71120	0x0
4	0x238c9b0	0x2394368	0x190b	0x19	0xb	0xd71d00	0x0
4	0x238c9b0	0x2394380	0x190c	0x19	0xc	0xd6dc60	0x0
4	0x238c9b0	0x2394398	0x190d	0x19	0xd	0xd6e840	0x0
4	0x238c9b0	0x23943b0	0x190e	0x19	0xe	0xd72880	0x0
4	0x238c9b0	0x23943c8	0x190f	0x19	0xf	0xd753f0	0x0
4	0x238c9b0	0x23943e0	0x1910	0x19	0x10	0xd75a30	0x0
4	0x238c9b0	0x23943f8	0x1911	0x19	0x11	0xd72ec0	0x0
4	0x238c9b0	0x2394410	0x1912	0x19	0x12	0xd6f3c0	0x0
4	0x238c9b0	0x2394428	0x1913	0x19	0x13	0xd6bf00	0x0
4	0x238c9b0	0x2394440	0x1914	0x19	0x14	0xd6cab0	0x0
4	0x238c9b0	0x2394458	0x1915	0x19	0x15	0xd6ff70	0x0
4	0x238c9b0	0x2394470	0x1916	0x19	0x16	0xd6f980	0x0
4	0x238c9b0	0x2394488	0x1917	0x19	0x17	0xd70560	0x0
4	0x238c9b0	0x23944a0	0x1918	0x19	0x18	0xd6c4c0	0x0
4	0x238c9b0	0x23944b8	0x1919	0x19	0x19	0xd6d0a0	0x0
4	0x238c9b0	0x23944d0	0x191a	0x19	0x1a	0xd74dd0	0x0
4	0x238c9b0	0x23944e8	0x051b	0x5	0x1b	0xd6ba00	0x0
4	0x238c9b0	0x2394500	0x051c	0x5	0x1c	0xd6b030	0x0
4	0x238c9b0	0x2394518	0x191d	0x19	0x1d	0xd741c0	0x0
4	0x238c9b0	0x2394530	0x191e	0x19	0x1e	0xd747b0	0x0
4	0x238c9b0	0x2394548	0x031f	0x3	0x1f	0xd6ee40	0x0
4	0x238c9b0	0x2394560	0x0520	0x5	0x20	0xd6b530	0x0
4	0x238c9b0	0x2394578	0x1921	0x19	0x21	0xd7a660	0x0
4	0x238c9b0	0x2394590	0x1922	0x19	0x22	0xd78690	0x0
4	0x238c9b0	0x23945a8	0x1923	0x19	0x23	0xd76d30	0x0
4	0x238c9b0	0x23945c0	0x1924	0x19	0x24	0xd77a10	0x0
4	0x238c9b0	0x23945d8	0x1925	0x19	0x25	0xd7ac90	0x0
4	0x238c9b0	0x23945f0	0x1926	0x19	0x26	0xd78cd0	0x0
4	0x238c9b0	0x2394608	0x1927	0x19	0x27	0xd79310	0x0
4	0x238c9b0	0x2394620	0x2128	0x21	0x28	0xd79fb0	0x0
4	0x238c9b0	0x2394638	0x1929	0x19	0x29	0xd79960	0x0
4	0x238c9b0	0x2394650	0x192a	0x19	0x2a	0xd7b2c0	0x0
4	0x238c9b0	0x2394668	0x212b	0x21	0x2b	0xd7bf40	0x0
4	0x238c9b0	0x2394680	0x192c	0x19	0x2c	0xd7b900	0x0
4	0x238c9b0	0x2394698	0x192d	0x19	0x2d	0xd773a0	0x0
4	0x238c9b0	0x23946b0	0x192e	0x19	0x2e	0xd78050	0x0
4	0x238c9b0	0x23946c8	0x032f	0x3	0x2f	0xd72300	0x0
4	0x238c9b0	0x23946e0	0x0530	0x5	0x30	0x1761420	0x0
4	0x238c9b0	0x23946f8	0x0331	0x3	0x31	0x1761920	0x0
4	0x238c9b0	0x2394720	0x1900	0x19	0x0	0xdcc680	0x0
4	0x238c9b0	0x2394738	0x1301	0x13	0x1	0xdcbfd0	0x0
4	0x238c9b0	0x2394750	0x1302	0x13	0x2	0xdccd10	0x0
4	0x238c9b0	0x2394768	0x0303	0x3	0x3	0xdcd9d0	0x0
4	0x238c9b0	0x2394780	0x0504	0x5	0x4	0xdcd3c0	0x0
4	0x238c9b0	0x2394798	0x0505	0x5	0x5	0xdcdfe0	0x0
4	0x238c9b0	0x23947b0	0x2306	0x23	0x6	0xdced10	0x0
4	0x238c9b0	0x23947c8	0x1307	0x13	0x7	0xdce5f0	0x0
4	0x238c9b0	0x23947e0	0x1308	0x13	0x8	0xdcf450	0x0
4	0x238c9b0	0x2394800	0x0300	0x3	0x0	0xdf05d0	0x0
4	0x238c9b0	0x2394818	0x0201	0x2	0x1	0xdeffb0	0x0
4	0x238c9b0	0x2394830	0x0202	0x2	0x2	0xdf0bd0	0x0
4	0x238c9b0	0x2394848	0x0203	0x2	0x3	0xdee590	0x0
4	0x238c9b0	0x2394860	0x0304	0x3	0x4	0xdeeaa0	0x0
4	0x238c9b0	0x2394878	0x0205	0x2	0x5	0xdef010	0x0
4	0x238c9b0	0x2394890	0x0306	0x3	0x6	0xdefa40	0x0
4	0x238c9b0	0x23948a8	0x0207	0x2	0x7	0xdef520	0x0
4	0x238c9b0	0x23948c0	0x1900	0x19	0x0	0xe069e0	0x0
4	0x238c9b0	0x23948d8	0x1901	0x19	0x1	0xe076a0	0x0
4	0x238c9b0	0x23948f0	0x1902	0x19	0x2	0xe07030	0x0
4	0x238c9b0	0x2394920	0x0a00	0xa	0x0	0xd82f40	0x0
4	0x238c9b0	0x2394938	0x0301	0x3	0x1	0xd83480	0x0
4	0x238c9b0	0x2394950	0x0a02	0xa	0x2	0xd83a00	0x0
4	0x238c9b0	0x2394968	0x0303	0x3	0x3	0xd7eb70	0x0
4	0x238c9b0	0x2394980	0x0a04	0xa	0x4	0xd7e510	0x0
4	0x238c9b0	0x2394998	0x0a05	0xa	0x5	0xd7f1a0	0x0
4	0x238c9b0	0x23949b0	0x0306	0x3	0x6	0xd7d8c0	0x0
4	0x238c9b0	0x23949c8	0x0507	0x5	0x7	0xd7d290	0x0
4	0x238c9b0	0x23949e0	0x0508	0x5	0x8	0xd7dee0	0x0
4	0x238c9b0	0x23949f8	0x0d09	0xd	0x9	0xd81250	0x0
4	0x238c9b0	0x2394a10	0x130a	0x13	0xa	0xd80ba0	0x0
4	0x238c9b0	0x2394a28	0x130b	0x13	0xb	0xd81940	0x0
4	0x238c9b0	0x2394a40	0x0d0c	0xd	0xc	0xd7fe70	0x0
4	0x238c9b0	0x2394a58	0x050d	0x5	0xd	0xd7f800	0x0
4	0x238c9b0	0x2394a70	0x050e	0x5	0xe	0xd80530	0x0
4	0x238c9b0	0x2394a88	0x050f	0x5	0xf	0xd81ff0	0x0
4	0x238c9b0	0x2394aa0	0x0310	0x3	0x10	0xd824f0	0x0
4	0x238c9b0	0x2394ab8	0x0511	0x5	0x11	0xd82a40	0x0
4	0x238c9b0	0x2394ae0	0x0a00	0xa	0x0	0xd67aa0	0x0
4	0x238c9b0	0x2394af8	0x0301	0x3	0x1	0xd67fe0	0x0
4	0x238c9b0	0x2394b10	0x0a02	0xa	0x2	0xd68560	0x0
4	0x238c9b0	0x2394b28	0x0303	0x3	0x3	0xd636d0	0x0
4	0x238c9b0	0x2394b40	0x0a04	0xa	0x4	0xd63070	0x0
4	0x238c9b0	0x2394b58	0x0a05	0xa	0x5	0xd63d00	0x0
4	0x238c9b0	0x2394b70	0x0306	0x3	0x6	0xd62420	0x0
4	0x238c9b0	0x2394b88	0x0507	0x5	0x7	0xd61df0	0x0
4	0x238c9b0	0x2394ba0	0x0508	0x5	0x8	0xd62a40	0x0
4	0x238c9b0	0x2394bb8	0x0d09	0xd	0x9	0xd65db0	0x0
4	0x238c9b0	0x2394bd0	0x130a	0x13	0xa	0xd65700	0x0
4	0x238c9b0	0x2394be8	0x130b	0x13	0xb	0xd664a0	0x0
4	0x238c9b0	0x2394c00	0x0d0c	0xd	0xc	0xd649d0	0x0
4	0x238c9b0	0x2394c18	0x050d	0x5	0xd	0xd64360	0x0
4	0x238c9b0	0x2394c30	0x050e	0x5	0xe	0xd65090	0x0
4	0x238c9b0	0x2394c48	0x050f	0x5	0xf	0xd66b50	0x0
4	0x238c9b0	0x2394c60	0x0310	0x3	0x10	0xd67050	0x0
4	0x238c9b0	0x2394c78	0x0511	0x5	0x11	0xd675a0	0x0
4	0x238c9b0	0x2394ca0	0x0500	0x5	0x0	0xcb05c0	0x0
4	0x238c9b0	0x2394cb8	0x0301	0x3	0x1	0xcb0ae0	0x0
4	0x238c9b0	0x2394cd0	0x0502	0x5	0x2	0xcb1030	0x0
4	0x238c9b0	0x2394ce8	0x0303	0x3	0x3	0xcb1a70	0x0
4	0x238c9b0	0x2394d00	0x0504	0x5	0x4	0xcb1550	0x0
4	0x238c9b0	0x2394d20	0x0300	0x3	0x0	0xd0f9c0	0x0
4	0x238c9b0	0x2394d38	0x0501	0x5	0x1	0xd0f400	0x0
4	0x238c9b0	0x2394d50	0x0502	0x5	0x2	0xd0ff80	0x0
4	0x238c9b0	0x2394d80	0x0200	0x2	0x0	0xcd0d60	0x0
4	0x238c9b0	0x2394d98	0x0501	0x5	0x1	0xcd0890	0x0
4	0x238c9b0	0x2394db0	0x0002	0x0	0x2	0xcd12a0	0x0
4	0x238c9b0	0x2394de0	0x0b00	0xb	0x0	0xcf9a30	0x0
4	0x238c9b0	0x2394df8	0x2201	0x22	0x1	0xcf9490	0x0
4	0x238c9b0	0x2394e10	0x2202	0x22	0x2	0xcf9fa0	0x0
4	0x238c9b0	0x2394e28	0x0b03	0xb	0x3	0xcd28b0	0x0
4	0x238c9b0	0x2394e40	0x2204	0x22	0x4	0xcdaf50	0x0
4	0x238c9b0	0x2394e58	0x2205	0x22	0x5	0xcdc6d0	0x0
4	0x238c9b0	0x2394e70	0x0306	0x3	0x6	0xcd44a0	0x0
4	0x238c9b0	0x2394e88	0x0507	0x5	0x7	0xcd6ba0	0x0
4	0x238c9b0	0x2394ea0	0x0508	0x5	0x8	0xcd76c0	0x0
4	0x238c9b0	0x2394eb8	0x0709	0x7	0x9	0xcd5560	0x0
4	0x238c9b0	0x2394ed0	0x050a	0x5	0xa	0xcd8770	0x0
4	0x238c9b0	0x2394ee8	0x050b	0x5	0xb	0xcd9820	0x0
4	0x238c9b0	0x2394f00	0x050c	0x5	0xc	0x1747360	0x0
4	0x238c9b0	0x2394f18	0x190d	0x19	0xd	0x1748640	0x0
4	0x238c9b0	0x2394f30	0x050e	0x5	0xe	0x1748cc0	0x0
4	0x238c9b0	0x2394f48	0x190f	0x19	0xf	0x1747990	0x0
4	0x238c9b0	0x2394f60	0x0510	0x5	0x10	0x1748010	0x0
4	0x238c9b0	0x2394f78	0x0511	0x5	0x11	0x17453d0	0x0
4	0x238c9b0	0x2394f90	0x1912	0x19	0x12	0x17466b0	0x0
4	0x238c9b0	0x2394fa8	0x0513	0x5	0x13	0x1746d30	0x0
4	0x238c9b0	0x2394fc0	0x1914	0x19	0x14	0x1745a00	0x0
4	0x238c9b0	0x2394fd8	0x0515	0x5	0x15	0x1746080	0x0
4	0x238c9b0	0x2394ff0	0x0516	0x5	0x16	0x1743330	0x0
4	0x238c9b0	0x2395008	0x0317	0x3	0x17	0x1743870	0x0
4	0x238c9b0	0x2395020	0x0518	0x5	0x18	0x1743e10	0x0
4	0x238c9b0	0x2395038	0x1919	0x19	0x19	0xce0b00	0x0
4	0x238c9b0	0x2395050	0x051a	0x5	0x1a	0xce0520	0x0
4	0x238c9b0	0x2395068	0x191b	0x19	0x1b	0xce1710	0x0
4	0x238c9b0	0x2395080	0x051c	0x5	0x1c	0xce1d40	0x0
4	0x238c9b0	0x2395098	0x051d	0x5	0x1d	0xce1130	0x0
4	0x238c9b0	0x23950b0	0x051e	0x5	0x1e	0xce7020	0x0
4	0x238c9b0	0x23950c8	0x051f	0x5	0x1f	0xce7560	0x0
4	0x238c9b0	0x23950e0	0x0520	0x5	0x20	0xce7aa0	0x0
4	0x238c9b0	0x23950f8	0x0521	0x5	0x21	0xce8a40	0x0
4	0x238c9b0	0x2395110	0x0522	0x5	0x22	0xce8f40	0x0
4	0x238c9b0	0x2395128	0x0523	0x5	0x23	0xce9f00	0x0
4	0x238c9b0	0x2395140	0x0524	0x5	0x24	0xcfe910	0x0
4	0x238c9b0	0x2395158	0x0525	0x5	0x25	0xcfee50	0x0
4	0x238c9b0	0x2395170	0x0626	0x6	0x26	0xce84f0	0x0
4	0x238c9b0	0x2395188	0x0727	0x7	0x27	0xce99a0	0x0
4	0x238c9b0	0x23951a0	0x0628	0x6	0x28	0xce7fa0	0x0
4	0x238c9b0	0x23951b8	0x0729	0x7	0x29	0xce9440	0x0
4	0x238c9b0	0x23951d0	0x0b2a	0xb	0x2a	0xcd2320	0x0
4	0x238c9b0	0x23951e8	0x222b	0x22	0x2b	0xcda970	0x0
4	0x238c9b0	0x2395200	0x222c	0x22	0x2c	0xcdc0f0	0x0
4	0x238c9b0	0x2395218	0x0b2d	0xb	0x2d	0xcf8980	0x0
4	0x238c9b0	0x2395230	0x222e	0x22	0x2e	0xcf83e0	0x0
4	0x238c9b0	0x2395248	0x222f	0x22	0x2f	0xcf8ef0	0x0
4	0x238c9b0	0x2395260	0x0330	0x3	0x30	0xcd3f00	0x0
4	0x238c9b0	0x2395278	0x0531	0x5	0x31	0xcd6610	0x0
4	0x238c9b0	0x2395290	0x0532	0x5	0x32	0xcd7130	0x0
4	0x238c9b0	0x23952a8	0x0733	0x7	0x33	0xcd4a40	0x0
4	0x238c9b0	0x23952c0	0x0534	0x5	0x34	0xcd7c50	0x0
4	0x238c9b0	0x23952d8	0x0535	0x5	0x35	0xcd8d00	0x0
4	0x238c9b0	0x23952f0	0x0536	0x5	0x36	0x1744350	0x0
4	0x238c9b0	0x2395308	0x0337	0x3	0x37	0x17448b0	0x0
4	0x238c9b0	0x2395320	0x0538	0x5	0x38	0x1744e70	0x0
4	0x238c9b0	0x2395338	0x0539	0x5	0x39	0xce41c0	0x0
4	0x238c9b0	0x2395350	0x033a	0x3	0x3a	0xce4730	0x0
4	0x238c9b0	0x2395368	0x053b	0x5	0x3b	0xce4d00	0x0
4	0x238c9b0	0x2395380	0x053c	0x5	0x3c	0x17581b0	0x0
4	0x238c9b0	0x2395398	0x0b3d	0xb	0x3d	0xcd1d90	0x0
4	0x238c9b0	0x23953b0	0x223e	0x22	0x3e	0xcda390	0x0
4	0x238c9b0	0x23953c8	0x223f	0x22	0x3f	0xcdbb10	0x0
4	0x238c9b0	0x23953e0	0x0b40	0xb	0x40	0xcfc600	0x0
4	0x238c9b0	0x23953f8	0x0541	0x5	0x41	0xcfdcf0	0x0
4	0x238c9b0	0x2395410	0x0542	0x5	0x42	0xcfe300	0x0
4	0x238c9b0	0x2395428	0x0b43	0xb	0x43	0xcd1800	0x0
4	0x238c9b0	0x2395440	0x2244	0x22	0x44	0xcd9db0	0x0
4	0x238c9b0	0x2395458	0x2245	0x22	0x45	0xcdb530	0x0
4	0x238c9b0	0x2395470	0x1946	0x19	0x46	0xcfaab0	0x0
4	0x238c9b0	0x2395488	0x2247	0x22	0x47	0xcfa540	0x0
4	0x238c9b0	0x23954a0	0x2248	0x22	0x48	0xcfb030	0x0
4	0x238c9b0	0x23954b8	0x0749	0x7	0x49	0xcd4fd0	0x0
4	0x238c9b0	0x23954d0	0x054a	0x5	0x4a	0xcd81e0	0x0
4	0x238c9b0	0x23954e8	0x054b	0x5	0x4b	0xcd9290	0x0
4	0x238c9b0	0x2395500	0x054c	0x5	0x4c	0xcffe10	0x0
4	0x238c9b0	0x2395518	0x054d	0x5	0x4d	0xd00340	0x0
4	0x238c9b0	0x2395530	0x034e	0x3	0x4e	0xd00e10	0x0
4	0x238c9b0	0x2395548	0x034f	0x3	0x4f	0xd00870	0x0
4	0x238c9b0	0x2395560	0x0b50	0xb	0x50	0xcd33d0	0x0
4	0x238c9b0	0x2395578	0x2251	0x22	0x51	0xcdd290	0x0
4	0x238c9b0	0x2395590	0x2252	0x22	0x52	0xcdde50	0x0
4	0x238c9b0	0x23955a8	0x0b53	0xb	0x53	0xcd2e40	0x0
4	0x238c9b0	0x23955c0	0x2254	0x22	0x54	0xcdccb0	0x0
4	0x238c9b0	0x23955d8	0x2255	0x22	0x55	0xcdd870	0x0
4	0x238c9b0	0x23955f0	0x0356	0x3	0x56	0xcd3960	0x0
4	0x238c9b0	0x2395608	0x0557	0x5	0x57	0xcd5af0	0x0
4	0x238c9b0	0x2395620	0x0558	0x5	0x58	0xcd6080	0x0
4	0x238c9b0	0x2395638	0x1759	0x17	0x59	0xcfbb10	0x0
4	0x238c9b0	0x2395650	0x225a	0x22	0x5a	0xcfb5a0	0x0
4	0x238c9b0	0x2395668	0x225b	0x22	0x5b	0xcfc090	0x0
4	0x238c9b0	0x2395680	0x055c	0x5	0x5c	0xcea400	0x0
4	0x238c9b0	0x2395698	0x055d	0x5	0x5d	0xcea940	0x0
4	0x238c9b0	0x23956b0	0x055e	0x5	0x5e	0xceae80	0x0
4	0x238c9b0	0x23956c8	0x055f	0x5	0x5f	0xcebe20	0x0
4	0x238c9b0	0x23956e0	0x0560	0x5	0x60	0xcec320	0x0
4	0x238c9b0	0x23956f8	0x0561	0x5	0x61	0xced2e0	0x0
4	0x238c9b0	0x2395710	0x0562	0x5	0x62	0xcff390	0x0
4	0x238c9b0	0x2395728	0x0563	0x5	0x63	0xcff8d0	0x0
4	0x238c9b0	0x2395740	0x0664	0x6	0x64	0xceb8d0	0x0
4	0x238c9b0	0x2395758	0x0765	0x7	0x65	0xcecd80	0x0
4	0x238c9b0	0x2395770	0x0666	0x6	0x66	0xceb380	0x0
4	0x238c9b0	0x2395788	0x0767	0x7	0x67	0xcec820	0x0
4	0x238c9b0	0x23957a0	0x0368	0x3	0x68	0xcdf9b0	0x0
4	0x238c9b0	0x23957b8	0x0569	0x5	0x69	0xcdf420	0x0
4	0x238c9b0	0x23957d0	0x056a	0x5	0x6a	0xcdff90	0x0
4	0x238c9b0	0x23957e8	0x036b	0x3	0x6b	0x174d340	0x0
4	0x238c9b0	0x2395800	0x0a6c	0xa	0x6c	0x174cd60	0x0
4	0x238c9b0	0x2395818	0x036d	0x3	0x6d	0x174df50	0x0
4	0x238c9b0	0x2395830	0x0a6e	0xa	0x6e	0x174e580	0x0
4	0x238c9b0	0x2395848	0x0a6f	0xa	0x6f	0x174d970	0x0
4	0x238c9b0	0x2395860	0x0570	0x5	0x70	0x174b0a0	0x0
4	0x238c9b0	0x2395878	0x1971	0x19	0x71	0x174c1d0	0x0
4	0x238c9b0	0x2395890	0x0572	0x5	0x72	0x174c7c0	0x0
4	0x238c9b0	0x23958a8	0x1973	0x19	0x73	0x174b640	0x0
4	0x238c9b0	0x23958c0	0x0574	0x5	0x74	0x174bc30	0x0
4	0x238c9b0	0x23958d8	0x1975	0x19	0x75	0xce2920	0x0
4	0x238c9b0	0x23958f0	0x1376	0x13	0x76	0xce2320	0x0
4	0x238c9b0	0x2395908	0x1977	0x19	0x77	0xce3570	0x0
4	0x238c9b0	0x2395920	0x1378	0x13	0x78	0xce3bc0	0x0
4	0x238c9b0	0x2395938	0x1379	0x13	0x79	0xce2f70	0x0
4	0x238c9b0	0x2395950	0x057f	0x5	0x7f	0xd013b0	0x0
4	0x238c9b0	0x2395968	0x0680	0x6	0x80	0xd018b0	0x0
4	0x238c9b0	0x2395980	0x0581	0x5	0x81	0xd01e00	0x0
4	0x238c9b0	0x2395998	0x0582	0x5	0x82	0xd02300	0x0
4	0x238c9b0	0x23959b0	0x0383	0x3	0x83	0xd02830	0x0
4	0x238c9b0	0x23959c8	0x0584	0x5	0x84	0xd02db0	0x0
4	0x238c9b0	0x23959e0	0x0a85	0xa	0x85	0xd05600	0x0
4	0x238c9b0	0x23959f8	0x0386	0x3	0x86	0xd05bc0	0x0
4	0x238c9b0	0x2395a10	0x0a87	0xa	0x87	0xd061d0	0x0
4	0x238c9b0	0x2395a28	0x0a88	0xa	0x88	0xd04470	0x0
4	0x238c9b0	0x2395a40	0x0389	0x3	0x89	0xd04a30	0x0
4	0x238c9b0	0x2395a58	0x0a8a	0xa	0x8a	0xd05040	0x0
4	0x238c9b0	0x2395a70	0x0b8b	0xb	0x8b	0xcf3630	0x0
4	0x238c9b0	0x2395a88	0x228c	0x22	0x8c	0xcf3020	0x0
4	0x238c9b0	0x2395aa0	0x228d	0x22	0x8d	0xcf3bf0	0x0
4	0x238c9b0	0x2395ab8	0x0b8e	0xb	0x8e	0xcf2450	0x0
4	0x238c9b0	0x2395ad0	0x228f	0x22	0x8f	0xcf1e40	0x0
4	0x238c9b0	0x2395ae8	0x2290	0x22	0x90	0xcf2a10	0x0
4	0x238c9b0	0x2395b00	0x0391	0x3	0x91	0xcf47c0	0x0
4	0x238c9b0	0x2395b18	0x2292	0x22	0x92	0xcf4200	0x0
4	0x238c9b0	0x2395b30	0x2293	0x22	0x93	0xcf4d90	0x0
4	0x238c9b0	0x2395b48	0x0794	0x7	0x94	0xcf5910	0x0
4	0x238c9b0	0x2395b60	0x2295	0x22	0x95	0xcf5350	0x0
4	0x238c9b0	0x2395b78	0x2296	0x22	0x96	0xcf5ee0	0x0
4	0x238c9b0	0x2395b90	0x0397	0x3	0x97	0xcf6ac0	0x0
4	0x238c9b0	0x2395ba8	0x0a98	0xa	0x98	0xcf64a0	0x0
4	0x238c9b0	0x2395bc0	0x0399	0x3	0x99	0xcf7750	0x0
4	0x238c9b0	0x2395bd8	0x0a9a	0xa	0x9a	0xcf7dc0	0x0
4	0x238c9b0	0x2395bf0	0x0a9b	0xa	0x9b	0xcf7130	0x0
4	0x238c9b0	0x2395c08	0x0a9c	0xa	0x9c	0xd032e0	0x0
4	0x238c9b0	0x2395c20	0x039d	0x3	0x9d	0xd038a0	0x0
4	0x238c9b0	0x2395c38	0x0a9e	0xa	0x9e	0xd03eb0	0x0
4	0x238c9b0	0x2395c50	0x0b9f	0xb	0x9f	0xceefd0	0x0
4	0x238c9b0	0x2395c68	0x22a0	0x22	0xa0	0xcee9c0	0x0
4	0x238c9b0	0x2395c80	0x22a1	0x22	0xa1	0xcef590	0x0
4	0x238c9b0	0x2395c98	0x0ba2	0xb	0xa2	0xceddf0	0x0
4	0x238c9b0	0x2395cb0	0x22a3	0x22	0xa3	0xced7e0	0x0
4	0x238c9b0	0x2395cc8	0x22a4	0x22	0xa4	0xcee3b0	0x0
4	0x238c9b0	0x2395ce0	0x03a5	0x3	0xa5	0xcf0160	0x0
4	0x238c9b0	0x2395cf8	0x22a6	0x22	0xa6	0xcefba0	0x0
4	0x238c9b0	0x2395d10	0x22a7	0x22	0xa7	0xcf0730	0x0
4	0x238c9b0	0x2395d28	0x07a8	0x7	0xa8	0xcf12b0	0x0
4	0x238c9b0	0x2395d40	0x22a9	0x22	0xa9	0xcf0cf0	0x0
4	0x238c9b0	0x2395d58	0x22aa	0x22	0xaa	0xcf1880	0x0
4	0x238c9b0	0x2395d70	0x05ab	0x5	0xab	0x174eb60	0x0
4	0x238c9b0	0x2395d88	0x19ac	0x19	0xac	0x174fdb0	0x0
4	0x238c9b0	0x2395da0	0x05ad	0x5	0xad	0x1750400	0x0
4	0x238c9b0	0x2395db8	0x19ae	0x19	0xae	0x174f160	0x0
4	0x238c9b0	0x2395dd0	0x05af	0x5	0xaf	0x174f7b0	0x0
4	0x238c9b0	0x2395de8	0x19b0	0x19	0xb0	0x1751000	0x0
4	0x238c9b0	0x2395e00	0x13b1	0x13	0xb1	0x1750a00	0x0
4	0x238c9b0	0x2395e18	0x19b2	0x19	0xb2	0x1751c50	0x0
4	0x238c9b0	0x2395e30	0x13b3	0x13	0xb3	0x17522a0	0x0
4	0x238c9b0	0x2395e48	0x13b4	0x13	0xb4	0x1751650	0x0
4	0x238c9b0	0x2395e60	0x06b5	0x6	0xb5	0x1742810	0x0
4	0x238c9b0	0x2395e78	0x05b6	0x5	0xb6	0x17422b0	0x0
4	0x238c9b0	0x2395e90	0x05b7	0x5	0xb7	0x1742dd0	0x0
4	0x238c9b0	0x2395ea8	0x03b8	0x3	0xb8	0xcfd160	0x0
4	0x238c9b0	0x2395ec0	0x03b9	0x3	0xb9	0xcfd740	0x0
4	0x238c9b0	0x2395ed8	0x05ba	0x5	0xba	0xcfcbc0	0x0
4	0x238c9b0	0x2395ef0	0x03bb	0x3	0xbb	0xd06cc0	0x0
4	0x238c9b0	0x2395f08	0x05bc	0x5	0xbc	0xd06790	0x0
4	0x238c9b0	0x2395f20	0x05bd	0x5	0xbd	0x17492f0	0x0
4	0x238c9b0	0x2395f38	0x19be	0x19	0xbe	0x174a4b0	0x0
4	0x238c9b0	0x2395f50	0x05bf	0x5	0xbf	0x174aad0	0x0
4	0x238c9b0	0x2395f68	0x19c0	0x19	0xc0	0x17498c0	0x0
4	0x238c9b0	0x2395f80	0x05c1	0x5	0xc1	0x1749ee0	0x0
4	0x238c9b0	0x2395fa0	0x0500	0x5	0x0	0xd0ef80	0x0
4	0x238c9b0	0x2395fc0	0x0a00	0xa	0x0	0xdde920	0x0
4	0x238c9b0	0x2395fd8	0x0a01	0xa	0x1	0xddef10	0x0
4	0x238c9b0	0x2395ff0	0x0a02	0xa	0x2	0xddf500	0x0
4	0x238c9b0	0x2396008	0x0503	0x5	0x3	0xdcfb70	0x0
4	0x238c9b0	0x2396020	0x0504	0x5	0x4	0xdd00b0	0x0
4	0x238c9b0	0x2396038	0x0705	0x7	0x5	0xdd0c40	0x0
4	0x238c9b0	0x2396050	0x1306	0x13	0x6	0xdd0600	0x0
4	0x238c9b0	0x2396068	0x1307	0x13	0x7	0xdd1280	0x0
4	0x238c9b0	0x2396080	0x1908	0x19	0x8	0xdd3060	0x0
4	0x238c9b0	0x2396098	0x1309	0x13	0x9	0xdd2a00	0x0
4	0x238c9b0	0x23960b0	0x130a	0x13	0xa	0xdd36c0	0x0
4	0x238c9b0	0x23960c8	0x070b	0x7	0xb	0xdd1e80	0x0
4	0x238c9b0	0x23960e0	0x050c	0x5	0xc	0xdd18c0	0x0
4	0x238c9b0	0x23960f8	0x050d	0x5	0xd	0xdd2440	0x0
4	0x238c9b0	0x2396110	0x030e	0x3	0xe	0xdd4300	0x0
4	0x238c9b0	0x2396128	0x050f	0x5	0xf	0xdd3d20	0x0
4	0x238c9b0	0x2396140	0x0510	0x5	0x10	0xdd48f0	0x0
4	0x238c9b0	0x2396158	0x2311	0x23	0x11	0xdd55f0	0x0
4	0x238c9b0	0x2396170	0x1312	0x13	0x12	0xdd4ed0	0x0
4	0x238c9b0	0x2396188	0x1313	0x13	0x13	0xdd5d50	0x0
4	0x238c9b0	0x23961a0	0x2314	0x23	0x14	0xdd6b20	0x0
4	0x238c9b0	0x23961b8	0x1315	0x13	0x15	0xdd6470	0x0
4	0x238c9b0	0x23961d0	0x1316	0x13	0x16	0xdd71e0	0x0
4	0x238c9b0	0x23961e8	0x0a17	0xa	0x17	0xdd7890	0x0
4	0x238c9b0	0x2396200	0x0318	0x3	0x18	0xdd7e20	0x0
4	0x238c9b0	0x2396218	0x0a19	0xa	0x19	0xdd8400	0x0
4	0x238c9b0	0x2396230	0x031a	0x3	0x1a	0xdd9e50	0x0
4	0x238c9b0	0x2396248	0x0a1b	0xa	0x1b	0xdd98c0	0x0
4	0x238c9b0	0x2396260	0x0a1c	0xa	0x1c	0xddae70	0x0
4	0x238c9b0	0x2396278	0x031d	0x3	0x1d	0xddb480	0x0
4	0x238c9b0	0x2396290	0x0a1e	0xa	0x1e	0xddbae0	0x0
4	0x238c9b0	0x23962a8	0x031f	0x3	0x1f	0xddd790	0x0
4	0x238c9b0	0x23962c0	0x0a20	0xa	0x20	0xddd180	0x0
4	0x238c9b0	0x23962d8	0x0521	0x5	0x21	0xdd8990	0x0
4	0x238c9b0	0x23962f0	0x0322	0x3	0x22	0xdd8e80	0x0
4	0x238c9b0	0x2396308	0x0523	0x5	0x23	0xdd93d0	0x0
4	0x238c9b0	0x2396320	0x0324	0x3	0x24	0xdda920	0x0
4	0x238c9b0	0x2396338	0x0525	0x5	0x25	0xdda430	0x0
4	0x238c9b0	0x2396350	0x0226	0x2	0x26	0xddc0f0	0x0
4	0x238c9b0	0x2396368	0x0327	0x3	0x27	0xddc650	0x0
4	0x238c9b0	0x2396380	0x0228	0x2	0x28	0xddcc20	0x0
4	0x238c9b0	0x2396398	0x0329	0x3	0x29	0xdde350	0x0
4	0x238c9b0	0x23963b0	0x022a	0x2	0x2a	0xddddf0	0x0
4	0x238c9b0	0x23963e0	0x0500	0x5	0x0	0x1764b60	0x0
4	0x238c9b0	0x23963f8	0x1901	0x19	0x1	0x17651f0	0x0
4	0x238c9b0	0x2396410	0x0502	0x5	0x2	0x1765850	0x0
4	0x238c9b0	0x2396428	0x1903	0x19	0x3	0xd92c10	0x0
4	0x238c9b0	0x2396440	0x0504	0x5	0x4	0xd925f0	0x0
4	0x238c9b0	0x2396458	0x0505	0x5	0x5	0xd93230	0x0
4	0x238c9b0	0x2396470	0x1906	0x19	0x6	0x1763e70	0x0
4	0x238c9b0	0x2396488	0x0507	0x5	0x7	0x17637e0	0x0
4	0x238c9b0	0x23964a0	0x0508	0x5	0x8	0x17644d0	0x0
4	0x238c9b0	0x23964b8	0x0709	0x7	0x9	0xd91a60	0x0
4	0x238c9b0	0x23964d0	0x050a	0x5	0xa	0xd91490	0x0
4	0x238c9b0	0x23964e8	0x050b	0x5	0xb	0xd92020	0x0
4	0x238c9b0	0x2396500	0x0d0c	0xd	0xc	0xd93ea0	0x0
4	0x238c9b0	0x2396518	0x050d	0x5	0xd	0xd93850	0x0
4	0x238c9b0	0x2396530	0x050e	0x5	0xe	0xd94530	0x0
4	0x238c9b0	0x2396548	0x050f	0x5	0xf	0xd94b80	0x0
4	0x238c9b0	0x2396560	0x0310	0x3	0x10	0xd95080	0x0
4	0x238c9b0	0x2396578	0x0511	0x5	0x11	0xd955d0	0x0
4	0x238c9b0	0x2396590	0x0512	0x5	0x12	0xd95ad0	0x0
4	0x238c9b0	0x23965a8	0x0313	0x3	0x13	0xd95fd0	0x0
4	0x238c9b0	0x23965c0	0x0514	0x5	0x14	0xd96520	0x0
4	0x238c9b0	0x23965d8	0x0315	0x3	0x15	0xd97ea0	0x0
4	0x238c9b0	0x23965f0	0x0516	0x5	0x16	0xd979a0	0x0
4	0x238c9b0	0x2396608	0x0217	0x2	0x17	0xd96a20	0x0
4	0x238c9b0	0x2396620	0x0318	0x3	0x18	0xd96f30	0x0
4	0x238c9b0	0x2396638	0x0219	0x2	0x19	0xd97490	0x0
4	0x238c9b0	0x2396650	0x031a	0x3	0x1a	0xd98900	0x0
4	0x238c9b0	0x2396668	0x021b	0x2	0x1b	0xd983f0	0x0
4	0x238c9b0	0x2396680	0x0600	0x6	0x0	0xcb9dd0	0x0
4	0x238c9b0	0x2396698	0x0601	0x6	0x1	0xcba2f0	0x0
4	0x238c9b0	0x23966b0	0x0502	0x5	0x2	0xcbb780	0x0
4	0x238c9b0	0x23966c8	0x0503	0x5	0x3	0xcbbcf0	0x0
4	0x238c9b0	0x23966e0	0x2204	0x22	0x4	0x1738920	0x0
4	0x238c9b0	0x23966f8	0x0507	0x5	0x7	0xcbd380	0x0
4	0x238c9b0	0x2396710	0x1308	0x13	0x8	0xcbd9b0	0x0
4	0x238c9b0	0x2396728	0x0509	0x5	0x9	0x1738f30	0x0
4	0x238c9b0	0x2396740	0x060a	0x6	0xa	0xcba810	0x0
4	0x238c9b0	0x2396758	0x060b	0x6	0xb	0xcb98b0	0x0
4	0x238c9b0	0x2396770	0x060c	0x6	0xc	0xcb9390	0x0
4	0x238c9b0	0x2396788	0x060d	0x6	0xd	0xcbad30	0x0
4	0x238c9b0	0x23967a0	0x050e	0x5	0xe	0xcbb280	0x0
4	0x238c9b0	0x23967b8	0x050f	0x5	0xf	0xcbc2b0	0x0
4	0x238c9b0	0x23967e0	0x1300	0x13	0x0	0x175b250	0x0
4	0x238c9b0	0x23967f8	0x1301	0x13	0x1	0x175b940	0x0
4	0x238c9b0	0x2396810	0x1302	0x13	0x2	0x175ab50	0x0
4	0x238c9b0	0x2396828	0x1903	0x19	0x3	0xd16de0	0x0
4	0x238c9b0	0x2396840	0x1904	0x19	0x4	0xd18190	0x0
4	0x238c9b0	0x2396858	0x1305	0x13	0x5	0xd17b00	0x0
4	0x238c9b0	0x2396870	0x1306	0x13	0x6	0xd18820	0x0
4	0x238c9b0	0x2396888	0x1307	0x13	0x7	0xd17470	0x0
4	0x238c9b0	0x23968a0	0x1908	0x19	0x8	0x1759ca0	0x0
4	0x238c9b0	0x23968b8	0x1909	0x19	0x9	0x1758df0	0x0
4	0x238c9b0	0x23968d0	0x130a	0x13	0xa	0x1758680	0x0
4	0x238c9b0	0x23968e8	0x130b	0x13	0xb	0x1759530	0x0
4	0x238c9b0	0x2396900	0x130c	0x13	0xc	0x175a3e0	0x0
4	0x238c9b0	0x2396918	0x070d	0x7	0xd	0xd14e30	0x0
4	0x238c9b0	0x2396930	0x070e	0x7	0xe	0xd16140	0x0
4	0x238c9b0	0x2396948	0x0a0f	0xa	0xf	0xd15ae0	0x0
4	0x238c9b0	0x2396960	0x0a10	0xa	0x10	0xd16780	0x0
4	0x238c9b0	0x2396978	0x0a11	0xa	0x11	0xd15480	0x0
4	0x238c9b0	0x2396990	0x0d12	0xd	0x12	0xd1d610	0x0
4	0x238c9b0	0x23969a8	0x0d13	0xd	0x13	0xd1ea90	0x0
4	0x238c9b0	0x23969c0	0x1314	0x13	0x14	0xd1e3e0	0x0
4	0x238c9b0	0x23969d8	0x1315	0x13	0x15	0xd1f1b0	0x0
4	0x238c9b0	0x23969f0	0x1316	0x13	0x16	0xd1dd30	0x0
4	0x238c9b0	0x2396a08	0x0d17	0xd	0x17	0xd1f860	0x0
4	0x238c9b0	0x2396a20	0x0d18	0xd	0x18	0xd20da0	0x0
4	0x238c9b0	0x2396a38	0x1319	0x13	0x19	0xd206b0	0x0
4	0x238c9b0	0x2396a50	0x131a	0x13	0x1a	0xd21500	0x0
4	0x238c9b0	0x2396a68	0x131b	0x13	0x1b	0xd1ffc0	0x0
4	0x238c9b0	0x2396a80	0x231c	0x23	0x1c	0xd195e0	0x0
4	0x238c9b0	0x2396a98	0x231d	0x23	0x1d	0xd1c770	0x0
4	0x238c9b0	0x2396ab0	0x131e	0x13	0x1e	0xd1c040	0x0
4	0x238c9b0	0x2396ac8	0x131f	0x13	0x1f	0xd1cee0	0x0
4	0x238c9b0	0x2396ae0	0x1320	0x13	0x20	0xd1b910	0x0
4	0x238c9b0	0x2396af8	0x2321	0x23	0x21	0xd18eb0	0x0
4	0x238c9b0	0x2396b10	0x2322	0x23	0x22	0xd1ab10	0x0
4	0x238c9b0	0x2396b28	0x1323	0x13	0x23	0xd1a430	0x0
4	0x238c9b0	0x2396b40	0x1324	0x13	0x24	0xd1b230	0x0
4	0x238c9b0	0x2396b58	0x1325	0x13	0x25	0xd19d50	0x0
4	0x238c9b0	0x2396b70	0x1326	0x13	0x26	0x175c750	0x0
4	0x238c9b0	0x2396b88	0x1927	0x19	0x27	0x175c040	0x0
4	0x238c9b0	0x2396ba0	0x1328	0x13	0x28	0x175dce0	0x0
4	0x238c9b0	0x2396bb8	0x1929	0x19	0x29	0x175ce90	0x0
4	0x238c9b0	0x2396bd0	0x132a	0x13	0x2a	0x175d5a0	0x0
4	0x238c9b0	0x2396c00	0x0700	0x7	0x0	0xc72b10	0x0
4	0x238c9b0	0x2396c18	0x0a01	0xa	0x1	0xc72530	0x0
4	0x238c9b0	0x2396c30	0x0502	0x5	0x2	0x17347d0	0x0
4	0x238c9b0	0x2396c48	0x0303	0x3	0x3	0x17341b0	0x0
4	0x238c9b0	0x2396c60	0x0504	0x5	0x4	0x1734e40	0x0
4	0x238c9b0	0x2396c78	0x0705	0x7	0x5	0xc70270	0x0
4	0x238c9b0	0x2396c90	0x0206	0x2	0x6	0xc6fd20	0x0
4	0x238c9b0	0x2396ca8	0x0307	0x3	0x7	0xc6c300	0x0
4	0x238c9b0	0x2396cc0	0x0508	0x5	0x8	0xc6bce0	0x0
4	0x238c9b0	0x2396cd8	0x0509	0x5	0x9	0xc6c920	0x0
4	0x238c9b0	0x2396cf0	0x050a	0x5	0xa	0x17334f0	0x0
4	0x238c9b0	0x2396d08	0x050b	0x5	0xb	0x1733b50	0x0
4	0x238c9b0	0x2396d20	0x190c	0x19	0xc	0x1732e90	0x0
4	0x238c9b0	0x2396d38	0x050d	0x5	0xd	0x1732170	0x0
4	0x238c9b0	0x2396d50	0x050e	0x5	0xe	0x1732800	0x0
4	0x238c9b0	0x2396d68	0x070f	0x7	0xf	0xc6b720	0x0
4	0x238c9b0	0x2396d80	0x0510	0x5	0x10	0xc6ab80	0x0
4	0x238c9b0	0x2396d98	0x0511	0x5	0x11	0xc6b150	0x0
4	0x238c9b0	0x2396db0	0x0d12	0xd	0x12	0xc6d590	0x0
4	0x238c9b0	0x2396dc8	0x0513	0x5	0x13	0xc6cf40	0x0
4	0x238c9b0	0x2396de0	0x0514	0x5	0x14	0xc6dc20	0x0
4	0x238c9b0	0x2396df8	0x0515	0x5	0x15	0xc730f0	0x0
4	0x238c9b0	0x2396e10	0x0316	0x3	0x16	0xc735f0	0x0
4	0x238c9b0	0x2396e28	0x0517	0x5	0x17	0xc73b10	0x0
4	0x238c9b0	0x2396e40	0x0a18	0xa	0x18	0xc707d0	0x0
4	0x238c9b0	0x2396e58	0x0319	0x3	0x19	0xc71390	0x0
4	0x238c9b0	0x2396e70	0x0a1a	0xa	0x1a	0xc70db0	0x0
4	0x238c9b0	0x2396e88	0x031b	0x3	0x1b	0xc71f50	0x0
4	0x238c9b0	0x2396ea0	0x0a1c	0xa	0x1c	0xc71970	0x0
4	0x238c9b0	0x2396eb8	0x051d	0x5	0x1d	0xc74010	0x0
4	0x238c9b0	0x2396ed0	0x031e	0x3	0x1e	0xc74540	0x0
4	0x238c9b0	0x2396ee8	0x051f	0x5	0x1f	0xc74a90	0x0
4	0x238c9b0	0x2396f00	0x0220	0x2	0x20	0xc6e270	0x0
4	0x238c9b0	0x2396f18	0x0321	0x3	0x21	0xc6ed10	0x0
4	0x238c9b0	0x2396f30	0x0222	0x2	0x22	0xc6e7c0	0x0
4	0x238c9b0	0x2396f48	0x0323	0x3	0x23	0xc6f7c0	0x0
4	0x238c9b0	0x2396f60	0x0224	0x2	0x24	0xc6f270	0x0
4	0x238c9b0	0x2396f80	0x0500	0x5	0x0	0xd8edb0	0x0
4	0x238c9b0	0x2396f98	0x0501	0x5	0x1	0xd8cf40	0x0
4	0x238c9b0	0x2396fb0	0x0502	0x5	0x2	0xd90190	0x0
4	0x238c9b0	0x2396fc8	0x0503	0x5	0x3	0xd90630	0x0
4	0x238c9b0	0x2396fe0	0x0304	0x3	0x4	0xd8dda0	0x0
4	0x238c9b0	0x2396ff8	0x0305	0x3	0x5	0xd8e300	0x0
4	0x238c9b0	0x2397010	0x0506	0x5	0x6	0xd8fcf0	0x0
4	0x238c9b0	0x2397028	0x0507	0x5	0x7	0xd90ae0	0x0
4	0x238c9b0	0x2397040	0x0308	0x3	0x8	0xd8e860	0x0
4	0x238c9b0	0x2397058	0x0309	0x3	0x9	0xd8f290	0x0
4	0x238c9b0	0x2397070	0x050a	0x5	0xa	0xd8f7f0	0x0
4	0x238c9b0	0x2397088	0x050b	0x5	0xb	0xd8c110	0x0
4	0x238c9b0	0x23970a0	0x060c	0x6	0xc	0xd8c5b0	0x0
4	0x238c9b0	0x23970b8	0x050d	0x5	0xd	0xd8caa0	0x0
4	0x238c9b0	0x23970d0	0x060e	0x6	0xe	0xd8d8a0	0x0
4	0x238c9b0	0x23970e8	0x050f	0x5	0xf	0xd8d400	0x0
4	0x238c9b0	0x2397100	0x0700	0x7	0x0	0xcbe550	0x0
4	0x238c9b0	0x2397118	0x0701	0x7	0x1	0xcbe030	0x0
4	0x238c9b0	0x2397130	0x0702	0x7	0x2	0xcbeaa0	0x0
4	0x238c9b0	0x2397148	0x0503	0x5	0x3	0xcbffb0	0x0
4	0x238c9b0	0x2397160	0x0704	0x7	0x4	0xcbf510	0x0
4	0x238c9b0	0x2397178	0x0705	0x7	0x5	0xcbeff0	0x0
4	0x238c9b0	0x2397190	0x0506	0x5	0x6	0xcc0480	0x0
4	0x238c9b0	0x23971a8	0x0707	0x7	0x7	0xcbfa60	0x0
4	0x238c9b0	0x23971c0	0x0500	0x5	0x0	0xcc1720	0x0
4	0x238c9b0	0x23971d8	0x0501	0x5	0x1	0x173c1a0	0x0
4	0x238c9b0	0x23971f0	0x0502	0x5	0x2	0x173bd20	0x0
4	0x238c9b0	0x2397220	0x0300	0x3	0x0	0xdb36b0	0x0
4	0x238c9b0	0x2397238	0x0601	0x6	0x1	0x176abb0	0x0
4	0x238c9b0	0x2397250	0x0602	0x6	0x2	0x176a6d0	0x0
4	0x238c9b0	0x2397268	0x0603	0x6	0x3	0xdb3bc0	0x0
4	0x238c9b0	0x2397280	0x0700	0x7	0x0	0xcb8340	0x0
4	0x238c9b0	0x2397298	0x0701	0x7	0x1	0xcb8e10	0x0
4	0x238c9b0	0x23972b0	0x0702	0x7	0x2	0xcb7df0	0x0
4	0x238c9b0	0x23972c8	0x0703	0x7	0x3	0xcb8890	0x0
4	0x238c9b0	0x23972e0	0x0500	0x5	0x0	0xcb6620	0x0
4	0x238c9b0	0x23972f8	0x0601	0x6	0x1	0xcb6ac0	0x0
4	0x238c9b0	0x2397310	0x0502	0x5	0x2	0xcb6fb0	0x0
4	0x238c9b0	0x2397328	0x0603	0x6	0x3	0xcb78f0	0x0
4	0x238c9b0	0x2397340	0x0504	0x5	0x4	0xcb7450	0x0
4	0x238c9b0	0x2397360	0x0500	0x5	0x0	0xcc0950	0x0
4	0x238c9b0	0x2397378	0x0501	0x5	0x1	0x1739590	0x0
4	0x238c9b0	0x23973a0	0x0700	0x7	0x0	0xcb4460	0x0
4	0x238c9b0	0x23973b8	0x0701	0x7	0x1	0xcb49b0	0x0
4	0x238c9b0	0x23973d0	0x0702	0x7	0x2	0xcb5ac0	0x0
4	0x238c9b0	0x23973e8	0x0703	0x7	0x3	0xcb6050	0x0
4	0x238c9b0	0x2397400	0x0704	0x7	0x4	0xcb3960	0x0
4	0x238c9b0	0x2397418	0x0705	0x7	0x5	0xcb3eb0	0x0
4	0x238c9b0	0x2397430	0x0706	0x7	0x6	0x1738360	0x0
4	0x238c9b0	0x2397448	0x0707	0x7	0x7	0xcb54f0	0x0
4	0x238c9b0	0x2397460	0x0200	0x2	0x0	0xe096a0	0x0
4	0x238c9b0	0x2397480	0x0a00	0xa	0x0	0xe09ad0	0x0
4	0x238c9b0	0x23974a0	0x0500	0x5	0x0	0xcb1fc0	0x0
4	0x238c9b0	0x23974b8	0x0301	0x3	0x1	0xcb24c0	0x0
4	0x238c9b0	0x23974d0	0x0502	0x5	0x2	0xcb2a10	0x0
4	0x238c9b0	0x23974e8	0x0303	0x3	0x3	0xcb3410	0x0
4	0x238c9b0	0x2397500	0x0504	0x5	0x4	0xcb2f10	0x0
4	0x238c9b0	0x2397520	0x0500	0x5	0x0	0xd07240	0x0
4	0x238c9b0	0x2397538	0x0301	0x3	0x1	0xd07c30	0x0
4	0x238c9b0	0x2397550	0x0502	0x5	0x2	0xd07730	0x0
4	0x238c9b0	0x2397568	0x0303	0x3	0x3	0xd09050	0x0
4	0x238c9b0	0x2397580	0x0504	0x5	0x4	0xd08b50	0x0
4	0x238c9b0	0x2397598	0x0505	0x5	0x5	0xd08650	0x0
4	0x238c9b0	0x23975b0	0x0506	0x5	0x6	0xd09a70	0x0
4	0x238c9b0	0x23975c8	0x0507	0x5	0x7	0xd08180	0x0
4	0x238c9b0	0x23975e0	0x0508	0x5	0x8	0xd095a0	0x0
5	0x23a8090	0x23a8090	0x0200	0x2	0x0	0xea7440	0x0
5	0x23a8090	0x23a80b0	0x0200	0x2	0x0	0xea6fe0	0x0
5	0x23a8090	0x23a80d0	0x0200	0x2	0x0	0xea6b80	0x0
5	0x23a8090	0x23a80f0	0x0500	0x5	0x0	0xea6710	0x0
5	0x23a8090	0x23a8120	0x0500	0x5	0x0	0xe46790	0x0
5	0x23a8090	0x23a8138	0x0201	0x2	0x1	0xe46320	0x0
5	0x23a8090	0x23a8150	0x0502	0x5	0x2	0xe46c90	0x0
5	0x23a8090	0x23a8170	0x0200	0x2	0x0	0xe445e0	0x0
5	0x23a8090	0x23a8190	0x0500	0x5	0x0	0x178d690	0x0
5	0x23a8090	0x23a81c0	0x0500	0x5	0x0	0xeb2630	0x0
5	0x23a8090	0x23a81d8	0x0501	0x5	0x1	0xeb1c00	0x0
5	0x23a8090	0x23a81f0	0x0702	0x7	0x2	0xeb2ae0	0x0
5	0x23a8090	0x23a8208	0x0703	0x7	0x3	0xeb20e0	0x0
5	0x23a8090	0x23a8220	0x0500	0x5	0x0	0xeab320	0x0
5	0x23a8090	0x23a8240	0x0500	0x5	0x0	0xeaae30	0x0
5	0x23a8090	0x23a8260	0x0500	0x5	0x0	0x17a9b70	0x0
5	0x23a8090	0x23a8278	0x0501	0x5	0x1	0x17a96b0	0x0
5	0x23a8090	0x23a82a0	0x0500	0x5	0x0	0xeaa0c0	0x0
5	0x23a8090	0x23a82b8	0x0601	0x6	0x1	0xea9c20	0x0
5	0x23a8090	0x23a82d0	0x0202	0x2	0x2	0xea97c0	0x0
5	0x23a8090	0x23a8300	0x0200	0x2	0x0	0xea5bb0	0x0
5	0x23a8090	0x23a8318	0x0a01	0xa	0x1	0xea5000	0x0
5	0x23a8090	0x23a8340	0x1300	0x13	0x0	0xea3c80	0x0
5	0x23a8090	0x23a8358	0x1301	0x13	0x1	0xea2eb0	0x0
5	0x23a8090	0x23a8380	0x0a00	0xa	0x0	0xea1b50	0x0
5	0x23a8090	0x23a8398	0x0a01	0xa	0x1	0xea0eb0	0x0
5	0x23a8090	0x23a83c0	0x1300	0x13	0x0	0xe9ec60	0x0
5	0x23a8090	0x23a83d8	0x1301	0x13	0x1	0xe9f300	0x0
5	0x23a8090	0x23a83f0	0x1302	0x13	0x2	0xe9d6c0	0x0
5	0x23a8090	0x23a8408	0x1303	0x13	0x3	0xe9c8b0	0x0
5	0x23a8090	0x23a8420	0x1300	0x13	0x0	0x17a6e00	0x0
5	0x23a8090	0x23a8438	0x1301	0x13	0x1	0x17a7bd0	0x0
5	0x23a8090	0x23a8450	0x1302	0x13	0x2	0x17a82c0	0x0
5	0x23a8090	0x23a8468	0x1303	0x13	0x3	0x17a74d0	0x0
5	0x23a8090	0x23a8480	0x1300	0x13	0x0	0x17a5240	0x0
5	0x23a8090	0x23a8498	0x1301	0x13	0x1	0x17a5ff0	0x0
5	0x23a8090	0x23a84b0	0x1302	0x13	0x2	0x17a66e0	0x0
5	0x23a8090	0x23a84c8	0x1303	0x13	0x3	0x17a5900	0x0
5	0x23a8090	0x23a84e0	0x0300	0x3	0x0	0xe8fff0	0x0
5	0x23a8090	0x23a84f8	0x0301	0x3	0x1	0xe91170	0x0
5	0x23a8090	0x23a8510	0x0502	0x5	0x2	0xe916c0	0x0
5	0x23a8090	0x23a8528	0x0503	0x5	0x3	0x17a3d80	0x0
5	0x23a8090	0x23a8540	0x0304	0x3	0x4	0xe91b60	0x0
5	0x23a8090	0x23a8558	0x0305	0x3	0x5	0xe90bb0	0x0
5	0x23a8090	0x23a8570	0x0306	0x3	0x6	0xe90600	0x0
5	0x23a8090	0x23a8588	0x0307	0x3	0x7	0xe92110	0x0
5	0x23a8090	0x23a85a0	0x0308	0x3	0x8	0xe926a0	0x0
5	0x23a8090	0x23a85b8	0x0309	0x3	0x9	0xe92c20	0x0
5	0x23a8090	0x23a85e0	0x1300	0x13	0x0	0xe8d950	0x0
5	0x23a8090	0x23a85f8	0x1301	0x13	0x1	0xe8df80	0x0
5	0x23a8090	0x23a8610	0x1302	0x13	0x2	0xe8f340	0x0
5	0x23a8090	0x23a8628	0x1303	0x13	0x3	0xe8f980	0x0
5	0x23a8090	0x23a8640	0x1300	0x13	0x0	0xe8bf10	0x0
5	0x23a8090	0x23a8658	0x1301	0x13	0x1	0xe8c570	0x0
5	0x23a8090	0x23a8680	0x1300	0x13	0x0	0xe873f0	0x0
5	0x23a8090	0x23a8698	0x1301	0x13	0x1	0xe87a40	0x0
5	0x23a8090	0x23a86b0	0x1302	0x13	0x2	0xe88e40	0x0
5	0x23a8090	0x23a86c8	0x1303	0x13	0x3	0xe89490	0x0
5	0x23a8090	0x23a86e0	0x1300	0x13	0x0	0xe858d0	0x0
5	0x23a8090	0x23a86f8	0x1301	0x13	0x1	0xe85f90	0x0
5	0x23a8090	0x23a8710	0x2502	0x25	0x2	0xe83ca0	0x0
5	0x23a8090	0x23a8728	0x2503	0x25	0x3	0xe84350	0x0
5	0x23a8090	0x23a8740	0x0300	0x3	0x0	0xe82370	0x0
5	0x23a8090	0x23a8758	0x0301	0x3	0x1	0xe81e50	0x0
5	0x23a8090	0x23a8770	0x0302	0x3	0x2	0xe828c0	0x0
5	0x23a8090	0x23a87a0	0x0300	0x3	0x0	0xe80880	0x0
5	0x23a8090	0x23a87b8	0x0301	0x3	0x1	0xe80dd0	0x0
5	0x23a8090	0x23a87d0	0x0302	0x3	0x2	0xe818a0	0x0
5	0x23a8090	0x23a87e8	0x0303	0x3	0x3	0xe81320	0x0
5	0x23a8090	0x23a8800	0x1900	0x19	0x0	0x17a3640	0x0
5	0x23a8090	0x23a8818	0x1901	0x19	0x1	0x17a2820	0x0
5	0x23a8090	0x23a8830	0x1902	0x19	0x2	0x17a2f30	0x0
5	0x23a8090	0x23a8848	0x1903	0x19	0x3	0x17a2130	0x0
5	0x23a8090	0x23a8860	0x1904	0x19	0x4	0x17a0080	0x0
5	0x23a8090	0x23a8878	0x1905	0x19	0x5	0x17a06d0	0x0
5	0x23a8090	0x23a8890	0x1906	0x19	0x6	0x17a1a60	0x0
5	0x23a8090	0x23a88a8	0x1907	0x19	0x7	0x17a0d20	0x0
5	0x23a8090	0x23a88c0	0x1908	0x19	0x8	0x17a13c0	0x0
5	0x23a8090	0x23a88e0	0x1900	0x19	0x0	0x179b020	0x0
5	0x23a8090	0x23a88f8	0x1901	0x19	0x1	0x179b640	0x0
5	0x23a8090	0x23a8910	0x1902	0x19	0x2	0x179fa10	0x0
5	0x23a8090	0x23a8928	0x1903	0x19	0x3	0x179e750	0x0
5	0x23a8090	0x23a8940	0x1904	0x19	0x4	0x179f3c0	0x0
5	0x23a8090	0x23a8958	0x1905	0x19	0x5	0x179ed70	0x0
5	0x23a8090	0x23a8970	0x0306	0x3	0x6	0x179e150	0x0
5	0x23a8090	0x23a8988	0x0307	0x3	0x7	0x179cfe0	0x0
5	0x23a8090	0x23a89a0	0x0308	0x3	0x8	0x179db70	0x0
5	0x23a8090	0x23a89b8	0x0309	0x3	0x9	0x179d590	0x0
5	0x23a8090	0x23a89d0	0x190a	0x19	0xa	0x179c940	0x0
5	0x23a8090	0x23a89e8	0x190b	0x19	0xb	0x179bc60	0x0
5	0x23a8090	0x23a8a00	0x190c	0x19	0xc	0x179c2d0	0x0
5	0x23a8090	0x23a8a20	0x0200	0x2	0x0	0xe7de90	0x0
5	0x23a8090	0x23a8a40	0x0500	0x5	0x0	0xe7da00	0x0
5	0x23a8090	0x23a8a60	0x0a00	0xa	0x0	0x179aa30	0x0
5	0x23a8090	0x23a8a80	0x0200	0x2	0x0	0xe7cfa0	0x0
5	0x23a8090	0x23a8aa0	0x0200	0x2	0x0	0xe7cb30	0x0
5	0x23a8090	0x23a8ac0	0x0700	0x7	0x0	0xe7c190	0x0
5	0x23a8090	0x23a8ad8	0x0501	0x5	0x1	0xe7c680	0x0
5	0x23a8090	0x23a8af0	0x0502	0x5	0x2	0xe7aea0	0x0
5	0x23a8090	0x23a8b08	0x0503	0x5	0x3	0xe7b830	0x0
5	0x23a8090	0x23a8b20	0x0604	0x6	0x4	0xe7b350	0x0
5	0x23a8090	0x23a8b38	0x0505	0x5	0x5	0xe7bce0	0x0
5	0x23a8090	0x23a8b60	0x0700	0x7	0x0	0xe7a3a0	0x0
5	0x23a8090	0x23a8b78	0x0701	0x7	0x1	0xe7a920	0x0
5	0x23a8090	0x23a8b90	0x0702	0x7	0x2	0xe798a0	0x0
5	0x23a8090	0x23a8ba8	0x0703	0x7	0x3	0xe79e20	0x0
5	0x23a8090	0x23a8bc0	0x0500	0x5	0x0	0xe793d0	0x0
5	0x23a8090	0x23a8be0	0x2200	0x22	0x0	0x17a4660	0x0
5	0x23a8090	0x23a8bf8	0x0501	0x5	0x1	0x17a4c40	0x0
5	0x23a8090	0x23a8c10	0x0502	0x5	0x2	0x17a41f0	0x0
5	0x23a8090	0x23a8c30	0x0500	0x5	0x0	0xe766e0	0x0
5	0x23a8090	0x23a8c60	0x0500	0x5	0x0	0xe75d40	0x0
5	0x23a8090	0x23a8c78	0x0301	0x3	0x1	0xe75350	0x0
5	0x23a8090	0x23a8c90	0x0502	0x5	0x2	0xe74e80	0x0
5	0x23a8090	0x23a8ca8	0x0503	0x5	0x3	0xe75870	0x0
5	0x23a8090	0x23a8cc0	0x0504	0x5	0x4	0xe76210	0x0
5	0x23a8090	0x23a8ce0	0x0600	0x6	0x0	0xe73f10	0x0
5	0x23a8090	0x23a8cf8	0x0501	0x5	0x1	0xe739d0	0x0
5	0x23a8090	0x23a8d10	0x0502	0x5	0x2	0xe74490	0x0
5	0x23a8090	0x23a8d28	0x0503	0x5	0x3	0xe749d0	0x0
5	0x23a8090	0x23a8d40	0x0500	0x5	0x0	0xe70f50	0x0
5	0x23a8090	0x23a8d60	0x1000	0x10	0x0	0xe6f740	0x0
5	0x23a8090	0x23a8d78	0x0201	0x2	0x1	0xe6f290	0x0
5	0x23a8090	0x23a8d90	0x0202	0x2	0x2	0xe6fc40	0x0
5	0x23a8090	0x23a8da8	0x1003	0x10	0x3	0xe705a0	0x0
5	0x23a8090	0x23a8dc0	0x0204	0x2	0x4	0xe700f0	0x0
5	0x23a8090	0x23a8dd8	0x0205	0x2	0x5	0xe70aa0	0x0
5	0x23a8090	0x23a8e00	0x0500	0x5	0x0	0xe6bdd0	0x0
5	0x23a8090	0x23a8e18	0x0501	0x5	0x1	0xe6c270	0x0
5	0x23a8090	0x23a8e30	0x0200	0x2	0x0	0xe6b970	0x0
5	0x23a8090	0x23a8e50	0x0000	0x0	0x0	0xe6b470	0x0
5	0x23a8090	0x23a8e80	0x0300	0x3	0x0	0x1798970	0x0
5	0x23a8090	0x23a8e98	0x0301	0x3	0x1	0x17983f0	0x0
5	0x23a8090	0x23a8ec0	0x0300	0x3	0x0	0xe69e80	0x0
5	0x23a8090	0x23a8ed8	0x0301	0x3	0x1	0xe69960	0x0
5	0x23a8090	0x23a8ef0	0x0302	0x3	0x2	0xe6a3d0	0x0
5	0x23a8090	0x23a8f20	0x0300	0x3	0x0	0xe683a0	0x0
5	0x23a8090	0x23a8f38	0x0301	0x3	0x1	0xe688f0	0x0
5	0x23a8090	0x23a8f50	0x0302	0x3	0x2	0xe693b0	0x0
5	0x23a8090	0x23a8f68	0x0303	0x3	0x3	0xe68e40	0x0
5	0x23a8090	0x23a8f80	0x1900	0x19	0x0	0x1797c70	0x0
5	0x23a8090	0x23a8f98	0x1901	0x19	0x1	0x1796db0	0x0
5	0x23a8090	0x23a8fb0	0x1902	0x19	0x2	0x1797510	0x0
5	0x23a8090	0x23a8fc8	0x1903	0x19	0x3	0x1796670	0x0
5	0x23a8090	0x23a8fe0	0x1904	0x19	0x4	0xe661e0	0x0
5	0x23a8090	0x23a8ff8	0x1905	0x19	0x5	0xe66860	0x0
5	0x23a8090	0x23a9010	0x1906	0x19	0x6	0xe67ca0	0x0
5	0x23a8090	0x23a9028	0x1907	0x19	0x7	0xe66ee0	0x0
5	0x23a8090	0x23a9040	0x1908	0x19	0x8	0xe675c0	0x0
5	0x23a8090	0x23a9060	0x0300	0x3	0x0	0xe65180	0x0
5	0x23a8090	0x23a9078	0x0301	0x3	0x1	0xe64c00	0x0
5	0x23a8090	0x23a9090	0x0302	0x3	0x2	0xe65700	0x0
5	0x23a8090	0x23a90a8	0x0303	0x3	0x3	0xe65c70	0x0
5	0x23a8090	0x23a90c0	0x0500	0x5	0x0	0xe64780	0x0
5	0x23a8090	0x23a90e0	0x0000	0x0	0x0	0xe641f0	0x0
5	0x23a8090	0x23a9100	0x0000	0x0	0x0	0xe63c60	0x0
5	0x23a8090	0x23a9120	0x0000	0x0	0x0	0xe61b40	0x0
5	0x23a8090	0x23a9138	0x1601	0x16	0x1	0xe62b40	0x0
5	0x23a8090	0x23a9150	0x1202	0x12	0x2	0xe625d0	0x0
5	0x23a8090	0x23a9168	0x1203	0x12	0x3	0xe62070	0x0
5	0x23a8090	0x23a9180	0x1604	0x16	0x4	0xe63690	0x0
5	0x23a8090	0x23a9198	0x1205	0x12	0x5	0xe63100	0x0
5	0x23a8090	0x23a91c0	0x0300	0x3	0x0	0x1794670	0x0
5	0x23a8090	0x23a91d8	0x0201	0x2	0x1	0x1794150	0x0
5	0x23a8090	0x23a91f0	0x0202	0x2	0x2	0x1794be0	0x0
5	0x23a8090	0x23a9220	0x1300	0x13	0x0	0x1793460	0x0
5	0x23a8090	0x23a9238	0x1301	0x13	0x1	0x1793a80	0x0
5	0x23a8090	0x23a9260	0x0300	0x3	0x0	0x17960f0	0x0
5	0x23a8090	0x23a9278	0x0301	0x3	0x1	0x1795b70	0x0
5	0x23a8090	0x23a9290	0x0302	0x3	0x2	0x17955d0	0x0
5	0x23a8090	0x23a92b0	0x0b00	0xb	0x0	0x1795100	0x0
5	0x23a8090	0x23a92d0	0x0b00	0xb	0x0	0xe5e2f0	0x0
5	0x23a8090	0x23a9300	0x1300	0x13	0x0	0xe6dcd0	0x0
5	0x23a8090	0x23a9318	0x1302	0x13	0x2	0x1798f10	0x0
5	0x23a8090	0x23a9340	0x1900	0x19	0x0	0xe71a50	0x0
5	0x23a8090	0x23a9358	0x0501	0x5	0x1	0xe71420	0x0
5	0x23a8090	0x23a9370	0x0502	0x5	0x2	0xe72070	0x0
5	0x23a8090	0x23a9388	0x1903	0x19	0x3	0x1799d30	0x0
5	0x23a8090	0x23a93a0	0x0504	0x5	0x4	0x1799690	0x0
5	0x23a8090	0x23a93b8	0x0505	0x5	0x5	0x179a390	0x0
5	0x23a8090	0x23a93d0	0x0d06	0xd	0x6	0xe72cf0	0x0
5	0x23a8090	0x23a93e8	0x0507	0x5	0x7	0xe726a0	0x0
5	0x23a8090	0x23a9400	0x0508	0x5	0x8	0xe73380	0x0
5	0x23a8090	0x23a9420	0x1900	0x19	0x0	0xe49950	0x0
5	0x23a8090	0x23a9438	0x1901	0x19	0x1	0xe4ad00	0x0
5	0x23a8090	0x23a9450	0x1302	0x13	0x2	0xe4a670	0x0
5	0x23a8090	0x23a9468	0x1303	0x13	0x3	0xe4b390	0x0
5	0x23a8090	0x23a9480	0x1304	0x13	0x4	0xe49fe0	0x0
5	0x23a8090	0x23a9498	0x1905	0x19	0x5	0x1790040	0x0
5	0x23a8090	0x23a94b0	0x1906	0x19	0x6	0x178f180	0x0
5	0x23a8090	0x23a94c8	0x1307	0x13	0x7	0x178ea00	0x0
5	0x23a8090	0x23a94e0	0x1308	0x13	0x8	0x178f8c0	0x0
5	0x23a8090	0x23a94f8	0x1309	0x13	0x9	0x1790780	0x0
5	0x23a8090	0x23a9510	0x0d0a	0xd	0xa	0xe501d0	0x0
5	0x23a8090	0x23a9528	0x0d0b	0xd	0xb	0xe51650	0x0
5	0x23a8090	0x23a9540	0x130c	0x13	0xc	0xe50fa0	0x0
5	0x23a8090	0x23a9558	0x130d	0x13	0xd	0xe51d70	0x0
5	0x23a8090	0x23a9570	0x130e	0x13	0xe	0xe508f0	0x0
5	0x23a8090	0x23a9588	0x0d0f	0xd	0xf	0xe52420	0x0
5	0x23a8090	0x23a95a0	0x0d10	0xd	0x10	0xe53970	0x0
5	0x23a8090	0x23a95b8	0x1311	0x13	0x11	0xe53280	0x0
5	0x23a8090	0x23a95d0	0x1312	0x13	0x12	0xe540d0	0x0
5	0x23a8090	0x23a95e8	0x1313	0x13	0x13	0xe52b90	0x0
5	0x23a8090	0x23a9600	0x2314	0x23	0x14	0xe4c150	0x0
5	0x23a8090	0x23a9618	0x2315	0x23	0x15	0xe4f330	0x0
5	0x23a8090	0x23a9630	0x1316	0x13	0x16	0xe4ec00	0x0
5	0x23a8090	0x23a9648	0x1317	0x13	0x17	0xe4faa0	0x0
5	0x23a8090	0x23a9660	0x1318	0x13	0x18	0xe4e4d0	0x0
5	0x23a8090	0x23a9678	0x2319	0x23	0x19	0xe4ba20	0x0
5	0x23a8090	0x23a9690	0x231a	0x23	0x1a	0xe4d6b0	0x0
5	0x23a8090	0x23a96a8	0x131b	0x13	0x1b	0xe4cfc0	0x0
5	0x23a8090	0x23a96c0	0x131c	0x13	0x1c	0xe4dde0	0x0
5	0x23a8090	0x23a96d8	0x131d	0x13	0x1d	0xe4c8d0	0x0
5	0x23a8090	0x23a96f0	0x1900	0x19	0x0	0x17a9060	0x0
5	0x23a8090	0x23a9710	0x1900	0x19	0x0	0x17a89e0	0x0
5	0x23a8090	0x23a9740	0x0a00	0xa	0x0	0xe5d550	0x0
5	0x23a8090	0x23a9758	0x0a01	0xa	0x1	0xe5dc20	0x0
5	0x23a8090	0x23a9770	0x0a02	0xa	0x2	0xe5c930	0x0
5	0x23a8090	0x23a9788	0x0a03	0xa	0x3	0xe5cf40	0x0
5	0x23a8090	0x23a97a0	0x0200	0x2	0x0	0xe59c00	0x0
5	0x23a8090	0x23a97c0	0x0a00	0xa	0x0	0x1792e70	0x0
5	0x23a8090	0x23a97e0	0x0a00	0xa	0x0	0x1792890	0x0
5	0x23a8090	0x23a9800	0x0500	0x5	0x0	0xe58a40	0x0
5	0x23a8090	0x23a9820	0x1300	0x13	0x0	0x1790f00	0x0
5	0x23a8090	0x23a9838	0x1301	0x13	0x1	0x1791ba0	0x0
5	0x23a8090	0x23a9850	0x1302	0x13	0x2	0x17921e0	0x0
5	0x23a8090	0x23a9868	0x0a03	0xa	0x3	0x1791550	0x0
5	0x23a8090	0x23a9880	0x0200	0x2	0x0	0x17855f0	0x0
5	0x23a8090	0x23a98a0	0x0100	0x1	0x0	0xea7880	0x0
5	0x23a8090	0x23a98b8	0x1501	0x15	0x1	0xea7db0	0x0
5	0x23a8090	0x23a98e0	0x0500	0x5	0x0	0x178db90	0x0
5	0x23a8090	0x23a98f8	0x0501	0x5	0x1	0x178e060	0x0
5	0x23a8090	0x23a9910	0x0502	0x5	0x2	0x178e530	0x0
5	0x23a8090	0x23a9930	0x0500	0x5	0x0	0xe48ad0	0x0
5	0x23a8090	0x23a9950	0x0200	0x2	0x0	0xe48690	0x0
5	0x23a8090	0x23a9970	0x0500	0x5	0x0	0xe48210	0x0
5	0x23a8090	0x23a99a0	0x0500	0x5	0x0	0xe47830	0x0
5	0x23a8090	0x23a99b8	0x0501	0x5	0x1	0xe47d20	0x0
5	0x23a8090	0x23a99d0	0x0200	0x2	0x0	0xe23480	0x0
5	0x23a8090	0x23a99f0	0x0a00	0xa	0x0	0xe47180	0x0
5	0x23a8090	0x23a9a10	0x0300	0x3	0x0	0xe45d60	0x0
5	0x23a8090	0x23a9a30	0x0500	0x5	0x0	0xe458c0	0x0
5	0x23a8090	0x23a9a60	0x0200	0x2	0x0	0xe44a20	0x0
5	0x23a8090	0x23a9a78	0x0201	0x2	0x1	0xe453e0	0x0
5	0x23a8090	0x23a9a90	0x0202	0x2	0x2	0xe44f00	0x0
5	0x23a8090	0x23a9ac0	0x0500	0x5	0x0	0xe44170	0x0
5	0x23a8090	0x23a9ad8	0x0501	0x5	0x1	0xe43350	0x0
5	0x23a8090	0x23a9af0	0x0502	0x5	0x2	0xe43ce0	0x0
5	0x23a8090	0x23a9b20	0x0500	0x5	0x0	0xe42ee0	0x0
5	0x23a8090	0x23a9b38	0x0501	0x5	0x1	0xe42a40	0x0
5	0x23a8090	0x23a9b50	0x0502	0x5	0x2	0xe420a0	0x0
5	0x23a8090	0x23a9b68	0x0603	0x6	0x3	0xe41ba0	0x0
5	0x23a8090	0x23a9b80	0x0604	0x6	0x4	0xe42540	0x0
5	0x23a8090	0x23a9ba0	0x0500	0x5	0x0	0xe3f8e0	0x0
5	0x23a8090	0x23a9bb8	0x0601	0x6	0x1	0xe406c0	0x0
5	0x23a8090	0x23a9bd0	0x0602	0x6	0x2	0x1787ef0	0x0
5	0x23a8090	0x23a9be8	0x0303	0x3	0x3	0x17893d0	0x0
5	0x23a8090	0x23a9c00	0x0304	0x3	0x4	0x1786930	0x0
5	0x23a8090	0x23a9c18	0x0505	0x5	0x5	0xe41180	0x0
5	0x23a8090	0x23a9c30	0x0506	0x5	0x6	0x17889b0	0x0
5	0x23a8090	0x23a9c48	0x0507	0x5	0x7	0x1789f50	0x0
5	0x23a8090	0x23a9c60	0x0508	0x5	0x8	0x1787470	0x0
5	0x23a8090	0x23a9c78	0x0609	0x6	0x9	0xe40c20	0x0
5	0x23a8090	0x23a9c90	0x060a	0x6	0xa	0x1788450	0x0
5	0x23a8090	0x23a9ca8	0x030b	0x3	0xb	0x1789990	0x0
5	0x23a8090	0x23a9cc0	0x030c	0x3	0xc	0x1786ed0	0x0
5	0x23a8090	0x23a9cd8	0x050d	0x5	0xd	0xe41690	0x0
5	0x23a8090	0x23a9cf0	0x050e	0x5	0xe	0x1788ec0	0x0
5	0x23a8090	0x23a9d08	0x050f	0x5	0xf	0x178a4a0	0x0
5	0x23a8090	0x23a9d20	0x0510	0x5	0x10	0x17879b0	0x0
5	0x23a8090	0x23a9d38	0x0511	0x5	0x11	0x1786490	0x0
5	0x23a8090	0x23a9d50	0x0512	0x5	0x12	0x178b570	0x0
5	0x23a8090	0x23a9d68	0x0313	0x3	0x13	0x178a9f0	0x0
5	0x23a8090	0x23a9d80	0x0514	0x5	0x14	0x178d190	0x0
5	0x23a8090	0x23a9d98	0x0315	0x3	0x15	0x178c040	0x0
5	0x23a8090	0x23a9db0	0x0516	0x5	0x16	0x1785ff0	0x0
5	0x23a8090	0x23a9dc8	0x0319	0x3	0x19	0x178afc0	0x0
5	0x23a8090	0x23a9de0	0x031a	0x3	0x1a	0x178ba70	0x0
5	0x23a8090	0x23a9df8	0x031b	0x3	0x1b	0x178cbe0	0x0
5	0x23a8090	0x23a9e10	0x031c	0x3	0x1c	0x178c610	0x0
5	0x23a8090	0x23a9e40	0x0700	0x7	0x0	0xe3ce00	0x0
5	0x23a8090	0x23a9e58	0x0701	0x7	0x1	0xe3d360	0x0
5	0x23a8090	0x23a9e70	0x0702	0x7	0x2	0xe3d8e0	0x0
5	0x23a8090	0x23a9e88	0x0703	0x7	0x3	0xe3de60	0x0
5	0x23a8090	0x23a9ea0	0x0704	0x7	0x4	0xe3e3c0	0x0
5	0x23a8090	0x23a9eb8	0x0705	0x7	0x5	0xe3e940	0x0
5	0x23a8090	0x23a9ed0	0x0506	0x5	0x6	0xe3eec0	0x0
5	0x23a8090	0x23a9ee8	0x0507	0x5	0x7	0xe3f3d0	0x0
5	0x23a8090	0x23a9f00	0x0200	0x2	0x0	0xe8a6a0	0x0
5	0x23a8090	0x23a9f18	0x0a01	0xa	0x1	0xe8abe0	0x0
5	0x23a8090	0x23a9f40	0x0700	0x7	0x0	0xe3b770	0x0
5	0x23a8090	0x23a9f58	0x0701	0x7	0x1	0x1785a30	0x0
5	0x23a8090	0x23a9f70	0x0702	0x7	0x2	0xe3bcd0	0x0
5	0x23a8090	0x23a9f88	0x0703	0x7	0x3	0xe3c820	0x0
5	0x23a8090	0x23a9fa0	0x0500	0x5	0x0	0xe3ae30	0x0
5	0x23a8090	0x23a9fb8	0x0501	0x5	0x1	0xe3b2d0	0x0
5	0x23a8090	0x23a9fe0	0x0500	0x5	0x0	0xe37df0	0x0
5	0x23a8090	0x23a9ff8	0x0501	0x5	0x1	0xe38750	0x0
5	0x23a8090	0x23aa010	0x0502	0x5	0x2	0xe382c0	0x0
5	0x23a8090	0x23aa028	0x0703	0x7	0x3	0xe39fd0	0x0
5	0x23a8090	0x23aa040	0x0504	0x5	0x4	0xe3a4d0	0x0
5	0x23a8090	0x23aa058	0x0505	0x5	0x5	0xe3a980	0x0
5	0x23a8090	0x23aa070	0x0606	0x6	0x6	0xe39100	0x0
5	0x23a8090	0x23aa088	0x0507	0x5	0x7	0xe38c20	0x0
5	0x23a8090	0x23aa0a0	0x0508	0x5	0x8	0xe39620	0x0
5	0x23a8090	0x23aa0b8	0x0509	0x5	0x9	0xe39b00	0x0
5	0x23a8090	0x23aa0e0	0x0b00	0xb	0x0	0xe31410	0x0
5	0x23a8090	0x23aa0f8	0x0501	0x5	0x1	0xe30540	0x0
5	0x23a8090	0x23aa110	0x0b02	0xb	0x2	0xe2f650	0x0
5	0x23a8090	0x23aa128	0x0503	0x5	0x3	0xe2e7c0	0x0
5	0x23a8090	0x23aa140	0x0004	0x0	0x4	0xe35ba0	0x0
5	0x23a8090	0x23aa158	0x0505	0x5	0x5	0xe350f0	0x0
5	0x23a8090	0x23aa170	0x0006	0x0	0x6	0xe345f0	0x0
5	0x23a8090	0x23aa188	0x0507	0x5	0x7	0xe33b80	0x0
5	0x23a8090	0x23aa1a0	0x0008	0x0	0x8	0xe36110	0x0
5	0x23a8090	0x23aa1b8	0x0509	0x5	0x9	0xe35630	0x0
5	0x23a8090	0x23aa1d0	0x000a	0x0	0xa	0xe34b50	0x0
5	0x23a8090	0x23aa1e8	0x050b	0x5	0xb	0xe340a0	0x0
5	0x23a8090	0x23aa200	0x000c	0x0	0xc	0xe31910	0x0
5	0x23a8090	0x23aa218	0x050d	0x5	0xd	0xe30a00	0x0
5	0x23a8090	0x23aa230	0x000e	0x0	0xe	0xe2fb50	0x0
5	0x23a8090	0x23aa248	0x050f	0x5	0xf	0xe2ec60	0x0
5	0x23a8090	0x23aa260	0x0510	0x5	0x10	0xe336e0	0x0
5	0x23a8090	0x23aa278	0x0511	0x5	0x11	0xe31e50	0x0
5	0x23a8090	0x23aa290	0x0b12	0xb	0x12	0xe30f10	0x0
5	0x23a8090	0x23aa2a8	0x0513	0x5	0x13	0xe30080	0x0
5	0x23a8090	0x23aa2c0	0x0b14	0xb	0x14	0xe2f150	0x0
5	0x23a8090	0x23aa2d8	0x0515	0x5	0x15	0xe2e320	0x0
5	0x23a8090	0x23aa2f0	0x0b16	0xb	0x16	0xe331b0	0x0
5	0x23a8090	0x23aa308	0x0517	0x5	0x17	0xe32cc0	0x0
5	0x23a8090	0x23aa320	0x0b18	0xb	0x18	0xe32790	0x0
5	0x23a8090	0x23aa338	0x0519	0x5	0x19	0xe322c0	0x0
5	0x23a8090	0x23aa360	0x0500	0x5	0x0	0xe2d520	0x0
5	0x23a8090	0x23aa378	0x0501	0x5	0x1	0xe2de70	0x0
5	0x23a8090	0x23aa390	0x0502	0x5	0x2	0xe2d9e0	0x0
5	0x23a8090	0x23aa3c0	0x1900	0x19	0x0	0xe2ce80	0x0
5	0x23a8090	0x23aa3d8	0x1901	0x19	0x1	0xe2c7e0	0x0
5	0x23a8090	0x23aa3f0	0x1902	0x19	0x2	0xe2acc0	0x0
5	0x23a8090	0x23aa408	0x1903	0x19	0x3	0xe2a630	0x0
5	0x23a8090	0x23aa420	0x1904	0x19	0x4	0xe2b350	0x0
5	0x23a8090	0x23aa438	0x1905	0x19	0x5	0xe2ba20	0x0
5	0x23a8090	0x23aa450	0x1906	0x19	0x6	0xe2c0f0	0x0
5	0x23a8090	0x23aa468	0x1907	0x19	0x7	0xe28b10	0x0
5	0x23a8090	0x23aa480	0x1908	0x19	0x8	0xe28480	0x0
5	0x23a8090	0x23aa498	0x1909	0x19	0x9	0xe291a0	0x0
5	0x23a8090	0x23aa4b0	0x190a	0x19	0xa	0xe29870	0x0
5	0x23a8090	0x23aa4c8	0x190b	0x19	0xb	0xe29f40	0x0
5	0x23a8090	0x23aa4e0	0x0500	0x5	0x0	0xe27f80	0x0
5	0x23a8090	0x23aa4f8	0x1201	0x12	0x1	0xe269b0	0x0
5	0x23a8090	0x23aa510	0x1202	0x12	0x2	0xe27a00	0x0
5	0x23a8090	0x23aa528	0x1203	0x12	0x3	0xe26460	0x0
5	0x23a8090	0x23aa540	0x1204	0x12	0x4	0xe27480	0x0
5	0x23a8090	0x23aa558	0x1205	0x12	0x5	0xe26f00	0x0
5	0x23a8090	0x23aa580	0x0500	0x5	0x0	0xe25f30	0x0
5	0x23a8090	0x23aa598	0x1201	0x12	0x1	0xe248a0	0x0
5	0x23a8090	0x23aa5b0	0x1202	0x12	0x2	0xe25980	0x0
5	0x23a8090	0x23aa5c8	0x1203	0x12	0x3	0xe24320	0x0
5	0x23a8090	0x23aa5e0	0x1204	0x12	0x4	0xe253d0	0x0
5	0x23a8090	0x23aa5f8	0x1205	0x12	0x5	0xe24e20	0x0
5	0x23a8090	0x23aa620	0x0000	0x0	0x0	0xe23df0	0x0
5	0x23a8090	0x23aa638	0x0001	0x0	0x1	0xe238c0	0x0
5	0x23a8090	0x23aa660	0x0200	0x2	0x0	0x176ceb0	0x0
5	0x23a8090	0x23aa678	0x0301	0x3	0x1	0x176d420	0x0
5	0x23a8090	0x23aa690	0x0202	0x2	0x2	0x176dfd0	0x0
5	0x23a8090	0x23aa6a8	0x0303	0x3	0x3	0x176d9f0	0x0
5	0x23a8090	0x23aa6c0	0x0204	0x2	0x4	0x176e540	0x0
5	0x23a8090	0x23aa6e0	0x0200	0x2	0x0	0x1769230	0x0
5	0x23a8090	0x23aa6f8	0x0201	0x2	0x1	0x176a1c0	0x0
5	0x23a8090	0x23aa710	0x0302	0x3	0x2	0x1769740	0x0
5	0x23a8090	0x23aa728	0x0203	0x2	0x3	0x1769cb0	0x0
5	0x23a8090	0x23aa740	0x0204	0x2	0x4	0x1767820	0x0
5	0x23a8090	0x23aa758	0x0305	0x3	0x5	0x17687b0	0x0
5	0x23a8090	0x23aa770	0x0206	0x2	0x6	0x1768d20	0x0
5	0x23a8090	0x23aa788	0x0307	0x3	0x7	0x1767d30	0x0
5	0x23a8090	0x23aa7a0	0x0208	0x2	0x8	0x17682a0	0x0
5	0x23a8090	0x23aa7c0	0x0a00	0xa	0x0	0x17354b0	0x0
5	0x23a8090	0x23aa7d8	0x0a01	0xa	0x1	0x1736520	0x0
5	0x23a8090	0x23aa7f0	0x0302	0x3	0x2	0x1735f90	0x0
5	0x23a8090	0x23aa808	0x0303	0x3	0x3	0x1737100	0x0
5	0x23a8090	0x23aa820	0x0a04	0xa	0x4	0x1735a20	0x0
5	0x23a8090	0x23aa838	0x0a05	0xa	0x5	0x1736b10	0x0
5	0x23a8090	0x23aa860	0x0300	0x3	0x0	0x17557b0	0x0
5	0x23a8090	0x23aa878	0x0a01	0xa	0x1	0x1755dd0	0x0
5	0x23a8090	0x23aa890	0x0a02	0xa	0x2	0x17551d0	0x0
5	0x23a8090	0x23aa8a8	0x0303	0x3	0x3	0x1752e50	0x0
5	0x23a8090	0x23aa8c0	0x0304	0x3	0x4	0x1753a10	0x0
5	0x23a8090	0x23aa8d8	0x0a05	0xa	0x5	0x17528a0	0x0
5	0x23a8090	0x23aa8f0	0x0a06	0xa	0x6	0x1754010	0x0
5	0x23a8090	0x23aa908	0x0a07	0xa	0x7	0x1753460	0x0
5	0x23a8090	0x23aa920	0x0308	0x3	0x8	0x1756990	0x0
5	0x23a8090	0x23aa938	0x0a09	0xa	0x9	0x17563b0	0x0
5	0x23a8090	0x23aa950	0x030a	0x3	0xa	0x17575a0	0x0
5	0x23a8090	0x23aa968	0x0a0b	0xa	0xb	0x1757bd0	0x0
5	0x23a8090	0x23aa980	0x0a0c	0xa	0xc	0x1756fc0	0x0
5	0x23a8090	0x23aa998	0x030d	0x3	0xd	0x1754ba0	0x0
5	0x23a8090	0x23aa9b0	0x0a0e	0xa	0xe	0x17545c0	0x0
5	0x23a8090	0x23aa9e0	0x0300	0x3	0x0	0xd86b60	0x0
5	0x23a8090	0x23aa9f8	0x0a01	0xa	0x1	0xd864d0	0x0
5	0x23a8090	0x23aaa10	0x0a02	0xa	0x2	0xd871c0	0x0
5	0x23a8090	0x23aaa28	0x0d03	0xd	0x3	0xd87f20	0x0
5	0x23a8090	0x23aaa40	0x1304	0x13	0x4	0xd87850	0x0
5	0x23a8090	0x23aaa58	0x1305	0x13	0x5	0xd88630	0x0
5	0x23a8090	0x23aaa70	0x021c	0x2	0x1c	0xd88d00	0x0
5	0x23a8090	0x23aaa88	0x031d	0x3	0x1d	0xd89210	0x0
5	0x23a8090	0x23aaaa0	0x021e	0x2	0x1e	0xd89780	0x0
5	0x23a8090	0x23aaac0	0x0500	0x5	0x0	0xe09ff0	0x0
5	0x23a8090	0x23aaae0	0x0500	0x5	0x0	0xdf11f0	0x0
5	0x23a8090	0x23aaaf8	0x1e01	0x1e	0x1	0xdf1660	0x0
5	0x23a8090	0x23aab20	0x0500	0x5	0x0	0xd0bfb0	0x0
5	0x23a8090	0x23aab38	0x0303	0x3	0x3	0xd0ca50	0x0
5	0x23a8090	0x23aab50	0x0304	0x3	0x4	0xd0c4a0	0x0
5	0x23a8090	0x23aab80	0x0a00	0xa	0x0	0x1776320	0x0
5	0x23a8090	0x23aab98	0x1301	0x13	0x1	0x17768d0	0x0
5	0x23a8090	0x23aabb0	0x0502	0x5	0x2	0x1776ea0	0x0
5	0x23a8090	0x23aabc8	0x0503	0x5	0x3	0x1777430	0x0
5	0x23a8090	0x23aabe0	0x0504	0x5	0x4	0x1774360	0x0
5	0x23a8090	0x23aabf8	0x2205	0x22	0x5	0x1775300	0x0
5	0x23a8090	0x23aac10	0x0506	0x5	0x6	0x17748c0	0x0
5	0x23a8090	0x23aac28	0x0507	0x5	0x7	0x1775880	0x0
5	0x23a8090	0x23aac40	0x0508	0x5	0x8	0x1774de0	0x0
5	0x23a8090	0x23aac58	0x0509	0x5	0x9	0x1775dd0	0x0
5	0x23a8090	0x23aac70	0x0a0a	0xa	0xa	0x1782cd0	0x0
5	0x23a8090	0x23aac88	0x0a0b	0xa	0xb	0x1782630	0x0
5	0x23a8090	0x23aaca0	0x0a0c	0xa	0xc	0x1783a10	0x0
5	0x23a8090	0x23aacb8	0x0a0d	0xa	0xd	0x1783370	0x0
5	0x23a8090	0x23aacd0	0x0a0e	0xa	0xe	0x177dc00	0x0
5	0x23a8090	0x23aace8	0x0a0f	0xa	0xf	0x177d560	0x0
5	0x23a8090	0x23aad00	0x0a10	0xa	0x10	0x177e940	0x0
5	0x23a8090	0x23aad18	0x0a11	0xa	0x11	0x177e2a0	0x0
5	0x23a8090	0x23aad30	0x1312	0x13	0x12	0x177f690	0x0
5	0x23a8090	0x23aad48	0x1313	0x13	0x13	0x177efe0	0x0
5	0x23a8090	0x23aad60	0x1314	0x13	0x14	0x17803f0	0x0
5	0x23a8090	0x23aad78	0x1315	0x13	0x15	0x177fd40	0x0
5	0x23a8090	0x23aad90	0x2216	0x22	0x16	0x1778580	0x0
5	0x23a8090	0x23aada8	0x2217	0x22	0x17	0x17779f0	0x0
5	0x23a8090	0x23aadc0	0x0518	0x5	0x18	0x1778b60	0x0
5	0x23a8090	0x23aadd8	0x0519	0x5	0x19	0x1777fa0	0x0
5	0x23a8090	0x23aadf0	0x191a	0x19	0x1a	0x1779160	0x0
5	0x23a8090	0x23aae08	0x191b	0x19	0x1b	0x1779750	0x0
5	0x23a8090	0x23aae20	0x131c	0x13	0x1c	0x177ab60	0x0
5	0x23a8090	0x23aae38	0x131d	0x13	0x1d	0x177a3f0	0x0
5	0x23a8090	0x23aae50	0x0a1e	0xa	0x1e	0x177b2f0	0x0
5	0x23a8090	0x23aae68	0x0a1f	0xa	0x1f	0x1779d40	0x0
5	0x23a8090	0x23aae80	0x1320	0x13	0x20	0x17811d0	0x0
5	0x23a8090	0x23aae98	0x1321	0x13	0x21	0x1780aa0	0x0
5	0x23a8090	0x23aaeb0	0x0a22	0xa	0x22	0x1781f90	0x0
5	0x23a8090	0x23aaec8	0x0a23	0xa	0x23	0x1781920	0x0
5	0x23a8090	0x23aaee0	0x1325	0x13	0x25	0x177c100	0x0
5	0x23a8090	0x23aaef8	0x1326	0x13	0x26	0x177b9d0	0x0
5	0x23a8090	0x23aaf10	0x0a27	0xa	0x27	0x177cec0	0x0
5	0x23a8090	0x23aaf28	0x0a28	0xa	0x28	0x177c850	0x0
5	0x23a8090	0x23aaf40	0x0329	0x3	0x29	0x1772b70	0x0
5	0x23a8090	0x23aaf58	0x212a	0x21	0x2a	0x1773120	0x0
5	0x23a8090	0x23aaf70	0x062d	0x6	0x2d	0x17840b0	0x0
5	0x23a8090	0x23aaf88	0x062e	0x6	0x2e	0x1784640	0x0
5	0x23a8090	0x23aafa0	0x032f	0x3	0x2f	0x1773770	0x0
5	0x23a8090	0x23aafb8	0x2130	0x21	0x30	0x1773d20	0x0
5	0x23a8090	0x23aafd0	0x0531	0x5	0x31	0x1771e20	0x0
5	0x23a8090	0x23aafe8	0x0532	0x5	0x32	0x1772290	0x0
5	0x23a8090	0x23ab000	0x0533	0x5	0x33	0x1772700	0x0
5	0x23a8090	0x23ab020	0x0500	0x5	0x0	0xd22060	0x0
5	0x23a8090	0x23ab038	0x0501	0x5	0x1	0xd21bf0	0x0
5	0x23a8090	0x23ab060	0x0a00	0xa	0x0	0xe0a930	0x0
5	0x23a8090	0x23ab078	0x0301	0x3	0x1	0xe0b3e0	0x0
5	0x23a8090	0x23ab090	0x0a02	0xa	0x2	0xe0bea0	0x0
5	0x23a8090	0x23ab0a8	0x0303	0x3	0x3	0xe0ae60	0x0
5	0x23a8090	0x23ab0c0	0x0a04	0xa	0x4	0xe0b970	0x0
5	0x23a8090	0x23ab0e0	0x0300	0x3	0x0	0x1771230	0x0
5	0x23a8090	0x23ab0f8	0x0301	0x3	0x1	0x1771810	0x0
5	0x23a8090	0x23ab110	0x0302	0x3	0x2	0xe01f30	0x0
5	0x23a8090	0x23ab128	0x0303	0x3	0x3	0xe02510	0x0
5	0x23a8090	0x23ab140	0x0500	0x5	0x0	0xdcb560	0x0
5	0x23a8090	0x23ab158	0x0201	0x2	0x1	0xdcba70	0x0
5	0x23a8090	0x23ab170	0x0502	0x5	0x2	0xdca620	0x0
5	0x23a8090	0x23ab188	0x0203	0x2	0x3	0xdcb030	0x0
5	0x23a8090	0x23ab1a0	0x0504	0x5	0x4	0xdcab10	0x0
5	0x23a8090	0x23ab1c0	0x1900	0x19	0x0	0xd9ba90	0x0
5	0x23a8090	0x23ab1d8	0x1901	0x19	0x1	0xd9b440	0x0
5	0x23a8090	0x23ab1f0	0x1902	0x19	0x2	0xd9adf0	0x0
5	0x23a8090	0x23ab208	0x1903	0x19	0x3	0xd9a7a0	0x0
5	0x23a8090	0x23ab220	0x1904	0x19	0x4	0x17671d0	0x0
5	0x23a8090	0x23ab238	0x1905	0x19	0x5	0x1766b80	0x0
5	0x23a8090	0x23ab250	0x1906	0x19	0x6	0xd9a150	0x0
5	0x23a8090	0x23ab268	0x1907	0x19	0x7	0xd99b00	0x0
5	0x23a8090	0x23ab280	0x1908	0x19	0x8	0xd994b0	0x0
5	0x23a8090	0x23ab298	0x1909	0x19	0x9	0xd98e60	0x0
5	0x23a8090	0x23ab2b0	0x190a	0x19	0xa	0x1766530	0x0
5	0x23a8090	0x23ab2c8	0x190b	0x19	0xb	0x1765ee0	0x0
5	0x23a8090	0x23ab2e0	0x190c	0x19	0xc	0xd9e610	0x0
5	0x23a8090	0x23ab2f8	0x190d	0x19	0xd	0xd9f270	0x0
5	0x23a8090	0x23ab310	0x190e	0x19	0xe	0xd9ec30	0x0
5	0x23a8090	0x23ab328	0x190f	0x19	0xf	0xd9c0d0	0x0
5	0x23a8090	0x23ab340	0x1910	0x19	0x10	0xd9cd30	0x0
5	0x23a8090	0x23ab358	0x1911	0x19	0x11	0xd9c6f0	0x0
5	0x23a8090	0x23ab370	0x1912	0x19	0x12	0xd9f8b0	0x0
5	0x23a8090	0x23ab388	0x1913	0x19	0x13	0xda0510	0x0
5	0x23a8090	0x23ab3a0	0x1914	0x19	0x14	0xd9fed0	0x0
5	0x23a8090	0x23ab3b8	0x1915	0x19	0x15	0xd9d370	0x0
5	0x23a8090	0x23ab3d0	0x1916	0x19	0x16	0xd9dfd0	0x0
5	0x23a8090	0x23ab3e8	0x1917	0x19	0x17	0xd9d990	0x0
5	0x23a8090	0x23ab400	0x1918	0x19	0x18	0xda1d90	0x0
5	0x23a8090	0x23ab418	0x1919	0x19	0x19	0xda29b0	0x0
5	0x23a8090	0x23ab430	0x191a	0x19	0x1a	0xda2390	0x0
5	0x23a8090	0x23ab448	0x191b	0x19	0x1b	0xda0b50	0x0
5	0x23a8090	0x23ab460	0x191c	0x19	0x1c	0xda1770	0x0
5	0x23a8090	0x23ab478	0x191d	0x19	0x1d	0xda1150	0x0
5	0x23a8090	0x23ab4a0	0x0500	0x5	0x0	0xc6a200	0x0
5	0x23a8090	0x23ab4b8	0x0501	0x5	0x1	0xc6a6c0	0x0
5	0x23a8090	0x23ab4d0	0x0500	0x5	0x0	0xd90f90	0x0
5	0x23a8090	0x23ab500	0x0300	0x3	0x0	0xd32c30	0x0
5	0x23a8090	0x23ab518	0x0301	0x3	0x1	0xd33200	0x0
5	0x23a8090	0x23ab540	0x1300	0x13	0x0	0xd8a470	0x0
5	0x23a8090	0x23ab558	0x1302	0x13	0x2	0xd89c90	0x0
5	0x23a8090	0x23ab570	0x1304	0x13	0x4	0xd8b2e0	0x0
5	0x23a8090	0x23ab588	0x1306	0x13	0x6	0xd8ab60	0x0
5	0x23a8090	0x23ab5a0	0x1308	0x13	0x8	0xd8b9a0	0x0
5	0x23a8090	0x23ab5c0	0x0500	0x5	0x0	0xcc1280	0x0
5	0x23a8090	0x23ab5d8	0x0501	0x5	0x1	0xcc0de0	0x0
5	0x23a8090	0x23ab600	0x0500	0x5	0x0	0x1739ef0	0x0
5	0x23a8090	0x23ab618	0x0501	0x5	0x1	0x1739a50	0x0
5	0x23a8090	0x23ab630	0x0502	0x5	0x2	0x173a390	0x0
5	0x23a8090	0x23ab648	0x0503	0x5	0x3	0x173ad30	0x0
5	0x23a8090	0x23ab660	0x2204	0x22	0x4	0x173b200	0x0
5	0x23a8090	0x23ab678	0x2205	0x22	0x5	0x173b780	0x0
5	0x23a8090	0x23ab690	0x0506	0x5	0x6	0x173a860	0x0
5	0x23a8090	0x23ab6c0	0x0b00	0xb	0x0	0xe059e0	0x0
5	0x23a8090	0x23ab6d8	0x0501	0x5	0x1	0xe05f00	0x0
5	0x23a8090	0x23ab6f0	0x0502	0x5	0x2	0xe06470	0x0
5	0x23a8090	0x23ab708	0x0603	0x6	0x3	0xe04a40	0x0
5	0x23a8090	0x23ab720	0x0504	0x5	0x4	0xe04f60	0x0
5	0x23a8090	0x23ab738	0x0505	0x5	0x5	0xe054a0	0x0
5	0x23a8090	0x23ab760	0x0b00	0xb	0x0	0xdf2b00	0x0
5	0x23a8090	0x23ab778	0x0501	0x5	0x1	0xdf3020	0x0
5	0x23a8090	0x23ab790	0x0502	0x5	0x2	0xdf3590	0x0
5	0x23a8090	0x23ab7a8	0x0603	0x6	0x3	0xdf1b60	0x0
5	0x23a8090	0x23ab7c0	0x0504	0x5	0x4	0xdf2080	0x0
5	0x23a8090	0x23ab7d8	0x0505	0x5	0x5	0xdf25c0	0x0
5	0x23a8090	0x23ab800	0x0b00	0xb	0x0	0xcc2be0	0x0
5	0x23a8090	0x23ab818	0x0501	0x5	0x1	0xcc3130	0x0
5	0x23a8090	0x23ab830	0x0502	0x5	0x2	0xcc36d0	0x0
5	0x23a8090	0x23ab848	0x0603	0x6	0x3	0xcc1bb0	0x0
5	0x23a8090	0x23ab860	0x0504	0x5	0x4	0xcc2100	0x0
5	0x23a8090	0x23ab878	0x0505	0x5	0x5	0xcc2670	0x0
5	0x23a8090	0x23ab8a0	0x0b00	0xb	0x0	0xded500	0x0
5	0x23a8090	0x23ab8b8	0x0501	0x5	0x1	0xdeda50	0x0
5	0x23a8090	0x23ab8d0	0x0502	0x5	0x2	0xdedff0	0x0
5	0x23a8090	0x23ab8e8	0x0603	0x6	0x3	0xdec4d0	0x0
5	0x23a8090	0x23ab900	0x0504	0x5	0x4	0xdeca20	0x0
5	0x23a8090	0x23ab918	0x0505	0x5	0x5	0xdecf90	0x0
5	0x23a8090	0x23ab940	0x0b00	0xb	0x0	0xd41b80	0x0
5	0x23a8090	0x23ab958	0x0501	0x5	0x1	0xd420a0	0x0
5	0x23a8090	0x23ab970	0x0502	0x5	0x2	0xd42610	0x0
5	0x23a8090	0x23ab988	0x0603	0x6	0x3	0xd40be0	0x0
5	0x23a8090	0x23ab9a0	0x0504	0x5	0x4	0xd41100	0x0
5	0x23a8090	0x23ab9b8	0x0505	0x5	0x5	0xd41640	0x0
5	0x23a8090	0x23ab9e0	0x0b00	0xb	0x0	0xd0df80	0x0
5	0x23a8090	0x23ab9f8	0x0501	0x5	0x1	0xd0e4a0	0x0
5	0x23a8090	0x23aba10	0x0502	0x5	0x2	0xd0ea10	0x0
5	0x23a8090	0x23aba28	0x0603	0x6	0x3	0xd0cfe0	0x0
5	0x23a8090	0x23aba40	0x0504	0x5	0x4	0xd0d500	0x0
5	0x23a8090	0x23aba58	0x0505	0x5	0x5	0xd0da40	0x0
5	0x23a8090	0x23aba80	0x0b00	0xb	0x0	0xdc7c70	0x0
5	0x23a8090	0x23aba98	0x0501	0x5	0x1	0xdc8190	0x0
5	0x23a8090	0x23abab0	0x0502	0x5	0x2	0xdc8700	0x0
5	0x23a8090	0x23abac8	0x0603	0x6	0x3	0xdc5d20	0x0
5	0x23a8090	0x23abae0	0x0504	0x5	0x4	0xdc6770	0x0
5	0x23a8090	0x23abaf8	0x0505	0x5	0x5	0xdc71f0	0x0
5	0x23a8090	0x23abb10	0x0706	0x7	0x6	0xdc6240	0x0
5	0x23a8090	0x23abb28	0x0507	0x5	0x7	0xdc6cb0	0x0
5	0x23a8090	0x23abb40	0x0508	0x5	0x8	0xdc7730	0x0
5	0x23a8090	0x23abb60	0x0b00	0xb	0x0	0xdb8490	0x0
5	0x23a8090	0x23abb78	0x0501	0x5	0x1	0xdb89b0	0x0
5	0x23a8090	0x23abb90	0x0502	0x5	0x2	0xdb8f20	0x0
5	0x23a8090	0x23abba8	0x0603	0x6	0x3	0xdb6540	0x0
5	0x23a8090	0x23abbc0	0x0504	0x5	0x4	0xdb6f90	0x0
5	0x23a8090	0x23abbd8	0x0505	0x5	0x5	0xdb7a10	0x0
5	0x23a8090	0x23abbf0	0x0706	0x7	0x6	0xdb6a60	0x0
5	0x23a8090	0x23abc08	0x0507	0x5	0x7	0xdb74d0	0x0
5	0x23a8090	0x23abc20	0x0508	0x5	0x8	0xdb7f50	0x0
5	0x23a8090	0x23abc40	0x0300	0x3	0x0	0xc92210	0x0
5	0x23a8090	0x23abc58	0x0301	0x3	0x1	0xc8cdd0	0x0
5	0x23a8090	0x23abc70	0x0302	0x3	0x2	0xc8d3d0	0x0
5	0x23a8090	0x23abc88	0x0303	0x3	0x3	0xc92800	0x0
5	0x23a8090	0x23abca0	0x0304	0x3	0x4	0xc8da00	0x0
5	0x23a8090	0x23abcb8	0x1905	0x19	0x5	0xc8e030	0x0
5	0x23a8090	0x23abcd0	0x0306	0x3	0x6	0xc90a40	0x0
5	0x23a8090	0x23abce8	0x0307	0x3	0x7	0xc91610	0x0
5	0x23a8090	0x23abd00	0x0308	0x3	0x8	0xc91020	0x0
5	0x23a8090	0x23abd18	0x1909	0x19	0x9	0xc91c00	0x0
5	0x23a8090	0x23abd30	0x030a	0x3	0xa	0xc8a320	0x0
5	0x23a8090	0x23abd48	0x030b	0x3	0xb	0xc8bb80	0x0
5	0x23a8090	0x23abd60	0x030c	0x3	0xc	0xc8af40	0x0
5	0x23a8090	0x23abd78	0x190d	0x19	0xd	0xc8a900	0x0
5	0x23a8090	0x23abd90	0x190e	0x19	0xe	0xc8c170	0x0
5	0x23a8090	0x23abda8	0x190f	0x19	0xf	0xc8b530	0x0
5	0x23a8090	0x23abdc0	0x1910	0x19	0x10	0xc8c7c0	0x0
5	0x23a8090	0x23abdd8	0x1911	0x19	0x11	0xc9c380	0x0
5	0x23a8090	0x23abdf0	0x1912	0x19	0x12	0xc985b0	0x0
5	0x23a8090	0x23abe08	0x1913	0x19	0x13	0xc98c00	0x0
5	0x23a8090	0x23abe20	0x1914	0x19	0x14	0xc9ab00	0x0
5	0x23a8090	0x23abe38	0x1915	0x19	0x15	0xc9b720	0x0
5	0x23a8090	0x23abe50	0x1916	0x19	0x16	0xc9b100	0x0
5	0x23a8090	0x23abe68	0x1917	0x19	0x17	0xc9bd40	0x0
5	0x23a8090	0x23abe80	0x1918	0x19	0x18	0xc959f0	0x0
5	0x23a8090	0x23abe98	0x1919	0x19	0x19	0xc972e0	0x0
5	0x23a8090	0x23abeb0	0x191a	0x19	0x1a	0xc96650	0x0
5	0x23a8090	0x23abec8	0x191b	0x19	0x1b	0xc95ff0	0x0
5	0x23a8090	0x23abee0	0x191c	0x19	0x1c	0xc97900	0x0
5	0x23a8090	0x23abef8	0x191d	0x19	0x1d	0xc96c70	0x0
5	0x23a8090	0x23abf10	0x191e	0x19	0x1e	0xc97f70	0x0
5	0x23a8090	0x23abf28	0x191f	0x19	0x1f	0xc99280	0x0
5	0x23a8090	0x23abf40	0x1920	0x19	0x20	0xc99ea0	0x0
5	0x23a8090	0x23abf58	0x1921	0x19	0x21	0xc99880	0x0
5	0x23a8090	0x23abf70	0x1922	0x19	0x22	0xc9a4c0	0x0
5	0x23a8090	0x23abf88	0x1923	0x19	0x23	0xc92e30	0x0
5	0x23a8090	0x23abfa0	0x1924	0x19	0x24	0xc94720	0x0
5	0x23a8090	0x23abfb8	0x1925	0x19	0x25	0xc93a90	0x0
5	0x23a8090	0x23abfd0	0x1926	0x19	0x26	0xc93430	0x0
5	0x23a8090	0x23abfe8	0x1927	0x19	0x27	0xc94d40	0x0
5	0x23a8090	0x23ac000	0x1928	0x19	0x28	0xc940b0	0x0
5	0x23a8090	0x23ac018	0x1929	0x19	0x29	0xc953b0	0x0
5	0x23a8090	0x23ac030	0x032a	0x3	0x2a	0xc8e6b0	0x0
5	0x23a8090	0x23ac048	0x032b	0x3	0x2b	0xc8f280	0x0
5	0x23a8090	0x23ac060	0x032c	0x3	0x2c	0xc8ec90	0x0
5	0x23a8090	0x23ac078	0x192d	0x19	0x2d	0xc8f870	0x0
5	0x23a8090	0x23ac090	0x032e	0x3	0x2e	0xc86030	0x0
5	0x23a8090	0x23ac0a8	0x032f	0x3	0x2f	0xc86c00	0x0
5	0x23a8090	0x23ac0c0	0x0330	0x3	0x30	0xc86610	0x0
5	0x23a8090	0x23ac0d8	0x1931	0x19	0x31	0xc87db0	0x0
5	0x23a8090	0x23ac0f0	0x1932	0x19	0x32	0xc88a40	0x0
5	0x23a8090	0x23ac108	0x1933	0x19	0x33	0xc883f0	0x0
5	0x23a8090	0x23ac120	0x1934	0x19	0x34	0xc89d10	0x0
5	0x23a8090	0x23ac138	0x0335	0x3	0x35	0xc90460	0x0
5	0x23a8090	0x23ac150	0x0336	0x3	0x36	0xc8fe80	0x0
5	0x23a8090	0x23ac168	0x0337	0x3	0x37	0xc877d0	0x0
5	0x23a8090	0x23ac180	0x0338	0x3	0x38	0xc871f0	0x0
5	0x23a8090	0x23ac198	0x1939	0x19	0x39	0xc896d0	0x0
5	0x23a8090	0x23ac1b0	0x193a	0x19	0x3a	0xc89090	0x0
5	0x23a8090	0x23ac1c8	0x193b	0x19	0x3b	0xc9e120	0x0
5	0x23a8090	0x23ac1e0	0x033c	0x3	0x3c	0xc9cf80	0x0
5	0x23a8090	0x23ac1f8	0x193d	0x19	0x3d	0x1737d00	0x0
5	0x23a8090	0x23ac210	0x193e	0x19	0x3e	0xc9e750	0x0
5	0x23a8090	0x23ac228	0x033f	0x3	0x3f	0x1737710	0x0
5	0x23a8090	0x23ac240	0x0340	0x3	0x40	0xc9d540	0x0
5	0x23a8090	0x23ac258	0x1941	0x19	0x41	0xc9db30	0x0
5	0x23a8090	0x23ac270	0x1942	0x19	0x42	0xc9f960	0x0
5	0x23a8090	0x23ac288	0x0343	0x3	0x43	0xc9c9d0	0x0
5	0x23a8090	0x23ac2a0	0x0344	0x3	0x44	0xc9edb0	0x0
5	0x23a8090	0x23ac2b8	0x1945	0x19	0x45	0xc9ff90	0x0
5	0x23a8090	0x23ac2d0	0x0346	0x3	0x46	0xc9f390	0x0
5	0x23a8090	0x23ac300	0x1900	0x19	0x0	0x176b090	0x0
5	0x23a8090	0x23ac318	0x1901	0x19	0x1	0x176b700	0x0
5	0x23a8090	0x23ac330	0x1902	0x19	0x2	0xdb9ac0	0x0
5	0x23a8090	0x23ac348	0x1903	0x19	0x3	0xdb9490	0x0
5	0x23a8090	0x23ac360	0x1904	0x19	0x4	0xdbd210	0x0
5	0x23a8090	0x23ac378	0x1905	0x19	0x5	0xdbea50	0x0
5	0x23a8090	0x23ac390	0x1906	0x19	0x6	0xdbde20	0x0
5	0x23a8090	0x23ac3a8	0x1907	0x19	0x7	0xdbf090	0x0
5	0x23a8090	0x23ac3c0	0x1908	0x19	0x8	0xdc20d0	0x0
5	0x23a8090	0x23ac3d8	0x1909	0x19	0x9	0xdc0f30	0x0
5	0x23a8090	0x23ac3f0	0x190a	0x19	0xa	0xdc1ae0	0x0
5	0x23a8090	0x23ac408	0x190b	0x19	0xb	0xdc14f0	0x0
5	0x23a8090	0x23ac420	0x190c	0x19	0xc	0xdbcc50	0x0
5	0x23a8090	0x23ac438	0x190d	0x19	0xd	0xdbe460	0x0
5	0x23a8090	0x23ac450	0x190e	0x19	0xe	0xdbd830	0x0
5	0x23a8090	0x23ac468	0x190f	0x19	0xf	0xdbb360	0x0
5	0x23a8090	0x23ac480	0x1910	0x19	0x10	0xdbbfc0	0x0
5	0x23a8090	0x23ac498	0x1911	0x19	0x11	0xdbb980	0x0
5	0x23a8090	0x23ac4b0	0x1912	0x19	0x12	0xdbc600	0x0
5	0x23a8090	0x23ac4c8	0x1913	0x19	0x13	0xdc08e0	0x0
5	0x23a8090	0x23ac4e0	0x1914	0x19	0x14	0xdbf6a0	0x0
5	0x23a8090	0x23ac4f8	0x1915	0x19	0x15	0xdc02c0	0x0
5	0x23a8090	0x23ac510	0x1916	0x19	0x16	0xdbfca0	0x0
5	0x23a8090	0x23ac528	0x1917	0x19	0x17	0xdba120	0x0
5	0x23a8090	0x23ac540	0x1918	0x19	0x18	0xdbad40	0x0
5	0x23a8090	0x23ac558	0x1919	0x19	0x19	0xdba720	0x0
5	0x23a8090	0x23ac580	0x0500	0x5	0x0	0xe0c3d0	0x0
5	0x23a8090	0x23ac598	0x0501	0x5	0x1	0xe0c8f0	0x0
5	0x23a8090	0x23ac5b0	0x0306	0x3	0x6	0xe0d3f0	0x0
5	0x23a8090	0x23ac5c8	0x0307	0x3	0x7	0xe0ce10	0x0
5	0x23a8090	0x23ac5e0	0x0a00	0xa	0x0	0xde41b0	0x0
5	0x23a8090	0x23ac5f8	0x1201	0x12	0x1	0xde4c40	0x0
5	0x23a8090	0x23ac610	0x0a02	0xa	0x2	0xde46e0	0x0
5	0x23a8090	0x23ac628	0x1203	0x12	0x3	0xde51d0	0x0
5	0x23a8090	0x23ac640	0x030c	0x3	0xc	0xde5d70	0x0
5	0x23a8090	0x23ac658	0x030d	0x3	0xd	0xde5770	0x0
5	0x23a8090	0x23ac670	0x160e	0x16	0xe	0xde7560	0x0
5	0x23a8090	0x23ac688	0x160f	0x16	0xf	0xde6f20	0x0
5	0x23a8090	0x23ac6a0	0x0310	0x3	0x10	0xde6930	0x0
5	0x23a8090	0x23ac6b8	0x0311	0x3	0x11	0xde6340	0x0
5	0x23a8090	0x23ac6d0	0x1612	0x16	0x12	0xde8200	0x0
5	0x23a8090	0x23ac6e8	0x1613	0x16	0x13	0xde7b90	0x0
5	0x23a8090	0x23ac700	0x0500	0x5	0x0	0xd601b0	0x0
5	0x23a8090	0x23ac718	0x0303	0x3	0x3	0xd61830	0x0
5	0x23a8090	0x23ac730	0x0304	0x3	0x4	0xd61240	0x0
5	0x23a8090	0x23ac748	0x0505	0x5	0x5	0xd5fcb0	0x0
5	0x23a8090	0x23ac760	0x0308	0x3	0x8	0xd60c90	0x0
5	0x23a8090	0x23ac778	0x0309	0x3	0x9	0xd606c0	0x0
5	0x23a8090	0x23ac7a0	0x0500	0x5	0x0	0xd11850	0x0
5	0x23a8090	0x23ac7b8	0x0501	0x5	0x1	0xd14990	0x0
5	0x23a8090	0x23ac7d0	0x0502	0x5	0x2	0xd10a10	0x0
5	0x23a8090	0x23ac7e8	0x0503	0x5	0x3	0xd10540	0x0
5	0x23a8090	0x23ac800	0x0504	0x5	0x4	0xd10eb0	0x0
5	0x23a8090	0x23ac818	0x0505	0x5	0x5	0xd11380	0x0
5	0x23a8090	0x23ac830	0x0506	0x5	0x6	0xd14020	0x0
5	0x23a8090	0x23ac848	0x0507	0x5	0x7	0xd11cf0	0x0
5	0x23a8090	0x23ac860	0x0508	0x5	0x8	0xd144f0	0x0
5	0x23a8090	0x23ac878	0x0509	0x5	0x9	0xd13620	0x0
5	0x23a8090	0x23ac890	0x0b0a	0xb	0xa	0xd12690	0x0
5	0x23a8090	0x23ac8a8	0x050b	0x5	0xb	0xd12190	0x0
5	0x23a8090	0x23ac8c0	0x050c	0x5	0xc	0xd13150	0x0
5	0x23a8090	0x23ac8d8	0x050d	0x5	0xd	0xd13af0	0x0
5	0x23a8090	0x23ac8f0	0x050e	0x5	0xe	0xd12c20	0x0
5	0x23a8090	0x23ac910	0x0300	0x3	0x0	0x1761ed0	0x0
5	0x23a8090	0x23ac940	0x0500	0x5	0x0	0xcaf0a0	0x0
5	0x23a8090	0x23ac958	0x1e02	0x1e	0x2	0xcaf5a0	0x0
5	0x23a8090	0x23ac970	0x0503	0x5	0x3	0xcafb30	0x0
5	0x23a8090	0x23ac988	0x1e05	0x1e	0x5	0xcb0030	0x0
5	0x23a8090	0x23ac9a0	0x0506	0x5	0x6	0xca2990	0x0
5	0x23a8090	0x23ac9b8	0x0b07	0xb	0x7	0xca19c0	0x0
5	0x23a8090	0x23ac9d0	0x0508	0x5	0x8	0xca1f10	0x0
5	0x23a8090	0x23ac9e8	0x0b09	0xb	0x9	0xca2430	0x0
5	0x23a8090	0x23aca00	0x030e	0x3	0xe	0xca3410	0x0
5	0x23a8090	0x23aca18	0x160f	0x16	0xf	0xca3fa0	0x0
5	0x23a8090	0x23aca30	0x0310	0x3	0x10	0xca4b50	0x0
5	0x23a8090	0x23aca48	0x1611	0x16	0x11	0xca5700	0x0
5	0x23a8090	0x23aca60	0x0212	0x2	0x12	0xca6f50	0x0
5	0x23a8090	0x23aca78	0x1213	0x12	0x13	0xca8820	0x0
5	0x23a8090	0x23aca90	0x0214	0x2	0x14	0xcaa090	0x0
5	0x23a8090	0x23acaa8	0x1215	0x12	0x15	0xcab9d0	0x0
5	0x23a8090	0x23acac0	0x031a	0x3	0x1a	0xca6360	0x0
5	0x23a8090	0x23acad8	0x161b	0x16	0x1b	0xca7b80	0x0
5	0x23a8090	0x23acaf0	0x031c	0x3	0x1c	0xca9480	0x0
5	0x23a8090	0x23acb08	0x161d	0x16	0x1d	0xcaad00	0x0
5	0x23a8090	0x23acb20	0x021e	0x2	0x1e	0xca69a0	0x0
5	0x23a8090	0x23acb38	0x121f	0x12	0x1f	0xca8220	0x0
5	0x23a8090	0x23acb50	0x0220	0x2	0x20	0xca9ae0	0x0
5	0x23a8090	0x23acb68	0x1221	0x12	0x21	0xcab3b0	0x0
5	0x23a8090	0x23acb80	0x0326	0x3	0x26	0xca5d10	0x0
5	0x23a8090	0x23acb98	0x1627	0x16	0x27	0xca74e0	0x0
5	0x23a8090	0x23acbb0	0x0328	0x3	0x28	0xca8e20	0x0
5	0x23a8090	0x23acbc8	0x1629	0x16	0x29	0xcaa640	0x0
5	0x23a8090	0x23acbe0	0x052a	0x5	0x2a	0xca14f0	0x0
5	0x23a8090	0x23acbf8	0x0b2b	0xb	0x2b	0xca05b0	0x0
5	0x23a8090	0x23acc10	0x052c	0x5	0x2c	0xca0ad0	0x0
5	0x23a8090	0x23acc28	0x0b2d	0xb	0x2d	0xca0fc0	0x0
5	0x23a8090	0x23acc40	0x0332	0x3	0x32	0xca2e90	0x0
5	0x23a8090	0x23acc58	0x1633	0x16	0x33	0xca39c0	0x0
5	0x23a8090	0x23acc70	0x0334	0x3	0x34	0xca45b0	0x0
5	0x23a8090	0x23acc88	0x1635	0x16	0x35	0xca5120	0x0
5	0x23a8090	0x23acca0	0x0536	0x5	0x36	0xcabfe0	0x0
5	0x23a8090	0x23accb8	0x0537	0x5	0x37	0xcadfd0	0x0
5	0x23a8090	0x23accd0	0x0538	0x5	0x38	0xcada30	0x0
5	0x23a8090	0x23acce8	0x0639	0x6	0x39	0xcaeaf0	0x0
5	0x23a8090	0x23acd00	0x033a	0x3	0x3a	0xcae510	0x0
5	0x23a8090	0x23acd18	0x053b	0x5	0x3b	0xcac480	0x0
5	0x23a8090	0x23acd30	0x053c	0x5	0x3c	0xcad4c0	0x0
5	0x23a8090	0x23acd48	0x063d	0x6	0x3d	0xcacf40	0x0
5	0x23a8090	0x23acd60	0x033e	0x3	0x3e	0xcac990	0x0
5	0x23a8090	0x23acd80	0x0500	0x5	0x0	0xe0a490	0x0
5	0x23a8090	0x23acda0	0x0a00	0xa	0x0	0xdc8c70	0x0
5	0x23a8090	0x23acdb8	0x0301	0x3	0x1	0xdc96c0	0x0
5	0x23a8090	0x23acdd0	0x0a02	0xa	0x2	0xdca120	0x0
5	0x23a8090	0x23acde8	0x0303	0x3	0x3	0xdc9170	0x0
5	0x23a8090	0x23ace00	0x0a04	0xa	0x4	0xdc9c20	0x0
5	0x23a8090	0x23ace20	0x1e00	0x1e	0x0	0x17850c0	0x0
5	0x23a8090	0x23ace38	0x0501	0x5	0x1	0x1784bd0	0x0
5	0x23a8090	0x23ace60	0x0200	0x2	0x0	0xc7c710	0x0
5	0x23a8090	0x23ace78	0x0301	0x3	0x1	0xc7d190	0x0
5	0x23a8090	0x23ace90	0x0202	0x2	0x2	0xc7d740	0x0
5	0x23a8090	0x23acea8	0x0303	0x3	0x3	0xc7c1a0	0x0
5	0x23a8090	0x23acec0	0x0204	0x2	0x4	0xc7cc50	0x0
5	0x23a8090	0x23acee0	0x0200	0x2	0x0	0xc7ac30	0x0
5	0x23a8090	0x23acef8	0x0301	0x3	0x1	0xc7b6b0	0x0
5	0x23a8090	0x23acf10	0x0202	0x2	0x2	0xc7bc60	0x0
5	0x23a8090	0x23acf28	0x0303	0x3	0x3	0xc7a6c0	0x0
5	0x23a8090	0x23acf40	0x0204	0x2	0x4	0xc7b170	0x0
5	0x23a8090	0x23acf60	0x2300	0x23	0x0	0xd84690	0x0
5	0x23a8090	0x23acf78	0x1301	0x13	0x1	0xd83f40	0x0
5	0x23a8090	0x23acf90	0x1302	0x13	0x2	0xd84df0	0x0
5	0x23a8090	0x23acfa8	0x0203	0x2	0x3	0xd85540	0x0
5	0x23a8090	0x23acfc0	0x0304	0x3	0x4	0xd85a50	0x0
5	0x23a8090	0x23acfd8	0x0205	0x2	0x5	0xd85fc0	0x0
5	0x23a8090	0x23acff0	0x0306	0x3	0x6	0x1762440	0x0
5	0x23a8090	0x23ad008	0x0a07	0xa	0x7	0x1763150	0x0
5	0x23a8090	0x23ad020	0x0a08	0xa	0x8	0x1762ac0	0x0
5	0x23a8090	0x23ad040	0x0a00	0xa	0x0	0xe09040	0x0
5	0x23a8090	0x23ad060	0x1300	0x13	0x0	0xe089a0	0x0
5	0x23a8090	0x23ad080	0x0a00	0xa	0x0	0xe07d10	0x0
5	0x23a8090	0x23ad098	0x0a01	0xa	0x1	0xe08370	0x0
5	0x23a8090	0x23ad0c0	0x0500	0x5	0x0	0xe04410	0x0
5	0x23a8090	0x23ad0d8	0x1301	0x13	0x1	0xe03dd0	0x0
5	0x23a8090	0x23ad100	0x1300	0x13	0x0	0xe03170	0x0
5	0x23a8090	0x23ad118	0x1301	0x13	0x1	0xe037a0	0x0
5	0x23a8090	0x23ad140	0x2300	0x23	0x0	0xd691f0	0x0
5	0x23a8090	0x23ad158	0x1301	0x13	0x1	0xd68aa0	0x0
5	0x23a8090	0x23ad170	0x1302	0x13	0x2	0xd69950	0x0
5	0x23a8090	0x23ad188	0x0203	0x2	0x3	0xd6a0a0	0x0
5	0x23a8090	0x23ad1a0	0x0304	0x3	0x4	0xd6a5b0	0x0
5	0x23a8090	0x23ad1b8	0x0205	0x2	0x5	0xd6ab20	0x0
5	0x23a8090	0x23ad1d0	0x0306	0x3	0x6	0x1760080	0x0
5	0x23a8090	0x23ad1e8	0x0a07	0xa	0x7	0x1760d90	0x0
5	0x23a8090	0x23ad200	0x0a08	0xa	0x8	0x1760700	0x0
5	0x23a8090	0x23ad220	0x1300	0x13	0x0	0xe02b20	0x0
5	0x23a8090	0x23ad240	0x0500	0x5	0x0	0xd5cea0	0x0
5	0x23a8090	0x23ad258	0x0501	0x5	0x1	0xd5e360	0x0
5	0x23a8090	0x23ad270	0x0502	0x5	0x2	0xd5c440	0x0
5	0x23a8090	0x23ad288	0x0503	0x5	0x3	0xd5d900	0x0
5	0x23a8090	0x23ad2a0	0x0504	0x5	0x4	0xd5ed90	0x0
5	0x23a8090	0x23ad2b8	0x0505	0x5	0x5	0xd5f7a0	0x0
5	0x23a8090	0x23ad2d0	0x0506	0x5	0x6	0xd5e890	0x0
5	0x23a8090	0x23ad2e8	0x0507	0x5	0x7	0xd5f290	0x0
5	0x23a8090	0x23ad300	0x0508	0x5	0x8	0xd5c970	0x0
5	0x23a8090	0x23ad318	0x0509	0x5	0x9	0xd5de30	0x0
5	0x23a8090	0x23ad330	0x050a	0x5	0xa	0xd5bf10	0x0
5	0x23a8090	0x23ad348	0x050b	0x5	0xb	0xd5d3d0	0x0
5	0x23a8090	0x23ad360	0x1900	0x19	0x0	0x1770520	0x0
5	0x23a8090	0x23ad378	0x1901	0x19	0x1	0x1770b90	0x0
5	0x23a8090	0x23ad390	0x0302	0x3	0x2	0xdf91b0	0x0
5	0x23a8090	0x23ad3a8	0x0303	0x3	0x3	0xdf8bc0	0x0
5	0x23a8090	0x23ad3c0	0x1904	0x19	0x4	0xdf97c0	0x0
5	0x23a8090	0x23ad3d8	0x1905	0x19	0x5	0xdfbb30	0x0
5	0x23a8090	0x23ad3f0	0x1906	0x19	0x6	0xdfa940	0x0
5	0x23a8090	0x23ad408	0x1907	0x19	0x7	0xdfcd20	0x0
5	0x23a8090	0x23ad420	0x1908	0x19	0x8	0xdfe5b0	0x0
5	0x23a8090	0x23ad438	0x1909	0x19	0x9	0xdfd370	0x0
5	0x23a8090	0x23ad450	0x190a	0x19	0xa	0xdfdf90	0x0
5	0x23a8090	0x23ad468	0x190b	0x19	0xb	0xdfd970	0x0
5	0x23a8090	0x23ad480	0x190c	0x19	0xc	0xdf9dc0	0x0
5	0x23a8090	0x23ad498	0x190d	0x19	0xd	0xdfc150	0x0
5	0x23a8090	0x23ad4b0	0x190e	0x19	0xe	0xdfaf60	0x0
5	0x23a8090	0x23ad4c8	0x030f	0x3	0xf	0xdff1b0	0x0
5	0x23a8090	0x23ad4e0	0x0310	0x3	0x10	0xdff780	0x0
5	0x23a8090	0x23ad4f8	0x0311	0x3	0x11	0xdfec00	0x0
5	0x23a8090	0x23ad510	0x0312	0x3	0x12	0xdf3b00	0x0
5	0x23a8090	0x23ad528	0x0313	0x3	0x13	0xdf4690	0x0
5	0x23a8090	0x23ad540	0x0314	0x3	0x14	0xdf40b0	0x0
5	0x23a8090	0x23ad558	0x1915	0x19	0x15	0xdf6e10	0x0
5	0x23a8090	0x23ad570	0x1916	0x19	0x16	0xdf85a0	0x0
5	0x23a8090	0x23ad588	0x0317	0x3	0x17	0xdf7430	0x0
5	0x23a8090	0x23ad5a0	0x0318	0x3	0x18	0xdf7fc0	0x0
5	0x23a8090	0x23ad5b8	0x0319	0x3	0x19	0xdf79e0	0x0
5	0x23a8090	0x23ad5d0	0x031a	0x3	0x1a	0xe007d0	0x0
5	0x23a8090	0x23ad5e8	0x191b	0x19	0x1b	0xe01910	0x0
5	0x23a8090	0x23ad600	0x031c	0x3	0x1c	0xdffd00	0x0
5	0x23a8090	0x23ad618	0x031d	0x3	0x1d	0xe00d80	0x0
5	0x23a8090	0x23ad630	0x031e	0x3	0x1e	0xdf4c70	0x0
5	0x23a8090	0x23ad648	0x031f	0x3	0x1f	0xdf5800	0x0
5	0x23a8090	0x23ad660	0x0320	0x3	0x20	0xdf5220	0x0
5	0x23a8090	0x23ad678	0x0321	0x3	0x21	0xdfa3c0	0x0
5	0x23a8090	0x23ad690	0x0322	0x3	0x22	0xdfc770	0x0
5	0x23a8090	0x23ad6a8	0x0323	0x3	0x23	0xdfb580	0x0
5	0x23a8090	0x23ad6c0	0x0324	0x3	0x24	0xe00250	0x0
5	0x23a8090	0x23ad6d8	0x0325	0x3	0x25	0xe01330	0x0
5	0x23a8090	0x23ad6f0	0x0326	0x3	0x26	0xdf5de0	0x0
5	0x23a8090	0x23ad708	0x0327	0x3	0x27	0xdf68a0	0x0
5	0x23a8090	0x23ad720	0x0328	0x3	0x28	0xdf6330	0x0
5	0x23a8090	0x23ad738	0x1929	0x19	0x29	0x176fe60	0x0
5	0x23a8090	0x23ad750	0x192a	0x19	0x2a	0x176f7d0	0x0
5	0x23a8090	0x23ad768	0x192b	0x19	0x2b	0x176f140	0x0
5	0x23a8090	0x23ad780	0x192c	0x19	0x2c	0x176eab0	0x0
5	0x23a8090	0x23ad7a0	0x0500	0x5	0x0	0xdeab30	0x0
5	0x23a8090	0x23ad7b8	0x0301	0x3	0x1	0xdeb030	0x0
5	0x23a8090	0x23ad7d0	0x0502	0x5	0x2	0xdeb580	0x0
5	0x23a8090	0x23ad7e8	0x0303	0x3	0x3	0xdebf80	0x0
5	0x23a8090	0x23ad800	0x0504	0x5	0x4	0xdeba80	0x0
5	0x23a8090	0x23ad820	0x0500	0x5	0x0	0xde8840	0x0
5	0x23a8090	0x23ad838	0x0301	0x3	0x1	0xde8d10	0x0
5	0x23a8090	0x23ad850	0x0302	0x3	0x2	0xde9700	0x0
5	0x23a8090	0x23ad868	0x0503	0x5	0x3	0xde9230	0x0
5	0x23a8090	0x23ad880	0x0304	0x3	0x4	0xdea0f0	0x0
5	0x23a8090	0x23ad898	0x0305	0x3	0x5	0xdea610	0x0
5	0x23a8090	0x23ad8b0	0x0506	0x5	0x6	0xde9c20	0x0
5	0x23a8090	0x23ad8e0	0x0200	0x2	0x0	0xde1490	0x0
5	0x23a8090	0x23ad8f8	0x0301	0x3	0x1	0xde1a00	0x0
5	0x23a8090	0x23ad910	0x0202	0x2	0x2	0xde25b0	0x0
5	0x23a8090	0x23ad928	0x0303	0x3	0x3	0xde1fd0	0x0
5	0x23a8090	0x23ad940	0x0304	0x3	0x4	0xde3bd0	0x0
5	0x23a8090	0x23ad958	0x0205	0x2	0x5	0xde2b20	0x0
5	0x23a8090	0x23ad970	0x0306	0x3	0x6	0xde3600	0x0
5	0x23a8090	0x23ad988	0x0207	0x2	0x7	0xde3090	0x0
5	0x23a8090	0x23ad9a0	0x0500	0x5	0x0	0xddfaf0	0x0
5	0x23a8090	0x23ad9b8	0x0301	0x3	0x1	0xddfff0	0x0
5	0x23a8090	0x23ad9d0	0x0502	0x5	0x2	0xde0540	0x0
5	0x23a8090	0x23ad9e8	0x0303	0x3	0x3	0xde0f40	0x0
5	0x23a8090	0x23ada00	0x0504	0x5	0x4	0xde0a40	0x0
5	0x23a8090	0x23ada20	0x0700	0x7	0x0	0xdc5280	0x0
5	0x23a8090	0x23ada38	0x0701	0x7	0x1	0xdc57d0	0x0
5	0x23a8090	0x23ada50	0x0702	0x7	0x2	0xdc47e0	0x0
5	0x23a8090	0x23ada68	0x0703	0x7	0x3	0xdc4d30	0x0
5	0x23a8090	0x23ada80	0x0500	0x5	0x0	0xdc26e0	0x0
5	0x23a8090	0x23ada98	0x0303	0x3	0x3	0xdc36b0	0x0
5	0x23a8090	0x23adab0	0x0304	0x3	0x4	0xdc30e0	0x0
5	0x23a8090	0x23adac8	0x0505	0x5	0x5	0x176bda0	0x0
5	0x23a8090	0x23adae0	0x0306	0x3	0x6	0x176c2d0	0x0
5	0x23a8090	0x23adaf8	0x0307	0x3	0x7	0x176c8b0	0x0
5	0x23a8090	0x23adb10	0x0508	0x5	0x8	0xdc2be0	0x0
5	0x23a8090	0x23adb28	0x030b	0x3	0xb	0xdc4230	0x0
5	0x23a8090	0x23adb40	0x030c	0x3	0xc	0xdc3c60	0x0
5	0x23a8090	0x23adb60	0x0300	0x3	0x0	0xd224d0	0x0
5	0x23a8090	0x23adb78	0x0301	0x3	0x1	0xd22f20	0x0
5	0x23a8090	0x23adb90	0x0302	0x3	0x2	0xd229f0	0x0
5	0x23a8090	0x23adbc0	0x0200	0x2	0x0	0xdb40a0	0x0
5	0x23a8090	0x23adbd8	0x0301	0x3	0x1	0xdb5030	0x0
5	0x23a8090	0x23adbf0	0x0202	0x2	0x2	0xdb55a0	0x0
5	0x23a8090	0x23adc08	0x0303	0x3	0x3	0xdb45b0	0x0
5	0x23a8090	0x23adc20	0x0204	0x2	0x4	0xdb4b20	0x0
5	0x23a8090	0x23adc38	0x0305	0x3	0x5	0xdb5fc0	0x0
5	0x23a8090	0x23adc50	0x0206	0x2	0x6	0xdb5ab0	0x0
5	0x23a8090	0x23adc80	0x0500	0x5	0x0	0xdb1e30	0x0
5	0x23a8090	0x23adc98	0x0601	0x6	0x1	0xdb2300	0x0
5	0x23a8090	0x23adcb0	0x0502	0x5	0x2	0xdb27f0	0x0
5	0x23a8090	0x23adcc8	0x0603	0x6	0x3	0xdb31b0	0x0
5	0x23a8090	0x23adce0	0x0504	0x5	0x4	0xdb2cd0	0x0
5	0x23a8090	0x23add00	0x0b00	0xb	0x0	0xdb1960	0x0
5	0x23a8090	0x23add20	0x0200	0x2	0x0	0xda43f0	0x0
5	0x23a8090	0x23add40	0x0500	0x5	0x0	0xda3f40	0x0
5	0x23a8090	0x23add58	0x0501	0x5	0x1	0xda2fd0	0x0
5	0x23a8090	0x23add70	0x0602	0x6	0x2	0xda34e0	0x0
5	0x23a8090	0x23add88	0x0503	0x5	0x3	0xda3a30	0x0
5	0x23a8090	0x23adda0	0x0500	0x5	0x0	0xda58a0	0x0
5	0x23a8090	0x23addb8	0x0301	0x3	0x1	0xda5d90	0x0
5	0x23a8090	0x23addd0	0x0502	0x5	0x2	0xda62b0	0x0
5	0x23a8090	0x23adde8	0x0303	0x3	0x3	0xda8140	0x0
5	0x23a8090	0x23ade00	0x0504	0x5	0x4	0xda7c50	0x0
5	0x23a8090	0x23ade18	0x0205	0x2	0x5	0xda4820	0x0
5	0x23a8090	0x23ade30	0x0306	0x3	0x6	0xda4d90	0x0
5	0x23a8090	0x23ade48	0x0207	0x2	0x7	0xda5330	0x0
5	0x23a8090	0x23ade60	0x0308	0x3	0x8	0xda76b0	0x0
5	0x23a8090	0x23ade78	0x0209	0x2	0x9	0xda7140	0x0
5	0x23a8090	0x23ade90	0x050a	0x5	0xa	0xda6c70	0x0
5	0x23a8090	0x23adea8	0x050b	0x5	0xb	0xda67a0	0x0
5	0x23a8090	0x23adec0	0x050c	0x5	0xc	0xda8660	0x0
5	0x23a8090	0x23adee0	0x0a00	0xa	0x0	0xd43d10	0x0
5	0x23a8090	0x23adef8	0x0301	0x3	0x1	0xd44240	0x0
5	0x23a8090	0x23adf10	0x0a02	0xa	0x2	0xd447d0	0x0
5	0x23a8090	0x23adf28	0x0303	0x3	0x3	0xd47560	0x0
5	0x23a8090	0x23adf40	0x0a04	0xa	0x4	0xd47020	0x0
5	0x23a8090	0x23adf58	0x0a05	0xa	0x5	0xd42b80	0x0
5	0x23a8090	0x23adf70	0x0306	0x3	0x6	0xd43140	0x0
5	0x23a8090	0x23adf88	0x0a07	0xa	0x7	0xd43750	0x0
5	0x23a8090	0x23adfa0	0x0308	0x3	0x8	0xd46a10	0x0
5	0x23a8090	0x23adfb8	0x0a09	0xa	0x9	0xd46450	0x0
5	0x23a8090	0x23adfd0	0x0a0a	0xa	0xa	0xd44d10	0x0
5	0x23a8090	0x23adfe8	0x0a0b	0xa	0xb	0xd4a990	0x0
5	0x23a8090	0x23ae000	0x0a0c	0xa	0xc	0xd49210	0x0
5	0x23a8090	0x23ae018	0x0a0d	0xa	0xd	0xd4b590	0x0
5	0x23a8090	0x23ae030	0x0a0e	0xa	0xe	0xd4bba0	0x0
5	0x23a8090	0x23ae048	0x0a0f	0xa	0xf	0xd458b0	0x0
5	0x23a8090	0x23ae060	0x0a10	0xa	0x10	0xd4af90	0x0
5	0x23a8090	0x23ae078	0x0a11	0xa	0x11	0xd49810	0x0
5	0x23a8090	0x23ae090	0x0a12	0xa	0x12	0xd47af0	0x0
5	0x23a8090	0x23ae0a8	0x0a13	0xa	0x13	0xd4d910	0x0
5	0x23a8090	0x23ae0c0	0x0a14	0xa	0x14	0xd4cd50	0x0
5	0x23a8090	0x23ae0d8	0x0a15	0xa	0x15	0xd4e4d0	0x0
5	0x23a8090	0x23ae0f0	0x0a16	0xa	0x16	0xd45ea0	0x0
5	0x23a8090	0x23ae108	0x0a17	0xa	0x17	0xd49e10	0x0
5	0x23a8090	0x23ae120	0x0a18	0xa	0x18	0xd48690	0x0
5	0x23a8090	0x23ae138	0x0a19	0xa	0x19	0xd4c1b0	0x0
5	0x23a8090	0x23ae150	0x0a1a	0xa	0x1a	0xd4c780	0x0
5	0x23a8090	0x23ae168	0x0a1b	0xa	0x1b	0xd45300	0x0
5	0x23a8090	0x23ae180	0x0a1c	0xa	0x1c	0xd480e0	0x0
5	0x23a8090	0x23ae198	0x0a1d	0xa	0x1d	0xd4df10	0x0
5	0x23a8090	0x23ae1b0	0x0a1e	0xa	0x1e	0xd4d350	0x0
5	0x23a8090	0x23ae1c8	0x0a1f	0xa	0x1f	0xd4a3d0	0x0
5	0x23a8090	0x23ae1e0	0x0a20	0xa	0x20	0xd48c50	0x0
5	0x23a8090	0x23ae1f8	0x0a21	0xa	0x21	0xd4eae0	0x0
5	0x23a8090	0x23ae220	0x0200	0x2	0x0	0xe1bdf0	0x0
5	0x23a8090	0x23ae238	0x0a01	0xa	0x1	0xe1e090	0x0
5	0x23a8090	0x23ae250	0x0302	0x3	0x2	0xe1c890	0x0
5	0x23a8090	0x23ae268	0x0303	0x3	0x3	0xe1ebd0	0x0
5	0x23a8090	0x23ae280	0x0204	0x2	0x4	0xe1c340	0x0
5	0x23a8090	0x23ae298	0x0a05	0xa	0x5	0xe1e630	0x0
5	0x23a8090	0x23ae2b0	0x0306	0x3	0x6	0xe20d60	0x0
5	0x23a8090	0x23ae2c8	0x0307	0x3	0x7	0xe224e0	0x0
5	0x23a8090	0x23ae2e0	0x0208	0x2	0x8	0xe20230	0x0
5	0x23a8090	0x23ae2f8	0x0a09	0xa	0x9	0xe218f0	0x0
5	0x23a8090	0x23ae310	0x0a0a	0xa	0xa	0xe1ac50	0x0
5	0x23a8090	0x23ae328	0x0a0b	0xa	0xb	0xe1cdf0	0x0
5	0x23a8090	0x23ae340	0x030c	0x3	0xc	0xe1b810	0x0
5	0x23a8090	0x23ae358	0x030d	0x3	0xd	0xe1da50	0x0
5	0x23a8090	0x23ae370	0x0a0e	0xa	0xe	0xe1b230	0x0
5	0x23a8090	0x23ae388	0x0a0f	0xa	0xf	0xe1d420	0x0
5	0x23a8090	0x23ae3a0	0x0310	0x3	0x10	0xe20780	0x0
5	0x23a8090	0x23ae3b8	0x0311	0x3	0x11	0xe21ea0	0x0
5	0x23a8090	0x23ae3d0	0x0a12	0xa	0x12	0xe1fc50	0x0
5	0x23a8090	0x23ae3e8	0x0a13	0xa	0x13	0xe212c0	0x0
5	0x23a8090	0x23ae400	0x0214	0x2	0x14	0xe1f6f0	0x0
5	0x23a8090	0x23ae418	0x0215	0x2	0x15	0xe1f190	0x0
5	0x23a8090	0x23ae430	0x0216	0x2	0x16	0xe22aa0	0x0
5	0x23a8090	0x23ae460	0x0200	0x2	0x0	0xdaa750	0x0
5	0x23a8090	0x23ae478	0x0a01	0xa	0x1	0xdac9f0	0x0
5	0x23a8090	0x23ae490	0x0302	0x3	0x2	0xdab1f0	0x0
5	0x23a8090	0x23ae4a8	0x0303	0x3	0x3	0xdad530	0x0
5	0x23a8090	0x23ae4c0	0x0204	0x2	0x4	0xdaaca0	0x0
5	0x23a8090	0x23ae4d8	0x0a05	0xa	0x5	0xdacf90	0x0
5	0x23a8090	0x23ae4f0	0x0306	0x3	0x6	0xdaf6c0	0x0
5	0x23a8090	0x23ae508	0x0307	0x3	0x7	0xdb0e40	0x0
5	0x23a8090	0x23ae520	0x0208	0x2	0x8	0xdaeb90	0x0
5	0x23a8090	0x23ae538	0x0a09	0xa	0x9	0xdb0250	0x0
5	0x23a8090	0x23ae550	0x0a0a	0xa	0xa	0xda95b0	0x0
5	0x23a8090	0x23ae568	0x0a0b	0xa	0xb	0xdab750	0x0
5	0x23a8090	0x23ae580	0x030c	0x3	0xc	0xdaa170	0x0
5	0x23a8090	0x23ae598	0x030d	0x3	0xd	0xdac3b0	0x0
5	0x23a8090	0x23ae5b0	0x0a0e	0xa	0xe	0xda9b90	0x0
5	0x23a8090	0x23ae5c8	0x0a0f	0xa	0xf	0xdabd80	0x0
5	0x23a8090	0x23ae5e0	0x0310	0x3	0x10	0xdaf0e0	0x0
5	0x23a8090	0x23ae5f8	0x0311	0x3	0x11	0xdb0800	0x0
5	0x23a8090	0x23ae610	0x0a12	0xa	0x12	0xdae5b0	0x0
5	0x23a8090	0x23ae628	0x0a13	0xa	0x13	0xdafc20	0x0
5	0x23a8090	0x23ae640	0x0214	0x2	0x14	0xdae050	0x0
5	0x23a8090	0x23ae658	0x0215	0x2	0x15	0xdadaf0	0x0
5	0x23a8090	0x23ae670	0x0216	0x2	0x16	0xdb1400	0x0
5	0x23a8090	0x23ae6a0	0x0200	0x2	0x0	0xc7ee20	0x0
5	0x23a8090	0x23ae6b8	0x0a01	0xa	0x1	0xc810c0	0x0
5	0x23a8090	0x23ae6d0	0x0302	0x3	0x2	0xc7f8c0	0x0
5	0x23a8090	0x23ae6e8	0x0303	0x3	0x3	0xc81c00	0x0
5	0x23a8090	0x23ae700	0x0204	0x2	0x4	0xc7f370	0x0
5	0x23a8090	0x23ae718	0x0a05	0xa	0x5	0xc81660	0x0
5	0x23a8090	0x23ae730	0x0306	0x3	0x6	0xc83d90	0x0
5	0x23a8090	0x23ae748	0x0307	0x3	0x7	0xc85510	0x0
5	0x23a8090	0x23ae760	0x0208	0x2	0x8	0xc83260	0x0
5	0x23a8090	0x23ae778	0x0a09	0xa	0x9	0xc84920	0x0
5	0x23a8090	0x23ae790	0x0a0a	0xa	0xa	0xc7dc80	0x0
5	0x23a8090	0x23ae7a8	0x0a0b	0xa	0xb	0xc7fe20	0x0
5	0x23a8090	0x23ae7c0	0x030c	0x3	0xc	0xc7e840	0x0
5	0x23a8090	0x23ae7d8	0x030d	0x3	0xd	0xc80a80	0x0
5	0x23a8090	0x23ae7f0	0x0a0e	0xa	0xe	0xc7e260	0x0
5	0x23a8090	0x23ae808	0x0a0f	0xa	0xf	0xc80450	0x0
5	0x23a8090	0x23ae820	0x0310	0x3	0x10	0xc837b0	0x0
5	0x23a8090	0x23ae838	0x0311	0x3	0x11	0xc84ed0	0x0
5	0x23a8090	0x23ae850	0x0a12	0xa	0x12	0xc82c80	0x0
5	0x23a8090	0x23ae868	0x0a13	0xa	0x13	0xc842f0	0x0
5	0x23a8090	0x23ae880	0x0214	0x2	0x14	0xc82720	0x0
5	0x23a8090	0x23ae898	0x0215	0x2	0x15	0xc821c0	0x0
5	0x23a8090	0x23ae8b0	0x0216	0x2	0x16	0xc85ad0	0x0
5	0x23a8090	0x23ae8e0	0x0900	0x9	0x0	0xd40240	0x0
5	0x23a8090	0x23ae8f8	0x0901	0x9	0x1	0xd40710	0x0
5	0x23a8090	0x23ae920	0x0a00	0xa	0x0	0xd38e20	0x0
5	0x23a8090	0x23ae938	0x0301	0x3	0x1	0xd3a0a0	0x0
5	0x23a8090	0x23ae950	0x0302	0x3	0x2	0xd39a60	0x0
5	0x23a8090	0x23ae968	0x0a03	0xa	0x3	0xd39440	0x0
5	0x23a8090	0x23ae980	0x0304	0x3	0x4	0xd3b950	0x0
5	0x23a8090	0x23ae998	0x0305	0x3	0x5	0xd3bf90	0x0
5	0x23a8090	0x23ae9b0	0x0a06	0xa	0x6	0xd3b320	0x0
5	0x23a8090	0x23ae9c8	0x0a07	0xa	0x7	0xd3d730	0x0
5	0x23a8090	0x23ae9e0	0x0308	0x3	0x8	0xd3e3b0	0x0
5	0x23a8090	0x23ae9f8	0x0a09	0xa	0x9	0xd3dd70	0x0
5	0x23a8090	0x23aea10	0x030a	0x3	0xa	0xd3fbf0	0x0
5	0x23a8090	0x23aea28	0x0a0b	0xa	0xb	0xd3f5a0	0x0
5	0x23a8090	0x23aea40	0x0a0c	0xa	0xc	0xd348b0	0x0
5	0x23a8090	0x23aea58	0x030d	0x3	0xd	0xd359b0	0x0
5	0x23a8090	0x23aea70	0x030e	0x3	0xe	0xd353f0	0x0
5	0x23a8090	0x23aea88	0x0a0f	0xa	0xf	0xd34e50	0x0
5	0x23a8090	0x23aeaa0	0x0310	0x3	0x10	0xd37060	0x0
5	0x23a8090	0x23aeab8	0x0311	0x3	0x11	0xd37620	0x0
5	0x23a8090	0x23aead0	0x0a12	0xa	0x12	0xd36ab0	0x0
5	0x23a8090	0x23aeae8	0x0a13	0xa	0x13	0xd3c5e0	0x0
5	0x23a8090	0x23aeb00	0x0314	0x3	0x14	0xd3d160	0x0
5	0x23a8090	0x23aeb18	0x0a15	0xa	0x15	0xd3cba0	0x0
5	0x23a8090	0x23aeb30	0x0316	0x3	0x16	0xd3efd0	0x0
5	0x23a8090	0x23aeb48	0x0a17	0xa	0x17	0xd3ea00	0x0
5	0x23a8090	0x23aeb60	0x0a18	0xa	0x18	0xd37bf0	0x0
5	0x23a8090	0x23aeb78	0x0319	0x3	0x19	0xd38810	0x0
5	0x23a8090	0x23aeb90	0x0a1a	0xa	0x1a	0xd38200	0x0
5	0x23a8090	0x23aeba8	0x031b	0x3	0x1b	0xd3ad00	0x0
5	0x23a8090	0x23aebc0	0x0a1c	0xa	0x1c	0xd3a6e0	0x0
5	0x23a8090	0x23aebd8	0x0a1d	0xa	0x1d	0xd337f0	0x0
5	0x23a8090	0x23aebf0	0x031e	0x3	0x1e	0xd34310	0x0
5	0x23a8090	0x23aec08	0x0a1f	0xa	0x1f	0xd33d80	0x0
5	0x23a8090	0x23aec20	0x0320	0x3	0x20	0xd36510	0x0
5	0x23a8090	0x23aec38	0x0a21	0xa	0x21	0xd35f70	0x0
5	0x23a8090	0x23aec50	0x0500	0x5	0x0	0xe23000	0x0
5	0x23a8090	0x23aec80	0x0500	0x5	0x0	0xccea80	0x0
5	0x23a8090	0x23aec98	0x0501	0x5	0x1	0xcc79c0	0x0
5	0x23a8090	0x23aecb0	0x1302	0x13	0x2	0x173d2e0	0x0
5	0x23a8090	0x23aecc8	0x0503	0x5	0x3	0x173c620	0x0
5	0x23a8090	0x23aece0	0x1304	0x13	0x4	0x1741c60	0x0
5	0x23a8090	0x23aecf8	0x0507	0x5	0x7	0x1741660	0x0
5	0x23a8090	0x23aed10	0x0508	0x5	0x8	0xccf940	0x0
5	0x23a8090	0x23aed28	0x0509	0x5	0x9	0xccfe40	0x0
5	0x23a8090	0x23aed40	0x050a	0x5	0xa	0xcd0370	0x0
5	0x23a8090	0x23aed58	0x130d	0x13	0xd	0x173f460	0x0
5	0x23a8090	0x23aed70	0x130e	0x13	0xe	0x173edf0	0x0
5	0x23a8090	0x23aed88	0x130f	0x13	0xf	0xcc91e0	0x0
5	0x23a8090	0x23aeda0	0x1312	0x13	0x12	0x1740200	0x0
5	0x23a8090	0x23aedb8	0x1313	0x13	0x13	0x173fb30	0x0
5	0x23a8090	0x23aedd0	0x1314	0x13	0x14	0xcc8b00	0x0
5	0x23a8090	0x23aede8	0x0515	0x5	0x15	0xccef50	0x0
5	0x23a8090	0x23aee00	0x0516	0x5	0x16	0xccf450	0x0
5	0x23a8090	0x23aee18	0x0517	0x5	0x17	0xcc47b0	0x0
5	0x23a8090	0x23aee30	0x1a18	0x1a	0x18	0xcc6a50	0x0
5	0x23a8090	0x23aee48	0x2619	0x26	0x19	0xcc71f0	0x0
5	0x23a8090	0x23aee60	0x1a1a	0x1a	0x1a	0xcc53d0	0x0
5	0x23a8090	0x23aee78	0x1a1b	0x1a	0x1b	0xcc4c50	0x0
5	0x23a8090	0x23aee90	0x1a1c	0x1a	0x1c	0xcc62d0	0x0
5	0x23a8090	0x23aeea8	0x1a1d	0x1a	0x1d	0xcc5b50	0x0
5	0x23a8090	0x23aeec0	0x031e	0x3	0x1e	0xcc3c70	0x0
5	0x23a8090	0x23aeed8	0x031f	0x3	0x1f	0xcc4210	0x0
5	0x23a8090	0x23aeef0	0x0520	0x5	0x20	0xcce0f0	0x0
5	0x23a8090	0x23aef08	0x0521	0x5	0x21	0xcce5c0	0x0
5	0x23a8090	0x23aef20	0x1322	0x13	0x22	0xcca660	0x0
5	0x23a8090	0x23aef38	0x1323	0x13	0x23	0xcc9910	0x0
5	0x23a8090	0x23aef50	0x1324	0x13	0x24	0x1740f90	0x0
5	0x23a8090	0x23aef68	0x1326	0x13	0x26	0x1740900	0x0
5	0x23a8090	0x23aef80	0x1328	0x13	0x28	0xcc9fb0	0x0
5	0x23a8090	0x23aef98	0x1329	0x13	0x29	0x173d960	0x0
5	0x23a8090	0x23aefb0	0x132a	0x13	0x2a	0x173cc50	0x0
5	0x23a8090	0x23aefc8	0x1331	0x13	0x31	0x173e6f0	0x0
5	0x23a8090	0x23aefe0	0x1332	0x13	0x32	0x173e040	0x0
5	0x23a8090	0x23af000	0x1900	0x19	0x0	0xd283e0	0x0
5	0x23a8090	0x23af018	0x1901	0x19	0x1	0xd270e0	0x0
5	0x23a8090	0x23af030	0x1902	0x19	0x2	0xd27d80	0x0
5	0x23a8090	0x23af048	0x1903	0x19	0x3	0xd27720	0x0
5	0x23a8090	0x23af060	0x0304	0x3	0x4	0xd30f80	0x0
5	0x23a8090	0x23af078	0x0305	0x3	0x5	0xd314f0	0x0
5	0x23a8090	0x23af090	0x0306	0x3	0x6	0xd30a00	0x0
5	0x23a8090	0x23af0a8	0x0307	0x3	0x7	0xd30490	0x0
5	0x23a8090	0x23af0c0	0x1908	0x19	0x8	0xd2dc60	0x0
5	0x23a8090	0x23af0d8	0x1909	0x19	0x9	0xd2c8e0	0x0
5	0x23a8090	0x23af0f0	0x190a	0x19	0xa	0xd2d5d0	0x0
5	0x23a8090	0x23af108	0x190b	0x19	0xb	0xd2cf40	0x0
5	0x23a8090	0x23af120	0x190c	0x19	0xc	0xd28a60	0x0
5	0x23a8090	0x23af138	0x190d	0x19	0xd	0xd2af70	0x0
5	0x23a8090	0x23af150	0x190e	0x19	0xe	0xd29cb0	0x0
5	0x23a8090	0x23af168	0x190f	0x19	0xf	0xd2c230	0x0
5	0x23a8090	0x23af180	0x1910	0x19	0x10	0xd290a0	0x0
5	0x23a8090	0x23af198	0x1911	0x19	0x11	0xd2b5d0	0x0
5	0x23a8090	0x23af1b0	0x1912	0x19	0x12	0xd2a310	0x0
5	0x23a8090	0x23af1c8	0x0313	0x3	0x13	0xd2e8b0	0x0
5	0x23a8090	0x23af1e0	0x0314	0x3	0x14	0xd2ee90	0x0
5	0x23a8090	0x23af1f8	0x0315	0x3	0x15	0xd2e310	0x0
5	0x23a8090	0x23af210	0x0316	0x3	0x16	0xd23450	0x0
5	0x23a8090	0x23af228	0x0317	0x3	0x17	0xd24070	0x0
5	0x23a8090	0x23af240	0x0318	0x3	0x18	0xd23a50	0x0
5	0x23a8090	0x23af258	0x1919	0x19	0x19	0xd26a50	0x0
5	0x23a8090	0x23af270	0x031a	0x3	0x1a	0xd2fee0	0x0
5	0x23a8090	0x23af288	0x191b	0x19	0x1b	0xd32600	0x0
5	0x23a8090	0x23af2a0	0x031c	0x3	0x1c	0xd2f410	0x0
5	0x23a8090	0x23af2b8	0x031d	0x3	0x1d	0xd31a70	0x0
5	0x23a8090	0x23af2d0	0x191e	0x19	0x1e	0xd24690	0x0
5	0x23a8090	0x23af2e8	0x191f	0x19	0x1f	0xd25330	0x0
5	0x23a8090	0x23af300	0x1920	0x19	0x20	0xd24cd0	0x0
5	0x23a8090	0x23af318	0x0321	0x3	0x21	0xd29700	0x0
5	0x23a8090	0x23af330	0x0322	0x3	0x22	0xd2bc60	0x0
5	0x23a8090	0x23af348	0x0323	0x3	0x23	0xd2a9a0	0x0
5	0x23a8090	0x23af360	0x0324	0x3	0x24	0xd2f960	0x0
5	0x23a8090	0x23af378	0x0325	0x3	0x25	0xd32020	0x0
5	0x23a8090	0x23af390	0x0326	0x3	0x26	0xd25990	0x0
5	0x23a8090	0x23af3a8	0x0327	0x3	0x27	0xd264b0	0x0
5	0x23a8090	0x23af3c0	0x0328	0x3	0x28	0xd25f10	0x0
5	0x23a8090	0x23af3d8	0x192a	0x19	0x2a	0x175f240	0x0
5	0x23a8090	0x23af3f0	0x192b	0x19	0x2b	0x175eb30	0x0
5	0x23a8090	0x23af408	0x192c	0x19	0x2c	0x175f950	0x0
5	0x23a8090	0x23af420	0x192d	0x19	0x2d	0x175e420	0x0
5	0x23a8090	0x23af440	0x0b00	0xb	0x0	0xda9080	0x0
5	0x23a8090	0x23af458	0x0b02	0xb	0x2	0xda8b30	0x0
5	0x23a8090	0x23af480	0x0a00	0xa	0x0	0xd56d50	0x0
5	0x23a8090	0x23af498	0x0a01	0xa	0x1	0xd57f70	0x0
5	0x23a8090	0x23af4b0	0x0302	0x3	0x2	0xd57340	0x0
5	0x23a8090	0x23af4c8	0x0a03	0xa	0x3	0xd57980	0x0
5	0x23a8090	0x23af4e0	0x0a04	0xa	0x4	0xd521a0	0x0
5	0x23a8090	0x23af4f8	0x0a05	0xa	0x5	0xd53240	0x0
5	0x23a8090	0x23af510	0x0306	0x3	0x6	0xd52710	0x0
5	0x23a8090	0x23af528	0x0a07	0xa	0x7	0xd52cd0	0x0
5	0x23a8090	0x23af540	0x0a08	0xa	0x8	0xd537b0	0x0
5	0x23a8090	0x23af558	0x0309	0x3	0x9	0xd54980	0x0
5	0x23a8090	0x23af570	0x0a0a	0xa	0xa	0xd54f70	0x0
5	0x23a8090	0x23af588	0x030b	0x3	0xb	0xd53d80	0x0
5	0x23a8090	0x23af5a0	0x0a0c	0xa	0xc	0xd543b0	0x0
5	0x23a8090	0x23af5b8	0x030d	0x3	0xd	0xd59b90	0x0
5	0x23a8090	0x23af5d0	0x030e	0x3	0xe	0xd5a1c0	0x0
5	0x23a8090	0x23af5e8	0x0a0f	0xa	0xf	0xd595c0	0x0
5	0x23a8090	0x23af600	0x0210	0x2	0x10	0xd4f620	0x0
5	0x23a8090	0x23af618	0x0311	0x3	0x11	0xd4f0b0	0x0
5	0x23a8090	0x23af630	0x0212	0x2	0x12	0xd50650	0x0
5	0x23a8090	0x23af648	0x0313	0x3	0x13	0xd4fb60	0x0
5	0x23a8090	0x23af660	0x0214	0x2	0x14	0xd50110	0x0
5	0x23a8090	0x23af678	0x0315	0x3	0x15	0xd58aa0	0x0
5	0x23a8090	0x23af690	0x0316	0x3	0x16	0xd59050	0x0
5	0x23a8090	0x23af6a8	0x0217	0x2	0x17	0xd58560	0x0
5	0x23a8090	0x23af6c0	0x0a18	0xa	0x18	0xd55540	0x0
5	0x23a8090	0x23af6d8	0x0a19	0xa	0x19	0xd56760	0x0
5	0x23a8090	0x23af6f0	0x031a	0x3	0x1a	0xd55b30	0x0
5	0x23a8090	0x23af708	0x0a1b	0xa	0x1b	0xd56170	0x0
5	0x23a8090	0x23af720	0x031c	0x3	0x1c	0xd5b8d0	0x0
5	0x23a8090	0x23af738	0x0a1d	0xa	0x1d	0xd5b2e0	0x0
5	0x23a8090	0x23af750	0x0a1e	0xa	0x1e	0xd50b90	0x0
5	0x23a8090	0x23af768	0x0a1f	0xa	0x1f	0xd51c30	0x0
5	0x23a8090	0x23af780	0x0320	0x3	0x20	0xd51100	0x0
5	0x23a8090	0x23af798	0x0a21	0xa	0x21	0xd516c0	0x0
5	0x23a8090	0x23af7b0	0x0322	0x3	0x22	0xd5ad20	0x0
5	0x23a8090	0x23af7c8	0x0a23	0xa	0x23	0xd5a7b0	0x0
5	0x23a8090	0x23af7e0	0x0200	0x2	0x0	0xd0a4e0	0x0
5	0x23a8090	0x23af7f8	0x0201	0x2	0x1	0xd0afc0	0x0
5	0x23a8090	0x23af810	0x0202	0x2	0x2	0xd09f70	0x0
5	0x23a8090	0x23af828	0x0203	0x2	0x3	0xd0aa50	0x0
5	0x23a8090	0x23af840	0x0200	0x2	0x0	0xd0b530	0x0
5	0x23a8090	0x23af858	0x0201	0x2	0x1	0xd0ba70	0x0
5	0x23a8090	0x23af880	0x2700	0x27	0x0	0xc7a000	0x0
5	0x23a8090	0x23af898	0x0a01	0xa	0x1	0xc79970	0x0
5	0x23a8090	0x23af8b0	0x0702	0x7	0x2	0xc77280	0x0
5	0x23a8090	0x23af8c8	0x0a03	0xa	0x3	0xc76cc0	0x0
5	0x23a8090	0x23af8e0	0x0a04	0xa	0x4	0xc77860	0x0
5	0x23a8090	0x23af8f8	0x0305	0x3	0x5	0xc78580	0x0
5	0x23a8090	0x23af910	0x0a06	0xa	0x6	0xc77ef0	0x0
5	0x23a8090	0x23af928	0x0307	0x3	0x7	0xc792c0	0x0
5	0x23a8090	0x23af940	0x0a08	0xa	0x8	0xc78c30	0x0
5	0x23a8090	0x23af958	0x0a09	0xa	0x9	0xc74fc0	0x0
5	0x23a8090	0x23af970	0x030a	0x3	0xa	0xc75b40	0x0
5	0x23a8090	0x23af988	0x0a0b	0xa	0xb	0xc75580	0x0
5	0x23a8090	0x23af9a0	0x030c	0x3	0xc	0xc766e0	0x0
5	0x23a8090	0x23af9b8	0x0a0d	0xa	0xd	0xc76120	0x0
5	0x23a8090	0x23af9e0	0x0500	0x5	0x0	0xc693d0	0x0
5	0x23a8090	0x23af9f8	0x0601	0x6	0x1	0xc69d10	0x0
5	0x23a8090	0x23afa10	0x0502	0x5	0x2	0xc69870	0x0
5	0x23a8090	0x23afa40	0x1900	0x19	0x0	0xd7c5e0	0x0
5	0x23a8090	0x23afa58	0x1901	0x19	0x1	0xd7cc30	0x0
5	0x23a8090	0x23afa70	0x1902	0x19	0x2	0xd73520	0x0
5	0x23a8090	0x23afa88	0x1903	0x19	0x3	0xd76090	0x0
5	0x23a8090	0x23afaa0	0x1904	0x19	0x4	0xd766d0	0x0
5	0x23a8090	0x23afab8	0x1905	0x19	0x5	0xd73b60	0x0
5	0x23a8090	0x23afad0	0x1906	0x19	0x6	0xd70b60	0x0
5	0x23a8090	0x23afae8	0x1907	0x19	0x7	0xd6d6a0	0x0
5	0x23a8090	0x23afb00	0x1908	0x19	0x8	0xd6e250	0x0
5	0x23a8090	0x23afb18	0x1909	0x19	0x9	0xd71710	0x0
5	0x23a8090	0x23afb30	0x190a	0x19	0xa	0xd71120	0x0
5	0x23a8090	0x23afb48	0x190b	0x19	0xb	0xd71d00	0x0
5	0x23a8090	0x23afb60	0x190c	0x19	0xc	0xd6dc60	0x0
5	0x23a8090	0x23afb78	0x190d	0x19	0xd	0xd6e840	0x0
5	0x23a8090	0x23afb90	0x190e	0x19	0xe	0xd72880	0x0
5	0x23a8090	0x23afba8	0x190f	0x19	0xf	0xd753f0	0x0
5	0x23a8090	0x23afbc0	0x1910	0x19	0x10	0xd75a30	0x0
5	0x23a8090	0x23afbd8	0x1911	0x19	0x11	0xd72ec0	0x0
5	0x23a8090	0x23afbf0	0x1912	0x19	0x12	0xd6f3c0	0x0
5	0x23a8090	0x23afc08	0x1913	0x19	0x13	0xd6bf00	0x0
5	0x23a8090	0x23afc20	0x1914	0x19	0x14	0xd6cab0	0x0
5	0x23a8090	0x23afc38	0x1915	0x19	0x15	0xd6ff70	0x0
5	0x23a8090	0x23afc50	0x1916	0x19	0x16	0xd6f980	0x0
5	0x23a8090	0x23afc68	0x1917	0x19	0x17	0xd70560	0x0
5	0x23a8090	0x23afc80	0x1918	0x19	0x18	0xd6c4c0	0x0
5	0x23a8090	0x23afc98	0x1919	0x19	0x19	0xd6d0a0	0x0
5	0x23a8090	0x23afcb0	0x191a	0x19	0x1a	0xd74dd0	0x0
5	0x23a8090	0x23afcc8	0x051b	0x5	0x1b	0xd6ba00	0x0
5	0x23a8090	0x23afce0	0x051c	0x5	0x1c	0xd6b030	0x0
5	0x23a8090	0x23afcf8	0x191d	0x19	0x1d	0xd741c0	0x0
5	0x23a8090	0x23afd10	0x191e	0x19	0x1e	0xd747b0	0x0
5	0x23a8090	0x23afd28	0x031f	0x3	0x1f	0xd6ee40	0x0
5	0x23a8090	0x23afd40	0x0520	0x5	0x20	0xd6b530	0x0
5	0x23a8090	0x23afd58	0x1921	0x19	0x21	0xd7a660	0x0
5	0x23a8090	0x23afd70	0x1922	0x19	0x22	0xd78690	0x0
5	0x23a8090	0x23afd88	0x1923	0x19	0x23	0xd76d30	0x0
5	0x23a8090	0x23afda0	0x1924	0x19	0x24	0xd77a10	0x0
5	0x23a8090	0x23afdb8	0x1925	0x19	0x25	0xd7ac90	0x0
5	0x23a8090	0x23afdd0	0x1926	0x19	0x26	0xd78cd0	0x0
5	0x23a8090	0x23afde8	0x1927	0x19	0x27	0xd79310	0x0
5	0x23a8090	0x23afe00	0x2128	0x21	0x28	0xd79fb0	0x0
5	0x23a8090	0x23afe18	0x1929	0x19	0x29	0xd79960	0x0
5	0x23a8090	0x23afe30	0x192a	0x19	0x2a	0xd7b2c0	0x0
5	0x23a8090	0x23afe48	0x212b	0x21	0x2b	0xd7bf40	0x0
5	0x23a8090	0x23afe60	0x192c	0x19	0x2c	0xd7b900	0x0
5	0x23a8090	0x23afe78	0x192d	0x19	0x2d	0xd773a0	0x0
5	0x23a8090	0x23afe90	0x192e	0x19	0x2e	0xd78050	0x0
5	0x23a8090	0x23afea8	0x032f	0x3	0x2f	0xd72300	0x0
5	0x23a8090	0x23afec0	0x0530	0x5	0x30	0x1761420	0x0
5	0x23a8090	0x23afed8	0x0331	0x3	0x31	0x1761920	0x0
5	0x23a8090	0x23aff00	0x1900	0x19	0x0	0xdcc680	0x0
5	0x23a8090	0x23aff18	0x1301	0x13	0x1	0xdcbfd0	0x0
5	0x23a8090	0x23aff30	0x1302	0x13	0x2	0xdccd10	0x0
5	0x23a8090	0x23aff48	0x0303	0x3	0x3	0xdcd9d0	0x0
5	0x23a8090	0x23aff60	0x0504	0x5	0x4	0xdcd3c0	0x0
5	0x23a8090	0x23aff78	0x0505	0x5	0x5	0xdcdfe0	0x0
5	0x23a8090	0x23aff90	0x2306	0x23	0x6	0xdced10	0x0
5	0x23a8090	0x23affa8	0x1307	0x13	0x7	0xdce5f0	0x0
5	0x23a8090	0x23affc0	0x1308	0x13	0x8	0xdcf450	0x0
5	0x23a8090	0x23affe0	0x0300	0x3	0x0	0xdf05d0	0x0
5	0x23a8090	0x23afff8	0x0201	0x2	0x1	0xdeffb0	0x0
5	0x23a8090	0x23b0010	0x0202	0x2	0x2	0xdf0bd0	0x0
5	0x23a8090	0x23b0028	0x0203	0x2	0x3	0xdee590	0x0
5	0x23a8090	0x23b0040	0x0304	0x3	0x4	0xdeeaa0	0x0
5	0x23a8090	0x23b0058	0x0205	0x2	0x5	0xdef010	0x0
5	0x23a8090	0x23b0070	0x0306	0x3	0x6	0xdefa40	0x0
5	0x23a8090	0x23b0088	0x0207	0x2	0x7	0xdef520	0x0
5	0x23a8090	0x23b00a0	0x1900	0x19	0x0	0xe069e0	0x0
5	0x23a8090	0x23b00b8	0x1901	0x19	0x1	0xe076a0	0x0
5	0x23a8090	0x23b00d0	0x1902	0x19	0x2	0xe07030	0x0
5	0x23a8090	0x23b0100	0x0a00	0xa	0x0	0xd82f40	0x0
5	0x23a8090	0x23b0118	0x0301	0x3	0x1	0xd83480	0x0
5	0x23a8090	0x23b0130	0x0a02	0xa	0x2	0xd83a00	0x0
5	0x23a8090	0x23b0148	0x0303	0x3	0x3	0xd7eb70	0x0
5	0x23a8090	0x23b0160	0x0a04	0xa	0x4	0xd7e510	0x0
5	0x23a8090	0x23b0178	0x0a05	0xa	0x5	0xd7f1a0	0x0
5	0x23a8090	0x23b0190	0x0306	0x3	0x6	0xd7d8c0	0x0
5	0x23a8090	0x23b01a8	0x0507	0x5	0x7	0xd7d290	0x0
5	0x23a8090	0x23b01c0	0x0508	0x5	0x8	0xd7dee0	0x0
5	0x23a8090	0x23b01d8	0x0d09	0xd	0x9	0xd81250	0x0
5	0x23a8090	0x23b01f0	0x130a	0x13	0xa	0xd80ba0	0x0
5	0x23a8090	0x23b0208	0x130b	0x13	0xb	0xd81940	0x0
5	0x23a8090	0x23b0220	0x0d0c	0xd	0xc	0xd7fe70	0x0
5	0x23a8090	0x23b0238	0x050d	0x5	0xd	0xd7f800	0x0
5	0x23a8090	0x23b0250	0x050e	0x5	0xe	0xd80530	0x0
5	0x23a8090	0x23b0268	0x050f	0x5	0xf	0xd81ff0	0x0
5	0x23a8090	0x23b0280	0x0310	0x3	0x10	0xd824f0	0x0
5	0x23a8090	0x23b0298	0x0511	0x5	0x11	0xd82a40	0x0
5	0x23a8090	0x23b02c0	0x0a00	0xa	0x0	0xd67aa0	0x0
5	0x23a8090	0x23b02d8	0x0301	0x3	0x1	0xd67fe0	0x0
5	0x23a8090	0x23b02f0	0x0a02	0xa	0x2	0xd68560	0x0
5	0x23a8090	0x23b0308	0x0303	0x3	0x3	0xd636d0	0x0
5	0x23a8090	0x23b0320	0x0a04	0xa	0x4	0xd63070	0x0
5	0x23a8090	0x23b0338	0x0a05	0xa	0x5	0xd63d00	0x0
5	0x23a8090	0x23b0350	0x0306	0x3	0x6	0xd62420	0x0
5	0x23a8090	0x23b0368	0x0507	0x5	0x7	0xd61df0	0x0
5	0x23a8090	0x23b0380	0x0508	0x5	0x8	0xd62a40	0x0
5	0x23a8090	0x23b0398	0x0d09	0xd	0x9	0xd65db0	0x0
5	0x23a8090	0x23b03b0	0x130a	0x13	0xa	0xd65700	0x0
5	0x23a8090	0x23b03c8	0x130b	0x13	0xb	0xd664a0	0x0
5	0x23a8090	0x23b03e0	0x0d0c	0xd	0xc	0xd649d0	0x0
5	0x23a8090	0x23b03f8	0x050d	0x5	0xd	0xd64360	0x0
5	0x23a8090	0x23b0410	0x050e	0x5	0xe	0xd65090	0x0
5	0x23a8090	0x23b0428	0x050f	0x5	0xf	0xd66b50	0x0
5	0x23a8090	0x23b0440	0x0310	0x3	0x10	0xd67050	0x0
5	0x23a8090	0x23b0458	0x0511	0x5	0x11	0xd675a0	0x0
5	0x23a8090	0x23b0480	0x0500	0x5	0x0	0xcb05c0	0x0
5	0x23a8090	0x23b0498	0x0301	0x3	0x1	0xcb0ae0	0x0
5	0x23a8090	0x23b04b0	0x0502	0x5	0x2	0xcb1030	0x0
5	0x23a8090	0x23b04c8	0x0303	0x3	0x3	0xcb1a70	0x0
5	0x23a8090	0x23b04e0	0x0504	0x5	0x4	0xcb1550	0x0
5	0x23a8090	0x23b0500	0x0300	0x3	0x0	0xd0f9c0	0x0
5	0x23a8090	0x23b0518	0x0501	0x5	0x1	0xd0f400	0x0
5	0x23a8090	0x23b0530	0x0502	0x5	0x2	0xd0ff80	0x0
5	0x23a8090	0x23b0560	0x0200	0x2	0x0	0xcd0d60	0x0
5	0x23a8090	0x23b0578	0x0501	0x5	0x1	0xcd0890	0x0
5	0x23a8090	0x23b0590	0x0002	0x0	0x2	0xcd12a0	0x0
5	0x23a8090	0x23b05c0	0x0b00	0xb	0x0	0xcf9a30	0x0
5	0x23a8090	0x23b05d8	0x2201	0x22	0x1	0xcf9490	0x0
5	0x23a8090	0x23b05f0	0x2202	0x22	0x2	0xcf9fa0	0x0
5	0x23a8090	0x23b0608	0x0b03	0xb	0x3	0xcd28b0	0x0
5	0x23a8090	0x23b0620	0x2204	0x22	0x4	0xcdaf50	0x0
5	0x23a8090	0x23b0638	0x2205	0x22	0x5	0xcdc6d0	0x0
5	0x23a8090	0x23b0650	0x0306	0x3	0x6	0xcd44a0	0x0
5	0x23a8090	0x23b0668	0x0507	0x5	0x7	0xcd6ba0	0x0
5	0x23a8090	0x23b0680	0x0508	0x5	0x8	0xcd76c0	0x0
5	0x23a8090	0x23b0698	0x0709	0x7	0x9	0xcd5560	0x0
5	0x23a8090	0x23b06b0	0x050a	0x5	0xa	0xcd8770	0x0
5	0x23a8090	0x23b06c8	0x050b	0x5	0xb	0xcd9820	0x0
5	0x23a8090	0x23b06e0	0x050c	0x5	0xc	0x1747360	0x0
5	0x23a8090	0x23b06f8	0x190d	0x19	0xd	0x1748640	0x0
5	0x23a8090	0x23b0710	0x050e	0x5	0xe	0x1748cc0	0x0
5	0x23a8090	0x23b0728	0x190f	0x19	0xf	0x1747990	0x0
5	0x23a8090	0x23b0740	0x0510	0x5	0x10	0x1748010	0x0
5	0x23a8090	0x23b0758	0x0511	0x5	0x11	0x17453d0	0x0
5	0x23a8090	0x23b0770	0x1912	0x19	0x12	0x17466b0	0x0
5	0x23a8090	0x23b0788	0x0513	0x5	0x13	0x1746d30	0x0
5	0x23a8090	0x23b07a0	0x1914	0x19	0x14	0x1745a00	0x0
5	0x23a8090	0x23b07b8	0x0515	0x5	0x15	0x1746080	0x0
5	0x23a8090	0x23b07d0	0x0516	0x5	0x16	0x1743330	0x0
5	0x23a8090	0x23b07e8	0x0317	0x3	0x17	0x1743870	0x0
5	0x23a8090	0x23b0800	0x0518	0x5	0x18	0x1743e10	0x0
5	0x23a8090	0x23b0818	0x1919	0x19	0x19	0xce0b00	0x0
5	0x23a8090	0x23b0830	0x051a	0x5	0x1a	0xce0520	0x0
5	0x23a8090	0x23b0848	0x191b	0x19	0x1b	0xce1710	0x0
5	0x23a8090	0x23b0860	0x051c	0x5	0x1c	0xce1d40	0x0
5	0x23a8090	0x23b0878	0x051d	0x5	0x1d	0xce1130	0x0
5	0x23a8090	0x23b0890	0x051e	0x5	0x1e	0xce7020	0x0
5	0x23a8090	0x23b08a8	0x051f	0x5	0x1f	0xce7560	0x0
5	0x23a8090	0x23b08c0	0x0520	0x5	0x20	0xce7aa0	0x0
5	0x23a8090	0x23b08d8	0x0521	0x5	0x21	0xce8a40	0x0
5	0x23a8090	0x23b08f0	0x0522	0x5	0x22	0xce8f40	0x0
5	0x23a8090	0x23b0908	0x0523	0x5	0x23	0xce9f00	0x0
5	0x23a8090	0x23b0920	0x0524	0x5	0x24	0xcfe910	0x0
5	0x23a8090	0x23b0938	0x0525	0x5	0x25	0xcfee50	0x0
5	0x23a8090	0x23b0950	0x0626	0x6	0x26	0xce84f0	0x0
5	0x23a8090	0x23b0968	0x0727	0x7	0x27	0xce99a0	0x0
5	0x23a8090	0x23b0980	0x0628	0x6	0x28	0xce7fa0	0x0
5	0x23a8090	0x23b0998	0x0729	0x7	0x29	0xce9440	0x0
5	0x23a8090	0x23b09b0	0x0b2a	0xb	0x2a	0xcd2320	0x0
5	0x23a8090	0x23b09c8	0x222b	0x22	0x2b	0xcda970	0x0
5	0x23a8090	0x23b09e0	0x222c	0x22	0x2c	0xcdc0f0	0x0
5	0x23a8090	0x23b09f8	0x0b2d	0xb	0x2d	0xcf8980	0x0
5	0x23a8090	0x23b0a10	0x222e	0x22	0x2e	0xcf83e0	0x0
5	0x23a8090	0x23b0a28	0x222f	0x22	0x2f	0xcf8ef0	0x0
5	0x23a8090	0x23b0a40	0x0330	0x3	0x30	0xcd3f00	0x0
5	0x23a8090	0x23b0a58	0x0531	0x5	0x31	0xcd6610	0x0
5	0x23a8090	0x23b0a70	0x0532	0x5	0x32	0xcd7130	0x0
5	0x23a8090	0x23b0a88	0x0733	0x7	0x33	0xcd4a40	0x0
5	0x23a8090	0x23b0aa0	0x0534	0x5	0x34	0xcd7c50	0x0
5	0x23a8090	0x23b0ab8	0x0535	0x5	0x35	0xcd8d00	0x0
5	0x23a8090	0x23b0ad0	0x0536	0x5	0x36	0x1744350	0x0
5	0x23a8090	0x23b0ae8	0x0337	0x3	0x37	0x17448b0	0x0
5	0x23a8090	0x23b0b00	0x0538	0x5	0x38	0x1744e70	0x0
5	0x23a8090	0x23b0b18	0x0539	0x5	0x39	0xce41c0	0x0
5	0x23a8090	0x23b0b30	0x033a	0x3	0x3a	0xce4730	0x0
5	0x23a8090	0x23b0b48	0x053b	0x5	0x3b	0xce4d00	0x0
5	0x23a8090	0x23b0b60	0x053c	0x5	0x3c	0x17581b0	0x0
5	0x23a8090	0x23b0b78	0x0b3d	0xb	0x3d	0xcd1d90	0x0
5	0x23a8090	0x23b0b90	0x223e	0x22	0x3e	0xcda390	0x0
5	0x23a8090	0x23b0ba8	0x223f	0x22	0x3f	0xcdbb10	0x0
5	0x23a8090	0x23b0bc0	0x0b40	0xb	0x40	0xcfc600	0x0
5	0x23a8090	0x23b0bd8	0x0541	0x5	0x41	0xcfdcf0	0x0
5	0x23a8090	0x23b0bf0	0x0542	0x5	0x42	0xcfe300	0x0
5	0x23a8090	0x23b0c08	0x0b43	0xb	0x43	0xcd1800	0x0
5	0x23a8090	0x23b0c20	0x2244	0x22	0x44	0xcd9db0	0x0
5	0x23a8090	0x23b0c38	0x2245	0x22	0x45	0xcdb530	0x0
5	0x23a8090	0x23b0c50	0x1946	0x19	0x46	0xcfaab0	0x0
5	0x23a8090	0x23b0c68	0x2247	0x22	0x47	0xcfa540	0x0
5	0x23a8090	0x23b0c80	0x2248	0x22	0x48	0xcfb030	0x0
5	0x23a8090	0x23b0c98	0x0749	0x7	0x49	0xcd4fd0	0x0
5	0x23a8090	0x23b0cb0	0x054a	0x5	0x4a	0xcd81e0	0x0
5	0x23a8090	0x23b0cc8	0x054b	0x5	0x4b	0xcd9290	0x0
5	0x23a8090	0x23b0ce0	0x054c	0x5	0x4c	0xcffe10	0x0
5	0x23a8090	0x23b0cf8	0x054d	0x5	0x4d	0xd00340	0x0
5	0x23a8090	0x23b0d10	0x034e	0x3	0x4e	0xd00e10	0x0
5	0x23a8090	0x23b0d28	0x034f	0x3	0x4f	0xd00870	0x0
5	0x23a8090	0x23b0d40	0x0b50	0xb	0x50	0xcd33d0	0x0
5	0x23a8090	0x23b0d58	0x2251	0x22	0x51	0xcdd290	0x0
5	0x23a8090	0x23b0d70	0x2252	0x22	0x52	0xcdde50	0x0
5	0x23a8090	0x23b0d88	0x0b53	0xb	0x53	0xcd2e40	0x0
5	0x23a8090	0x23b0da0	0x2254	0x22	0x54	0xcdccb0	0x0
5	0x23a8090	0x23b0db8	0x2255	0x22	0x55	0xcdd870	0x0
5	0x23a8090	0x23b0dd0	0x0356	0x3	0x56	0xcd3960	0x0
5	0x23a8090	0x23b0de8	0x0557	0x5	0x57	0xcd5af0	0x0
5	0x23a8090	0x23b0e00	0x0558	0x5	0x58	0xcd6080	0x0
5	0x23a8090	0x23b0e18	0x1759	0x17	0x59	0xcfbb10	0x0
5	0x23a8090	0x23b0e30	0x225a	0x22	0x5a	0xcfb5a0	0x0
5	0x23a8090	0x23b0e48	0x225b	0x22	0x5b	0xcfc090	0x0
5	0x23a8090	0x23b0e60	0x055c	0x5	0x5c	0xcea400	0x0
5	0x23a8090	0x23b0e78	0x055d	0x5	0x5d	0xcea940	0x0
5	0x23a8090	0x23b0e90	0x055e	0x5	0x5e	0xceae80	0x0
5	0x23a8090	0x23b0ea8	0x055f	0x5	0x5f	0xcebe20	0x0
5	0x23a8090	0x23b0ec0	0x0560	0x5	0x60	0xcec320	0x0
5	0x23a8090	0x23b0ed8	0x0561	0x5	0x61	0xced2e0	0x0
5	0x23a8090	0x23b0ef0	0x0562	0x5	0x62	0xcff390	0x0
5	0x23a8090	0x23b0f08	0x0563	0x5	0x63	0xcff8d0	0x0
5	0x23a8090	0x23b0f20	0x0664	0x6	0x64	0xceb8d0	0x0
5	0x23a8090	0x23b0f38	0x0765	0x7	0x65	0xcecd80	0x0
5	0x23a8090	0x23b0f50	0x0666	0x6	0x66	0xceb380	0x0
5	0x23a8090	0x23b0f68	0x0767	0x7	0x67	0xcec820	0x0
5	0x23a8090	0x23b0f80	0x0368	0x3	0x68	0xcdf9b0	0x0
5	0x23a8090	0x23b0f98	0x0569	0x5	0x69	0xcdf420	0x0
5	0x23a8090	0x23b0fb0	0x056a	0x5	0x6a	0xcdff90	0x0
5	0x23a8090	0x23b0fc8	0x036b	0x3	0x6b	0x174d340	0x0
5	0x23a8090	0x23b0fe0	0x0a6c	0xa	0x6c	0x174cd60	0x0
5	0x23a8090	0x23b0ff8	0x036d	0x3	0x6d	0x174df50	0x0
5	0x23a8090	0x23b1010	0x0a6e	0xa	0x6e	0x174e580	0x0
5	0x23a8090	0x23b1028	0x0a6f	0xa	0x6f	0x174d970	0x0
5	0x23a8090	0x23b1040	0x0570	0x5	0x70	0x174b0a0	0x0
5	0x23a8090	0x23b1058	0x1971	0x19	0x71	0x174c1d0	0x0
5	0x23a8090	0x23b1070	0x0572	0x5	0x72	0x174c7c0	0x0
5	0x23a8090	0x23b1088	0x1973	0x19	0x73	0x174b640	0x0
5	0x23a8090	0x23b10a0	0x0574	0x5	0x74	0x174bc30	0x0
5	0x23a8090	0x23b10b8	0x1975	0x19	0x75	0xce2920	0x0
5	0x23a8090	0x23b10d0	0x1376	0x13	0x76	0xce2320	0x0
5	0x23a8090	0x23b10e8	0x1977	0x19	0x77	0xce3570	0x0
5	0x23a8090	0x23b1100	0x1378	0x13	0x78	0xce3bc0	0x0
5	0x23a8090	0x23b1118	0x1379	0x13	0x79	0xce2f70	0x0
5	0x23a8090	0x23b1130	0x057f	0x5	0x7f	0xd013b0	0x0
5	0x23a8090	0x23b1148	0x0680	0x6	0x80	0xd018b0	0x0
5	0x23a8090	0x23b1160	0x0581	0x5	0x81	0xd01e00	0x0
5	0x23a8090	0x23b1178	0x0582	0x5	0x82	0xd02300	0x0
5	0x23a8090	0x23b1190	0x0383	0x3	0x83	0xd02830	0x0
5	0x23a8090	0x23b11a8	0x0584	0x5	0x84	0xd02db0	0x0
5	0x23a8090	0x23b11c0	0x0a85	0xa	0x85	0xd05600	0x0
5	0x23a8090	0x23b11d8	0x0386	0x3	0x86	0xd05bc0	0x0
5	0x23a8090	0x23b11f0	0x0a87	0xa	0x87	0xd061d0	0x0
5	0x23a8090	0x23b1208	0x0a88	0xa	0x88	0xd04470	0x0
5	0x23a8090	0x23b1220	0x0389	0x3	0x89	0xd04a30	0x0
5	0x23a8090	0x23b1238	0x0a8a	0xa	0x8a	0xd05040	0x0
5	0x23a8090	0x23b1250	0x0b8b	0xb	0x8b	0xcf3630	0x0
5	0x23a8090	0x23b1268	0x228c	0x22	0x8c	0xcf3020	0x0
5	0x23a8090	0x23b1280	0x228d	0x22	0x8d	0xcf3bf0	0x0
5	0x23a8090	0x23b1298	0x0b8e	0xb	0x8e	0xcf2450	0x0
5	0x23a8090	0x23b12b0	0x228f	0x22	0x8f	0xcf1e40	0x0
5	0x23a8090	0x23b12c8	0x2290	0x22	0x90	0xcf2a10	0x0
5	0x23a8090	0x23b12e0	0x0391	0x3	0x91	0xcf47c0	0x0
5	0x23a8090	0x23b12f8	0x2292	0x22	0x92	0xcf4200	0x0
5	0x23a8090	0x23b1310	0x2293	0x22	0x93	0xcf4d90	0x0
5	0x23a8090	0x23b1328	0x0794	0x7	0x94	0xcf5910	0x0
5	0x23a8090	0x23b1340	0x2295	0x22	0x95	0xcf5350	0x0
5	0x23a8090	0x23b1358	0x2296	0x22	0x96	0xcf5ee0	0x0
5	0x23a8090	0x23b1370	0x0397	0x3	0x97	0xcf6ac0	0x0
5	0x23a8090	0x23b1388	0x0a98	0xa	0x98	0xcf64a0	0x0
5	0x23a8090	0x23b13a0	0x0399	0x3	0x99	0xcf7750	0x0
5	0x23a8090	0x23b13b8	0x0a9a	0xa	0x9a	0xcf7dc0	0x0
5	0x23a8090	0x23b13d0	0x0a9b	0xa	0x9b	0xcf7130	0x0
5	0x23a8090	0x23b13e8	0x0a9c	0xa	0x9c	0xd032e0	0x0
5	0x23a8090	0x23b1400	0x039d	0x3	0x9d	0xd038a0	0x0
5	0x23a8090	0x23b1418	0x0a9e	0xa	0x9e	0xd03eb0	0x0
5	0x23a8090	0x23b1430	0x0b9f	0xb	0x9f	0xceefd0	0x0
5	0x23a8090	0x23b1448	0x22a0	0x22	0xa0	0xcee9c0	0x0
5	0x23a8090	0x23b1460	0x22a1	0x22	0xa1	0xcef590	0x0
5	0x23a8090	0x23b1478	0x0ba2	0xb	0xa2	0xceddf0	0x0
5	0x23a8090	0x23b1490	0x22a3	0x22	0xa3	0xced7e0	0x0
5	0x23a8090	0x23b14a8	0x22a4	0x22	0xa4	0xcee3b0	0x0
5	0x23a8090	0x23b14c0	0x03a5	0x3	0xa5	0xcf0160	0x0
5	0x23a8090	0x23b14d8	0x22a6	0x22	0xa6	0xcefba0	0x0
5	0x23a8090	0x23b14f0	0x22a7	0x22	0xa7	0xcf0730	0x0
5	0x23a8090	0x23b1508	0x07a8	0x7	0xa8	0xcf12b0	0x0
5	0x23a8090	0x23b1520	0x22a9	0x22	0xa9	0xcf0cf0	0x0
5	0x23a8090	0x23b1538	0x22aa	0x22	0xaa	0xcf1880	0x0
5	0x23a8090	0x23b1550	0x05ab	0x5	0xab	0x174eb60	0x0
5	0x23a8090	0x23b1568	0x19ac	0x19	0xac	0x174fdb0	0x0
5	0x23a8090	0x23b1580	0x05ad	0x5	0xad	0x1750400	0x0
5	0x23a8090	0x23b1598	0x19ae	0x19	0xae	0x174f160	0x0
5	0x23a8090	0x23b15b0	0x05af	0x5	0xaf	0x174f7b0	0x0
5	0x23a8090	0x23b15c8	0x19b0	0x19	0xb0	0x1751000	0x0
5	0x23a8090	0x23b15e0	0x13b1	0x13	0xb1	0x1750a00	0x0
5	0x23a8090	0x23b15f8	0x19b2	0x19	0xb2	0x1751c50	0x0
5	0x23a8090	0x23b1610	0x13b3	0x13	0xb3	0x17522a0	0x0
5	0x23a8090	0x23b1628	0x13b4	0x13	0xb4	0x1751650	0x0
5	0x23a8090	0x23b1640	0x06b5	0x6	0xb5	0x1742810	0x0
5	0x23a8090	0x23b1658	0x05b6	0x5	0xb6	0x17422b0	0x0
5	0x23a8090	0x23b1670	0x05b7	0x5	0xb7	0x1742dd0	0x0
5	0x23a8090	0x23b1688	0x03b8	0x3	0xb8	0xcfd160	0x0
5	0x23a8090	0x23b16a0	0x03b9	0x3	0xb9	0xcfd740	0x0
5	0x23a8090	0x23b16b8	0x05ba	0x5	0xba	0xcfcbc0	0x0
5	0x23a8090	0x23b16d0	0x03bb	0x3	0xbb	0xd06cc0	0x0
5	0x23a8090	0x23b16e8	0x05bc	0x5	0xbc	0xd06790	0x0
5	0x23a8090	0x23b1700	0x05bd	0x5	0xbd	0x17492f0	0x0
5	0x23a8090	0x23b1718	0x19be	0x19	0xbe	0x174a4b0	0x0
5	0x23a8090	0x23b1730	0x05bf	0x5	0xbf	0x174aad0	0x0
5	0x23a8090	0x23b1748	0x19c0	0x19	0xc0	0x17498c0	0x0
5	0x23a8090	0x23b1760	0x05c1	0x5	0xc1	0x1749ee0	0x0
5	0x23a8090	0x23b1780	0x0500	0x5	0x0	0xd0ef80	0x0
5	0x23a8090	0x23b17a0	0x0a00	0xa	0x0	0xdde920	0x0
5	0x23a8090	0x23b17b8	0x0a01	0xa	0x1	0xddef10	0x0
5	0x23a8090	0x23b17d0	0x0a02	0xa	0x2	0xddf500	0x0
5	0x23a8090	0x23b17e8	0x0503	0x5	0x3	0xdcfb70	0x0
5	0x23a8090	0x23b1800	0x0504	0x5	0x4	0xdd00b0	0x0
5	0x23a8090	0x23b1818	0x0705	0x7	0x5	0xdd0c40	0x0
5	0x23a8090	0x23b1830	0x1306	0x13	0x6	0xdd0600	0x0
5	0x23a8090	0x23b1848	0x1307	0x13	0x7	0xdd1280	0x0
5	0x23a8090	0x23b1860	0x1908	0x19	0x8	0xdd3060	0x0
5	0x23a8090	0x23b1878	0x1309	0x13	0x9	0xdd2a00	0x0
5	0x23a8090	0x23b1890	0x130a	0x13	0xa	0xdd36c0	0x0
5	0x23a8090	0x23b18a8	0x070b	0x7	0xb	0xdd1e80	0x0
5	0x23a8090	0x23b18c0	0x050c	0x5	0xc	0xdd18c0	0x0
5	0x23a8090	0x23b18d8	0x050d	0x5	0xd	0xdd2440	0x0
5	0x23a8090	0x23b18f0	0x030e	0x3	0xe	0xdd4300	0x0
5	0x23a8090	0x23b1908	0x050f	0x5	0xf	0xdd3d20	0x0
5	0x23a8090	0x23b1920	0x0510	0x5	0x10	0xdd48f0	0x0
5	0x23a8090	0x23b1938	0x2311	0x23	0x11	0xdd55f0	0x0
5	0x23a8090	0x23b1950	0x1312	0x13	0x12	0xdd4ed0	0x0
5	0x23a8090	0x23b1968	0x1313	0x13	0x13	0xdd5d50	0x0
5	0x23a8090	0x23b1980	0x2314	0x23	0x14	0xdd6b20	0x0
5	0x23a8090	0x23b1998	0x1315	0x13	0x15	0xdd6470	0x0
5	0x23a8090	0x23b19b0	0x1316	0x13	0x16	0xdd71e0	0x0
5	0x23a8090	0x23b19c8	0x0a17	0xa	0x17	0xdd7890	0x0
5	0x23a8090	0x23b19e0	0x0318	0x3	0x18	0xdd7e20	0x0
5	0x23a8090	0x23b19f8	0x0a19	0xa	0x19	0xdd8400	0x0
5	0x23a8090	0x23b1a10	0x031a	0x3	0x1a	0xdd9e50	0x0
5	0x23a8090	0x23b1a28	0x0a1b	0xa	0x1b	0xdd98c0	0x0
5	0x23a8090	0x23b1a40	0x0a1c	0xa	0x1c	0xddae70	0x0
5	0x23a8090	0x23b1a58	0x031d	0x3	0x1d	0xddb480	0x0
5	0x23a8090	0x23b1a70	0x0a1e	0xa	0x1e	0xddbae0	0x0
5	0x23a8090	0x23b1a88	0x031f	0x3	0x1f	0xddd790	0x0
5	0x23a8090	0x23b1aa0	0x0a20	0xa	0x20	0xddd180	0x0
5	0x23a8090	0x23b1ab8	0x0521	0x5	0x21	0xdd8990	0x0
5	0x23a8090	0x23b1ad0	0x0322	0x3	0x22	0xdd8e80	0x0
5	0x23a8090	0x23b1ae8	0x0523	0x5	0x23	0xdd93d0	0x0
5	0x23a8090	0x23b1b00	0x0324	0x3	0x24	0xdda920	0x0
5	0x23a8090	0x23b1b18	0x0525	0x5	0x25	0xdda430	0x0
5	0x23a8090	0x23b1b30	0x0226	0x2	0x26	0xddc0f0	0x0
5	0x23a8090	0x23b1b48	0x0327	0x3	0x27	0xddc650	0x0
5	0x23a8090	0x23b1b60	0x0228	0x2	0x28	0xddcc20	0x0
5	0x23a8090	0x23b1b78	0x0329	0x3	0x29	0xdde350	0x0
5	0x23a8090	0x23b1b90	0x022a	0x2	0x2a	0xddddf0	0x0
5	0x23a8090	0x23b1bc0	0x0500	0x5	0x0	0x1764b60	0x0
5	0x23a8090	0x23b1bd8	0x1901	0x19	0x1	0x17651f0	0x0
5	0x23a8090	0x23b1bf0	0x0502	0x5	0x2	0x1765850	0x0
5	0x23a8090	0x23b1c08	0x1903	0x19	0x3	0xd92c10	0x0
5	0x23a8090	0x23b1c20	0x0504	0x5	0x4	0xd925f0	0x0
5	0x23a8090	0x23b1c38	0x0505	0x5	0x5	0xd93230	0x0
5	0x23a8090	0x23b1c50	0x1906	0x19	0x6	0x1763e70	0x0
5	0x23a8090	0x23b1c68	0x0507	0x5	0x7	0x17637e0	0x0
5	0x23a8090	0x23b1c80	0x0508	0x5	0x8	0x17644d0	0x0
5	0x23a8090	0x23b1c98	0x0709	0x7	0x9	0xd91a60	0x0
5	0x23a8090	0x23b1cb0	0x050a	0x5	0xa	0xd91490	0x0
5	0x23a8090	0x23b1cc8	0x050b	0x5	0xb	0xd92020	0x0
5	0x23a8090	0x23b1ce0	0x0d0c	0xd	0xc	0xd93ea0	0x0
5	0x23a8090	0x23b1cf8	0x050d	0x5	0xd	0xd93850	0x0
5	0x23a8090	0x23b1d10	0x050e	0x5	0xe	0xd94530	0x0
5	0x23a8090	0x23b1d28	0x050f	0x5	0xf	0xd94b80	0x0
5	0x23a8090	0x23b1d40	0x0310	0x3	0x10	0xd95080	0x0
5	0x23a8090	0x23b1d58	0x0511	0x5	0x11	0xd955d0	0x0
5	0x23a8090	0x23b1d70	0x0512	0x5	0x12	0xd95ad0	0x0
5	0x23a8090	0x23b1d88	0x0313	0x3	0x13	0xd95fd0	0x0
5	0x23a8090	0x23b1da0	0x0514	0x5	0x14	0xd96520	0x0
5	0x23a8090	0x23b1db8	0x0315	0x3	0x15	0xd97ea0	0x0
5	0x23a8090	0x23b1dd0	0x0516	0x5	0x16	0xd979a0	0x0
5	0x23a8090	0x23b1de8	0x0217	0x2	0x17	0xd96a20	0x0
5	0x23a8090	0x23b1e00	0x0318	0x3	0x18	0xd96f30	0x0
5	0x23a8090	0x23b1e18	0x0219	0x2	0x19	0xd97490	0x0
5	0x23a8090	0x23b1e30	0x031a	0x3	0x1a	0xd98900	0x0
5	0x23a8090	0x23b1e48	0x021b	0x2	0x1b	0xd983f0	0x0
5	0x23a8090	0x23b1e60	0x0600	0x6	0x0	0xcb9dd0	0x0
5	0x23a8090	0x23b1e78	0x0601	0x6	0x1	0xcba2f0	0x0
5	0x23a8090	0x23b1e90	0x0502	0x5	0x2	0xcbb780	0x0
5	0x23a8090	0x23b1ea8	0x0503	0x5	0x3	0xcbbcf0	0x0
5	0x23a8090	0x23b1ec0	0x2204	0x22	0x4	0x1738920	0x0
5	0x23a8090	0x23b1ed8	0x0507	0x5	0x7	0xcbd380	0x0
5	0x23a8090	0x23b1ef0	0x1308	0x13	0x8	0xcbd9b0	0x0
5	0x23a8090	0x23b1f08	0x0509	0x5	0x9	0x1738f30	0x0
5	0x23a8090	0x23b1f20	0x060a	0x6	0xa	0xcba810	0x0
5	0x23a8090	0x23b1f38	0x060b	0x6	0xb	0xcb98b0	0x0
5	0x23a8090	0x23b1f50	0x060c	0x6	0xc	0xcb9390	0x0
5	0x23a8090	0x23b1f68	0x060d	0x6	0xd	0xcbad30	0x0
5	0x23a8090	0x23b1f80	0x050e	0x5	0xe	0xcbb280	0x0
5	0x23a8090	0x23b1f98	0x050f	0x5	0xf	0xcbc2b0	0x0
5	0x23a8090	0x23b1fc0	0x1300	0x13	0x0	0x175b250	0x0
5	0x23a8090	0x23b1fd8	0x1301	0x13	0x1	0x175b940	0x0
5	0x23a8090	0x23b1ff0	0x1302	0x13	0x2	0x175ab50	0x0
5	0x23a8090	0x23b2008	0x1903	0x19	0x3	0xd16de0	0x0
5	0x23a8090	0x23b2020	0x1904	0x19	0x4	0xd18190	0x0
5	0x23a8090	0x23b2038	0x1305	0x13	0x5	0xd17b00	0x0
5	0x23a8090	0x23b2050	0x1306	0x13	0x6	0xd18820	0x0
5	0x23a8090	0x23b2068	0x1307	0x13	0x7	0xd17470	0x0
5	0x23a8090	0x23b2080	0x1908	0x19	0x8	0x1759ca0	0x0
5	0x23a8090	0x23b2098	0x1909	0x19	0x9	0x1758df0	0x0
5	0x23a8090	0x23b20b0	0x130a	0x13	0xa	0x1758680	0x0
5	0x23a8090	0x23b20c8	0x130b	0x13	0xb	0x1759530	0x0
5	0x23a8090	0x23b20e0	0x130c	0x13	0xc	0x175a3e0	0x0
5	0x23a8090	0x23b20f8	0x070d	0x7	0xd	0xd14e30	0x0
5	0x23a8090	0x23b2110	0x070e	0x7	0xe	0xd16140	0x0
5	0x23a8090	0x23b2128	0x0a0f	0xa	0xf	0xd15ae0	0x0
5	0x23a8090	0x23b2140	0x0a10	0xa	0x10	0xd16780	0x0
5	0x23a8090	0x23b2158	0x0a11	0xa	0x11	0xd15480	0x0
5	0x23a8090	0x23b2170	0x0d12	0xd	0x12	0xd1d610	0x0
5	0x23a8090	0x23b2188	0x0d13	0xd	0x13	0xd1ea90	0x0
5	0x23a8090	0x23b21a0	0x1314	0x13	0x14	0xd1e3e0	0x0
5	0x23a8090	0x23b21b8	0x1315	0x13	0x15	0xd1f1b0	0x0
5	0x23a8090	0x23b21d0	0x1316	0x13	0x16	0xd1dd30	0x0
5	0x23a8090	0x23b21e8	0x0d17	0xd	0x17	0xd1f860	0x0
5	0x23a8090	0x23b2200	0x0d18	0xd	0x18	0xd20da0	0x0
5	0x23a8090	0x23b2218	0x1319	0x13	0x19	0xd206b0	0x0
5	0x23a8090	0x23b2230	0x131a	0x13	0x1a	0xd21500	0x0
5	0x23a8090	0x23b2248	0x131b	0x13	0x1b	0xd1ffc0	0x0
5	0x23a8090	0x23b2260	0x231c	0x23	0x1c	0xd195e0	0x0
5	0x23a8090	0x23b2278	0x231d	0x23	0x1d	0xd1c770	0x0
5	0x23a8090	0x23b2290	0x131e	0x13	0x1e	0xd1c040	0x0
5	0x23a8090	0x23b22a8	0x131f	0x13	0x1f	0xd1cee0	0x0
5	0x23a8090	0x23b22c0	0x1320	0x13	0x20	0xd1b910	0x0
5	0x23a8090	0x23b22d8	0x2321	0x23	0x21	0xd18eb0	0x0
5	0x23a8090	0x23b22f0	0x2322	0x23	0x22	0xd1ab10	0x0
5	0x23a8090	0x23b2308	0x1323	0x13	0x23	0xd1a430	0x0
5	0x23a8090	0x23b2320	0x1324	0x13	0x24	0xd1b230	0x0
5	0x23a8090	0x23b2338	0x1325	0x13	0x25	0xd19d50	0x0
5	0x23a8090	0x23b2350	0x1326	0x13	0x26	0x175c750	0x0
5	0x23a8090	0x23b2368	0x1927	0x19	0x27	0x175c040	0x0
5	0x23a8090	0x23b2380	0x1328	0x13	0x28	0x175dce0	0x0
5	0x23a8090	0x23b2398	0x1929	0x19	0x29	0x175ce90	0x0
5	0x23a8090	0x23b23b0	0x132a	0x13	0x2a	0x175d5a0	0x0
5	0x23a8090	0x23b23e0	0x0700	0x7	0x0	0xc72b10	0x0
5	0x23a8090	0x23b23f8	0x0a01	0xa	0x1	0xc72530	0x0
5	0x23a8090	0x23b2410	0x0502	0x5	0x2	0x17347d0	0x0
5	0x23a8090	0x23b2428	0x0303	0x3	0x3	0x17341b0	0x0
5	0x23a8090	0x23b2440	0x0504	0x5	0x4	0x1734e40	0x0
5	0x23a8090	0x23b2458	0x0705	0x7	0x5	0xc70270	0x0
5	0x23a8090	0x23b2470	0x0206	0x2	0x6	0xc6fd20	0x0
5	0x23a8090	0x23b2488	0x0307	0x3	0x7	0xc6c300	0x0
5	0x23a8090	0x23b24a0	0x0508	0x5	0x8	0xc6bce0	0x0
5	0x23a8090	0x23b24b8	0x0509	0x5	0x9	0xc6c920	0x0
5	0x23a8090	0x23b24d0	0x050a	0x5	0xa	0x17334f0	0x0
5	0x23a8090	0x23b24e8	0x050b	0x5	0xb	0x1733b50	0x0
5	0x23a8090	0x23b2500	0x190c	0x19	0xc	0x1732e90	0x0
5	0x23a8090	0x23b2518	0x050d	0x5	0xd	0x1732170	0x0
5	0x23a8090	0x23b2530	0x050e	0x5	0xe	0x1732800	0x0
5	0x23a8090	0x23b2548	0x070f	0x7	0xf	0xc6b720	0x0
5	0x23a8090	0x23b2560	0x0510	0x5	0x10	0xc6ab80	0x0
5	0x23a8090	0x23b2578	0x0511	0x5	0x11	0xc6b150	0x0
5	0x23a8090	0x23b2590	0x0d12	0xd	0x12	0xc6d590	0x0
5	0x23a8090	0x23b25a8	0x0513	0x5	0x13	0xc6cf40	0x0
5	0x23a8090	0x23b25c0	0x0514	0x5	0x14	0xc6dc20	0x0
5	0x23a8090	0x23b25d8	0x0515	0x5	0x15	0xc730f0	0x0
5	0x23a8090	0x23b25f0	0x0316	0x3	0x16	0xc735f0	0x0
5	0x23a8090	0x23b2608	0x0517	0x5	0x17	0xc73b10	0x0
5	0x23a8090	0x23b2620	0x0a18	0xa	0x18	0xc707d0	0x0
5	0x23a8090	0x23b2638	0x0319	0x3	0x19	0xc71390	0x0
5	0x23a8090	0x23b2650	0x0a1a	0xa	0x1a	0xc70db0	0x0
5	0x23a8090	0x23b2668	0x031b	0x3	0x1b	0xc71f50	0x0
5	0x23a8090	0x23b2680	0x0a1c	0xa	0x1c	0xc71970	0x0
5	0x23a8090	0x23b2698	0x051d	0x5	0x1d	0xc74010	0x0
5	0x23a8090	0x23b26b0	0x031e	0x3	0x1e	0xc74540	0x0
5	0x23a8090	0x23b26c8	0x051f	0x5	0x1f	0xc74a90	0x0
5	0x23a8090	0x23b26e0	0x0220	0x2	0x20	0xc6e270	0x0
5	0x23a8090	0x23b26f8	0x0321	0x3	0x21	0xc6ed10	0x0
5	0x23a8090	0x23b2710	0x0222	0x2	0x22	0xc6e7c0	0x0
5	0x23a8090	0x23b2728	0x0323	0x3	0x23	0xc6f7c0	0x0
5	0x23a8090	0x23b2740	0x0224	0x2	0x24	0xc6f270	0x0
5	0x23a8090	0x23b2760	0x0500	0x5	0x0	0xd8edb0	0x0
5	0x23a8090	0x23b2778	0x0501	0x5	0x1	0xd8cf40	0x0
5	0x23a8090	0x23b2790	0x0502	0x5	0x2	0xd90190	0x0
5	0x23a8090	0x23b27a8	0x0503	0x5	0x3	0xd90630	0x0
5	0x23a8090	0x23b27c0	0x0304	0x3	0x4	0xd8dda0	0x0
5	0x23a8090	0x23b27d8	0x0305	0x3	0x5	0xd8e300	0x0
5	0x23a8090	0x23b27f0	0x0506	0x5	0x6	0xd8fcf0	0x0
5	0x23a8090	0x23b2808	0x0507	0x5	0x7	0xd90ae0	0x0
5	0x23a8090	0x23b2820	0x0308	0x3	0x8	0xd8e860	0x0
5	0x23a8090	0x23b2838	0x0309	0x3	0x9	0xd8f290	0x0
5	0x23a8090	0x23b2850	0x050a	0x5	0xa	0xd8f7f0	0x0
5	0x23a8090	0x23b2868	0x050b	0x5	0xb	0xd8c110	0x0
5	0x23a8090	0x23b2880	0x060c	0x6	0xc	0xd8c5b0	0x0
5	0x23a8090	0x23b2898	0x050d	0x5	0xd	0xd8caa0	0x0
5	0x23a8090	0x23b28b0	0x060e	0x6	0xe	0xd8d8a0	0x0
5	0x23a8090	0x23b28c8	0x050f	0x5	0xf	0xd8d400	0x0
5	0x23a8090	0x23b28e0	0x0700	0x7	0x0	0xcbe550	0x0
5	0x23a8090	0x23b28f8	0x0701	0x7	0x1	0xcbe030	0x0
5	0x23a8090	0x23b2910	0x0702	0x7	0x2	0xcbeaa0	0x0
5	0x23a8090	0x23b2928	0x0503	0x5	0x3	0xcbffb0	0x0
5	0x23a8090	0x23b2940	0x0704	0x7	0x4	0xcbf510	0x0
5	0x23a8090	0x23b2958	0x0705	0x7	0x5	0xcbeff0	0x0
5	0x23a8090	0x23b2970	0x0506	0x5	0x6	0xcc0480	0x0
5	0x23a8090	0x23b2988	0x0707	0x7	0x7	0xcbfa60	0x0
5	0x23a8090	0x23b29a0	0x0500	0x5	0x0	0xcc1720	0x0
5	0x23a8090	0x23b29b8	0x0501	0x5	0x1	0x173c1a0	0x0
5	0x23a8090	0x23b29d0	0x0502	0x5	0x2	0x173bd20	0x0
5	0x23a8090	0x23b2a00	0x0300	0x3	0x0	0xdb36b0	0x0
5	0x23a8090	0x23b2a18	0x0601	0x6	0x1	0x176abb0	0x0
5	0x23a8090	0x23b2a30	0x0602	0x6	0x2	0x176a6d0	0x0
5	0x23a8090	0x23b2a48	0x0603	0x6	0x3	0xdb3bc0	0x0
5	0x23a8090	0x23b2a60	0x0700	0x7	0x0	0xcb8340	0x0
5	0x23a8090	0x23b2a78	0x0701	0x7	0x1	0xcb8e10	0x0
5	0x23a8090	0x23b2a90	0x0702	0x7	0x2	0xcb7df0	0x0
5	0x23a8090	0x23b2aa8	0x0703	0x7	0x3	0xcb8890	0x0
5	0x23a8090	0x23b2ac0	0x0500	0x5	0x0	0xcb6620	0x0
5	0x23a8090	0x23b2ad8	0x0601	0x6	0x1	0xcb6ac0	0x0
5	0x23a8090	0x23b2af0	0x0502	0x5	0x2	0xcb6fb0	0x0
5	0x23a8090	0x23b2b08	0x0603	0x6	0x3	0xcb78f0	0x0
5	0x23a8090	0x23b2b20	0x0504	0x5	0x4	0xcb7450	0x0
5	0x23a8090	0x23b2b40	0x0500	0x5	0x0	0xcc0950	0x0
5	0x23a8090	0x23b2b58	0x0501	0x5	0x1	0x1739590	0x0
5	0x23a8090	0x23b2b80	0x0700	0x7	0x0	0xcb4460	0x0
5	0x23a8090	0x23b2b98	0x0701	0x7	0x1	0xcb49b0	0x0
5	0x23a8090	0x23b2bb0	0x0702	0x7	0x2	0xcb5ac0	0x0
5	0x23a8090	0x23b2bc8	0x0703	0x7	0x3	0xcb6050	0x0
5	0x23a8090	0x23b2be0	0x0704	0x7	0x4	0xcb3960	0x0
5	0x23a8090	0x23b2bf8	0x0705	0x7	0x5	0xcb3eb0	0x0
5	0x23a8090	0x23b2c10	0x0706	0x7	0x6	0x1738360	0x0
5	0x23a8090	0x23b2c28	0x0707	0x7	0x7	0xcb54f0	0x0
5	0x23a8090	0x23b2c40	0x0200	0x2	0x0	0xe096a0	0x0
5	0x23a8090	0x23b2c60	0x0a00	0xa	0x0	0xe09ad0	0x0
5	0x23a8090	0x23b2c80	0x0500	0x5	0x0	0xcb1fc0	0x0
5	0x23a8090	0x23b2c98	0x0301	0x3	0x1	0xcb24c0	0x0
5	0x23a8090	0x23b2cb0	0x0502	0x5	0x2	0xcb2a10	0x0
5	0x23a8090	0x23b2cc8	0x0303	0x3	0x3	0xcb3410	0x0
5	0x23a8090	0x23b2ce0	0x0504	0x5	0x4	0xcb2f10	0x0
5	0x23a8090	0x23b2d00	0x0500	0x5	0x0	0xd07240	0x0
5	0x23a8090	0x23b2d18	0x0301	0x3	0x1	0xd07c30	0x0
5	0x23a8090	0x23b2d30	0x0502	0x5	0x2	0xd07730	0x0
5	0x23a8090	0x23b2d48	0x0303	0x3	0x3	0xd09050	0x0
5	0x23a8090	0x23b2d60	0x0504	0x5	0x4	0xd08b50	0x0
5	0x23a8090	0x23b2d78	0x0505	0x5	0x5	0xd08650	0x0
5	0x23a8090	0x23b2d90	0x0506	0x5	0x6	0xd09a70	0x0
5	0x23a8090	0x23b2da8	0x0507	0x5	0x7	0xd08180	0x0
5	0x23a8090	0x23b2dc0	0x0508	0x5	0x8	0xd095a0	0x0
6	0x23ba8a0	0x23ba8a0	0x0200	0x2	0x0	0x18f0540	0x0
6	0x23ba8a0	0x23ba8b8	0x0301	0x3	0x1	0x18f0550	0x0
6	0x23ba8a0	0x23ba8d0	0x0202	0x2	0x2	0x18f0570	0x0
6	0x23ba8a0	0x23ba8e8	0x0303	0x3	0x3	0x18f0560	0x0
6	0x23ba8a0	0x23ba900	0x0304	0x3	0x4	0x18f05b0	0x0
6	0x23ba8a0	0x23ba918	0x0205	0x2	0x5	0x18f0580	0x0
6	0x23ba8a0	0x23ba930	0x0306	0x3	0x6	0x18f05a0	0x0
6	0x23ba8a0	0x23ba948	0x0207	0x2	0x7	0x18f0590	0x0
6	0x23ba8a0	0x23ba960	0x0500	0x5	0x0	0x18f04f0	0x0
6	0x23ba8a0	0x23ba978	0x0301	0x3	0x1	0x18f0500	0x0
6	0x23ba8a0	0x23ba990	0x0502	0x5	0x2	0x18f0510	0x0
6	0x23ba8a0	0x23ba9a8	0x0303	0x3	0x3	0x18f0530	0x0
6	0x23ba8a0	0x23ba9c0	0x0504	0x5	0x4	0x18f0520	0x0
6	0x23ba8a0	0x23ba9e0	0x0700	0x7	0x0	0x18f0110	0x0
6	0x23ba8a0	0x23ba9f8	0x0701	0x7	0x1	0x18f0120	0x0
6	0x23ba8a0	0x23baa10	0x0702	0x7	0x2	0x18f00f0	0x0
6	0x23ba8a0	0x23baa28	0x0703	0x7	0x3	0x18f0100	0x0
6	0x23ba8a0	0x23baa40	0x0500	0x5	0x0	0x18f00e0	0x0
6	0x23ba8a0	0x23baa60	0x0300	0x3	0x0	0x18eef90	0x0
6	0x23ba8a0	0x23baa78	0x0301	0x3	0x1	0x18eefb0	0x0
6	0x23ba8a0	0x23baa90	0x0302	0x3	0x2	0x18eefa0	0x0
6	0x23ba8a0	0x23baac0	0x0200	0x2	0x0	0x18effc0	0x0
6	0x23ba8a0	0x23baad8	0x0301	0x3	0x1	0x18efff0	0x0
6	0x23ba8a0	0x23baaf0	0x0202	0x2	0x2	0x18f0000	0x0
6	0x23ba8a0	0x23bab08	0x0303	0x3	0x3	0x18effd0	0x0
6	0x23ba8a0	0x23bab20	0x0204	0x2	0x4	0x18effe0	0x0
6	0x23ba8a0	0x23bab38	0x0305	0x3	0x5	0x18f0020	0x0
6	0x23ba8a0	0x23bab50	0x0206	0x2	0x6	0x18f0010	0x0
6	0x23ba8a0	0x23bab80	0x0500	0x5	0x0	0x18eff40	0x0
6	0x23ba8a0	0x23bab98	0x0601	0x6	0x1	0x18eff50	0x0
6	0x23ba8a0	0x23babb0	0x0502	0x5	0x2	0x18eff60	0x0
6	0x23ba8a0	0x23babc8	0x0603	0x6	0x3	0x18eff80	0x0
6	0x23ba8a0	0x23babe0	0x0504	0x5	0x4	0x18eff70	0x0
6	0x23ba8a0	0x23bac00	0x0b00	0xb	0x0	0x18eff30	0x0
6	0x23ba8a0	0x23bac20	0x0200	0x2	0x0	0x18efd50	0x0
6	0x23ba8a0	0x23bac40	0x0500	0x5	0x0	0x18efd40	0x0
6	0x23ba8a0	0x23bac58	0x0501	0x5	0x1	0x18efd10	0x0
6	0x23ba8a0	0x23bac70	0x0602	0x6	0x2	0x18efd20	0x0
6	0x23ba8a0	0x23bac88	0x0503	0x5	0x3	0x18efd30	0x0
6	0x23ba8a0	0x23baca0	0x0301	0x3	0x1	0x18efd70	0x0
6	0x23ba8a0	0x23bacb8	0x0303	0x3	0x3	0x18efd90	0x0
6	0x23ba8a0	0x23bacd0	0x0306	0x3	0x6	0x18efd60	0x0
6	0x23ba8a0	0x23bace8	0x0308	0x3	0x8	0x18efd80	0x0
6	0x23ba8a0	0x23bad00	0x0a00	0xa	0x0	0x18ef360	0x0
6	0x23ba8a0	0x23bad18	0x0301	0x3	0x1	0x18ef370	0x0
6	0x23ba8a0	0x23bad30	0x0a02	0xa	0x2	0x18ef380	0x0
6	0x23ba8a0	0x23bad48	0x0303	0x3	0x3	0x18ef4c0	0x0
6	0x23ba8a0	0x23bad60	0x0a04	0xa	0x4	0x18ef4b0	0x0
6	0x23ba8a0	0x23bad78	0x0a05	0xa	0x5	0x18ef330	0x0
6	0x23ba8a0	0x23bad90	0x0306	0x3	0x6	0x18ef340	0x0
6	0x23ba8a0	0x23bada8	0x0a07	0xa	0x7	0x18ef350	0x0
6	0x23ba8a0	0x23badc0	0x0308	0x3	0x8	0x18ef4a0	0x0
6	0x23ba8a0	0x23badd8	0x0a09	0xa	0x9	0x18ef490	0x0
6	0x23ba8a0	0x23badf0	0x0a0a	0xa	0xa	0x18ef390	0x0
6	0x23ba8a0	0x23bae08	0x0a0b	0xa	0xb	0x18ef3d0	0x0
6	0x23ba8a0	0x23bae20	0x0a0c	0xa	0xc	0x18ef410	0x0
6	0x23ba8a0	0x23bae38	0x0a0d	0xa	0xd	0x18ef450	0x0
6	0x23ba8a0	0x23bae50	0x0a0e	0xa	0xe	0x18ef460	0x0
6	0x23ba8a0	0x23bae68	0x0a0f	0xa	0xf	0x18ef3b0	0x0
6	0x23ba8a0	0x23bae80	0x0a10	0xa	0x10	0x18ef3e0	0x0
6	0x23ba8a0	0x23bae98	0x0a11	0xa	0x11	0x18ef420	0x0
6	0x23ba8a0	0x23baeb0	0x0a12	0xa	0x12	0x18ef4d0	0x0
6	0x23ba8a0	0x23baec8	0x0a13	0xa	0x13	0x18ef510	0x0
6	0x23ba8a0	0x23baee0	0x0a14	0xa	0x14	0x18ef4f0	0x0
6	0x23ba8a0	0x23baef8	0x0a15	0xa	0x15	0x18ef530	0x0
6	0x23ba8a0	0x23baf10	0x0a16	0xa	0x16	0x18ef3a0	0x0
6	0x23ba8a0	0x23baf28	0x0a17	0xa	0x17	0x18ef3f0	0x0
6	0x23ba8a0	0x23baf40	0x0a18	0xa	0x18	0x18ef430	0x0
6	0x23ba8a0	0x23baf58	0x0a19	0xa	0x19	0x18ef470	0x0
6	0x23ba8a0	0x23baf70	0x0a1a	0xa	0x1a	0x18ef480	0x0
6	0x23ba8a0	0x23baf88	0x0a1b	0xa	0x1b	0x18ef3c0	0x0
6	0x23ba8a0	0x23bafa0	0x0a1c	0xa	0x1c	0x18ef4e0	0x0
6	0x23ba8a0	0x23bafb8	0x0a1d	0xa	0x1d	0x18ef520	0x0
6	0x23ba8a0	0x23bafd0	0x0a1e	0xa	0x1e	0x18ef500	0x0
6	0x23ba8a0	0x23bafe8	0x0a1f	0xa	0x1f	0x18ef400	0x0
6	0x23ba8a0	0x23bb000	0x0a20	0xa	0x20	0x18ef440	0x0
6	0x23ba8a0	0x23bb018	0x0a21	0xa	0x21	0x18ef540	0x0
6	0x23ba8a0	0x23bb040	0x0214	0x2	0x14	0x18f0bb0	0x0
6	0x23ba8a0	0x23bb058	0x0215	0x2	0x15	0x18f0bc0	0x0
6	0x23ba8a0	0x23bb070	0x0216	0x2	0x16	0x18ed7f0	0x0
6	0x23ba8a0	0x23bb0a0	0x0200	0x2	0x0	0x18efdf0	0x0
6	0x23ba8a0	0x23bb0b8	0x0a01	0xa	0x1	0x18efe50	0x0
6	0x23ba8a0	0x23bb0d0	0x0302	0x3	0x2	0x18efe10	0x0
6	0x23ba8a0	0x23bb0e8	0x0303	0x3	0x3	0x18efe70	0x0
6	0x23ba8a0	0x23bb100	0x0204	0x2	0x4	0x18efe00	0x0
6	0x23ba8a0	0x23bb118	0x0a05	0xa	0x5	0x18efe60	0x0
6	0x23ba8a0	0x23bb130	0x0306	0x3	0x6	0x18efed0	0x0
6	0x23ba8a0	0x23bb148	0x0307	0x3	0x7	0x18eff10	0x0
6	0x23ba8a0	0x23bb160	0x0208	0x2	0x8	0x18efeb0	0x0
6	0x23ba8a0	0x23bb178	0x0a09	0xa	0x9	0x18efef0	0x0
6	0x23ba8a0	0x23bb190	0x0a0a	0xa	0xa	0x18efdc0	0x0
6	0x23ba8a0	0x23bb1a8	0x0a0b	0xa	0xb	0x18efe20	0x0
6	0x23ba8a0	0x23bb1c0	0x030c	0x3	0xc	0x18efde0	0x0
6	0x23ba8a0	0x23bb1d8	0x030d	0x3	0xd	0x18efe40	0x0
6	0x23ba8a0	0x23bb1f0	0x0a0e	0xa	0xe	0x18efdd0	0x0
6	0x23ba8a0	0x23bb208	0x0a0f	0xa	0xf	0x18efe30	0x0
6	0x23ba8a0	0x23bb220	0x0310	0x3	0x10	0x18efec0	0x0
6	0x23ba8a0	0x23bb238	0x0311	0x3	0x11	0x18eff00	0x0
6	0x23ba8a0	0x23bb250	0x0a12	0xa	0x12	0x18efea0	0x0
6	0x23ba8a0	0x23bb268	0x0a13	0xa	0x13	0x18efee0	0x0
6	0x23ba8a0	0x23bb280	0x0214	0x2	0x14	0x18efe80	0x0
6	0x23ba8a0	0x23bb298	0x0215	0x2	0x15	0x18efe90	0x0
6	0x23ba8a0	0x23bb2b0	0x0216	0x2	0x16	0x18eff20	0x0
6	0x23ba8a0	0x23bb2e0	0x0200	0x2	0x0	0x18edad0	0x0
6	0x23ba8a0	0x23bb2f8	0x0a01	0xa	0x1	0x18edb30	0x0
6	0x23ba8a0	0x23bb310	0x0302	0x3	0x2	0x18edaf0	0x0
6	0x23ba8a0	0x23bb328	0x0303	0x3	0x3	0x18edb50	0x0
6	0x23ba8a0	0x23bb340	0x0204	0x2	0x4	0x18edae0	0x0
6	0x23ba8a0	0x23bb358	0x0a05	0xa	0x5	0x18edb40	0x0
6	0x23ba8a0	0x23bb370	0x0306	0x3	0x6	0x18edbb0	0x0
6	0x23ba8a0	0x23bb388	0x0307	0x3	0x7	0x18edbf0	0x0
6	0x23ba8a0	0x23bb3a0	0x0208	0x2	0x8	0x18edb90	0x0
6	0x23ba8a0	0x23bb3b8	0x0a09	0xa	0x9	0x18edbd0	0x0
6	0x23ba8a0	0x23bb3d0	0x0a0a	0xa	0xa	0x18edaa0	0x0
6	0x23ba8a0	0x23bb3e8	0x0a0b	0xa	0xb	0x18edb00	0x0
6	0x23ba8a0	0x23bb400	0x030c	0x3	0xc	0x18edac0	0x0
6	0x23ba8a0	0x23bb418	0x030d	0x3	0xd	0x18edb20	0x0
6	0x23ba8a0	0x23bb430	0x0a0e	0xa	0xe	0x18edab0	0x0
6	0x23ba8a0	0x23bb448	0x0a0f	0xa	0xf	0x18edb10	0x0
6	0x23ba8a0	0x23bb460	0x0310	0x3	0x10	0x18edba0	0x0
6	0x23ba8a0	0x23bb478	0x0311	0x3	0x11	0x18edbe0	0x0
6	0x23ba8a0	0x23bb490	0x0a12	0xa	0x12	0x18edb80	0x0
6	0x23ba8a0	0x23bb4a8	0x0a13	0xa	0x13	0x18edbc0	0x0
6	0x23ba8a0	0x23bb4c0	0x0214	0x2	0x14	0x18edb60	0x0
6	0x23ba8a0	0x23bb4d8	0x0215	0x2	0x15	0x18edb70	0x0
6	0x23ba8a0	0x23bb4f0	0x0216	0x2	0x16	0x18edc00	0x0
6	0x23ba8a0	0x23bb520	0x0900	0x9	0x0	0x18ef2b0	0x0
6	0x23ba8a0	0x23bb538	0x0901	0x9	0x1	0x18ef2c0	0x0
6	0x23ba8a0	0x23bb560	0x0a00	0xa	0x0	0x18ef130	0x0
6	0x23ba8a0	0x23bb578	0x0301	0x3	0x1	0x18ef160	0x0
6	0x23ba8a0	0x23bb590	0x0302	0x3	0x2	0x18ef150	0x0
6	0x23ba8a0	0x23bb5a8	0x0a03	0xa	0x3	0x18ef140	0x0
6	0x23ba8a0	0x23bb5c0	0x0304	0x3	0x4	0x18ef250	0x0
6	0x23ba8a0	0x23bb5d8	0x0305	0x3	0x5	0x18ef260	0x0
6	0x23ba8a0	0x23bb5f0	0x0a06	0xa	0x6	0x18ef240	0x0
6	0x23ba8a0	0x23bb608	0x0a07	0xa	0x7	0x18ef1a0	0x0
6	0x23ba8a0	0x23bb620	0x0308	0x3	0x8	0x18ef1c0	0x0
6	0x23ba8a0	0x23bb638	0x0a09	0xa	0x9	0x18ef1b0	0x0
6	0x23ba8a0	0x23bb650	0x030a	0x3	0xa	0x18ef2a0	0x0
6	0x23ba8a0	0x23bb668	0x0a0b	0xa	0xb	0x18ef290	0x0
6	0x23ba8a0	0x23bb680	0x0a0c	0xa	0xc	0x18ef0f0	0x0
6	0x23ba8a0	0x23bb698	0x030d	0x3	0xd	0x18ef120	0x0
6	0x23ba8a0	0x23bb6b0	0x030e	0x3	0xe	0x18ef110	0x0
6	0x23ba8a0	0x23bb6c8	0x0a0f	0xa	0xf	0x18ef100	0x0
6	0x23ba8a0	0x23bb6e0	0x0310	0x3	0x10	0x18ef220	0x0
6	0x23ba8a0	0x23bb6f8	0x0311	0x3	0x11	0x18ef230	0x0
6	0x23ba8a0	0x23bb710	0x0a12	0xa	0x12	0x18ef210	0x0
6	0x23ba8a0	0x23bb728	0x0a13	0xa	0x13	0x18ef170	0x0
6	0x23ba8a0	0x23bb740	0x0314	0x3	0x14	0x18ef190	0x0
6	0x23ba8a0	0x23bb758	0x0a15	0xa	0x15	0x18ef180	0x0
6	0x23ba8a0	0x23bb770	0x0316	0x3	0x16	0x18ef280	0x0
6	0x23ba8a0	0x23bb788	0x0a17	0xa	0x17	0x18ef270	0x0
6	0x23ba8a0	0x23bb7a0	0x0a18	0xa	0x18	0x18ef0c0	0x0
6	0x23ba8a0	0x23bb7b8	0x0319	0x3	0x19	0x18ef0e0	0x0
6	0x23ba8a0	0x23bb7d0	0x0a1a	0xa	0x1a	0x18ef0d0	0x0
6	0x23ba8a0	0x23bb7e8	0x031b	0x3	0x1b	0x18ef200	0x0
6	0x23ba8a0	0x23bb800	0x0a1c	0xa	0x1c	0x18ef1f0	0x0
6	0x23ba8a0	0x23bb818	0x0a1d	0xa	0x1d	0x18ef090	0x0
6	0x23ba8a0	0x23bb830	0x031e	0x3	0x1e	0x18ef0b0	0x0
6	0x23ba8a0	0x23bb848	0x0a1f	0xa	0x1f	0x18ef0a0	0x0
6	0x23ba8a0	0x23bb860	0x0320	0x3	0x20	0x18ef1e0	0x0
6	0x23ba8a0	0x23bb878	0x0a21	0xa	0x21	0x18ef1d0	0x0
6	0x23ba8a0	0x23bb890	0x0500	0x5	0x0	0x18ed800	0x0
6	0x23ba8a0	0x23bb8c0	0x0501	0x5	0x1	0x18ee0c0	0x0
6	0x23ba8a0	0x23bb8d8	0x0517	0x5	0x17	0x18ee0b0	0x0
6	0x23ba8a0	0x23bb8f0	0x031e	0x3	0x1e	0x18ee090	0x0
6	0x23ba8a0	0x23bb908	0x031f	0x3	0x1f	0x18ee0a0	0x0
6	0x23ba8a0	0x23bb920	0x190c	0x19	0xc	0x18eeff0	0x0
6	0x23ba8a0	0x23bb938	0x190d	0x19	0xd	0x18ef010	0x0
6	0x23ba8a0	0x23bb950	0x190e	0x19	0xe	0x18ef000	0x0
6	0x23ba8a0	0x23bb968	0x190f	0x19	0xf	0x18ed0e0	0x0
6	0x23ba8a0	0x23bb980	0x1910	0x19	0x10	0x18ed0b0	0x0
6	0x23ba8a0	0x23bb998	0x1911	0x19	0x11	0x18ed7c0	0x0
6	0x23ba8a0	0x23bb9b0	0x1912	0x19	0x12	0x18f0cf0	0x0
6	0x23ba8a0	0x23bb9c8	0x0315	0x3	0x15	0x18ef020	0x0
6	0x23ba8a0	0x23bb9e0	0x0316	0x3	0x16	0x18eefc0	0x0
6	0x23ba8a0	0x23bb9f8	0x0317	0x3	0x17	0x18eefe0	0x0
6	0x23ba8a0	0x23bba10	0x0318	0x3	0x18	0x18eefd0	0x0
6	0x23ba8a0	0x23bba28	0x031c	0x3	0x1c	0x18ef030	0x0
6	0x23ba8a0	0x23bba40	0x031d	0x3	0x1d	0x18ef050	0x0
6	0x23ba8a0	0x23bba58	0x0324	0x3	0x24	0x18ef040	0x0
6	0x23ba8a0	0x23bba70	0x0325	0x3	0x25	0x18ef060	0x0
6	0x23ba8a0	0x23bba88	0x192a	0x19	0x2a	0x18f0c60	0x0
6	0x23ba8a0	0x23bbaa0	0x192b	0x19	0x2b	0x18f0cc0	0x0
6	0x23ba8a0	0x23bbab8	0x192c	0x19	0x2c	0x18f0c20	0x0
6	0x23ba8a0	0x23bbad0	0x192d	0x19	0x2d	0x18f0c90	0x0
6	0x23ba8a0	0x23bbb00	0x0b00	0xb	0x0	0x18efdb0	0x0
6	0x23ba8a0	0x23bbb18	0x0b02	0xb	0x2	0x18efda0	0x0
6	0x23ba8a0	0x23bbb40	0x0a00	0xa	0x0	0x18ef6b0	0x0
6	0x23ba8a0	0x23bbb58	0x0a01	0xa	0x1	0x18ef6e0	0x0
6	0x23ba8a0	0x23bbb70	0x0302	0x3	0x2	0x18ef6c0	0x0
6	0x23ba8a0	0x23bbb88	0x0a03	0xa	0x3	0x18ef6d0	0x0
6	0x23ba8a0	0x23bbba0	0x0a04	0xa	0x4	0x18ef670	0x0
6	0x23ba8a0	0x23bbbb8	0x0a05	0xa	0x5	0x18ef6a0	0x0
6	0x23ba8a0	0x23bbbd0	0x0306	0x3	0x6	0x18ef680	0x0
6	0x23ba8a0	0x23bbbe8	0x0a07	0xa	0x7	0x18ef690	0x0
6	0x23ba8a0	0x23bbc00	0x0a08	0xa	0x8	0x18ef5a0	0x0
6	0x23ba8a0	0x23bbc18	0x0309	0x3	0x9	0x18ef5d0	0x0
6	0x23ba8a0	0x23bbc30	0x0a0a	0xa	0xa	0x18ef5e0	0x0
6	0x23ba8a0	0x23bbc48	0x030b	0x3	0xb	0x18ef5b0	0x0
6	0x23ba8a0	0x23bbc60	0x0a0c	0xa	0xc	0x18ef5c0	0x0
6	0x23ba8a0	0x23bbc78	0x030d	0x3	0xd	0x18ef730	0x0
6	0x23ba8a0	0x23bbc90	0x030e	0x3	0xe	0x18ef740	0x0
6	0x23ba8a0	0x23bbca8	0x0a0f	0xa	0xf	0x18ef720	0x0
6	0x23ba8a0	0x23bbcc0	0x0210	0x2	0x10	0x18ef550	0x0
6	0x23ba8a0	0x23bbcd8	0x0311	0x3	0x11	0x18ef580	0x0
6	0x23ba8a0	0x23bbcf0	0x0212	0x2	0x12	0x18ef590	0x0
6	0x23ba8a0	0x23bbd08	0x0313	0x3	0x13	0x18ef560	0x0
6	0x23ba8a0	0x23bbd20	0x0214	0x2	0x14	0x18ef570	0x0
6	0x23ba8a0	0x23bbd38	0x0315	0x3	0x15	0x18ef700	0x0
6	0x23ba8a0	0x23bbd50	0x0316	0x3	0x16	0x18ef710	0x0
6	0x23ba8a0	0x23bbd68	0x0217	0x2	0x17	0x18ef6f0	0x0
6	0x23ba8a0	0x23bbd80	0x0a18	0xa	0x18	0x18ef630	0x0
6	0x23ba8a0	0x23bbd98	0x0a19	0xa	0x19	0x18ef660	0x0
6	0x23ba8a0	0x23bbdb0	0x031a	0x3	0x1a	0x18ef640	0x0
6	0x23ba8a0	0x23bbdc8	0x0a1b	0xa	0x1b	0x18ef650	0x0
6	0x23ba8a0	0x23bbde0	0x031c	0x3	0x1c	0x18ef780	0x0
6	0x23ba8a0	0x23bbdf8	0x0a1d	0xa	0x1d	0x18ef770	0x0
6	0x23ba8a0	0x23bbe10	0x0a1e	0xa	0x1e	0x18ef5f0	0x0
6	0x23ba8a0	0x23bbe28	0x0a1f	0xa	0x1f	0x18ef620	0x0
6	0x23ba8a0	0x23bbe40	0x0320	0x3	0x20	0x18ef600	0x0
6	0x23ba8a0	0x23bbe58	0x0a21	0xa	0x21	0x18ef610	0x0
6	0x23ba8a0	0x23bbe70	0x0322	0x3	0x22	0x18ef760	0x0
6	0x23ba8a0	0x23bbe88	0x0a23	0xa	0x23	0x18ef750	0x0
6	0x23ba8a0	0x23bbea0	0x0200	0x2	0x0	0x18eec80	0x0
6	0x23ba8a0	0x23bbeb8	0x0201	0x2	0x1	0x18eeca0	0x0
6	0x23ba8a0	0x23bbed0	0x0202	0x2	0x2	0x18eec70	0x0
6	0x23ba8a0	0x23bbee8	0x0203	0x2	0x3	0x18eec90	0x0
6	0x23ba8a0	0x23bbf00	0x0200	0x2	0x0	0x18eecb0	0x0
6	0x23ba8a0	0x23bbf18	0x0201	0x2	0x1	0x18eecc0	0x0
6	0x23ba8a0	0x23bbf40	0x0a01	0xa	0x1	0x18eda90	0x0
6	0x23ba8a0	0x23bbf58	0x0a03	0xa	0x3	0x18eda80	0x0
6	0x23ba8a0	0x23bbf70	0x0a04	0xa	0x4	0x18eda10	0x0
6	0x23ba8a0	0x23bbf88	0x0305	0x3	0x5	0x18eda30	0x0
6	0x23ba8a0	0x23bbfa0	0x0a06	0xa	0x6	0x18eda20	0x0
6	0x23ba8a0	0x23bbfb8	0x0307	0x3	0x7	0x18eda70	0x0
6	0x23ba8a0	0x23bbfd0	0x0a08	0xa	0x8	0x18eda60	0x0
6	0x23ba8a0	0x23bbfe8	0x0a09	0xa	0x9	0x18ed9e0	0x0
6	0x23ba8a0	0x23bc000	0x030a	0x3	0xa	0x18eda00	0x0
6	0x23ba8a0	0x23bc018	0x0a0b	0xa	0xb	0x18ed9f0	0x0
6	0x23ba8a0	0x23bc030	0x030c	0x3	0xc	0x18eda50	0x0
6	0x23ba8a0	0x23bc048	0x0a0d	0xa	0xd	0x18eda40	0x0
6	0x23ba8a0	0x23bc060	0x0500	0x5	0x0	0x18df870	0x0
6	0x23ba8a0	0x23bc078	0x0601	0x6	0x1	0x18ed810	0x0
6	0x23ba8a0	0x23bc090	0x0502	0x5	0x2	0x18ed820	0x0
6	0x23ba8a0	0x23bc0c0	0x051c	0x5	0x1c	0x18ef920	0x0
6	0x23ba8a0	0x23bc0d8	0x031f	0x3	0x1f	0x18ef930	0x0
6	0x23ba8a0	0x23bc100	0x1900	0x19	0x0	0x18f0230	0x0
6	0x23ba8a0	0x23bc118	0x1301	0x13	0x1	0x18f0220	0x0
6	0x23ba8a0	0x23bc130	0x1302	0x13	0x2	0x18f0240	0x0
6	0x23ba8a0	0x23bc148	0x0303	0x3	0x3	0x18f0260	0x0
6	0x23ba8a0	0x23bc160	0x0504	0x5	0x4	0x18f0250	0x0
6	0x23ba8a0	0x23bc178	0x0505	0x5	0x5	0x18f0270	0x0
6	0x23ba8a0	0x23bc190	0x2306	0x23	0x6	0x18f0290	0x0
6	0x23ba8a0	0x23bc1a8	0x1307	0x13	0x7	0x18f0280	0x0
6	0x23ba8a0	0x23bc1c0	0x1308	0x13	0x8	0x18f02a0	0x0
6	0x23ba8a0	0x23bc1e0	0x0300	0x3	0x0	0x18f0730	0x0
6	0x23ba8a0	0x23bc1f8	0x0201	0x2	0x1	0x18f0720	0x0
6	0x23ba8a0	0x23bc210	0x0202	0x2	0x2	0x18f0740	0x0
6	0x23ba8a0	0x23bc228	0x0203	0x2	0x3	0x18f0750	0x0
6	0x23ba8a0	0x23bc240	0x0304	0x3	0x4	0x18f0760	0x0
6	0x23ba8a0	0x23bc258	0x0205	0x2	0x5	0x18f0770	0x0
6	0x23ba8a0	0x23bc270	0x0306	0x3	0x6	0x18f0790	0x0
6	0x23ba8a0	0x23bc288	0x0207	0x2	0x7	0x18f0780	0x0
6	0x23ba8a0	0x23bc2a0	0x0303	0x3	0x3	0x18ef990	0x0
6	0x23ba8a0	0x23bc2b8	0x0a04	0xa	0x4	0x18ef980	0x0
6	0x23ba8a0	0x23bc2d0	0x0a05	0xa	0x5	0x18ef9a0	0x0
6	0x23ba8a0	0x23bc2e8	0x0306	0x3	0x6	0x18ef960	0x0
6	0x23ba8a0	0x23bc300	0x0507	0x5	0x7	0x18ef950	0x0
6	0x23ba8a0	0x23bc318	0x0508	0x5	0x8	0x18ef970	0x0
6	0x23ba8a0	0x23bc330	0x0d09	0xd	0x9	0x18ef9f0	0x0
6	0x23ba8a0	0x23bc348	0x130a	0x13	0xa	0x18ef9e0	0x0
6	0x23ba8a0	0x23bc360	0x130b	0x13	0xb	0x18efa00	0x0
6	0x23ba8a0	0x23bc378	0x0d0c	0xd	0xc	0x18ef9c0	0x0
6	0x23ba8a0	0x23bc390	0x050d	0x5	0xd	0x18ef9b0	0x0
6	0x23ba8a0	0x23bc3a8	0x050e	0x5	0xe	0x18ef9d0	0x0
6	0x23ba8a0	0x23bc3c0	0x0303	0x3	0x3	0x18ef870	0x0
6	0x23ba8a0	0x23bc3d8	0x0a04	0xa	0x4	0x18ef860	0x0
6	0x23ba8a0	0x23bc3f0	0x0a05	0xa	0x5	0x18ef880	0x0
6	0x23ba8a0	0x23bc408	0x0306	0x3	0x6	0x18ef840	0x0
6	0x23ba8a0	0x23bc420	0x0507	0x5	0x7	0x18ef830	0x0
6	0x23ba8a0	0x23bc438	0x0508	0x5	0x8	0x18ef850	0x0
6	0x23ba8a0	0x23bc450	0x0d09	0xd	0x9	0x18ef8d0	0x0
6	0x23ba8a0	0x23bc468	0x130a	0x13	0xa	0x18ef8c0	0x0
6	0x23ba8a0	0x23bc480	0x130b	0x13	0xb	0x18ef8e0	0x0
6	0x23ba8a0	0x23bc498	0x0d0c	0xd	0xc	0x18ef8a0	0x0
6	0x23ba8a0	0x23bc4b0	0x050d	0x5	0xd	0x18ef890	0x0
6	0x23ba8a0	0x23bc4c8	0x050e	0x5	0xe	0x18ef8b0	0x0
6	0x23ba8a0	0x23bc4e0	0x0500	0x5	0x0	0x18edcb0	0x0
6	0x23ba8a0	0x23bc4f8	0x0301	0x3	0x1	0x18edcc0	0x0
6	0x23ba8a0	0x23bc510	0x0502	0x5	0x2	0x18edcd0	0x0
6	0x23ba8a0	0x23bc528	0x0303	0x3	0x3	0x18edcf0	0x0
6	0x23ba8a0	0x23bc540	0x0504	0x5	0x4	0x18edce0	0x0
6	0x23ba8a0	0x23bc560	0x0300	0x3	0x0	0x18eed60	0x0
6	0x23ba8a0	0x23bc578	0x0501	0x5	0x1	0x18eed50	0x0
6	0x23ba8a0	0x23bc590	0x0502	0x5	0x2	0x18eed70	0x0
6	0x23ba8a0	0x23bc5b0	0x0501	0x5	0x1	0x18ee0d0	0x0
6	0x23ba8a0	0x23bc5e0	0x0b00	0xb	0x0	0x18ee8a0	0x0
6	0x23ba8a0	0x23bc5f8	0x2201	0x22	0x1	0x18ee890	0x0
6	0x23ba8a0	0x23bc610	0x2202	0x22	0x2	0x18ee8b0	0x0
6	0x23ba8a0	0x23bc628	0x0b03	0xb	0x3	0x18ee150	0x0
6	0x23ba8a0	0x23bc640	0x2204	0x22	0x4	0x18ee110	0x0
6	0x23ba8a0	0x23bc658	0x2205	0x22	0x5	0x18ee190	0x0
6	0x23ba8a0	0x23bc670	0x0306	0x3	0x6	0x18ee260	0x0
6	0x23ba8a0	0x23bc688	0x0507	0x5	0x7	0x18ee240	0x0
6	0x23ba8a0	0x23bc6a0	0x0508	0x5	0x8	0x18ee280	0x0
6	0x23ba8a0	0x23bc6b8	0x050a	0x5	0xa	0x18ee2b0	0x0
6	0x23ba8a0	0x23bc6d0	0x050b	0x5	0xb	0x18ee2e0	0x0
6	0x23ba8a0	0x23bc6e8	0x050c	0x5	0xc	0x18ee480	0x0
6	0x23ba8a0	0x23bc700	0x190d	0x19	0xd	0x18ee4b0	0x0
6	0x23ba8a0	0x23bc718	0x050e	0x5	0xe	0x18ee4c0	0x0
6	0x23ba8a0	0x23bc730	0x190f	0x19	0xf	0x18ee490	0x0
6	0x23ba8a0	0x23bc748	0x0510	0x5	0x10	0x18ee4a0	0x0
6	0x23ba8a0	0x23bc760	0x0511	0x5	0x11	0x18ee430	0x0
6	0x23ba8a0	0x23bc778	0x1912	0x19	0x12	0x18ee460	0x0
6	0x23ba8a0	0x23bc790	0x0513	0x5	0x13	0x18ee470	0x0
6	0x23ba8a0	0x23bc7a8	0x1914	0x19	0x14	0x18ee440	0x0
6	0x23ba8a0	0x23bc7c0	0x0515	0x5	0x15	0x18ee450	0x0
6	0x23ba8a0	0x23bc7d8	0x0516	0x5	0x16	0x18ee3d0	0x0
6	0x23ba8a0	0x23bc7f0	0x0317	0x3	0x17	0x18ee3e0	0x0
6	0x23ba8a0	0x23bc808	0x0518	0x5	0x18	0x18ee3f0	0x0
6	0x23ba8a0	0x23bc820	0x1919	0x19	0x19	0x18ee360	0x0
6	0x23ba8a0	0x23bc838	0x051a	0x5	0x1a	0x18ee350	0x0
6	0x23ba8a0	0x23bc850	0x191b	0x19	0x1b	0x18ee380	0x0
6	0x23ba8a0	0x23bc868	0x051c	0x5	0x1c	0x18ee390	0x0
6	0x23ba8a0	0x23bc880	0x051d	0x5	0x1d	0x18ee370	0x0
6	0x23ba8a0	0x23bc898	0x051e	0x5	0x1e	0x18ee960	0x0
6	0x23ba8a0	0x23bc8b0	0x051f	0x5	0x1f	0x18ee970	0x0
6	0x23ba8a0	0x23bc8c8	0x0520	0x5	0x20	0x18ee980	0x0
6	0x23ba8a0	0x23bc8e0	0x0521	0x5	0x21	0x18ee9b0	0x0
6	0x23ba8a0	0x23bc8f8	0x0522	0x5	0x22	0x18ee9c0	0x0
6	0x23ba8a0	0x23bc910	0x0523	0x5	0x23	0x18ee9d0	0x0
6	0x23ba8a0	0x23bc928	0x0524	0x5	0x24	0x18ee940	0x0
6	0x23ba8a0	0x23bc940	0x0525	0x5	0x25	0x18ee950	0x0
6	0x23ba8a0	0x23bc958	0x0626	0x6	0x26	0x18ee9a0	0x0
6	0x23ba8a0	0x23bc970	0x0628	0x6	0x28	0x18ee990	0x0
6	0x23ba8a0	0x23bc988	0x0b2a	0xb	0x2a	0x18ee140	0x0
6	0x23ba8a0	0x23bc9a0	0x222b	0x22	0x2b	0x18ee100	0x0
6	0x23ba8a0	0x23bc9b8	0x222c	0x22	0x2c	0x18ee180	0x0
6	0x23ba8a0	0x23bc9d0	0x0b2d	0xb	0x2d	0x18ee870	0x0
6	0x23ba8a0	0x23bc9e8	0x222e	0x22	0x2e	0x18ee860	0x0
6	0x23ba8a0	0x23bca00	0x222f	0x22	0x2f	0x18ee880	0x0
6	0x23ba8a0	0x23bca18	0x0330	0x3	0x30	0x18ee250	0x0
6	0x23ba8a0	0x23bca30	0x0531	0x5	0x31	0x18ee230	0x0
6	0x23ba8a0	0x23bca48	0x0532	0x5	0x32	0x18ee270	0x0
6	0x23ba8a0	0x23bca60	0x0534	0x5	0x34	0x18ee290	0x0
6	0x23ba8a0	0x23bca78	0x0535	0x5	0x35	0x18ee2c0	0x0
6	0x23ba8a0	0x23bca90	0x0536	0x5	0x36	0x18ee400	0x0
6	0x23ba8a0	0x23bcaa8	0x0337	0x3	0x37	0x18ee410	0x0
6	0x23ba8a0	0x23bcac0	0x0538	0x5	0x38	0x18ee420	0x0
6	0x23ba8a0	0x23bcad8	0x0539	0x5	0x39	0x18ee3a0	0x0
6	0x23ba8a0	0x23bcaf0	0x033a	0x3	0x3a	0x18ee3b0	0x0
6	0x23ba8a0	0x23bcb08	0x053b	0x5	0x3b	0x18ee3c0	0x0
6	0x23ba8a0	0x23bcb20	0x0b3d	0xb	0x3d	0x18ee130	0x0
6	0x23ba8a0	0x23bcb38	0x223e	0x22	0x3e	0x18ee0f0	0x0
6	0x23ba8a0	0x23bcb50	0x223f	0x22	0x3f	0x18ee170	0x0
6	0x23ba8a0	0x23bcb68	0x0b40	0xb	0x40	0x18ee920	0x0
6	0x23ba8a0	0x23bcb80	0x0541	0x5	0x41	0x18ee910	0x0
6	0x23ba8a0	0x23bcb98	0x0542	0x5	0x42	0x18ee930	0x0
6	0x23ba8a0	0x23bcbb0	0x0b43	0xb	0x43	0x18ee120	0x0
6	0x23ba8a0	0x23bcbc8	0x2244	0x22	0x44	0x18ee0e0	0x0
6	0x23ba8a0	0x23bcbe0	0x2245	0x22	0x45	0x18ee160	0x0
6	0x23ba8a0	0x23bcbf8	0x1946	0x19	0x46	0x18ee8d0	0x0
6	0x23ba8a0	0x23bcc10	0x2247	0x22	0x47	0x18ee8c0	0x0
6	0x23ba8a0	0x23bcc28	0x2248	0x22	0x48	0x18ee8e0	0x0
6	0x23ba8a0	0x23bcc40	0x054a	0x5	0x4a	0x18ee2a0	0x0
6	0x23ba8a0	0x23bcc58	0x054b	0x5	0x4b	0x18ee2d0	0x0
6	0x23ba8a0	0x23bcc70	0x054c	0x5	0x4c	0x18eea80	0x0
6	0x23ba8a0	0x23bcc88	0x054d	0x5	0x4d	0x18eea90	0x0
6	0x23ba8a0	0x23bcca0	0x034e	0x3	0x4e	0x18eeab0	0x0
6	0x23ba8a0	0x23bccb8	0x034f	0x3	0x4f	0x18eeaa0	0x0
6	0x23ba8a0	0x23bccd0	0x0b50	0xb	0x50	0x18ee1e0	0x0
6	0x23ba8a0	0x23bcce8	0x2251	0x22	0x51	0x18ee1b0	0x0
6	0x23ba8a0	0x23bcd00	0x2252	0x22	0x52	0x18ee210	0x0
6	0x23ba8a0	0x23bcd18	0x0b53	0xb	0x53	0x18ee1d0	0x0
6	0x23ba8a0	0x23bcd30	0x2254	0x22	0x54	0x18ee1a0	0x0
6	0x23ba8a0	0x23bcd48	0x2255	0x22	0x55	0x18ee200	0x0
6	0x23ba8a0	0x23bcd60	0x0356	0x3	0x56	0x18ee1f0	0x0
6	0x23ba8a0	0x23bcd78	0x0557	0x5	0x57	0x18ee1c0	0x0
6	0x23ba8a0	0x23bcd90	0x0558	0x5	0x58	0x18ee220	0x0
6	0x23ba8a0	0x23bcda8	0x225a	0x22	0x5a	0x18ee8f0	0x0
6	0x23ba8a0	0x23bcdc0	0x225b	0x22	0x5b	0x18ee900	0x0
6	0x23ba8a0	0x23bcdd8	0x055c	0x5	0x5c	0x18eea00	0x0
6	0x23ba8a0	0x23bcdf0	0x055d	0x5	0x5d	0x18eea10	0x0
6	0x23ba8a0	0x23bce08	0x055e	0x5	0x5e	0x18eea20	0x0
6	0x23ba8a0	0x23bce20	0x055f	0x5	0x5f	0x18eea50	0x0
6	0x23ba8a0	0x23bce38	0x0560	0x5	0x60	0x18eea60	0x0
6	0x23ba8a0	0x23bce50	0x0561	0x5	0x61	0x18eea70	0x0
6	0x23ba8a0	0x23bce68	0x0562	0x5	0x62	0x18ee9e0	0x0
6	0x23ba8a0	0x23bce80	0x0563	0x5	0x63	0x18ee9f0	0x0
6	0x23ba8a0	0x23bce98	0x0664	0x6	0x64	0x18eea40	0x0
6	0x23ba8a0	0x23bceb0	0x0666	0x6	0x66	0x18eea30	0x0
6	0x23ba8a0	0x23bcec8	0x0368	0x3	0x68	0x18ee300	0x0
6	0x23ba8a0	0x23bcee0	0x0569	0x5	0x69	0x18ee2f0	0x0
6	0x23ba8a0	0x23bcef8	0x056a	0x5	0x6a	0x18ee310	0x0
6	0x23ba8a0	0x23bcf10	0x036b	0x3	0x6b	0x18ee620	0x0
6	0x23ba8a0	0x23bcf28	0x0a6c	0xa	0x6c	0x18ee610	0x0
6	0x23ba8a0	0x23bcf40	0x036d	0x3	0x6d	0x18ee640	0x0
6	0x23ba8a0	0x23bcf58	0x0a6e	0xa	0x6e	0x18ee650	0x0
6	0x23ba8a0	0x23bcf70	0x0a6f	0xa	0x6f	0x18ee630	0x0
6	0x23ba8a0	0x23bcf88	0x0570	0x5	0x70	0x18ee520	0x0
6	0x23ba8a0	0x23bcfa0	0x1971	0x19	0x71	0x18ee550	0x0
6	0x23ba8a0	0x23bcfb8	0x0572	0x5	0x72	0x18ee560	0x0
6	0x23ba8a0	0x23bcfd0	0x1973	0x19	0x73	0x18ee530	0x0
6	0x23ba8a0	0x23bcfe8	0x0574	0x5	0x74	0x18ee540	0x0
6	0x23ba8a0	0x23bd000	0x1975	0x19	0x75	0x18ee5d0	0x0
6	0x23ba8a0	0x23bd018	0x1376	0x13	0x76	0x18ee5c0	0x0
6	0x23ba8a0	0x23bd030	0x1977	0x19	0x77	0x18ee5f0	0x0
6	0x23ba8a0	0x23bd048	0x1378	0x13	0x78	0x18ee600	0x0
6	0x23ba8a0	0x23bd060	0x1379	0x13	0x79	0x18ee5e0	0x0
6	0x23ba8a0	0x23bd078	0x057f	0x5	0x7f	0x18eeac0	0x0
6	0x23ba8a0	0x23bd090	0x0680	0x6	0x80	0x18eead0	0x0
6	0x23ba8a0	0x23bd0a8	0x0581	0x5	0x81	0x18eeae0	0x0
6	0x23ba8a0	0x23bd0c0	0x0582	0x5	0x82	0x18eeb00	0x0
6	0x23ba8a0	0x23bd0d8	0x0383	0x3	0x83	0x18eeb20	0x0
6	0x23ba8a0	0x23bd0f0	0x0584	0x5	0x84	0x18eeb40	0x0
6	0x23ba8a0	0x23bd108	0x0a85	0xa	0x85	0x18eeb80	0x0
6	0x23ba8a0	0x23bd120	0x0386	0x3	0x86	0x18eeb90	0x0
6	0x23ba8a0	0x23bd138	0x0a87	0xa	0x87	0x18eeba0	0x0
6	0x23ba8a0	0x23bd150	0x0a88	0xa	0x88	0x18eeb50	0x0
6	0x23ba8a0	0x23bd168	0x0389	0x3	0x89	0x18eeb60	0x0
6	0x23ba8a0	0x23bd180	0x0a8a	0xa	0x8a	0x18eeb70	0x0
6	0x23ba8a0	0x23bd198	0x0b8b	0xb	0x8b	0x18ee7a0	0x0
6	0x23ba8a0	0x23bd1b0	0x228c	0x22	0x8c	0x18ee790	0x0
6	0x23ba8a0	0x23bd1c8	0x228d	0x22	0x8d	0x18ee7b0	0x0
6	0x23ba8a0	0x23bd1e0	0x0b8e	0xb	0x8e	0x18ee770	0x0
6	0x23ba8a0	0x23bd1f8	0x228f	0x22	0x8f	0x18ee760	0x0
6	0x23ba8a0	0x23bd210	0x2290	0x22	0x90	0x18ee780	0x0
6	0x23ba8a0	0x23bd228	0x0391	0x3	0x91	0x18ee7d0	0x0
6	0x23ba8a0	0x23bd240	0x2292	0x22	0x92	0x18ee7c0	0x0
6	0x23ba8a0	0x23bd258	0x2293	0x22	0x93	0x18ee7e0	0x0
6	0x23ba8a0	0x23bd270	0x2295	0x22	0x95	0x18ee7f0	0x0
6	0x23ba8a0	0x23bd288	0x2296	0x22	0x96	0x18ee800	0x0
6	0x23ba8a0	0x23bd2a0	0x0397	0x3	0x97	0x18ee820	0x0
6	0x23ba8a0	0x23bd2b8	0x0a98	0xa	0x98	0x18ee810	0x0
6	0x23ba8a0	0x23bd2d0	0x0399	0x3	0x99	0x18ee840	0x0
6	0x23ba8a0	0x23bd2e8	0x0a9a	0xa	0x9a	0x18ee850	0x0
6	0x23ba8a0	0x23bd300	0x0a9b	0xa	0x9b	0x18ee830	0x0
6	0x23ba8a0	0x23bd318	0x0a9c	0xa	0x9c	0x18eeaf0	0x0
6	0x23ba8a0	0x23bd330	0x039d	0x3	0x9d	0x18eeb10	0x0
6	0x23ba8a0	0x23bd348	0x0a9e	0xa	0x9e	0x18eeb30	0x0
6	0x23ba8a0	0x23bd360	0x0b9f	0xb	0x9f	0x18ee6f0	0x0
6	0x23ba8a0	0x23bd378	0x22a0	0x22	0xa0	0x18ee6e0	0x0
6	0x23ba8a0	0x23bd390	0x22a1	0x22	0xa1	0x18ee700	0x0
6	0x23ba8a0	0x23bd3a8	0x0ba2	0xb	0xa2	0x18ee6c0	0x0
6	0x23ba8a0	0x23bd3c0	0x22a3	0x22	0xa3	0x18ee6b0	0x0
6	0x23ba8a0	0x23bd3d8	0x22a4	0x22	0xa4	0x18ee6d0	0x0
6	0x23ba8a0	0x23bd3f0	0x03a5	0x3	0xa5	0x18ee720	0x0
6	0x23ba8a0	0x23bd408	0x22a6	0x22	0xa6	0x18ee710	0x0
6	0x23ba8a0	0x23bd420	0x22a7	0x22	0xa7	0x18ee730	0x0
6	0x23ba8a0	0x23bd438	0x22a9	0x22	0xa9	0x18ee740	0x0
6	0x23ba8a0	0x23bd450	0x22aa	0x22	0xaa	0x18ee750	0x0
6	0x23ba8a0	0x23bd468	0x05ab	0x5	0xab	0x18ee570	0x0
6	0x23ba8a0	0x23bd480	0x19ac	0x19	0xac	0x18ee5a0	0x0
6	0x23ba8a0	0x23bd498	0x05ad	0x5	0xad	0x18ee5b0	0x0
6	0x23ba8a0	0x23bd4b0	0x19ae	0x19	0xae	0x18ee580	0x0
6	0x23ba8a0	0x23bd4c8	0x05af	0x5	0xaf	0x18ee590	0x0
6	0x23ba8a0	0x23bd4e0	0x19b0	0x19	0xb0	0x18ee670	0x0
6	0x23ba8a0	0x23bd4f8	0x13b1	0x13	0xb1	0x18ee660	0x0
6	0x23ba8a0	0x23bd510	0x19b2	0x19	0xb2	0x18ee690	0x0
6	0x23ba8a0	0x23bd528	0x13b3	0x13	0xb3	0x18ee6a0	0x0
6	0x23ba8a0	0x23bd540	0x13b4	0x13	0xb4	0x18ee680	0x0
6	0x23ba8a0	0x23bd558	0x06b5	0x6	0xb5	0x18ee330	0x0
6	0x23ba8a0	0x23bd570	0x05b6	0x5	0xb6	0x18ee320	0x0
6	0x23ba8a0	0x23bd588	0x05b7	0x5	0xb7	0x18ee340	0x0
6	0x23ba8a0	0x23bd5a0	0x03b8	0x3	0xb8	0x18eebe0	0x0
6	0x23ba8a0	0x23bd5b8	0x03b9	0x3	0xb9	0x18eebf0	0x0
6	0x23ba8a0	0x23bd5d0	0x05ba	0x5	0xba	0x18eebd0	0x0
6	0x23ba8a0	0x23bd5e8	0x03bb	0x3	0xbb	0x18eebc0	0x0
6	0x23ba8a0	0x23bd600	0x05bc	0x5	0xbc	0x18eebb0	0x0
6	0x23ba8a0	0x23bd618	0x05bd	0x5	0xbd	0x18ee4d0	0x0
6	0x23ba8a0	0x23bd630	0x19be	0x19	0xbe	0x18ee500	0x0
6	0x23ba8a0	0x23bd648	0x05bf	0x5	0xbf	0x18ee510	0x0
6	0x23ba8a0	0x23bd660	0x19c0	0x19	0xc0	0x18ee4e0	0x0
6	0x23ba8a0	0x23bd678	0x05c1	0x5	0xc1	0x18ee4f0	0x0
6	0x23ba8a0	0x23bd690	0x0500	0x5	0x0	0x18eed40	0x0
6	0x23ba8a0	0x23bd6c0	0x1306	0x13	0x6	0x18f02b0	0x0
6	0x23ba8a0	0x23bd6d8	0x1307	0x13	0x7	0x18f02c0	0x0
6	0x23ba8a0	0x23bd6f0	0x1908	0x19	0x8	0x18f0300	0x0
6	0x23ba8a0	0x23bd708	0x1309	0x13	0x9	0x18f02f0	0x0
6	0x23ba8a0	0x23bd720	0x130a	0x13	0xa	0x18f0310	0x0
6	0x23ba8a0	0x23bd738	0x050c	0x5	0xc	0x18f02d0	0x0
6	0x23ba8a0	0x23bd750	0x050d	0x5	0xd	0x18f02e0	0x0
6	0x23ba8a0	0x23bd768	0x030e	0x3	0xe	0x18f0330	0x0
6	0x23ba8a0	0x23bd780	0x050f	0x5	0xf	0x18f0320	0x0
6	0x23ba8a0	0x23bd798	0x0510	0x5	0x10	0x18f0340	0x0
6	0x23ba8a0	0x23bd7b0	0x2311	0x23	0x11	0x18f0360	0x0
6	0x23ba8a0	0x23bd7c8	0x1312	0x13	0x12	0x18f0350	0x0
6	0x23ba8a0	0x23bd7e0	0x1313	0x13	0x13	0x18f0370	0x0
6	0x23ba8a0	0x23bd7f8	0x2314	0x23	0x14	0x18f0390	0x0
6	0x23ba8a0	0x23bd810	0x1315	0x13	0x15	0x18f0380	0x0
6	0x23ba8a0	0x23bd828	0x1316	0x13	0x16	0x18f03a0	0x0
6	0x23ba8a0	0x23bd840	0x0a17	0xa	0x17	0x18f03b0	0x0
6	0x23ba8a0	0x23bd858	0x0318	0x3	0x18	0x18f03c0	0x0
6	0x23ba8a0	0x23bd870	0x0a19	0xa	0x19	0x18f03d0	0x0
6	0x23ba8a0	0x23bd888	0x031a	0x3	0x1a	0x18f0480	0x0
6	0x23ba8a0	0x23bd8a0	0x0a1b	0xa	0x1b	0x18f0470	0x0
6	0x23ba8a0	0x23bd8b8	0x0a1c	0xa	0x1c	0x18f03e0	0x0
6	0x23ba8a0	0x23bd8d0	0x031d	0x3	0x1d	0x18f03f0	0x0
6	0x23ba8a0	0x23bd8e8	0x0a1e	0xa	0x1e	0x18f0400	0x0
6	0x23ba8a0	0x23bd900	0x031f	0x3	0x1f	0x18f04a0	0x0
6	0x23ba8a0	0x23bd918	0x0a20	0xa	0x20	0x18f0490	0x0
6	0x23ba8a0	0x23bd930	0x0521	0x5	0x21	0x18f0410	0x0
6	0x23ba8a0	0x23bd948	0x0322	0x3	0x22	0x18f0420	0x0
6	0x23ba8a0	0x23bd960	0x0523	0x5	0x23	0x18f0430	0x0
6	0x23ba8a0	0x23bd978	0x0324	0x3	0x24	0x18f04c0	0x0
6	0x23ba8a0	0x23bd990	0x0525	0x5	0x25	0x18f04b0	0x0
6	0x23ba8a0	0x23bd9a8	0x0226	0x2	0x26	0x18f0440	0x0
6	0x23ba8a0	0x23bd9c0	0x0327	0x3	0x27	0x18f0450	0x0
6	0x23ba8a0	0x23bd9d8	0x0228	0x2	0x28	0x18f0460	0x0
6	0x23ba8a0	0x23bd9f0	0x0329	0x3	0x29	0x18f04e0	0x0
6	0x23ba8a0	0x23bda08	0x022a	0x2	0x2a	0x18f04d0	0x0
6	0x23ba8a0	0x23bda20	0x1903	0x19	0x3	0x18efbf0	0x0
6	0x23ba8a0	0x23bda38	0x0504	0x5	0x4	0x18efbe0	0x0
6	0x23ba8a0	0x23bda50	0x0505	0x5	0x5	0x18efc00	0x0
6	0x23ba8a0	0x23bda68	0x050a	0x5	0xa	0x18efbc0	0x0
6	0x23ba8a0	0x23bda80	0x050b	0x5	0xb	0x18efbd0	0x0
6	0x23ba8a0	0x23bda98	0x0d0c	0xd	0xc	0x18efc20	0x0
6	0x23ba8a0	0x23bdab0	0x050d	0x5	0xd	0x18efc10	0x0
6	0x23ba8a0	0x23bdac8	0x050e	0x5	0xe	0x18efc30	0x0
6	0x23ba8a0	0x23bdae0	0x050f	0x5	0xf	0x18efc40	0x0
6	0x23ba8a0	0x23bdaf8	0x0310	0x3	0x10	0x18efc50	0x0
6	0x23ba8a0	0x23bdb10	0x0511	0x5	0x11	0x18efc60	0x0
6	0x23ba8a0	0x23bdb28	0x0512	0x5	0x12	0x18efc70	0x0
6	0x23ba8a0	0x23bdb40	0x0313	0x3	0x13	0x18efc80	0x0
6	0x23ba8a0	0x23bdb58	0x0514	0x5	0x14	0x18efc90	0x0
6	0x23ba8a0	0x23bdb70	0x0315	0x3	0x15	0x18efce0	0x0
6	0x23ba8a0	0x23bdb88	0x0516	0x5	0x16	0x18efcd0	0x0
6	0x23ba8a0	0x23bdba0	0x0217	0x2	0x17	0x18efca0	0x0
6	0x23ba8a0	0x23bdbb8	0x0318	0x3	0x18	0x18efcb0	0x0
6	0x23ba8a0	0x23bdbd0	0x0219	0x2	0x19	0x18efcc0	0x0
6	0x23ba8a0	0x23bdbe8	0x031a	0x3	0x1a	0x18efd00	0x0
6	0x23ba8a0	0x23bdc00	0x021b	0x2	0x1b	0x18efcf0	0x0
6	0x23ba8a0	0x23bdc20	0x0600	0x6	0x0	0x18ede70	0x0
6	0x23ba8a0	0x23bdc38	0x0601	0x6	0x1	0x18ede90	0x0
6	0x23ba8a0	0x23bdc50	0x0502	0x5	0x2	0x18eded0	0x0
6	0x23ba8a0	0x23bdc68	0x060a	0x6	0xa	0x18ede80	0x0
6	0x23ba8a0	0x23bdc80	0x060b	0x6	0xb	0x18ede60	0x0
6	0x23ba8a0	0x23bdc98	0x060c	0x6	0xc	0x18edea0	0x0
6	0x23ba8a0	0x23bdcb0	0x060d	0x6	0xd	0x18edeb0	0x0
6	0x23ba8a0	0x23bdcc8	0x050e	0x5	0xe	0x18edec0	0x0
6	0x23ba8a0	0x23bdce0	0x050f	0x5	0xf	0x18edee0	0x0
6	0x23ba8a0	0x23bdd00	0x1300	0x13	0x0	0x18eee20	0x0
6	0x23ba8a0	0x23bdd18	0x1301	0x13	0x1	0x18eee30	0x0
6	0x23ba8a0	0x23bdd30	0x1302	0x13	0x2	0x18eee10	0x0
6	0x23ba8a0	0x23bdd48	0x1903	0x19	0x3	0x18eedc0	0x0
6	0x23ba8a0	0x23bdd60	0x1904	0x19	0x4	0x18eedf0	0x0
6	0x23ba8a0	0x23bdd78	0x1305	0x13	0x5	0x18eede0	0x0
6	0x23ba8a0	0x23bdd90	0x1306	0x13	0x6	0x18eee00	0x0
6	0x23ba8a0	0x23bdda8	0x1307	0x13	0x7	0x18eedd0	0x0
6	0x23ba8a0	0x23bddc0	0x0a0f	0xa	0xf	0x18eeda0	0x0
6	0x23ba8a0	0x23bddd8	0x0a10	0xa	0x10	0x18eedb0	0x0
6	0x23ba8a0	0x23bddf0	0x0a11	0xa	0x11	0x18eed90	0x0
6	0x23ba8a0	0x23bde08	0x0d12	0xd	0x12	0x18eeee0	0x0
6	0x23ba8a0	0x23bde20	0x0d13	0xd	0x13	0x18eef10	0x0
6	0x23ba8a0	0x23bde38	0x1314	0x13	0x14	0x18eef00	0x0
6	0x23ba8a0	0x23bde50	0x1315	0x13	0x15	0x18eef20	0x0
6	0x23ba8a0	0x23bde68	0x1316	0x13	0x16	0x18eeef0	0x0
6	0x23ba8a0	0x23bde80	0x0d17	0xd	0x17	0x18eef30	0x0
6	0x23ba8a0	0x23bde98	0x0d18	0xd	0x18	0x18eef60	0x0
6	0x23ba8a0	0x23bdeb0	0x1319	0x13	0x19	0x18eef50	0x0
6	0x23ba8a0	0x23bdec8	0x131a	0x13	0x1a	0x18eef70	0x0
6	0x23ba8a0	0x23bdee0	0x131b	0x13	0x1b	0x18eef40	0x0
6	0x23ba8a0	0x23bdef8	0x231c	0x23	0x1c	0x18eee90	0x0
6	0x23ba8a0	0x23bdf10	0x231d	0x23	0x1d	0x18eeec0	0x0
6	0x23ba8a0	0x23bdf28	0x131e	0x13	0x1e	0x18eeeb0	0x0
6	0x23ba8a0	0x23bdf40	0x131f	0x13	0x1f	0x18eeed0	0x0
6	0x23ba8a0	0x23bdf58	0x1320	0x13	0x20	0x18eeea0	0x0
6	0x23ba8a0	0x23bdf70	0x2321	0x23	0x21	0x18eee40	0x0
6	0x23ba8a0	0x23bdf88	0x2322	0x23	0x22	0x18eee70	0x0
6	0x23ba8a0	0x23bdfa0	0x1323	0x13	0x23	0x18eee60	0x0
6	0x23ba8a0	0x23bdfb8	0x1324	0x13	0x24	0x18eee80	0x0
6	0x23ba8a0	0x23bdfd0	0x1325	0x13	0x25	0x18eee50	0x0
6	0x23ba8a0	0x23be000	0x0a01	0xa	0x1	0x18ed9d0	0x0
6	0x23ba8a0	0x23be018	0x0206	0x2	0x6	0x18ed9c0	0x0
6	0x23ba8a0	0x23be030	0x0307	0x3	0x7	0x18ed880	0x0
6	0x23ba8a0	0x23be048	0x0508	0x5	0x8	0x18ed870	0x0
6	0x23ba8a0	0x23be060	0x0509	0x5	0x9	0x18ed890	0x0
6	0x23ba8a0	0x23be078	0x050a	0x5	0xa	0x18ed8a0	0x0
6	0x23ba8a0	0x23be090	0x050b	0x5	0xb	0x18ed8b0	0x0
6	0x23ba8a0	0x23be0a8	0x0510	0x5	0x10	0x18ed850	0x0
6	0x23ba8a0	0x23be0c0	0x0511	0x5	0x11	0x18ed860	0x0
6	0x23ba8a0	0x23be0d8	0x0d12	0xd	0x12	0x18ed8d0	0x0
6	0x23ba8a0	0x23be0f0	0x0513	0x5	0x13	0x18ed8c0	0x0
6	0x23ba8a0	0x23be108	0x0514	0x5	0x14	0x18ed8e0	0x0
6	0x23ba8a0	0x23be120	0x0a18	0xa	0x18	0x18ed950	0x0
6	0x23ba8a0	0x23be138	0x0319	0x3	0x19	0x18ed970	0x0
6	0x23ba8a0	0x23be150	0x0a1a	0xa	0x1a	0x18ed960	0x0
6	0x23ba8a0	0x23be168	0x031b	0x3	0x1b	0x18ed9b0	0x0
6	0x23ba8a0	0x23be180	0x0a1c	0xa	0x1c	0x18ed9a0	0x0
6	0x23ba8a0	0x23be198	0x051d	0x5	0x1d	0x18ed900	0x0
6	0x23ba8a0	0x23be1b0	0x031e	0x3	0x1e	0x18ed940	0x0
6	0x23ba8a0	0x23be1c8	0x051f	0x5	0x1f	0x18ed920	0x0
6	0x23ba8a0	0x23be1e0	0x0220	0x2	0x20	0x18ed8f0	0x0
6	0x23ba8a0	0x23be1f8	0x0321	0x3	0x21	0x18ed930	0x0
6	0x23ba8a0	0x23be210	0x0222	0x2	0x22	0x18ed910	0x0
6	0x23ba8a0	0x23be228	0x0323	0x3	0x23	0x18ed990	0x0
6	0x23ba8a0	0x23be240	0x0224	0x2	0x24	0x18ed980	0x0
6	0x23ba8a0	0x23be260	0x0500	0x5	0x0	0x18efb50	0x0
6	0x23ba8a0	0x23be278	0x0501	0x5	0x1	0x18efb40	0x0
6	0x23ba8a0	0x23be290	0x0304	0x3	0x4	0x18efb20	0x0
6	0x23ba8a0	0x23be2a8	0x0305	0x3	0x5	0x18efb80	0x0
6	0x23ba8a0	0x23be2c0	0x0308	0x3	0x8	0x18efb30	0x0
6	0x23ba8a0	0x23be2d8	0x0309	0x3	0x9	0x18efb90	0x0
6	0x23ba8a0	0x23be2f0	0x050a	0x5	0xa	0x18efba0	0x0
6	0x23ba8a0	0x23be308	0x050b	0x5	0xb	0x18efaf0	0x0
6	0x23ba8a0	0x23be320	0x060c	0x6	0xc	0x18efb00	0x0
6	0x23ba8a0	0x23be338	0x050d	0x5	0xd	0x18efb10	0x0
6	0x23ba8a0	0x23be350	0x060e	0x6	0xe	0x18efb70	0x0
6	0x23ba8a0	0x23be368	0x050f	0x5	0xf	0x18efb60	0x0
6	0x23ba8a0	0x23be380	0x0700	0x7	0x0	0x18edf00	0x0
6	0x23ba8a0	0x23be398	0x0701	0x7	0x1	0x18edef0	0x0
6	0x23ba8a0	0x23be3b0	0x0702	0x7	0x2	0x18edf10	0x0
6	0x23ba8a0	0x23be3c8	0x0503	0x5	0x3	0x18edf50	0x0
6	0x23ba8a0	0x23be3e0	0x0704	0x7	0x4	0x18edf30	0x0
6	0x23ba8a0	0x23be3f8	0x0705	0x7	0x5	0x18edf20	0x0
6	0x23ba8a0	0x23be410	0x0506	0x5	0x6	0x18edf60	0x0
6	0x23ba8a0	0x23be428	0x0707	0x7	0x7	0x18edf40	0x0
6	0x23ba8a0	0x23be440	0x0500	0x5	0x0	0x18ee000	0x0
6	0x23ba8a0	0x23be458	0x0501	0x5	0x1	0x18ee020	0x0
6	0x23ba8a0	0x23be470	0x0502	0x5	0x2	0x18ee010	0x0
6	0x23ba8a0	0x23be4a0	0x0300	0x3	0x0	0x18eff90	0x0
6	0x23ba8a0	0x23be4b8	0x0601	0x6	0x1	0x18effb0	0x0
6	0x23ba8a0	0x23be4d0	0x0602	0x6	0x2	0x18effa0	0x0
6	0x23ba8a0	0x23be500	0x0700	0x7	0x0	0x18ede40	0x0
6	0x23ba8a0	0x23be518	0x0701	0x7	0x1	0x18ede50	0x0
6	0x23ba8a0	0x23be530	0x0702	0x7	0x2	0x18ede20	0x0
6	0x23ba8a0	0x23be548	0x0703	0x7	0x3	0x18ede30	0x0
6	0x23ba8a0	0x23be560	0x0500	0x5	0x0	0x18eddd0	0x0
6	0x23ba8a0	0x23be578	0x0601	0x6	0x1	0x18edde0	0x0
6	0x23ba8a0	0x23be590	0x0502	0x5	0x2	0x18eddf0	0x0
6	0x23ba8a0	0x23be5a8	0x0603	0x6	0x3	0x18ede10	0x0
6	0x23ba8a0	0x23be5c0	0x0504	0x5	0x4	0x18ede00	0x0
6	0x23ba8a0	0x23be5e0	0x0500	0x5	0x0	0x18edf70	0x0
6	0x23ba8a0	0x23be5f8	0x0501	0x5	0x1	0x18edf80	0x0
6	0x23ba8a0	0x23be620	0x0700	0x7	0x0	0x18edd90	0x0
6	0x23ba8a0	0x23be638	0x0701	0x7	0x1	0x18eddb0	0x0
6	0x23ba8a0	0x23be650	0x0702	0x7	0x2	0x18edda0	0x0
6	0x23ba8a0	0x23be668	0x0703	0x7	0x3	0x18eddc0	0x0
6	0x23ba8a0	0x23be680	0x0704	0x7	0x4	0x18edd50	0x0
6	0x23ba8a0	0x23be698	0x0705	0x7	0x5	0x18edd70	0x0
6	0x23ba8a0	0x23be6b0	0x0706	0x7	0x6	0x18edd60	0x0
6	0x23ba8a0	0x23be6c8	0x0707	0x7	0x7	0x18edd80	0x0
6	0x23ba8a0	0x23be6e0	0x0200	0x2	0x0	0x18f0ae0	0x0
6	0x23ba8a0	0x23be700	0x0a00	0xa	0x0	0x18f0af0	0x0
6	0x23ba8a0	0x23be720	0x0500	0x5	0x0	0x18edd00	0x0
6	0x23ba8a0	0x23be738	0x0301	0x3	0x1	0x18edd10	0x0
6	0x23ba8a0	0x23be750	0x0502	0x5	0x2	0x18edd20	0x0
6	0x23ba8a0	0x23be768	0x0303	0x3	0x3	0x18edd40	0x0
6	0x23ba8a0	0x23be780	0x0504	0x5	0x4	0x18edd30	0x0
6	0x23ba8a0	0x23be7a0	0x0500	0x5	0x0	0x18eec00	0x0
6	0x23ba8a0	0x23be7b8	0x0301	0x3	0x1	0x18eec20	0x0
6	0x23ba8a0	0x23be7d0	0x0502	0x5	0x2	0x18eec10	0x0
6	0x23ba8a0	0x23be7e8	0x0303	0x3	0x3	0x18eec50	0x0
6	0x23ba8a0	0x23be800	0x0504	0x5	0x4	0x18eec40	0x0
6	0x23ba8a0	0x23be818	0x0507	0x5	0x7	0x18eec30	0x0
6	0x23ba8a0	0x23be830	0x0508	0x5	0x8	0x18eec60	0x0
7	0x23db120	0x23db120	0x0200	0x2	0x0	0x1aee1d0	0x0
7	0x23db120	0x23db138	0x0301	0x3	0x1	0x1aee200	0x0
7	0x23db120	0x23db150	0x0202	0x2	0x2	0x1aee210	0x0
7	0x23db120	0x23db168	0x0303	0x3	0x3	0x1aee1e0	0x0
7	0x23db120	0x23db180	0x0204	0x2	0x4	0x1aee1f0	0x0
7	0x23db120	0x23db1a0	0x0200	0x2	0x0	0x1aee180	0x0
7	0x23db120	0x23db1b8	0x0301	0x3	0x1	0x1aee1b0	0x0
7	0x23db120	0x23db1d0	0x0202	0x2	0x2	0x1aee1c0	0x0
7	0x23db120	0x23db1e8	0x0303	0x3	0x3	0x1aee190	0x0
7	0x23db120	0x23db200	0x0204	0x2	0x4	0x1aee1a0	0x0
7	0x23db120	0x23db220	0x2300	0x23	0x0	0x1aeffb0	0x0
7	0x23db120	0x23db238	0x1301	0x13	0x1	0x1aeffa0	0x0
7	0x23db120	0x23db250	0x1302	0x13	0x2	0x1aeffc0	0x0
7	0x23db120	0x23db268	0x0203	0x2	0x3	0x1aeffd0	0x0
7	0x23db120	0x23db280	0x0304	0x3	0x4	0x1aeffe0	0x0
7	0x23db120	0x23db298	0x0205	0x2	0x5	0x1aefff0	0x0
7	0x23db120	0x23db2c0	0x2300	0x23	0x0	0x1aefe10	0x0
7	0x23db120	0x23db2d8	0x1301	0x13	0x1	0x1aefe00	0x0
7	0x23db120	0x23db2f0	0x1302	0x13	0x2	0x1aefe20	0x0
7	0x23db120	0x23db308	0x0203	0x2	0x3	0x1aefe30	0x0
7	0x23db120	0x23db320	0x0304	0x3	0x4	0x1aefe40	0x0
7	0x23db120	0x23db338	0x0205	0x2	0x5	0x1aefe50	0x0
7	0x23db120	0x23db360	0x0502	0x5	0x2	0x1aefc50	0x0
7	0x23db120	0x23db378	0x0503	0x5	0x3	0x1aefc90	0x0
7	0x23db120	0x23db390	0x0504	0x5	0x4	0x1aefc70	0x0
7	0x23db120	0x23db3a8	0x0505	0x5	0x5	0x1aefcb0	0x0
7	0x23db120	0x23db3c0	0x0506	0x5	0x6	0x1aefc60	0x0
7	0x23db120	0x23db3d8	0x0507	0x5	0x7	0x1aefca0	0x0
7	0x23db120	0x23db3f0	0x050a	0x5	0xa	0x1aefc40	0x0
7	0x23db120	0x23db408	0x050b	0x5	0xb	0x1aefc80	0x0
7	0x23db120	0x23db420	0x0302	0x3	0x2	0x1af0e10	0x0
7	0x23db120	0x23db438	0x0303	0x3	0x3	0x1af0e00	0x0
7	0x23db120	0x23db450	0x1904	0x19	0x4	0x1af0e20	0x0
7	0x23db120	0x23db468	0x1905	0x19	0x5	0x1af0e40	0x0
7	0x23db120	0x23db480	0x1906	0x19	0x6	0x1af0e30	0x0
7	0x23db120	0x23db498	0x0311	0x3	0x11	0x1af0e50	0x0
7	0x23db120	0x23db4b0	0x0312	0x3	0x12	0x1af0dd0	0x0
7	0x23db120	0x23db4c8	0x0313	0x3	0x13	0x1af0df0	0x0
7	0x23db120	0x23db4e0	0x0314	0x3	0x14	0x1af0de0	0x0
7	0x23db120	0x23db4f8	0x031c	0x3	0x1c	0x1af0e60	0x0
7	0x23db120	0x23db510	0x031d	0x3	0x1d	0x1af0e80	0x0
7	0x23db120	0x23db528	0x0324	0x3	0x24	0x1af0e70	0x0
7	0x23db120	0x23db540	0x0325	0x3	0x25	0x1af0e90	0x0
7	0x23db120	0x23db560	0x0500	0x5	0x0	0x1af0c20	0x0
7	0x23db120	0x23db578	0x0301	0x3	0x1	0x1af0c30	0x0
7	0x23db120	0x23db590	0x0502	0x5	0x2	0x1af0c40	0x0
7	0x23db120	0x23db5a8	0x0303	0x3	0x3	0x1af0c60	0x0
7	0x23db120	0x23db5c0	0x0504	0x5	0x4	0x1af0c50	0x0
7	0x23db120	0x23db5e0	0x0500	0x5	0x0	0x1af0bb0	0x0
7	0x23db120	0x23db5f8	0x0301	0x3	0x1	0x1af0bc0	0x0
7	0x23db120	0x23db610	0x0302	0x3	0x2	0x1af0be0	0x0
7	0x23db120	0x23db628	0x0503	0x5	0x3	0x1af0bd0	0x0
7	0x23db120	0x23db640	0x0304	0x3	0x4	0x1af0c00	0x0
7	0x23db120	0x23db658	0x0305	0x3	0x5	0x1af0c10	0x0
7	0x23db120	0x23db670	0x0506	0x5	0x6	0x1af0bf0	0x0
7	0x23db120	0x23db6a0	0x0200	0x2	0x0	0x1af0af0	0x0
7	0x23db120	0x23db6b8	0x0301	0x3	0x1	0x1af0b00	0x0
7	0x23db120	0x23db6d0	0x0202	0x2	0x2	0x1af0b20	0x0
7	0x23db120	0x23db6e8	0x0303	0x3	0x3	0x1af0b10	0x0
7	0x23db120	0x23db700	0x0304	0x3	0x4	0x1af0b60	0x0
7	0x23db120	0x23db718	0x0205	0x2	0x5	0x1af0b30	0x0
7	0x23db120	0x23db730	0x0306	0x3	0x6	0x1af0b50	0x0
7	0x23db120	0x23db748	0x0207	0x2	0x7	0x1af0b40	0x0
7	0x23db120	0x23db760	0x0500	0x5	0x0	0x1af0aa0	0x0
7	0x23db120	0x23db778	0x0301	0x3	0x1	0x1af0ab0	0x0
7	0x23db120	0x23db790	0x0502	0x5	0x2	0x1af0ac0	0x0
7	0x23db120	0x23db7a8	0x0303	0x3	0x3	0x1af0ae0	0x0
7	0x23db120	0x23db7c0	0x0504	0x5	0x4	0x1af0ad0	0x0
7	0x23db120	0x23db7e0	0x0700	0x7	0x0	0x1af06c0	0x0
7	0x23db120	0x23db7f8	0x0701	0x7	0x1	0x1af06d0	0x0
7	0x23db120	0x23db810	0x0702	0x7	0x2	0x1af06a0	0x0
7	0x23db120	0x23db828	0x0703	0x7	0x3	0x1af06b0	0x0
7	0x23db120	0x23db840	0x0500	0x5	0x0	0x1af0690	0x0
7	0x23db120	0x23db860	0x0300	0x3	0x0	0x1aef440	0x0
7	0x23db120	0x23db878	0x0301	0x3	0x1	0x1aef460	0x0
7	0x23db120	0x23db890	0x0302	0x3	0x2	0x1aef450	0x0
7	0x23db120	0x23db8c0	0x0200	0x2	0x0	0x1af0570	0x0
7	0x23db120	0x23db8d8	0x0301	0x3	0x1	0x1af05a0	0x0
7	0x23db120	0x23db8f0	0x0202	0x2	0x2	0x1af05b0	0x0
7	0x23db120	0x23db908	0x0303	0x3	0x3	0x1af0580	0x0
7	0x23db120	0x23db920	0x0204	0x2	0x4	0x1af0590	0x0
7	0x23db120	0x23db938	0x0305	0x3	0x5	0x1af05d0	0x0
7	0x23db120	0x23db950	0x0206	0x2	0x6	0x1af05c0	0x0
7	0x23db120	0x23db980	0x0500	0x5	0x0	0x1af0500	0x0
7	0x23db120	0x23db998	0x0601	0x6	0x1	0x1af0510	0x0
7	0x23db120	0x23db9b0	0x0502	0x5	0x2	0x1af0520	0x0
7	0x23db120	0x23db9c8	0x0603	0x6	0x3	0x1af0540	0x0
7	0x23db120	0x23db9e0	0x0504	0x5	0x4	0x1af0530	0x0
7	0x23db120	0x23dba00	0x0b00	0xb	0x0	0x1af04f0	0x0
7	0x23db120	0x23dba20	0x0200	0x2	0x0	0x1af0310	0x0
7	0x23db120	0x23dba40	0x0500	0x5	0x0	0x1af0300	0x0
7	0x23db120	0x23dba58	0x0501	0x5	0x1	0x1af02d0	0x0
7	0x23db120	0x23dba70	0x0602	0x6	0x2	0x1af02e0	0x0
7	0x23db120	0x23dba88	0x0503	0x5	0x3	0x1af02f0	0x0
7	0x23db120	0x23dbaa0	0x0301	0x3	0x1	0x1af0330	0x0
7	0x23db120	0x23dbab8	0x0303	0x3	0x3	0x1af0350	0x0
7	0x23db120	0x23dbad0	0x0306	0x3	0x6	0x1af0320	0x0
7	0x23db120	0x23dbae8	0x0308	0x3	0x8	0x1af0340	0x0
7	0x23db120	0x23dbb00	0x0a00	0xa	0x0	0x1aef810	0x0
7	0x23db120	0x23dbb18	0x0301	0x3	0x1	0x1aef820	0x0
7	0x23db120	0x23dbb30	0x0a02	0xa	0x2	0x1aef830	0x0
7	0x23db120	0x23dbb48	0x0303	0x3	0x3	0x1aef970	0x0
7	0x23db120	0x23dbb60	0x0a04	0xa	0x4	0x1aef960	0x0
7	0x23db120	0x23dbb78	0x0a05	0xa	0x5	0x1aef7e0	0x0
7	0x23db120	0x23dbb90	0x0306	0x3	0x6	0x1aef7f0	0x0
7	0x23db120	0x23dbba8	0x0a07	0xa	0x7	0x1aef800	0x0
7	0x23db120	0x23dbbc0	0x0308	0x3	0x8	0x1aef950	0x0
7	0x23db120	0x23dbbd8	0x0a09	0xa	0x9	0x1aef940	0x0
7	0x23db120	0x23dbbf0	0x0a0a	0xa	0xa	0x1aef840	0x0
7	0x23db120	0x23dbc08	0x0a0b	0xa	0xb	0x1aef8b0	0x0
7	0x23db120	0x23dbc20	0x0a0c	0xa	0xc	0x1aef870	0x0
7	0x23db120	0x23dbc38	0x0a0d	0xa	0xd	0x1aef900	0x0
7	0x23db120	0x23dbc50	0x0a0e	0xa	0xe	0x1aef910	0x0
7	0x23db120	0x23dbc68	0x0a0f	0xa	0xf	0x1aef8e0	0x0
7	0x23db120	0x23dbc80	0x0a10	0xa	0x10	0x1aef8c0	0x0
7	0x23db120	0x23dbc98	0x0a11	0xa	0x11	0x1aef880	0x0
7	0x23db120	0x23dbcb0	0x0a12	0xa	0x12	0x1aef980	0x0
7	0x23db120	0x23dbcc8	0x0a13	0xa	0x13	0x1aef9c0	0x0
7	0x23db120	0x23dbce0	0x0a14	0xa	0x14	0x1aef9a0	0x0
7	0x23db120	0x23dbcf8	0x0a15	0xa	0x15	0x1aef9e0	0x0
7	0x23db120	0x23dbd10	0x0a16	0xa	0x16	0x1aef8f0	0x0
7	0x23db120	0x23dbd28	0x0a17	0xa	0x17	0x1aef890	0x0
7	0x23db120	0x23dbd40	0x0a18	0xa	0x18	0x1aef850	0x0
7	0x23db120	0x23dbd58	0x0a19	0xa	0x19	0x1aef920	0x0
7	0x23db120	0x23dbd70	0x0a1a	0xa	0x1a	0x1aef930	0x0
7	0x23db120	0x23dbd88	0x0a1b	0xa	0x1b	0x1aef8d0	0x0
7	0x23db120	0x23dbda0	0x0a1c	0xa	0x1c	0x1aef990	0x0
7	0x23db120	0x23dbdb8	0x0a1d	0xa	0x1d	0x1aef9d0	0x0
7	0x23db120	0x23dbdd0	0x0a1e	0xa	0x1e	0x1aef9b0	0x0
7	0x23db120	0x23dbde8	0x0a1f	0xa	0x1f	0x1aef8a0	0x0
7	0x23db120	0x23dbe00	0x0a20	0xa	0x20	0x1aef860	0x0
7	0x23db120	0x23dbe18	0x0a21	0xa	0x21	0x1aef9f0	0x0
7	0x23db120	0x23dbe40	0x0214	0x2	0x14	0x1af1010	0x0
7	0x23db120	0x23dbe58	0x0215	0x2	0x15	0x1af1000	0x0
7	0x23db120	0x23dbe70	0x0216	0x2	0x16	0x1aea9a0	0x0
7	0x23db120	0x23dbea0	0x0200	0x2	0x0	0x1af03b0	0x0
7	0x23db120	0x23dbeb8	0x0a01	0xa	0x1	0x1af0410	0x0
7	0x23db120	0x23dbed0	0x0302	0x3	0x2	0x1af03d0	0x0
7	0x23db120	0x23dbee8	0x0303	0x3	0x3	0x1af0430	0x0
7	0x23db120	0x23dbf00	0x0204	0x2	0x4	0x1af03c0	0x0
7	0x23db120	0x23dbf18	0x0a05	0xa	0x5	0x1af0420	0x0
7	0x23db120	0x23dbf30	0x0306	0x3	0x6	0x1af0490	0x0
7	0x23db120	0x23dbf48	0x0307	0x3	0x7	0x1af04d0	0x0
7	0x23db120	0x23dbf60	0x0208	0x2	0x8	0x1af0470	0x0
7	0x23db120	0x23dbf78	0x0a09	0xa	0x9	0x1af04b0	0x0
7	0x23db120	0x23dbf90	0x0a0a	0xa	0xa	0x1af0380	0x0
7	0x23db120	0x23dbfa8	0x0a0b	0xa	0xb	0x1af03e0	0x0
7	0x23db120	0x23dbfc0	0x030c	0x3	0xc	0x1af03a0	0x0
7	0x23db120	0x23dbfd8	0x030d	0x3	0xd	0x1af0400	0x0
7	0x23db120	0x23dbff0	0x0a0e	0xa	0xe	0x1af0390	0x0
7	0x23db120	0x23dc008	0x0a0f	0xa	0xf	0x1af03f0	0x0
7	0x23db120	0x23dc020	0x0310	0x3	0x10	0x1af0480	0x0
7	0x23db120	0x23dc038	0x0311	0x3	0x11	0x1af04c0	0x0
7	0x23db120	0x23dc050	0x0a12	0xa	0x12	0x1af0460	0x0
7	0x23db120	0x23dc068	0x0a13	0xa	0x13	0x1af04a0	0x0
7	0x23db120	0x23dc080	0x0214	0x2	0x14	0x1af0450	0x0
7	0x23db120	0x23dc098	0x0215	0x2	0x15	0x1af0440	0x0
7	0x23db120	0x23dc0b0	0x0216	0x2	0x16	0x1af04e0	0x0
7	0x23db120	0x23dc0e0	0x0200	0x2	0x0	0x1aee250	0x0
7	0x23db120	0x23dc0f8	0x0a01	0xa	0x1	0x1aee2b0	0x0
7	0x23db120	0x23dc110	0x0302	0x3	0x2	0x1aee270	0x0
7	0x23db120	0x23dc128	0x0303	0x3	0x3	0x1aee2d0	0x0
7	0x23db120	0x23dc140	0x0204	0x2	0x4	0x1aee260	0x0
7	0x23db120	0x23dc158	0x0a05	0xa	0x5	0x1aee2c0	0x0
7	0x23db120	0x23dc170	0x0306	0x3	0x6	0x1aee330	0x0
7	0x23db120	0x23dc188	0x0307	0x3	0x7	0x1aee370	0x0
7	0x23db120	0x23dc1a0	0x0208	0x2	0x8	0x1aee310	0x0
7	0x23db120	0x23dc1b8	0x0a09	0xa	0x9	0x1aee350	0x0
7	0x23db120	0x23dc1d0	0x0a0a	0xa	0xa	0x1aee220	0x0
7	0x23db120	0x23dc1e8	0x0a0b	0xa	0xb	0x1aee280	0x0
7	0x23db120	0x23dc200	0x030c	0x3	0xc	0x1aee240	0x0
7	0x23db120	0x23dc218	0x030d	0x3	0xd	0x1aee2a0	0x0
7	0x23db120	0x23dc230	0x0a0e	0xa	0xe	0x1aee230	0x0
7	0x23db120	0x23dc248	0x0a0f	0xa	0xf	0x1aee290	0x0
7	0x23db120	0x23dc260	0x0310	0x3	0x10	0x1aee320	0x0
7	0x23db120	0x23dc278	0x0311	0x3	0x11	0x1aee360	0x0
7	0x23db120	0x23dc290	0x0a12	0xa	0x12	0x1aee300	0x0
7	0x23db120	0x23dc2a8	0x0a13	0xa	0x13	0x1aee340	0x0
7	0x23db120	0x23dc2c0	0x0214	0x2	0x14	0x1aee2f0	0x0
7	0x23db120	0x23dc2d8	0x0215	0x2	0x15	0x1aee2e0	0x0
7	0x23db120	0x23dc2f0	0x0216	0x2	0x16	0x1aee380	0x0
7	0x23db120	0x23dc320	0x0900	0x9	0x0	0x1aef760	0x0
7	0x23db120	0x23dc338	0x0901	0x9	0x1	0x1aef770	0x0
7	0x23db120	0x23dc360	0x0a00	0xa	0x0	0x1aef5e0	0x0
7	0x23db120	0x23dc378	0x0301	0x3	0x1	0x1aef610	0x0
7	0x23db120	0x23dc390	0x0302	0x3	0x2	0x1aef600	0x0
7	0x23db120	0x23dc3a8	0x0a03	0xa	0x3	0x1aef5f0	0x0
7	0x23db120	0x23dc3c0	0x0304	0x3	0x4	0x1aef700	0x0
7	0x23db120	0x23dc3d8	0x0305	0x3	0x5	0x1aef710	0x0
7	0x23db120	0x23dc3f0	0x0a06	0xa	0x6	0x1aef6f0	0x0
7	0x23db120	0x23dc408	0x0a07	0xa	0x7	0x1aef650	0x0
7	0x23db120	0x23dc420	0x0308	0x3	0x8	0x1aef670	0x0
7	0x23db120	0x23dc438	0x0a09	0xa	0x9	0x1aef660	0x0
7	0x23db120	0x23dc450	0x030a	0x3	0xa	0x1aef750	0x0
7	0x23db120	0x23dc468	0x0a0b	0xa	0xb	0x1aef740	0x0
7	0x23db120	0x23dc480	0x0a0c	0xa	0xc	0x1aef5a0	0x0
7	0x23db120	0x23dc498	0x030d	0x3	0xd	0x1aef5d0	0x0
7	0x23db120	0x23dc4b0	0x030e	0x3	0xe	0x1aef5c0	0x0
7	0x23db120	0x23dc4c8	0x0a0f	0xa	0xf	0x1aef5b0	0x0
7	0x23db120	0x23dc4e0	0x0310	0x3	0x10	0x1aef6d0	0x0
7	0x23db120	0x23dc4f8	0x0311	0x3	0x11	0x1aef6e0	0x0
7	0x23db120	0x23dc510	0x0a12	0xa	0x12	0x1aef6c0	0x0
7	0x23db120	0x23dc528	0x0a13	0xa	0x13	0x1aef620	0x0
7	0x23db120	0x23dc540	0x0314	0x3	0x14	0x1aef640	0x0
7	0x23db120	0x23dc558	0x0a15	0xa	0x15	0x1aef630	0x0
7	0x23db120	0x23dc570	0x0316	0x3	0x16	0x1aef730	0x0
7	0x23db120	0x23dc588	0x0a17	0xa	0x17	0x1aef720	0x0
7	0x23db120	0x23dc5a0	0x0a18	0xa	0x18	0x1aef570	0x0
7	0x23db120	0x23dc5b8	0x0319	0x3	0x19	0x1aef590	0x0
7	0x23db120	0x23dc5d0	0x0a1a	0xa	0x1a	0x1aef580	0x0
7	0x23db120	0x23dc5e8	0x031b	0x3	0x1b	0x1aef6b0	0x0
7	0x23db120	0x23dc600	0x0a1c	0xa	0x1c	0x1aef6a0	0x0
7	0x23db120	0x23dc618	0x0a1d	0xa	0x1d	0x1aef540	0x0
7	0x23db120	0x23dc630	0x031e	0x3	0x1e	0x1aef560	0x0
7	0x23db120	0x23dc648	0x0a1f	0xa	0x1f	0x1aef550	0x0
7	0x23db120	0x23dc660	0x0320	0x3	0x20	0x1aef690	0x0
7	0x23db120	0x23dc678	0x0a21	0xa	0x21	0x1aef680	0x0
7	0x23db120	0x23dc690	0x0500	0x5	0x0	0x1aeded0	0x0
7	0x23db120	0x23dc6c0	0x0501	0x5	0x1	0x1aee7c0	0x0
7	0x23db120	0x23dc6d8	0x0507	0x5	0x7	0x1aee7e0	0x0
7	0x23db120	0x23dc6f0	0x0517	0x5	0x17	0x1aee7b0	0x0
7	0x23db120	0x23dc708	0x031e	0x3	0x1e	0x1aee790	0x0
7	0x23db120	0x23dc720	0x031f	0x3	0x1f	0x1aee7a0	0x0
7	0x23db120	0x23dc738	0x1326	0x13	0x26	0x1aee7d0	0x0
7	0x23db120	0x23dc760	0x190c	0x19	0xc	0x1aef4a0	0x0
7	0x23db120	0x23dc778	0x190d	0x19	0xd	0x1aef4c0	0x0
7	0x23db120	0x23dc790	0x190e	0x19	0xe	0x1aef4b0	0x0
7	0x23db120	0x23dc7a8	0x190f	0x19	0xf	0x1add1b0	0x0
7	0x23db120	0x23dc7c0	0x1910	0x19	0x10	0x1a2bdb0	0x0
7	0x23db120	0x23dc7d8	0x1911	0x19	0x11	0x1af5230	0x0
7	0x23db120	0x23dc7f0	0x1912	0x19	0x12	0x1af5200	0x0
7	0x23db120	0x23dc808	0x0315	0x3	0x15	0x1aef4d0	0x0
7	0x23db120	0x23dc820	0x0316	0x3	0x16	0x1aef470	0x0
7	0x23db120	0x23dc838	0x0317	0x3	0x17	0x1aef490	0x0
7	0x23db120	0x23dc850	0x0318	0x3	0x18	0x1aef480	0x0
7	0x23db120	0x23dc868	0x031c	0x3	0x1c	0x1aef4e0	0x0
7	0x23db120	0x23dc880	0x031d	0x3	0x1d	0x1aef500	0x0
7	0x23db120	0x23dc898	0x0324	0x3	0x24	0x1aef4f0	0x0
7	0x23db120	0x23dc8b0	0x0325	0x3	0x25	0x1aef510	0x0
7	0x23db120	0x23dc8e0	0x0b00	0xb	0x0	0x1af0370	0x0
7	0x23db120	0x23dc8f8	0x0b02	0xb	0x2	0x1af0360	0x0
7	0x23db120	0x23dc920	0x0a00	0xa	0x0	0x1aefb60	0x0
7	0x23db120	0x23dc938	0x0a01	0xa	0x1	0x1aefb90	0x0
7	0x23db120	0x23dc950	0x0302	0x3	0x2	0x1aefb70	0x0
7	0x23db120	0x23dc968	0x0a03	0xa	0x3	0x1aefb80	0x0
7	0x23db120	0x23dc980	0x0a04	0xa	0x4	0x1aefb20	0x0
7	0x23db120	0x23dc998	0x0a05	0xa	0x5	0x1aefb50	0x0
7	0x23db120	0x23dc9b0	0x0306	0x3	0x6	0x1aefb30	0x0
7	0x23db120	0x23dc9c8	0x0a07	0xa	0x7	0x1aefb40	0x0
7	0x23db120	0x23dc9e0	0x0a08	0xa	0x8	0x1aefa50	0x0
7	0x23db120	0x23dc9f8	0x0309	0x3	0x9	0x1aefa80	0x0
7	0x23db120	0x23dca10	0x0a0a	0xa	0xa	0x1aefa90	0x0
7	0x23db120	0x23dca28	0x030b	0x3	0xb	0x1aefa60	0x0
7	0x23db120	0x23dca40	0x0a0c	0xa	0xc	0x1aefa70	0x0
7	0x23db120	0x23dca58	0x030d	0x3	0xd	0x1aefbe0	0x0
7	0x23db120	0x23dca70	0x030e	0x3	0xe	0x1aefbf0	0x0
7	0x23db120	0x23dca88	0x0a0f	0xa	0xf	0x1aefbd0	0x0
7	0x23db120	0x23dcaa0	0x0210	0x2	0x10	0x1aefa00	0x0
7	0x23db120	0x23dcab8	0x0311	0x3	0x11	0x1aefa30	0x0
7	0x23db120	0x23dcad0	0x0212	0x2	0x12	0x1aefa40	0x0
7	0x23db120	0x23dcae8	0x0313	0x3	0x13	0x1aefa10	0x0
7	0x23db120	0x23dcb00	0x0214	0x2	0x14	0x1aefa20	0x0
7	0x23db120	0x23dcb18	0x0315	0x3	0x15	0x1aefbb0	0x0
7	0x23db120	0x23dcb30	0x0316	0x3	0x16	0x1aefbc0	0x0
7	0x23db120	0x23dcb48	0x0217	0x2	0x17	0x1aefba0	0x0
7	0x23db120	0x23dcb60	0x0a18	0xa	0x18	0x1aefae0	0x0
7	0x23db120	0x23dcb78	0x0a19	0xa	0x19	0x1aefb10	0x0
7	0x23db120	0x23dcb90	0x031a	0x3	0x1a	0x1aefaf0	0x0
7	0x23db120	0x23dcba8	0x0a1b	0xa	0x1b	0x1aefb00	0x0
7	0x23db120	0x23dcbc0	0x031c	0x3	0x1c	0x1aefc30	0x0
7	0x23db120	0x23dcbd8	0x0a1d	0xa	0x1d	0x1aefc20	0x0
7	0x23db120	0x23dcbf0	0x0a1e	0xa	0x1e	0x1aefaa0	0x0
7	0x23db120	0x23dcc08	0x0a1f	0xa	0x1f	0x1aefad0	0x0
7	0x23db120	0x23dcc20	0x0320	0x3	0x20	0x1aefab0	0x0
7	0x23db120	0x23dcc38	0x0a21	0xa	0x21	0x1aefac0	0x0
7	0x23db120	0x23dcc50	0x0322	0x3	0x22	0x1aefc10	0x0
7	0x23db120	0x23dcc68	0x0a23	0xa	0x23	0x1aefc00	0x0
7	0x23db120	0x23dcc80	0x0200	0x2	0x0	0x1aef160	0x0
7	0x23db120	0x23dcc98	0x0201	0x2	0x1	0x1aef180	0x0
7	0x23db120	0x23dccb0	0x0202	0x2	0x2	0x1aef150	0x0
7	0x23db120	0x23dccc8	0x0203	0x2	0x3	0x1aef170	0x0
7	0x23db120	0x23dcce0	0x0200	0x2	0x0	0x1aef190	0x0
7	0x23db120	0x23dccf8	0x0201	0x2	0x1	0x1aef1a0	0x0
7	0x23db120	0x23dcd20	0x0a01	0xa	0x1	0x1aee170	0x0
7	0x23db120	0x23dcd38	0x0a03	0xa	0x3	0x1aee160	0x0
7	0x23db120	0x23dcd50	0x0a04	0xa	0x4	0x1aee0f0	0x0
7	0x23db120	0x23dcd68	0x0305	0x3	0x5	0x1aee110	0x0
7	0x23db120	0x23dcd80	0x0a06	0xa	0x6	0x1aee100	0x0
7	0x23db120	0x23dcd98	0x0307	0x3	0x7	0x1aee150	0x0
7	0x23db120	0x23dcdb0	0x0a08	0xa	0x8	0x1aee140	0x0
7	0x23db120	0x23dcdc8	0x0a09	0xa	0x9	0x1aee0c0	0x0
7	0x23db120	0x23dcde0	0x030a	0x3	0xa	0x1aee0e0	0x0
7	0x23db120	0x23dcdf8	0x0a0b	0xa	0xb	0x1aee0d0	0x0
7	0x23db120	0x23dce10	0x030c	0x3	0xc	0x1aee130	0x0
7	0x23db120	0x23dce28	0x0a0d	0xa	0xd	0x1aee120	0x0
7	0x23db120	0x23dce40	0x0500	0x5	0x0	0x1a01050	0x0
7	0x23db120	0x23dce58	0x0601	0x6	0x1	0x1aedee0	0x0
7	0x23db120	0x23dce70	0x0502	0x5	0x2	0x1aedef0	0x0
7	0x23db120	0x23dcea0	0x051c	0x5	0x1c	0x1aefe60	0x0
7	0x23db120	0x23dceb8	0x031f	0x3	0x1f	0x1aefe70	0x0
7	0x23db120	0x23dcee0	0x1900	0x19	0x0	0x1af07e0	0x0
7	0x23db120	0x23dcef8	0x1301	0x13	0x1	0x1af07d0	0x0
7	0x23db120	0x23dcf10	0x1302	0x13	0x2	0x1af07f0	0x0
7	0x23db120	0x23dcf28	0x0303	0x3	0x3	0x1af0810	0x0
7	0x23db120	0x23dcf40	0x0504	0x5	0x4	0x1af0800	0x0
7	0x23db120	0x23dcf58	0x0505	0x5	0x5	0x1af0820	0x0
7	0x23db120	0x23dcf70	0x2306	0x23	0x6	0x1af0840	0x0
7	0x23db120	0x23dcf88	0x1307	0x13	0x7	0x1af0830	0x0
7	0x23db120	0x23dcfa0	0x1308	0x13	0x8	0x1af0850	0x0
7	0x23db120	0x23dcfc0	0x0300	0x3	0x0	0x1af0ce0	0x0
7	0x23db120	0x23dcfd8	0x0201	0x2	0x1	0x1af0cd0	0x0
7	0x23db120	0x23dcff0	0x0202	0x2	0x2	0x1af0cf0	0x0
7	0x23db120	0x23dd008	0x0203	0x2	0x3	0x1af0d00	0x0
7	0x23db120	0x23dd020	0x0304	0x3	0x4	0x1af0d10	0x0
7	0x23db120	0x23dd038	0x0205	0x2	0x5	0x1af0d20	0x0
7	0x23db120	0x23dd050	0x0306	0x3	0x6	0x1af0d40	0x0
7	0x23db120	0x23dd068	0x0207	0x2	0x7	0x1af0d30	0x0
7	0x23db120	0x23dd080	0x0a00	0xa	0x0	0x1aeff70	0x0
7	0x23db120	0x23dd098	0x0301	0x3	0x1	0x1aeff80	0x0
7	0x23db120	0x23dd0b0	0x0a02	0xa	0x2	0x1aeff90	0x0
7	0x23db120	0x23dd0c8	0x0303	0x3	0x3	0x1aefec0	0x0
7	0x23db120	0x23dd0e0	0x0a04	0xa	0x4	0x1aefeb0	0x0
7	0x23db120	0x23dd0f8	0x0a05	0xa	0x5	0x1aefed0	0x0
7	0x23db120	0x23dd110	0x0306	0x3	0x6	0x1aefe90	0x0
7	0x23db120	0x23dd128	0x0507	0x5	0x7	0x1aefe80	0x0
7	0x23db120	0x23dd140	0x0508	0x5	0x8	0x1aefea0	0x0
7	0x23db120	0x23dd158	0x0d09	0xd	0x9	0x1aeff20	0x0
7	0x23db120	0x23dd170	0x130a	0x13	0xa	0x1aeff10	0x0
7	0x23db120	0x23dd188	0x130b	0x13	0xb	0x1aeff30	0x0
7	0x23db120	0x23dd1a0	0x0d0c	0xd	0xc	0x1aefef0	0x0
7	0x23db120	0x23dd1b8	0x050d	0x5	0xd	0x1aefee0	0x0
7	0x23db120	0x23dd1d0	0x050e	0x5	0xe	0x1aeff00	0x0
7	0x23db120	0x23dd1e8	0x050f	0x5	0xf	0x1aeff40	0x0
7	0x23db120	0x23dd200	0x0310	0x3	0x10	0x1aeff50	0x0
7	0x23db120	0x23dd218	0x0511	0x5	0x11	0x1aeff60	0x0
7	0x23db120	0x23dd240	0x0a00	0xa	0x0	0x1aefdd0	0x0
7	0x23db120	0x23dd258	0x0301	0x3	0x1	0x1aefde0	0x0
7	0x23db120	0x23dd270	0x0a02	0xa	0x2	0x1aefdf0	0x0
7	0x23db120	0x23dd288	0x0303	0x3	0x3	0x1aefd20	0x0
7	0x23db120	0x23dd2a0	0x0a04	0xa	0x4	0x1aefd10	0x0
7	0x23db120	0x23dd2b8	0x0a05	0xa	0x5	0x1aefd30	0x0
7	0x23db120	0x23dd2d0	0x0306	0x3	0x6	0x1aefcf0	0x0
7	0x23db120	0x23dd2e8	0x0507	0x5	0x7	0x1aefce0	0x0
7	0x23db120	0x23dd300	0x0508	0x5	0x8	0x1aefd00	0x0
7	0x23db120	0x23dd318	0x0d09	0xd	0x9	0x1aefd80	0x0
7	0x23db120	0x23dd330	0x130a	0x13	0xa	0x1aefd70	0x0
7	0x23db120	0x23dd348	0x130b	0x13	0xb	0x1aefd90	0x0
7	0x23db120	0x23dd360	0x0d0c	0xd	0xc	0x1aefd50	0x0
7	0x23db120	0x23dd378	0x050d	0x5	0xd	0x1aefd40	0x0
7	0x23db120	0x23dd390	0x050e	0x5	0xe	0x1aefd60	0x0
7	0x23db120	0x23dd3a8	0x050f	0x5	0xf	0x1aefda0	0x0
7	0x23db120	0x23dd3c0	0x0310	0x3	0x10	0x1aefdb0	0x0
7	0x23db120	0x23dd3d8	0x0511	0x5	0x11	0x1aefdc0	0x0
7	0x23db120	0x23dd400	0x0500	0x5	0x0	0x1aee430	0x0
7	0x23db120	0x23dd418	0x0301	0x3	0x1	0x1aee440	0x0
7	0x23db120	0x23dd430	0x0502	0x5	0x2	0x1aee450	0x0
7	0x23db120	0x23dd448	0x0303	0x3	0x3	0x1aee470	0x0
7	0x23db120	0x23dd460	0x0504	0x5	0x4	0x1aee460	0x0
7	0x23db120	0x23dd480	0x0300	0x3	0x0	0x1aef240	0x0
7	0x23db120	0x23dd498	0x0501	0x5	0x1	0x1aef230	0x0
7	0x23db120	0x23dd4b0	0x0502	0x5	0x2	0x1aef250	0x0
7	0x23db120	0x23dd4d0	0x0501	0x5	0x1	0x1aee7f0	0x0
7	0x23db120	0x23dd500	0x0b00	0xb	0x0	0x1aeed80	0x0
7	0x23db120	0x23dd518	0x2201	0x22	0x1	0x1aeed70	0x0
7	0x23db120	0x23dd530	0x2202	0x22	0x2	0x1aeed90	0x0
7	0x23db120	0x23dd548	0x0b03	0xb	0x3	0x1aee870	0x0
7	0x23db120	0x23dd560	0x2204	0x22	0x4	0x1aee830	0x0
7	0x23db120	0x23dd578	0x2205	0x22	0x5	0x1aee8b0	0x0
7	0x23db120	0x23dd590	0x0306	0x3	0x6	0x1aee980	0x0
7	0x23db120	0x23dd5a8	0x0507	0x5	0x7	0x1aee960	0x0
7	0x23db120	0x23dd5c0	0x0508	0x5	0x8	0x1aee9a0	0x0
7	0x23db120	0x23dd5d8	0x050a	0x5	0xa	0x1aee9d0	0x0
7	0x23db120	0x23dd5f0	0x050b	0x5	0xb	0x1aeea00	0x0
7	0x23db120	0x23dd608	0x1919	0x19	0x19	0x1aeea80	0x0
7	0x23db120	0x23dd620	0x051a	0x5	0x1a	0x1aeea70	0x0
7	0x23db120	0x23dd638	0x191b	0x19	0x1b	0x1aeeaa0	0x0
7	0x23db120	0x23dd650	0x051c	0x5	0x1c	0x1aeeab0	0x0
7	0x23db120	0x23dd668	0x051d	0x5	0x1d	0x1aeea90	0x0
7	0x23db120	0x23dd680	0x051e	0x5	0x1e	0x1aeee40	0x0
7	0x23db120	0x23dd698	0x051f	0x5	0x1f	0x1aeee50	0x0
7	0x23db120	0x23dd6b0	0x0520	0x5	0x20	0x1aeee60	0x0
7	0x23db120	0x23dd6c8	0x0521	0x5	0x21	0x1aeee90	0x0
7	0x23db120	0x23dd6e0	0x0522	0x5	0x22	0x1aeeea0	0x0
7	0x23db120	0x23dd6f8	0x0523	0x5	0x23	0x1aeeeb0	0x0
7	0x23db120	0x23dd710	0x0524	0x5	0x24	0x1aeee20	0x0
7	0x23db120	0x23dd728	0x0525	0x5	0x25	0x1aeee30	0x0
7	0x23db120	0x23dd740	0x0626	0x6	0x26	0x1aeee80	0x0
7	0x23db120	0x23dd758	0x0628	0x6	0x28	0x1aeee70	0x0
7	0x23db120	0x23dd770	0x0b2a	0xb	0x2a	0x1aee860	0x0
7	0x23db120	0x23dd788	0x222b	0x22	0x2b	0x1aee820	0x0
7	0x23db120	0x23dd7a0	0x222c	0x22	0x2c	0x1aee8a0	0x0
7	0x23db120	0x23dd7b8	0x0b2d	0xb	0x2d	0x1aeed50	0x0
7	0x23db120	0x23dd7d0	0x222e	0x22	0x2e	0x1aeed40	0x0
7	0x23db120	0x23dd7e8	0x222f	0x22	0x2f	0x1aeed60	0x0
7	0x23db120	0x23dd800	0x0330	0x3	0x30	0x1aee970	0x0
7	0x23db120	0x23dd818	0x0531	0x5	0x31	0x1aee950	0x0
7	0x23db120	0x23dd830	0x0532	0x5	0x32	0x1aee990	0x0
7	0x23db120	0x23dd848	0x0534	0x5	0x34	0x1aee9b0	0x0
7	0x23db120	0x23dd860	0x0535	0x5	0x35	0x1aee9e0	0x0
7	0x23db120	0x23dd878	0x0539	0x5	0x39	0x1aeeac0	0x0
7	0x23db120	0x23dd890	0x033a	0x3	0x3a	0x1aeead0	0x0
7	0x23db120	0x23dd8a8	0x053b	0x5	0x3b	0x1aeeae0	0x0
7	0x23db120	0x23dd8c0	0x0b3d	0xb	0x3d	0x1aee850	0x0
7	0x23db120	0x23dd8d8	0x223e	0x22	0x3e	0x1aee810	0x0
7	0x23db120	0x23dd8f0	0x223f	0x22	0x3f	0x1aee890	0x0
7	0x23db120	0x23dd908	0x0b40	0xb	0x40	0x1aeee00	0x0
7	0x23db120	0x23dd920	0x0541	0x5	0x41	0x1aeedf0	0x0
7	0x23db120	0x23dd938	0x0542	0x5	0x42	0x1aeee10	0x0
7	0x23db120	0x23dd950	0x0b43	0xb	0x43	0x1aee840	0x0
7	0x23db120	0x23dd968	0x2244	0x22	0x44	0x1aee800	0x0
7	0x23db120	0x23dd980	0x2245	0x22	0x45	0x1aee880	0x0
7	0x23db120	0x23dd998	0x1946	0x19	0x46	0x1aeedb0	0x0
7	0x23db120	0x23dd9b0	0x2247	0x22	0x47	0x1aeeda0	0x0
7	0x23db120	0x23dd9c8	0x2248	0x22	0x48	0x1aeedc0	0x0
7	0x23db120	0x23dd9e0	0x054a	0x5	0x4a	0x1aee9c0	0x0
7	0x23db120	0x23dd9f8	0x054b	0x5	0x4b	0x1aee9f0	0x0
7	0x23db120	0x23dda10	0x054c	0x5	0x4c	0x1aeef60	0x0
7	0x23db120	0x23dda28	0x054d	0x5	0x4d	0x1aeef70	0x0
7	0x23db120	0x23dda40	0x034e	0x3	0x4e	0x1aeef90	0x0
7	0x23db120	0x23dda58	0x034f	0x3	0x4f	0x1aeef80	0x0
7	0x23db120	0x23dda70	0x0b50	0xb	0x50	0x1aee900	0x0
7	0x23db120	0x23dda88	0x2251	0x22	0x51	0x1aee8d0	0x0
7	0x23db120	0x23ddaa0	0x2252	0x22	0x52	0x1aee930	0x0
7	0x23db120	0x23ddab8	0x0b53	0xb	0x53	0x1aee8f0	0x0
7	0x23db120	0x23ddad0	0x2254	0x22	0x54	0x1aee8c0	0x0
7	0x23db120	0x23ddae8	0x2255	0x22	0x55	0x1aee920	0x0
7	0x23db120	0x23ddb00	0x0356	0x3	0x56	0x1aee910	0x0
7	0x23db120	0x23ddb18	0x0557	0x5	0x57	0x1aee8e0	0x0
7	0x23db120	0x23ddb30	0x0558	0x5	0x58	0x1aee940	0x0
7	0x23db120	0x23ddb48	0x225a	0x22	0x5a	0x1aeedd0	0x0
7	0x23db120	0x23ddb60	0x225b	0x22	0x5b	0x1aeede0	0x0
7	0x23db120	0x23ddb78	0x055c	0x5	0x5c	0x1aeeee0	0x0
7	0x23db120	0x23ddb90	0x055d	0x5	0x5d	0x1aeeef0	0x0
7	0x23db120	0x23ddba8	0x055e	0x5	0x5e	0x1aeef00	0x0
7	0x23db120	0x23ddbc0	0x055f	0x5	0x5f	0x1aeef30	0x0
7	0x23db120	0x23ddbd8	0x0560	0x5	0x60	0x1aeef40	0x0
7	0x23db120	0x23ddbf0	0x0561	0x5	0x61	0x1aeef50	0x0
7	0x23db120	0x23ddc08	0x0562	0x5	0x62	0x1aeeec0	0x0
7	0x23db120	0x23ddc20	0x0563	0x5	0x63	0x1aeeed0	0x0
7	0x23db120	0x23ddc38	0x0664	0x6	0x64	0x1aeef20	0x0
7	0x23db120	0x23ddc50	0x0666	0x6	0x66	0x1aeef10	0x0
7	0x23db120	0x23ddc68	0x0368	0x3	0x68	0x1aeea20	0x0
7	0x23db120	0x23ddc80	0x0569	0x5	0x69	0x1aeea10	0x0
7	0x23db120	0x23ddc98	0x056a	0x5	0x6a	0x1aeea30	0x0
7	0x23db120	0x23ddcb0	0x1975	0x19	0x75	0x1aeeb50	0x0
7	0x23db120	0x23ddcc8	0x1376	0x13	0x76	0x1aeeb40	0x0
7	0x23db120	0x23ddce0	0x1977	0x19	0x77	0x1aeeb70	0x0
7	0x23db120	0x23ddcf8	0x1378	0x13	0x78	0x1aeeb80	0x0
7	0x23db120	0x23ddd10	0x1379	0x13	0x79	0x1aeeb60	0x0
7	0x23db120	0x23ddd28	0x057f	0x5	0x7f	0x1aeefa0	0x0
7	0x23db120	0x23ddd40	0x0680	0x6	0x80	0x1aeefb0	0x0
7	0x23db120	0x23ddd58	0x0581	0x5	0x81	0x1aeefc0	0x0
7	0x23db120	0x23ddd70	0x0582	0x5	0x82	0x1aeefe0	0x0
7	0x23db120	0x23ddd88	0x0383	0x3	0x83	0x1aef000	0x0
7	0x23db120	0x23ddda0	0x0584	0x5	0x84	0x1aef020	0x0
7	0x23db120	0x23dddb8	0x0a85	0xa	0x85	0x1aef060	0x0
7	0x23db120	0x23dddd0	0x0386	0x3	0x86	0x1aef070	0x0
7	0x23db120	0x23ddde8	0x0a87	0xa	0x87	0x1aef080	0x0
7	0x23db120	0x23dde00	0x0a88	0xa	0x88	0x1aef030	0x0
7	0x23db120	0x23dde18	0x0389	0x3	0x89	0x1aef040	0x0
7	0x23db120	0x23dde30	0x0a8a	0xa	0x8a	0x1aef050	0x0
7	0x23db120	0x23dde48	0x0b8b	0xb	0x8b	0x1aeec80	0x0
7	0x23db120	0x23dde60	0x228c	0x22	0x8c	0x1aeec70	0x0
7	0x23db120	0x23dde78	0x228d	0x22	0x8d	0x1aeec90	0x0
7	0x23db120	0x23dde90	0x0b8e	0xb	0x8e	0x1aeec50	0x0
7	0x23db120	0x23ddea8	0x228f	0x22	0x8f	0x1aeec40	0x0
7	0x23db120	0x23ddec0	0x2290	0x22	0x90	0x1aeec60	0x0
7	0x23db120	0x23dded8	0x0391	0x3	0x91	0x1aeecb0	0x0
7	0x23db120	0x23ddef0	0x2292	0x22	0x92	0x1aeeca0	0x0
7	0x23db120	0x23ddf08	0x2293	0x22	0x93	0x1aeecc0	0x0
7	0x23db120	0x23ddf20	0x2295	0x22	0x95	0x1aeecd0	0x0
7	0x23db120	0x23ddf38	0x2296	0x22	0x96	0x1aeece0	0x0
7	0x23db120	0x23ddf50	0x0397	0x3	0x97	0x1aeed00	0x0
7	0x23db120	0x23ddf68	0x0a98	0xa	0x98	0x1aeecf0	0x0
7	0x23db120	0x23ddf80	0x0399	0x3	0x99	0x1aeed20	0x0
7	0x23db120	0x23ddf98	0x0a9a	0xa	0x9a	0x1aeed30	0x0
7	0x23db120	0x23ddfb0	0x0a9b	0xa	0x9b	0x1aeed10	0x0
7	0x23db120	0x23ddfc8	0x0a9c	0xa	0x9c	0x1aeefd0	0x0
7	0x23db120	0x23ddfe0	0x039d	0x3	0x9d	0x1aeeff0	0x0
7	0x23db120	0x23ddff8	0x0a9e	0xa	0x9e	0x1aef010	0x0
7	0x23db120	0x23de010	0x0b9f	0xb	0x9f	0x1aeebd0	0x0
7	0x23db120	0x23de028	0x22a0	0x22	0xa0	0x1aeebc0	0x0
7	0x23db120	0x23de040	0x22a1	0x22	0xa1	0x1aeebe0	0x0
7	0x23db120	0x23de058	0x0ba2	0xb	0xa2	0x1aeeba0	0x0
7	0x23db120	0x23de070	0x22a3	0x22	0xa3	0x1aeeb90	0x0
7	0x23db120	0x23de088	0x22a4	0x22	0xa4	0x1aeebb0	0x0
7	0x23db120	0x23de0a0	0x03a5	0x3	0xa5	0x1aeec00	0x0
7	0x23db120	0x23de0b8	0x22a6	0x22	0xa6	0x1aeebf0	0x0
7	0x23db120	0x23de0d0	0x22a7	0x22	0xa7	0x1aeec10	0x0
7	0x23db120	0x23de0e8	0x22a9	0x22	0xa9	0x1aeec20	0x0
7	0x23db120	0x23de100	0x22aa	0x22	0xaa	0x1aeec30	0x0
7	0x23db120	0x23de118	0x06b5	0x6	0xb5	0x1aeea50	0x0
7	0x23db120	0x23de130	0x05b6	0x5	0xb6	0x1aeea40	0x0
7	0x23db120	0x23de148	0x05b7	0x5	0xb7	0x1aeea60	0x0
7	0x23db120	0x23de160	0x03b8	0x3	0xb8	0x1aef0c0	0x0
7	0x23db120	0x23de178	0x03b9	0x3	0xb9	0x1aef0d0	0x0
7	0x23db120	0x23de190	0x05ba	0x5	0xba	0x1aef0b0	0x0
7	0x23db120	0x23de1a8	0x03bb	0x3	0xbb	0x1aef0a0	0x0
7	0x23db120	0x23de1c0	0x05bc	0x5	0xbc	0x1aef090	0x0
7	0x23db120	0x23de1d8	0x05bd	0x5	0xbd	0x1aeeaf0	0x0
7	0x23db120	0x23de1f0	0x19be	0x19	0xbe	0x1aeeb20	0x0
7	0x23db120	0x23de208	0x05bf	0x5	0xbf	0x1aeeb30	0x0
7	0x23db120	0x23de220	0x19c0	0x19	0xc0	0x1aeeb00	0x0
7	0x23db120	0x23de238	0x05c1	0x5	0xc1	0x1aeeb10	0x0
7	0x23db120	0x23de250	0x0500	0x5	0x0	0x1aef220	0x0
7	0x23db120	0x23de280	0x1306	0x13	0x6	0x1af0860	0x0
7	0x23db120	0x23de298	0x1307	0x13	0x7	0x1af0870	0x0
7	0x23db120	0x23de2b0	0x1908	0x19	0x8	0x1af08b0	0x0
7	0x23db120	0x23de2c8	0x1309	0x13	0x9	0x1af08a0	0x0
7	0x23db120	0x23de2e0	0x130a	0x13	0xa	0x1af08c0	0x0
7	0x23db120	0x23de2f8	0x050c	0x5	0xc	0x1af0880	0x0
7	0x23db120	0x23de310	0x050d	0x5	0xd	0x1af0890	0x0
7	0x23db120	0x23de328	0x030e	0x3	0xe	0x1af08e0	0x0
7	0x23db120	0x23de340	0x050f	0x5	0xf	0x1af08d0	0x0
7	0x23db120	0x23de358	0x0510	0x5	0x10	0x1af08f0	0x0
7	0x23db120	0x23de370	0x2311	0x23	0x11	0x1af0910	0x0
7	0x23db120	0x23de388	0x1312	0x13	0x12	0x1af0900	0x0
7	0x23db120	0x23de3a0	0x1313	0x13	0x13	0x1af0920	0x0
7	0x23db120	0x23de3b8	0x2314	0x23	0x14	0x1af0940	0x0
7	0x23db120	0x23de3d0	0x1315	0x13	0x15	0x1af0930	0x0
7	0x23db120	0x23de3e8	0x1316	0x13	0x16	0x1af0950	0x0
7	0x23db120	0x23de400	0x0a17	0xa	0x17	0x1af0960	0x0
7	0x23db120	0x23de418	0x0318	0x3	0x18	0x1af0970	0x0
7	0x23db120	0x23de430	0x0a19	0xa	0x19	0x1af0980	0x0
7	0x23db120	0x23de448	0x031a	0x3	0x1a	0x1af0a30	0x0
7	0x23db120	0x23de460	0x0a1b	0xa	0x1b	0x1af0a20	0x0
7	0x23db120	0x23de478	0x0a1c	0xa	0x1c	0x1af0990	0x0
7	0x23db120	0x23de490	0x031d	0x3	0x1d	0x1af09a0	0x0
7	0x23db120	0x23de4a8	0x0a1e	0xa	0x1e	0x1af09b0	0x0
7	0x23db120	0x23de4c0	0x031f	0x3	0x1f	0x1af0a50	0x0
7	0x23db120	0x23de4d8	0x0a20	0xa	0x20	0x1af0a40	0x0
7	0x23db120	0x23de4f0	0x0521	0x5	0x21	0x1af09c0	0x0
7	0x23db120	0x23de508	0x0322	0x3	0x22	0x1af09d0	0x0
7	0x23db120	0x23de520	0x0523	0x5	0x23	0x1af09e0	0x0
7	0x23db120	0x23de538	0x0324	0x3	0x24	0x1af0a70	0x0
7	0x23db120	0x23de550	0x0525	0x5	0x25	0x1af0a60	0x0
7	0x23db120	0x23de568	0x0226	0x2	0x26	0x1af09f0	0x0
7	0x23db120	0x23de580	0x0327	0x3	0x27	0x1af0a00	0x0
7	0x23db120	0x23de598	0x0228	0x2	0x28	0x1af0a10	0x0
7	0x23db120	0x23de5b0	0x0329	0x3	0x29	0x1af0a90	0x0
7	0x23db120	0x23de5c8	0x022a	0x2	0x2a	0x1af0a80	0x0
7	0x23db120	0x23de5e0	0x1903	0x19	0x3	0x1af01b0	0x0
7	0x23db120	0x23de5f8	0x0504	0x5	0x4	0x1af01a0	0x0
7	0x23db120	0x23de610	0x0505	0x5	0x5	0x1af01c0	0x0
7	0x23db120	0x23de628	0x050a	0x5	0xa	0x1af0180	0x0
7	0x23db120	0x23de640	0x050b	0x5	0xb	0x1af0190	0x0
7	0x23db120	0x23de658	0x0d0c	0xd	0xc	0x1af01e0	0x0
7	0x23db120	0x23de670	0x050d	0x5	0xd	0x1af01d0	0x0
7	0x23db120	0x23de688	0x050e	0x5	0xe	0x1af01f0	0x0
7	0x23db120	0x23de6a0	0x050f	0x5	0xf	0x1af0200	0x0
7	0x23db120	0x23de6b8	0x0310	0x3	0x10	0x1af0210	0x0
7	0x23db120	0x23de6d0	0x0511	0x5	0x11	0x1af0220	0x0
7	0x23db120	0x23de6e8	0x0512	0x5	0x12	0x1af0230	0x0
7	0x23db120	0x23de700	0x0313	0x3	0x13	0x1af0240	0x0
7	0x23db120	0x23de718	0x0514	0x5	0x14	0x1af0250	0x0
7	0x23db120	0x23de730	0x0315	0x3	0x15	0x1af02a0	0x0
7	0x23db120	0x23de748	0x0516	0x5	0x16	0x1af0290	0x0
7	0x23db120	0x23de760	0x0217	0x2	0x17	0x1af0260	0x0
7	0x23db120	0x23de778	0x0318	0x3	0x18	0x1af0270	0x0
7	0x23db120	0x23de790	0x0219	0x2	0x19	0x1af0280	0x0
7	0x23db120	0x23de7a8	0x031a	0x3	0x1a	0x1af02c0	0x0
7	0x23db120	0x23de7c0	0x021b	0x2	0x1b	0x1af02b0	0x0
7	0x23db120	0x23de7e0	0x0600	0x6	0x0	0x1aee600	0x0
7	0x23db120	0x23de7f8	0x0601	0x6	0x1	0x1aee610	0x0
7	0x23db120	0x23de810	0x0502	0x5	0x2	0x1aee650	0x0
7	0x23db120	0x23de828	0x2204	0x22	0x4	0x1aee670	0x0
7	0x23db120	0x23de840	0x0507	0x5	0x7	0x1aee680	0x0
7	0x23db120	0x23de858	0x060a	0x6	0xa	0x1aee620	0x0
7	0x23db120	0x23de870	0x060b	0x6	0xb	0x1aee5f0	0x0
7	0x23db120	0x23de888	0x060c	0x6	0xc	0x1aee5e0	0x0
7	0x23db120	0x23de8a0	0x060d	0x6	0xd	0x1aee630	0x0
7	0x23db120	0x23de8b8	0x050e	0x5	0xe	0x1aee640	0x0
7	0x23db120	0x23de8d0	0x050f	0x5	0xf	0x1aee660	0x0
7	0x23db120	0x23de900	0x1903	0x19	0x3	0x1aef2a0	0x0
7	0x23db120	0x23de918	0x1904	0x19	0x4	0x1aef2d0	0x0
7	0x23db120	0x23de930	0x1305	0x13	0x5	0x1aef2c0	0x0
7	0x23db120	0x23de948	0x1306	0x13	0x6	0x1aef2e0	0x0
7	0x23db120	0x23de960	0x1307	0x13	0x7	0x1aef2b0	0x0
7	0x23db120	0x23de978	0x0a0f	0xa	0xf	0x1aef280	0x0
7	0x23db120	0x23de990	0x0a10	0xa	0x10	0x1aef290	0x0
7	0x23db120	0x23de9a8	0x0a11	0xa	0x11	0x1aef270	0x0
7	0x23db120	0x23de9c0	0x0d12	0xd	0x12	0x1aef390	0x0
7	0x23db120	0x23de9d8	0x0d13	0xd	0x13	0x1aef3c0	0x0
7	0x23db120	0x23de9f0	0x1314	0x13	0x14	0x1aef3b0	0x0
7	0x23db120	0x23dea08	0x1315	0x13	0x15	0x1aef3d0	0x0
7	0x23db120	0x23dea20	0x1316	0x13	0x16	0x1aef3a0	0x0
7	0x23db120	0x23dea38	0x0d17	0xd	0x17	0x1aef3e0	0x0
7	0x23db120	0x23dea50	0x0d18	0xd	0x18	0x1aef410	0x0
7	0x23db120	0x23dea68	0x1319	0x13	0x19	0x1aef400	0x0
7	0x23db120	0x23dea80	0x131a	0x13	0x1a	0x1aef420	0x0
7	0x23db120	0x23dea98	0x131b	0x13	0x1b	0x1aef3f0	0x0
7	0x23db120	0x23deab0	0x231c	0x23	0x1c	0x1aef340	0x0
7	0x23db120	0x23deac8	0x231d	0x23	0x1d	0x1aef370	0x0
7	0x23db120	0x23deae0	0x131e	0x13	0x1e	0x1aef360	0x0
7	0x23db120	0x23deaf8	0x131f	0x13	0x1f	0x1aef380	0x0
7	0x23db120	0x23deb10	0x1320	0x13	0x20	0x1aef350	0x0
7	0x23db120	0x23deb28	0x2321	0x23	0x21	0x1aef2f0	0x0
7	0x23db120	0x23deb40	0x2322	0x23	0x22	0x1aef320	0x0
7	0x23db120	0x23deb58	0x1323	0x13	0x23	0x1aef310	0x0
7	0x23db120	0x23deb70	0x1324	0x13	0x24	0x1aef330	0x0
7	0x23db120	0x23deb88	0x1325	0x13	0x25	0x1aef300	0x0
7	0x23db120	0x23deba0	0x0a01	0xa	0x1	0x1aee050	0x0
7	0x23db120	0x23debb8	0x0206	0x2	0x6	0x1aee040	0x0
7	0x23db120	0x23debd0	0x0307	0x3	0x7	0x1aedf50	0x0
7	0x23db120	0x23debe8	0x0508	0x5	0x8	0x1aedf40	0x0
7	0x23db120	0x23dec00	0x0509	0x5	0x9	0x1aedf60	0x0
7	0x23db120	0x23dec18	0x0510	0x5	0x10	0x1aedf20	0x0
7	0x23db120	0x23dec30	0x0511	0x5	0x11	0x1aedf30	0x0
7	0x23db120	0x23dec48	0x0d12	0xd	0x12	0x1aedf80	0x0
7	0x23db120	0x23dec60	0x0513	0x5	0x13	0x1aedf70	0x0
7	0x23db120	0x23dec78	0x0514	0x5	0x14	0x1aedf90	0x0
7	0x23db120	0x23dec90	0x0515	0x5	0x15	0x1aee060	0x0
7	0x23db120	0x23deca8	0x0316	0x3	0x16	0x1aee080	0x0
7	0x23db120	0x23decc0	0x0517	0x5	0x17	0x1aee0a0	0x0
7	0x23db120	0x23decd8	0x0a18	0xa	0x18	0x1aedfd0	0x0
7	0x23db120	0x23decf0	0x0319	0x3	0x19	0x1aedff0	0x0
7	0x23db120	0x23ded08	0x0a1a	0xa	0x1a	0x1aedfe0	0x0
7	0x23db120	0x23ded20	0x031b	0x3	0x1b	0x1aee030	0x0
7	0x23db120	0x23ded38	0x0a1c	0xa	0x1c	0x1aee020	0x0
7	0x23db120	0x23ded50	0x051d	0x5	0x1d	0x1aee070	0x0
7	0x23db120	0x23ded68	0x031e	0x3	0x1e	0x1aee090	0x0
7	0x23db120	0x23ded80	0x051f	0x5	0x1f	0x1aee0b0	0x0
7	0x23db120	0x23ded98	0x0220	0x2	0x20	0x1aedfa0	0x0
7	0x23db120	0x23dedb0	0x0321	0x3	0x21	0x1aedfc0	0x0
7	0x23db120	0x23dedc8	0x0222	0x2	0x22	0x1aedfb0	0x0
7	0x23db120	0x23dede0	0x0323	0x3	0x23	0x1aee010	0x0
7	0x23db120	0x23dedf8	0x0224	0x2	0x24	0x1aee000	0x0
7	0x23db120	0x23dee20	0x0500	0x5	0x0	0x1af0110	0x0
7	0x23db120	0x23dee38	0x0501	0x5	0x1	0x1af0100	0x0
7	0x23db120	0x23dee50	0x0304	0x3	0x4	0x1af00e0	0x0
7	0x23db120	0x23dee68	0x0305	0x3	0x5	0x1af0140	0x0
7	0x23db120	0x23dee80	0x0308	0x3	0x8	0x1af00f0	0x0
7	0x23db120	0x23dee98	0x0309	0x3	0x9	0x1af0150	0x0
7	0x23db120	0x23deeb0	0x050a	0x5	0xa	0x1af0160	0x0
7	0x23db120	0x23deec8	0x050b	0x5	0xb	0x1af00b0	0x0
7	0x23db120	0x23deee0	0x060c	0x6	0xc	0x1af00c0	0x0
7	0x23db120	0x23deef8	0x050d	0x5	0xd	0x1af00d0	0x0
7	0x23db120	0x23def10	0x060e	0x6	0xe	0x1af0130	0x0
7	0x23db120	0x23def28	0x050f	0x5	0xf	0x1af0120	0x0
7	0x23db120	0x23def40	0x0700	0x7	0x0	0x1aee6a0	0x0
7	0x23db120	0x23def58	0x0701	0x7	0x1	0x1aee690	0x0
7	0x23db120	0x23def70	0x0702	0x7	0x2	0x1aee6b0	0x0
7	0x23db120	0x23def88	0x0503	0x5	0x3	0x1aee6f0	0x0
7	0x23db120	0x23defa0	0x0704	0x7	0x4	0x1aee6d0	0x0
7	0x23db120	0x23defb8	0x0705	0x7	0x5	0x1aee6c0	0x0
7	0x23db120	0x23defd0	0x0506	0x5	0x6	0x1aee700	0x0
7	0x23db120	0x23defe8	0x0707	0x7	0x7	0x1aee6e0	0x0
7	0x23db120	0x23df000	0x0500	0x5	0x0	0x1aee720	0x0
7	0x23db120	0x23df020	0x0300	0x3	0x0	0x1af0550	0x0
7	0x23db120	0x23df038	0x0603	0x6	0x3	0x1af0560	0x0
7	0x23db120	0x23df060	0x0700	0x7	0x0	0x1aee5c0	0x0
7	0x23db120	0x23df078	0x0701	0x7	0x1	0x1aee5d0	0x0
7	0x23db120	0x23df090	0x0702	0x7	0x2	0x1aee5a0	0x0
7	0x23db120	0x23df0a8	0x0703	0x7	0x3	0x1aee5b0	0x0
7	0x23db120	0x23df0c0	0x0500	0x5	0x0	0x1aee550	0x0
7	0x23db120	0x23df0d8	0x0601	0x6	0x1	0x1aee560	0x0
7	0x23db120	0x23df0f0	0x0502	0x5	0x2	0x1aee570	0x0
7	0x23db120	0x23df108	0x0603	0x6	0x3	0x1aee590	0x0
7	0x23db120	0x23df120	0x0504	0x5	0x4	0x1aee580	0x0
7	0x23db120	0x23df140	0x0500	0x5	0x0	0x1aee710	0x0
7	0x23db120	0x23df160	0x0700	0x7	0x0	0x1aee510	0x0
7	0x23db120	0x23df178	0x0701	0x7	0x1	0x1aee530	0x0
7	0x23db120	0x23df190	0x0702	0x7	0x2	0x1aee520	0x0
7	0x23db120	0x23df1a8	0x0703	0x7	0x3	0x1aee540	0x0
7	0x23db120	0x23df1c0	0x0704	0x7	0x4	0x1aee4d0	0x0
7	0x23db120	0x23df1d8	0x0705	0x7	0x5	0x1aee4f0	0x0
7	0x23db120	0x23df1f0	0x0706	0x7	0x6	0x1aee4e0	0x0
7	0x23db120	0x23df208	0x0707	0x7	0x7	0x1aee500	0x0
7	0x23db120	0x23df220	0x0200	0x2	0x0	0x1af0f20	0x0
7	0x23db120	0x23df240	0x0a00	0xa	0x0	0x1af0f30	0x0
7	0x23db120	0x23df260	0x0500	0x5	0x0	0x1aee480	0x0
7	0x23db120	0x23df278	0x0301	0x3	0x1	0x1aee490	0x0
7	0x23db120	0x23df290	0x0502	0x5	0x2	0x1aee4a0	0x0
7	0x23db120	0x23df2a8	0x0303	0x3	0x3	0x1aee4c0	0x0
7	0x23db120	0x23df2c0	0x0504	0x5	0x4	0x1aee4b0	0x0
7	0x23db120	0x23df2e0	0x0500	0x5	0x0	0x1aef0e0	0x0
7	0x23db120	0x23df2f8	0x0301	0x3	0x1	0x1aef100	0x0
7	0x23db120	0x23df310	0x0502	0x5	0x2	0x1aef0f0	0x0
7	0x23db120	0x23df328	0x0303	0x3	0x3	0x1aef130	0x0
7	0x23db120	0x23df340	0x0504	0x5	0x4	0x1aef120	0x0
7	0x23db120	0x23df358	0x0507	0x5	0x7	0x1aef110	0x0
7	0x23db120	0x23df370	0x0508	0x5	0x8	0x1aef140	0x0
