tree	slot	va	flavor	dispatch_key_hex	format_id	minor_opcode	handler_va	extra_value
encoding_tree_1	201	0x233CA90	key_handler	0x200	2	0	0x105CD50	-
encoding_tree_1	203	0x233CAB0	key_handler	0x200	2	0	0x105C960	-
encoding_tree_1	205	0x233CAD0	key_handler	0x200	2	0	0x105C570	-
encoding_tree_1	207	0x233CAF0	key_handler	0x500	5	0	0x105C180	-
encoding_tree_1	210	0x233CB20	key_handler	0x500	5	0	0x100D280	-
encoding_tree_1	211	0x233CB30	null_or_data	0x0	-	-	0x201	-
encoding_tree_1	212	0x233CB40	handler_value	-	-	-	0x100CE80	0x0
encoding_tree_1	213	0x233CB50	key_handler	0x502	5	2	0x100D6E0	-
encoding_tree_1	215	0x233CB70	key_handler	0x200	2	0	0x100B450	-
encoding_tree_1	217	0x233CB90	key_handler	0x500	5	0	0x1C2D030	-
encoding_tree_1	220	0x233CBC0	key_handler	0x500	5	0	0x1066870	-
encoding_tree_1	221	0x233CBD0	null_or_data	0x0	-	-	0x501	-
encoding_tree_1	222	0x233CBE0	handler_value	-	-	-	0x1065F60	0x0
encoding_tree_1	223	0x233CBF0	key_handler	0x702	7	2	0x1066CA0	-
encoding_tree_1	224	0x233CC00	null_or_data	0x0	-	-	0x703	-
encoding_tree_1	225	0x233CC10	handler_value	-	-	-	0x10663B0	0x0
encoding_tree_1	226	0x233CC20	key_handler	0x500	5	0	0x1060450	-
encoding_tree_1	228	0x233CC40	key_handler	0x500	5	0	0x105FFE0	-
encoding_tree_1	230	0x233CC60	key_handler	0x500	5	0	0x1803930	-
encoding_tree_1	231	0x233CC70	null_or_data	0x0	-	-	0x501	-
encoding_tree_1	232	0x233CC80	handler_value	-	-	-	0x1803500	0x0
encoding_tree_1	234	0x233CCA0	key_handler	0x500	5	0	0x105F3F0	-
encoding_tree_1	235	0x233CCB0	null_or_data	0x0	-	-	0x601	-
encoding_tree_1	236	0x233CCC0	handler_value	-	-	-	0x105EFE0	0x0
encoding_tree_1	237	0x233CCD0	key_handler	0x202	2	2	0x105EBF0	-
encoding_tree_1	240	0x233CD00	key_handler	0x200	2	0	0x105B7C0	-
encoding_tree_1	241	0x233CD10	null_or_data	0x0	-	-	0xA01	-
encoding_tree_1	242	0x233CD20	handler_value	-	-	-	0x105ADF0	0x0
encoding_tree_1	244	0x233CD40	key_handler	0x1300	19	0	0x1059D90	-
encoding_tree_1	245	0x233CD50	null_or_data	0x0	-	-	0x1301	-
encoding_tree_1	246	0x233CD60	handler_value	-	-	-	0x1059210	0x0
encoding_tree_1	248	0x233CD80	key_handler	0xA00	10	0	0x10581D0	-
encoding_tree_1	249	0x233CD90	null_or_data	0x0	-	-	0xA01	-
encoding_tree_1	250	0x233CDA0	handler_value	-	-	-	0x1057730	0x0
encoding_tree_1	252	0x233CDC0	key_handler	0x1300	19	0	0x1055A20	-
encoding_tree_1	253	0x233CDD0	null_or_data	0x0	-	-	0x1301	-
encoding_tree_1	254	0x233CDE0	handler_value	-	-	-	0x1055FD0	0x0
encoding_tree_1	255	0x233CDF0	key_handler	0x1302	19	2	0x1054820	-
encoding_tree_1	256	0x233CE00	null_or_data	0x0	-	-	0x1303	-
encoding_tree_1	257	0x233CE10	handler_value	-	-	-	0x1053C60	0x0
encoding_tree_1	258	0x233CE20	key_handler	0x1300	19	0	0x18012C0	-
encoding_tree_1	259	0x233CE30	null_or_data	0x0	-	-	0x1301	-
encoding_tree_1	260	0x233CE40	handler_value	-	-	-	0x1801E70	0x0
encoding_tree_1	261	0x233CE50	key_handler	0x1302	19	2	0x1802460	-
encoding_tree_1	262	0x233CE60	null_or_data	0x0	-	-	0x1303	-
encoding_tree_1	263	0x233CE70	handler_value	-	-	-	0x1801890	0x0
encoding_tree_1	264	0x233CE80	key_handler	0x1300	19	0	0x17FFB20	-
encoding_tree_1	265	0x233CE90	null_or_data	0x0	-	-	0x1301	-
encoding_tree_1	266	0x233CEA0	handler_value	-	-	-	0x18006D0	0x0
encoding_tree_1	267	0x233CEB0	key_handler	0x1302	19	2	0x1800CC0	-
encoding_tree_1	268	0x233CEC0	null_or_data	0x0	-	-	0x1303	-
encoding_tree_1	269	0x233CED0	handler_value	-	-	-	0x18000F0	0x0
encoding_tree_1	270	0x233CEE0	key_handler	0x300	3	0	0x1049300	-
encoding_tree_1	271	0x233CEF0	null_or_data	0x0	-	-	0x301	-
encoding_tree_1	272	0x233CF00	handler_value	-	-	-	0x104A1C0	0x0
encoding_tree_1	273	0x233CF10	key_handler	0x502	5	2	0x104A640	-
encoding_tree_1	274	0x233CF20	null_or_data	0x0	-	-	0x503	-
encoding_tree_1	275	0x233CF30	handler_value	-	-	-	0x17FE910	0x0
encoding_tree_1	276	0x233CF40	key_handler	0x304	3	4	0x104AA60	-
encoding_tree_1	277	0x233CF50	null_or_data	0x0	-	-	0x305	-
encoding_tree_1	278	0x233CF60	handler_value	-	-	-	0x1049CE0	0x0
encoding_tree_1	279	0x233CF70	key_handler	0x306	3	6	0x1049820	-
encoding_tree_1	280	0x233CF80	null_or_data	0x0	-	-	0x307	-
encoding_tree_1	281	0x233CF90	handler_value	-	-	-	0x104AF20	0x0
encoding_tree_1	282	0x233CFA0	key_handler	0x308	3	8	0x104B3E0	-
encoding_tree_1	283	0x233CFB0	null_or_data	0x0	-	-	0x309	-
encoding_tree_1	284	0x233CFC0	handler_value	-	-	-	0x104B880	0x0
encoding_tree_1	286	0x233CFE0	key_handler	0x1300	19	0	0x1047240	-
encoding_tree_1	287	0x233CFF0	null_or_data	0x0	-	-	0x1301	-
encoding_tree_1	288	0x233D000	handler_value	-	-	-	0x1047790	0x0
encoding_tree_1	289	0x233D010	key_handler	0x1302	19	2	0x1048830	-
encoding_tree_1	290	0x233D020	null_or_data	0x0	-	-	0x1303	-
encoding_tree_1	291	0x233D030	handler_value	-	-	-	0x1048D80	0x0
encoding_tree_1	292	0x233D040	key_handler	0x1300	19	0	0x1045BE0	-
encoding_tree_1	293	0x233D050	null_or_data	0x0	-	-	0x1301	-
encoding_tree_1	294	0x233D060	handler_value	-	-	-	0x1046160	0x0
encoding_tree_1	296	0x233D080	key_handler	0x1300	19	0	0x1041BB0	-
encoding_tree_1	297	0x233D090	null_or_data	0x0	-	-	0x1301	-
encoding_tree_1	298	0x233D0A0	handler_value	-	-	-	0x1042120	0x0
encoding_tree_1	299	0x233D0B0	key_handler	0x1302	19	2	0x1043220	-
encoding_tree_1	300	0x233D0C0	null_or_data	0x0	-	-	0x1303	-
encoding_tree_1	301	0x233D0D0	handler_value	-	-	-	0x1043780	0x0
encoding_tree_1	302	0x233D0E0	key_handler	0x1300	19	0	0x1040480	-
encoding_tree_1	303	0x233D0F0	null_or_data	0x0	-	-	0x1301	-
encoding_tree_1	304	0x233D100	handler_value	-	-	-	0x1040A40	0x0
encoding_tree_1	305	0x233D110	key_handler	0x2502	37	2	0x103ECB0	-
encoding_tree_1	306	0x233D120	null_or_data	0x0	-	-	0x2503	-
encoding_tree_1	307	0x233D130	handler_value	-	-	-	0x103F270	0x0
encoding_tree_1	308	0x233D140	key_handler	0x300	3	0	0x103D770	-
encoding_tree_1	309	0x233D150	null_or_data	0x0	-	-	0x301	-
encoding_tree_1	310	0x233D160	handler_value	-	-	-	0x103D310	0x0
encoding_tree_1	311	0x233D170	key_handler	0x302	3	2	0x103DBF0	-
encoding_tree_1	314	0x233D1A0	key_handler	0x300	3	0	0x103C530	-
encoding_tree_1	315	0x233D1B0	null_or_data	0x0	-	-	0x301	-
encoding_tree_1	316	0x233D1C0	handler_value	-	-	-	0x106D090	0x0
encoding_tree_1	317	0x233D1D0	key_handler	0x302	3	2	0x103CE50	-
encoding_tree_1	318	0x233D1E0	null_or_data	0x0	-	-	0x303	-
encoding_tree_1	319	0x233D1F0	handler_value	-	-	-	0x103C9B0	0x0
encoding_tree_1	320	0x233D200	key_handler	0x1900	25	0	0x17FE300	-
encoding_tree_1	321	0x233D210	null_or_data	0x0	-	-	0x1901	-
encoding_tree_1	322	0x233D220	handler_value	-	-	-	0x17FD720	0x0
encoding_tree_1	323	0x233D230	key_handler	0x1902	25	2	0x17FDD10	-
encoding_tree_1	324	0x233D240	null_or_data	0x0	-	-	0x1903	-
encoding_tree_1	325	0x233D250	handler_value	-	-	-	0x17FD150	0x0
encoding_tree_1	326	0x233D260	key_handler	0x1904	25	4	0x17FBB50	-
encoding_tree_1	327	0x233D270	null_or_data	0x0	-	-	0x1905	-
encoding_tree_1	328	0x233D280	handler_value	-	-	-	0x180B1A0	0x0
encoding_tree_1	329	0x233D290	key_handler	0x1906	25	6	0x17FCBA0	-
encoding_tree_1	330	0x233D2A0	null_or_data	0x0	-	-	0x1907	-
encoding_tree_1	331	0x233D2B0	handler_value	-	-	-	0x17FC0A0	0x0
encoding_tree_1	332	0x233D2C0	key_handler	0x1908	25	8	0x17FC620	-
encoding_tree_1	334	0x233D2E0	key_handler	0x1900	25	0	0x17F8730	-
encoding_tree_1	335	0x233D2F0	null_or_data	0x0	-	-	0x1901	-
encoding_tree_1	336	0x233D300	handler_value	-	-	-	0x180A200	0x0
encoding_tree_1	337	0x233D310	key_handler	0x1902	25	2	0x17FB5E0	-
encoding_tree_1	338	0x233D320	null_or_data	0x0	-	-	0x1903	-
encoding_tree_1	339	0x233D330	handler_value	-	-	-	0x17FAB60	0x0
encoding_tree_1	340	0x233D340	key_handler	0x1904	25	4	0x180B6F0	-
encoding_tree_1	341	0x233D350	null_or_data	0x0	-	-	0x1905	-
encoding_tree_1	342	0x233D360	handler_value	-	-	-	0x17FB090	0x0
encoding_tree_1	343	0x233D370	key_handler	0x306	3	6	0x17FA650	-
encoding_tree_1	344	0x233D380	null_or_data	0x0	-	-	0x307	-
encoding_tree_1	345	0x233D390	handler_value	-	-	-	0x17F9C90	0x0
encoding_tree_1	346	0x233D3A0	key_handler	0x308	3	8	0x1809800	-
encoding_tree_1	347	0x233D3B0	null_or_data	0x0	-	-	0x309	-
encoding_tree_1	348	0x233D3C0	handler_value	-	-	-	0x17FA160	0x0
encoding_tree_1	349	0x233D3D0	key_handler	0x190A	25	10	0x17F9710	-
encoding_tree_1	350	0x233D3E0	null_or_data	0x0	-	-	0x190B	-
encoding_tree_1	351	0x233D3F0	handler_value	-	-	-	0x17F8C50	0x0
encoding_tree_1	352	0x233D400	key_handler	0x190C	25	12	0x17F91B0	-
encoding_tree_1	354	0x233D420	key_handler	0x200	2	0	0x103A6D0	-
encoding_tree_1	356	0x233D440	key_handler	0x500	5	0	0x103A2C0	-
encoding_tree_1	358	0x233D460	key_handler	0xA00	10	0	0x1C31030	-
encoding_tree_1	360	0x233D480	key_handler	0x200	2	0	0x10399A0	-
encoding_tree_1	362	0x233D4A0	key_handler	0x200	2	0	0x10395A0	-
encoding_tree_1	364	0x233D4C0	key_handler	0x700	7	0	0x1038D00	-
encoding_tree_1	365	0x233D4D0	null_or_data	0x0	-	-	0x501	-
encoding_tree_1	366	0x233D4E0	handler_value	-	-	-	0x1039180	0x0
encoding_tree_1	367	0x233D4F0	key_handler	0x502	5	2	0x1037C40	-
encoding_tree_1	368	0x233D500	null_or_data	0x0	-	-	0x503	-
encoding_tree_1	369	0x233D510	handler_value	-	-	-	0x10384C0	0x0
encoding_tree_1	370	0x233D520	key_handler	0x604	6	4	0x1038070	-
encoding_tree_1	371	0x233D530	null_or_data	0x0	-	-	0x505	-
encoding_tree_1	372	0x233D540	handler_value	-	-	-	0x10388E0	0x0
encoding_tree_1	374	0x233D560	key_handler	0x700	7	0	0x10790B0	-
encoding_tree_1	375	0x233D570	null_or_data	0x0	-	-	0x701	-
encoding_tree_1	376	0x233D580	handler_value	-	-	-	0x1078BD0	0x0
encoding_tree_1	377	0x233D590	key_handler	0x702	7	2	0x1037280	-
encoding_tree_1	378	0x233D5A0	null_or_data	0x0	-	-	0x703	-
encoding_tree_1	379	0x233D5B0	handler_value	-	-	-	0x1037760	0x0
encoding_tree_1	380	0x233D5C0	key_handler	0x500	5	0	0x1036E30	-
encoding_tree_1	382	0x233D5E0	key_handler	0x2200	34	0	0x17FF0F0	-
encoding_tree_1	383	0x233D5F0	null_or_data	0x0	-	-	0x501	-
encoding_tree_1	384	0x233D600	handler_value	-	-	-	0x17FF600	0x0
encoding_tree_1	385	0x233D610	key_handler	0x502	5	2	0x17FED00	-
encoding_tree_1	387	0x233D630	key_handler	0x500	5	0	0x1034740	-
encoding_tree_1	390	0x233D660	key_handler	0x500	5	0	0x1075910	-
encoding_tree_1	391	0x233D670	null_or_data	0x0	-	-	0x301	-
encoding_tree_1	392	0x233D680	handler_value	-	-	-	0x1033EA0	0x0
encoding_tree_1	393	0x233D690	key_handler	0x502	5	2	0x1033A60	-
encoding_tree_1	394	0x233D6A0	null_or_data	0x0	-	-	0x503	-
encoding_tree_1	395	0x233D6B0	handler_value	-	-	-	0x1034300	0x0
encoding_tree_1	396	0x233D6C0	key_handler	0x504	5	4	0x10754D0	-
encoding_tree_1	398	0x233D6E0	key_handler	0x600	6	0	0x1032CF0	-
encoding_tree_1	399	0x233D6F0	null_or_data	0x0	-	-	0x501	-
encoding_tree_1	400	0x233D700	handler_value	-	-	-	0x1032860	0x0
encoding_tree_1	401	0x233D710	key_handler	0x502	5	2	0x10331A0	-
encoding_tree_1	402	0x233D720	null_or_data	0x0	-	-	0x503	-
encoding_tree_1	403	0x233D730	handler_value	-	-	-	0x1033630	0x0
encoding_tree_1	404	0x233D740	key_handler	0x500	5	0	0x1030350	-
encoding_tree_1	406	0x233D760	key_handler	0x1000	16	0	0x102F240	-
encoding_tree_1	407	0x233D770	null_or_data	0x0	-	-	0x201	-
encoding_tree_1	408	0x233D780	handler_value	-	-	-	0x102EE00	0x0
encoding_tree_1	409	0x233D790	key_handler	0x202	2	2	0x102F690	-
encoding_tree_1	410	0x233D7A0	null_or_data	0x0	-	-	0x1003	-
encoding_tree_1	411	0x233D7B0	handler_value	-	-	-	0x102FF00	0x0
encoding_tree_1	412	0x233D7C0	key_handler	0x204	2	4	0x102FAC0	-
encoding_tree_1	413	0x233D7D0	null_or_data	0x0	-	-	0x205	-
encoding_tree_1	414	0x233D7E0	handler_value	-	-	-	0x1067F30	0x0
encoding_tree_1	416	0x233D800	key_handler	0x500	5	0	0x102BFD0	-
encoding_tree_1	417	0x233D810	null_or_data	0x0	-	-	0x501	-
encoding_tree_1	418	0x233D820	handler_value	-	-	-	0x102C3F0	0x0
encoding_tree_1	419	0x233D830	key_handler	0x200	2	0	0x102BBE0	-
encoding_tree_1	421	0x233D850	null_or_data	0x0	-	-	0x102B780	-
encoding_tree_1	424	0x233D880	key_handler	0x300	3	0	0x17F6C50	-
encoding_tree_1	425	0x233D890	null_or_data	0x0	-	-	0x301	-
encoding_tree_1	426	0x233D8A0	handler_value	-	-	-	0x17F67B0	0x0
encoding_tree_1	428	0x233D8C0	key_handler	0x300	3	0	0x102A4F0	-
encoding_tree_1	429	0x233D8D0	null_or_data	0x0	-	-	0x301	-
encoding_tree_1	430	0x233D8E0	handler_value	-	-	-	0x102A090	0x0
encoding_tree_1	431	0x233D8F0	key_handler	0x302	3	2	0x102A970	-
encoding_tree_1	434	0x233D920	key_handler	0x300	3	0	0x10292B0	-
encoding_tree_1	435	0x233D930	null_or_data	0x0	-	-	0x301	-
encoding_tree_1	436	0x233D940	handler_value	-	-	-	0x106CC10	0x0
encoding_tree_1	437	0x233D950	key_handler	0x302	3	2	0x1029BD0	-
encoding_tree_1	438	0x233D960	null_or_data	0x0	-	-	0x303	-
encoding_tree_1	439	0x233D970	handler_value	-	-	-	0x1029730	0x0
encoding_tree_1	440	0x233D980	key_handler	0x1900	25	0	0x17F6150	-
encoding_tree_1	441	0x233D990	null_or_data	0x0	-	-	0x1901	-
encoding_tree_1	442	0x233D9A0	handler_value	-	-	-	0x17F54D0	0x0
encoding_tree_1	443	0x233D9B0	key_handler	0x1902	25	2	0x17F5B10	-
encoding_tree_1	444	0x233D9C0	null_or_data	0x0	-	-	0x1903	-
encoding_tree_1	445	0x233D9D0	handler_value	-	-	-	0x17F4EC0	0x0
encoding_tree_1	446	0x233D9E0	key_handler	0x1904	25	4	0x1027B60	-
encoding_tree_1	447	0x233D9F0	null_or_data	0x0	-	-	0x1905	-
encoding_tree_1	448	0x233DA00	handler_value	-	-	-	0x1096800	0x0
encoding_tree_1	449	0x233DA10	key_handler	0x1906	25	6	0x1028CB0	-
encoding_tree_1	450	0x233DA20	null_or_data	0x0	-	-	0x1907	-
encoding_tree_1	451	0x233DA30	handler_value	-	-	-	0x10280F0	0x0
encoding_tree_1	452	0x233DA40	key_handler	0x1908	25	8	0x10286D0	-
encoding_tree_1	454	0x233DA60	key_handler	0x300	3	0	0x1070F50	-
encoding_tree_1	455	0x233DA70	null_or_data	0x0	-	-	0x301	-
encoding_tree_1	456	0x233DA80	handler_value	-	-	-	0x1027220	0x0
encoding_tree_1	457	0x233DA90	key_handler	0x302	3	2	0x10276C0	-
encoding_tree_1	458	0x233DAA0	null_or_data	0x0	-	-	0x303	-
encoding_tree_1	459	0x233DAB0	handler_value	-	-	-	0x1070AB0	0x0
encoding_tree_1	460	0x233DAC0	key_handler	0x500	5	0	0x1026E10	-
encoding_tree_1	462	0x233DAE0	null_or_data	0x0	-	-	0x1026950	-
encoding_tree_1	464	0x233DB00	null_or_data	0x0	-	-	0x1026490	-
encoding_tree_1	466	0x233DB20	null_or_data	0x0	-	-	0x1024870	-
encoding_tree_1	467	0x233DB30	null_or_data	0x0	-	-	0x1601	-
encoding_tree_1	468	0x233DB40	handler_value	-	-	-	0x1025630	0x0
encoding_tree_1	469	0x233DB50	key_handler	0x1202	18	2	0x1025190	-
encoding_tree_1	470	0x233DB60	null_or_data	0x0	-	-	0x1203	-
encoding_tree_1	471	0x233DB70	handler_value	-	-	-	0x1024CF0	0x0
encoding_tree_1	472	0x233DB80	key_handler	0x1604	22	4	0x1025FB0	-
encoding_tree_1	473	0x233DB90	null_or_data	0x0	-	-	0x1205	-
encoding_tree_1	474	0x233DBA0	handler_value	-	-	-	0x1025AF0	0x0
encoding_tree_1	476	0x233DBC0	key_handler	0x300	3	0	0x17F3350	-
encoding_tree_1	477	0x233DBD0	null_or_data	0x0	-	-	0x201	-
encoding_tree_1	478	0x233DBE0	handler_value	-	-	-	0x17F2EC0	0x0
encoding_tree_1	479	0x233DBF0	key_handler	0x202	2	2	0x17F3800	-
encoding_tree_1	482	0x233DC20	key_handler	0x1300	19	0	0x1023D00	-
encoding_tree_1	483	0x233DC30	null_or_data	0x0	-	-	0x1301	-
encoding_tree_1	484	0x233DC40	handler_value	-	-	-	0x1024270	0x0
encoding_tree_1	486	0x233DC60	key_handler	0x300	3	0	0x17F4A20	-
encoding_tree_1	487	0x233DC70	null_or_data	0x0	-	-	0x301	-
encoding_tree_1	488	0x233DC80	handler_value	-	-	-	0x17F4580	0x0
encoding_tree_1	489	0x233DC90	key_handler	0x302	3	2	0x17F40C0	-
encoding_tree_1	491	0x233DCB0	key_handler	0xB00	11	0	0x17F3C90	-
encoding_tree_1	493	0x233DCD0	key_handler	0xB00	11	0	0x10217D0	-
encoding_tree_1	496	0x233DD00	key_handler	0x1300	19	0	0x102DB10	-
encoding_tree_1	497	0x233DD10	null_or_data	0x0	-	-	0x1302	-
encoding_tree_1	498	0x233DD20	handler_value	-	-	-	0x102E790	0x0
encoding_tree_1	500	0x233DD40	key_handler	0x1900	25	0	0x1030D20	-
encoding_tree_1	501	0x233DD50	null_or_data	0x0	-	-	0x501	-
encoding_tree_1	502	0x233DD60	handler_value	-	-	-	0x10307A0	0x0
encoding_tree_1	503	0x233DD70	key_handler	0x502	5	2	0x1031260	-
encoding_tree_1	504	0x233DD80	null_or_data	0x0	-	-	0x1903	-
encoding_tree_1	505	0x233DD90	handler_value	-	-	-	0x1C30500	0x0
encoding_tree_1	506	0x233DDA0	key_handler	0x504	5	4	0x1C2FF30	-
encoding_tree_1	507	0x233DDB0	null_or_data	0x0	-	-	0x505	-
encoding_tree_1	508	0x233DDC0	handler_value	-	-	-	0x1C30A60	0x0
encoding_tree_1	509	0x233DDD0	key_handler	0xD06	13	6	0x1031D70	-
encoding_tree_1	510	0x233DDE0	null_or_data	0x0	-	-	0x507	-
encoding_tree_1	511	0x233DDF0	handler_value	-	-	-	0x10317E0	0x0
encoding_tree_1	512	0x233DE00	key_handler	0x508	5	8	0x10322D0	-
encoding_tree_1	514	0x233DE20	key_handler	0x1900	25	0	0x100FA80	-
encoding_tree_1	515	0x233DE30	null_or_data	0x0	-	-	0x1901	-
encoding_tree_1	516	0x233DE40	handler_value	-	-	-	0x1010BC0	0x0
encoding_tree_1	517	0x233DE50	key_handler	0x1302	19	2	0x10105E0	-
encoding_tree_1	518	0x233DE60	null_or_data	0x0	-	-	0x1303	-
encoding_tree_1	519	0x233DE70	handler_value	-	-	-	0x1011150	0x0
encoding_tree_1	520	0x233DE80	key_handler	0x1304	19	4	0x1010010	-
encoding_tree_1	521	0x233DE90	null_or_data	0x0	-	-	0x1905	-
encoding_tree_1	522	0x233DEA0	handler_value	-	-	-	0x1C2E810	0x0
encoding_tree_1	523	0x233DEB0	key_handler	0x1906	25	6	0x1C2DB40	-
encoding_tree_1	524	0x233DEC0	null_or_data	0x0	-	-	0x1307	-
encoding_tree_1	525	0x233DED0	handler_value	-	-	-	0x1C2D4A0	0x0
encoding_tree_1	526	0x233DEE0	key_handler	0x1308	19	8	0x1C2E170	-
encoding_tree_1	527	0x233DEF0	null_or_data	0x0	-	-	0x1309	-
encoding_tree_1	528	0x233DF00	handler_value	-	-	-	0x1C2EE40	0x0
encoding_tree_1	529	0x233DF10	key_handler	0xD0A	13	10	0x1015640	-
encoding_tree_1	530	0x233DF20	null_or_data	0x0	-	-	0xD0B	-
encoding_tree_1	531	0x233DF30	handler_value	-	-	-	0x10167E0	0x0
encoding_tree_1	532	0x233DF40	key_handler	0x130C	19	12	0x1016200	-
encoding_tree_1	533	0x233DF50	null_or_data	0x0	-	-	0x130D	-
encoding_tree_1	534	0x233DF60	handler_value	-	-	-	0x1016DC0	0x0
encoding_tree_1	535	0x233DF70	key_handler	0x130E	19	14	0x1015C20	-
encoding_tree_1	536	0x233DF80	null_or_data	0x0	-	-	0xD0F	-
encoding_tree_1	537	0x233DF90	handler_value	-	-	-	0x10173A0	0x0
encoding_tree_1	538	0x233DFA0	key_handler	0xD10	13	16	0x1018620	-
encoding_tree_1	539	0x233DFB0	null_or_data	0x0	-	-	0x1311	-
encoding_tree_1	540	0x233DFC0	handler_value	-	-	-	0x1017FF0	0x0
encoding_tree_1	541	0x233DFD0	key_handler	0x1312	19	18	0x1018C40	-
encoding_tree_1	542	0x233DFE0	null_or_data	0x0	-	-	0x1313	-
encoding_tree_1	543	0x233DFF0	handler_value	-	-	-	0x10179D0	0x0
encoding_tree_1	544	0x233E000	key_handler	0x2314	35	20	0x1011D30	-
encoding_tree_1	545	0x233E010	null_or_data	0x0	-	-	0x2315	-
encoding_tree_1	546	0x233E020	handler_value	-	-	-	0x1014970	0x0
encoding_tree_1	547	0x233E030	key_handler	0x1316	19	22	0x10142E0	-
encoding_tree_1	548	0x233E040	null_or_data	0x0	-	-	0x1317	-
encoding_tree_1	549	0x233E050	handler_value	-	-	-	0x1014FC0	0x0
encoding_tree_1	550	0x233E060	key_handler	0x1318	19	24	0x1013C60	-
encoding_tree_1	551	0x233E070	null_or_data	0x0	-	-	0x2319	-
encoding_tree_1	552	0x233E080	handler_value	-	-	-	0x1011720	0x0
encoding_tree_1	553	0x233E090	key_handler	0x231A	35	26	0x1013010	-
encoding_tree_1	554	0x233E0A0	null_or_data	0x0	-	-	0x131B	-
encoding_tree_1	555	0x233E0B0	handler_value	-	-	-	0x10129D0	0x0
encoding_tree_1	556	0x233E0C0	key_handler	0x131C	19	28	0x1013620	-
encoding_tree_1	557	0x233E0D0	null_or_data	0x0	-	-	0x131D	-
encoding_tree_1	558	0x233E0E0	handler_value	-	-	-	0x1012390	0x0
encoding_tree_1	559	0x233E0F0	key_handler	0x1900	25	0	0x1802FC0	-
encoding_tree_1	561	0x233E110	key_handler	0x1900	25	0	0x1802A60	-
encoding_tree_1	564	0x233E140	key_handler	0xA00	10	0	0x1020BF0	-
encoding_tree_1	565	0x233E150	null_or_data	0x0	-	-	0xA01	-
encoding_tree_1	566	0x233E160	handler_value	-	-	-	0x10211E0	0x0
encoding_tree_1	567	0x233E170	key_handler	0xA02	10	2	0x1020150	-
encoding_tree_1	568	0x233E180	null_or_data	0x0	-	-	0xA03	-
encoding_tree_1	569	0x233E190	handler_value	-	-	-	0x10206A0	0x0
encoding_tree_1	570	0x233E1A0	key_handler	0x200	2	0	0x101D9F0	-
encoding_tree_1	572	0x233E1C0	key_handler	0xA00	10	0	0x1C2FA10	-
encoding_tree_1	574	0x233E1E0	key_handler	0xA00	10	0	0x1C2F4E0	-
encoding_tree_1	576	0x233E200	key_handler	0x500	5	0	0x101CA90	-
encoding_tree_1	578	0x233E220	key_handler	0x1300	19	0	0x17F0E90	-
encoding_tree_1	579	0x233E230	null_or_data	0x0	-	-	0x1301	-
encoding_tree_1	580	0x233E240	handler_value	-	-	-	0x17F1960	0x0
encoding_tree_1	581	0x233E250	key_handler	0x1302	19	2	0x17F1ED0	-
encoding_tree_1	582	0x233E260	null_or_data	0x0	-	-	0xA03	-
encoding_tree_1	583	0x233E270	handler_value	-	-	-	0x17F13F0	0x0
encoding_tree_1	584	0x233E280	key_handler	0x200	2	0	0x17E9720	-
encoding_tree_1	586	0x233E2A0	key_handler	0x100	1	0	0x105D120	-
encoding_tree_1	587	0x233E2B0	null_or_data	0x0	-	-	0x1501	-
encoding_tree_1	588	0x233E2C0	handler_value	-	-	-	0x105D5A0	0x0
encoding_tree_1	590	0x233E2E0	key_handler	0x500	5	0	0x17EEA10	-
encoding_tree_1	591	0x233E2F0	null_or_data	0x0	-	-	0x501	-
encoding_tree_1	592	0x233E300	handler_value	-	-	-	0x1808600	0x0
encoding_tree_1	593	0x233E310	key_handler	0x502	5	2	0x1808A40	-
encoding_tree_1	595	0x233E330	key_handler	0x500	5	0	0x100F1E0	-
encoding_tree_1	597	0x233E350	key_handler	0x200	2	0	0x100EE10	-
encoding_tree_1	599	0x233E370	key_handler	0x500	5	0	0x100EA00	-
encoding_tree_1	602	0x233E3A0	key_handler	0x500	5	0	0x100E120	-
encoding_tree_1	603	0x233E3B0	null_or_data	0x0	-	-	0x501	-
encoding_tree_1	604	0x233E3C0	handler_value	-	-	-	0x100E590	0x0
encoding_tree_1	605	0x233E3D0	key_handler	0x200	2	0	0xFF3540	-
encoding_tree_1	607	0x233E3F0	key_handler	0xA00	10	0	0x100DB40	-
encoding_tree_1	609	0x233E410	key_handler	0x300	3	0	0x100C990	-
encoding_tree_1	611	0x233E430	key_handler	0x500	5	0	0x100C570	-
encoding_tree_1	614	0x233E460	key_handler	0x200	2	0	0x100B820	-
encoding_tree_1	615	0x233E470	null_or_data	0x0	-	-	0x201	-
encoding_tree_1	616	0x233E480	handler_value	-	-	-	0x100C100	0x0
encoding_tree_1	617	0x233E490	key_handler	0x202	2	2	0x100BC90	-
encoding_tree_1	620	0x233E4C0	key_handler	0x500	5	0	0x100B060	-
encoding_tree_1	621	0x233E4D0	null_or_data	0x0	-	-	0x501	-
encoding_tree_1	622	0x233E4E0	handler_value	-	-	-	0x100A400	0x0
encoding_tree_1	623	0x233E4F0	key_handler	0x502	5	2	0x100AC50	-
encoding_tree_1	626	0x233E520	key_handler	0x500	5	0	0x100A010	-
encoding_tree_1	627	0x233E530	null_or_data	0x0	-	-	0x501	-
encoding_tree_1	628	0x233E540	handler_value	-	-	-	0x1068BA0	0x0
encoding_tree_1	629	0x233E550	key_handler	0x502	5	2	0x1009BF0	-
encoding_tree_1	630	0x233E560	null_or_data	0x0	-	-	0x603	-
encoding_tree_1	631	0x233E570	handler_value	-	-	-	0x10097A0	0x0
encoding_tree_1	632	0x233E580	key_handler	0x604	6	4	0x106A090	-
encoding_tree_1	634	0x233E5A0	key_handler	0x500	5	0	0x1008A80	-
encoding_tree_1	635	0x233E5B0	null_or_data	0x0	-	-	0x601	-
encoding_tree_1	636	0x233E5C0	handler_value	-	-	-	0x1008EA0	0x0
encoding_tree_1	637	0x233E5D0	key_handler	0x602	6	2	0x17EAD80	-
encoding_tree_1	638	0x233E5E0	null_or_data	0x0	-	-	0x303	-
encoding_tree_1	639	0x233E5F0	handler_value	-	-	-	0x17EB680	0x0
encoding_tree_1	640	0x233E600	key_handler	0x304	3	4	0x17EA420	-
encoding_tree_1	641	0x233E610	null_or_data	0x0	-	-	0x505	-
encoding_tree_1	642	0x233E620	handler_value	-	-	-	0x1009330	0x0
encoding_tree_1	643	0x233E630	key_handler	0x506	5	6	0x17EB210	-
encoding_tree_1	644	0x233E640	null_or_data	0x0	-	-	0x507	-
encoding_tree_1	645	0x233E650	handler_value	-	-	-	0x17EBB50	0x0
encoding_tree_1	646	0x233E660	key_handler	0x508	5	8	0x17EA8E0	-
encoding_tree_1	647	0x233E670	null_or_data	0x0	-	-	0x609	-
encoding_tree_1	648	0x233E680	handler_value	-	-	-	0x106F3B0	0x0
encoding_tree_1	649	0x233E690	key_handler	0x60A	6	10	0x18057E0	-
encoding_tree_1	650	0x233E6A0	null_or_data	0x0	-	-	0x30B	-
encoding_tree_1	651	0x233E6B0	handler_value	-	-	-	0x1809330	0x0
encoding_tree_1	652	0x233E6C0	key_handler	0x30C	3	12	0x18077F0	-
encoding_tree_1	653	0x233E6D0	null_or_data	0x0	-	-	0x50D	-
encoding_tree_1	654	0x233E6E0	handler_value	-	-	-	0x106D990	0x0
encoding_tree_1	655	0x233E6F0	key_handler	0x50E	5	14	0x1805370	-
encoding_tree_1	656	0x233E700	null_or_data	0x0	-	-	0x50F	-
encoding_tree_1	657	0x233E710	handler_value	-	-	-	0x1808E80	0x0
encoding_tree_1	658	0x233E720	key_handler	0x510	5	16	0x1807350	-
encoding_tree_1	659	0x233E730	null_or_data	0x0	-	-	0x511	-
encoding_tree_1	660	0x233E740	handler_value	-	-	-	0x1804320	0x0
encoding_tree_1	661	0x233E750	key_handler	0x512	5	18	0x17EC9A0	-
encoding_tree_1	662	0x233E760	null_or_data	0x0	-	-	0x313	-
encoding_tree_1	663	0x233E770	handler_value	-	-	-	0x17EC000	0x0
encoding_tree_1	664	0x233E780	key_handler	0x514	5	20	0x17EE140	-
encoding_tree_1	665	0x233E790	null_or_data	0x0	-	-	0x315	-
encoding_tree_1	666	0x233E7A0	handler_value	-	-	-	0x17ED2D0	0x0
encoding_tree_1	667	0x233E7B0	key_handler	0x516	5	22	0x17EA000	-
encoding_tree_1	668	0x233E7C0	null_or_data	0x0	-	-	0x319	-
encoding_tree_1	669	0x233E7D0	handler_value	-	-	-	0x17EC4D0	0x0
encoding_tree_1	670	0x233E7E0	key_handler	0x31A	3	26	0x17ECE00	-
encoding_tree_1	671	0x233E7F0	null_or_data	0x0	-	-	0x31B	-
encoding_tree_1	672	0x233E800	handler_value	-	-	-	0x17EDC70	0x0
encoding_tree_1	673	0x233E810	key_handler	0x31C	3	28	0x17ED7A0	-
encoding_tree_1	676	0x233E840	key_handler	0x700	7	0	0x1006480	-
encoding_tree_1	677	0x233E850	null_or_data	0x0	-	-	0x701	-
encoding_tree_1	678	0x233E860	handler_value	-	-	-	0x1006950	0x0
encoding_tree_1	679	0x233E870	key_handler	0x702	7	2	0x1006E30	-
encoding_tree_1	680	0x233E880	null_or_data	0x0	-	-	0x703	-
encoding_tree_1	681	0x233E890	handler_value	-	-	-	0x1007310	0x0
encoding_tree_1	682	0x233E8A0	key_handler	0x704	7	4	0x10077E0	-
encoding_tree_1	683	0x233E8B0	null_or_data	0x0	-	-	0x705	-
encoding_tree_1	684	0x233E8C0	handler_value	-	-	-	0x1007CC0	0x0
encoding_tree_1	685	0x233E8D0	key_handler	0x506	5	6	0x10081A0	-
encoding_tree_1	686	0x233E8E0	null_or_data	0x0	-	-	0x507	-
encoding_tree_1	687	0x233E8F0	handler_value	-	-	-	0x1008610	0x0
encoding_tree_1	688	0x233E900	key_handler	0x200	2	0	0x10446F0	-
encoding_tree_1	689	0x233E910	null_or_data	0x0	-	-	0xA01	-
encoding_tree_1	690	0x233E920	handler_value	-	-	-	0x1044B90	0x0
encoding_tree_1	692	0x233E940	key_handler	0x700	7	0	0x1005080	-
encoding_tree_1	693	0x233E950	null_or_data	0x0	-	-	0x701	-
encoding_tree_1	694	0x233E960	handler_value	-	-	-	0x17E9AF0	0x0
encoding_tree_1	695	0x233E970	key_handler	0x702	7	2	0x1005550	-
encoding_tree_1	696	0x233E980	null_or_data	0x0	-	-	0x703	-
encoding_tree_1	697	0x233E990	handler_value	-	-	-	0x1005F50	0x0
encoding_tree_1	698	0x233E9A0	key_handler	0x500	5	0	0x1004C60	-
encoding_tree_1	699	0x233E9B0	null_or_data	0x0	-	-	0x501	-
encoding_tree_1	700	0x233E9C0	handler_value	-	-	-	0x1067B10	0x0
encoding_tree_1	702	0x233E9E0	key_handler	0x500	5	0	0x1002180	-
encoding_tree_1	703	0x233E9F0	null_or_data	0x0	-	-	0x501	-
encoding_tree_1	704	0x233EA00	handler_value	-	-	-	0x10029F0	0x0
encoding_tree_1	705	0x233EA10	key_handler	0x502	5	2	0x10025D0	-
encoding_tree_1	706	0x233EA20	null_or_data	0x0	-	-	0x703	-
encoding_tree_1	707	0x233EA30	handler_value	-	-	-	0x1003FA0	0x0
encoding_tree_1	708	0x233EA40	key_handler	0x504	5	4	0x1004420	-
encoding_tree_1	709	0x233EA50	null_or_data	0x0	-	-	0x505	-
encoding_tree_1	710	0x233EA60	handler_value	-	-	-	0x1004840	0x0
encoding_tree_1	711	0x233EA70	key_handler	0x606	6	6	0x1003290	-
encoding_tree_1	712	0x233EA80	null_or_data	0x0	-	-	0x507	-
encoding_tree_1	713	0x233EA90	handler_value	-	-	-	0x1002E40	0x0
encoding_tree_1	714	0x233EAA0	key_handler	0x508	5	8	0x1003700	-
encoding_tree_1	715	0x233EAB0	null_or_data	0x0	-	-	0x509	-
encoding_tree_1	716	0x233EAC0	handler_value	-	-	-	0x1003B50	0x0
encoding_tree_1	718	0x233EAE0	key_handler	0xB00	11	0	0x106A4E0	-
encoding_tree_1	719	0x233EAF0	null_or_data	0x0	-	-	0x501	-
encoding_tree_1	720	0x233EB00	handler_value	-	-	-	0x1069800	0x0
encoding_tree_1	721	0x233EB10	key_handler	0xB02	11	2	0x1069C40	-
encoding_tree_1	722	0x233EB20	null_or_data	0x0	-	-	0x503	-
encoding_tree_1	723	0x233EB30	handler_value	-	-	-	0x1068780	0x0
encoding_tree_1	724	0x233EB40	key_handler	0x4	0	4	0x10003C0	-
encoding_tree_1	725	0x233EB50	null_or_data	0x0	-	-	0x505	-
encoding_tree_1	726	0x233EB60	handler_value	-	-	-	0xFFFA60	0x0
encoding_tree_1	727	0x233EB70	key_handler	0x6	0	6	0xFFF100	-
encoding_tree_1	728	0x233EB80	null_or_data	0x0	-	-	0x507	-
encoding_tree_1	729	0x233EB90	handler_value	-	-	-	0xFFE7C0	0x0
encoding_tree_1	730	0x233EBA0	key_handler	0x8	0	8	0x1000860	-
encoding_tree_1	731	0x233EBB0	null_or_data	0x0	-	-	0x509	-
encoding_tree_1	732	0x233EBC0	handler_value	-	-	-	0xFFFF00	0x0
encoding_tree_1	733	0x233EBD0	key_handler	0xA	0	10	0xFFF5A0	-
encoding_tree_1	734	0x233EBE0	null_or_data	0x0	-	-	0x50B	-
encoding_tree_1	735	0x233EBF0	handler_value	-	-	-	0xFFEC50	0x0
encoding_tree_1	736	0x233EC00	key_handler	0xC	0	12	0xFFC9A0	-
encoding_tree_1	737	0x233EC10	null_or_data	0x0	-	-	0x50D	-
encoding_tree_1	738	0x233EC20	handler_value	-	-	-	0xFFC0E0	0x0
encoding_tree_1	739	0x233EC30	key_handler	0xE	0	14	0xFFB820	-
encoding_tree_1	740	0x233EC40	null_or_data	0x0	-	-	0x50F	-
encoding_tree_1	741	0x233EC50	handler_value	-	-	-	0xFFAF60	0x0
encoding_tree_1	742	0x233EC60	key_handler	0x510	5	16	0xFFE3A0	-
encoding_tree_1	743	0x233EC70	null_or_data	0x0	-	-	0x511	-
encoding_tree_1	744	0x233EC80	handler_value	-	-	-	0xFFCE20	0x0
encoding_tree_1	745	0x233EC90	key_handler	0xB12	11	18	0xFFC560	-
encoding_tree_1	746	0x233ECA0	null_or_data	0x0	-	-	0x513	-
encoding_tree_1	747	0x233ECB0	handler_value	-	-	-	0xFFBCA0	0x0
encoding_tree_1	748	0x233ECC0	key_handler	0xB14	11	20	0xFFB3D0	-
encoding_tree_1	749	0x233ECD0	null_or_data	0x0	-	-	0x515	-
encoding_tree_1	750	0x233ECE0	handler_value	-	-	-	0xFFAB40	0x0
encoding_tree_1	751	0x233ECF0	key_handler	0xB16	11	22	0xFFDF30	-
encoding_tree_1	752	0x233ED00	null_or_data	0x0	-	-	0x517	-
encoding_tree_1	753	0x233ED10	handler_value	-	-	-	0xFFDAD0	0x0
encoding_tree_1	754	0x233ED20	key_handler	0xB18	11	24	0xFFD660	-
encoding_tree_1	755	0x233ED30	null_or_data	0x0	-	-	0x519	-
encoding_tree_1	756	0x233ED40	handler_value	-	-	-	0xFFD210	0x0
encoding_tree_1	758	0x233ED60	key_handler	0x500	5	0	0xFF9ED0	-
encoding_tree_1	759	0x233ED70	null_or_data	0x0	-	-	0x501	-
encoding_tree_1	760	0x233ED80	handler_value	-	-	-	0xFFA720	0x0
encoding_tree_1	761	0x233ED90	key_handler	0x502	5	2	0xFFA310	-
encoding_tree_1	764	0x233EDC0	key_handler	0x1900	25	0	0x1096270	-
encoding_tree_1	765	0x233EDD0	null_or_data	0x0	-	-	0x1901	-
encoding_tree_1	766	0x233EDE0	handler_value	-	-	-	0xFF9940	0x0
encoding_tree_1	767	0x233EDF0	key_handler	0x1902	25	2	0x1093A60	-
encoding_tree_1	768	0x233EE00	null_or_data	0x0	-	-	0x1903	-
encoding_tree_1	769	0x233EE10	handler_value	-	-	-	0xFF8260	0x0
encoding_tree_1	770	0x233EE20	key_handler	0x1904	25	4	0xFF87E0	-
encoding_tree_1	771	0x233EE30	null_or_data	0x0	-	-	0x1905	-
encoding_tree_1	772	0x233EE40	handler_value	-	-	-	0xFF8DA0	0x0
encoding_tree_1	773	0x233EE50	key_handler	0x1906	25	6	0xFF9360	-
encoding_tree_1	774	0x233EE60	null_or_data	0x0	-	-	0x1907	-
encoding_tree_1	775	0x233EE70	handler_value	-	-	-	0x10934E0	0x0
encoding_tree_1	776	0x233EE80	key_handler	0x1908	25	8	0xFF6B80	-
encoding_tree_1	777	0x233EE90	null_or_data	0x0	-	-	0x1909	-
encoding_tree_1	778	0x233EEA0	handler_value	-	-	-	0xFF7100	0x0
encoding_tree_1	779	0x233EEB0	key_handler	0x190A	25	10	0xFF76C0	-
encoding_tree_1	780	0x233EEC0	null_or_data	0x0	-	-	0x190B	-
encoding_tree_1	781	0x233EED0	handler_value	-	-	-	0xFF7C80	0x0
encoding_tree_1	782	0x233EEE0	key_handler	0x500	5	0	0xFF6720	-
encoding_tree_1	783	0x233EEF0	null_or_data	0x0	-	-	0x1201	-
encoding_tree_1	784	0x233EF00	handler_value	-	-	-	0xFF5960	0x0
encoding_tree_1	785	0x233EF10	key_handler	0x1202	18	2	0xFF6280	-
encoding_tree_1	786	0x233EF20	null_or_data	0x0	-	-	0x1203	-
encoding_tree_1	787	0x233EF30	handler_value	-	-	-	0xFF54E0	0x0
encoding_tree_1	788	0x233EF40	key_handler	0x1204	18	4	0x106F840	-
encoding_tree_1	789	0x233EF50	null_or_data	0x0	-	-	0x1205	-
encoding_tree_1	790	0x233EF60	handler_value	-	-	-	0xFF5DE0	0x0
encoding_tree_1	792	0x233EF80	key_handler	0x500	5	0	0xFF5050	-
encoding_tree_1	793	0x233EF90	null_or_data	0x0	-	-	0x1201	-
encoding_tree_1	794	0x233EFA0	handler_value	-	-	-	0xFF4230	0x0
encoding_tree_1	795	0x233EFB0	key_handler	0x1202	18	2	0xFF4B90	-
encoding_tree_1	796	0x233EFC0	null_or_data	0x0	-	-	0x1203	-
encoding_tree_1	797	0x233EFD0	handler_value	-	-	-	0xFF3D90	0x0
encoding_tree_1	798	0x233EFE0	key_handler	0x1204	18	4	0x10778B0	-
encoding_tree_1	799	0x233EFF0	null_or_data	0x0	-	-	0x1205	-
encoding_tree_1	800	0x233F000	handler_value	-	-	-	0xFF46D0	0x0
encoding_tree_1	802	0x233F020	null_or_data	0x0	-	-	0x106D510	-
encoding_tree_1	803	0x233F030	null_or_data	0x0	-	-	0x1	-
encoding_tree_1	804	0x233F040	handler_value	-	-	-	0xFF3910	0x0
encoding_tree_1	806	0x233F060	key_handler	0x200	2	0	0x1C29A10	-
encoding_tree_1	807	0x233F070	null_or_data	0x0	-	-	0x301	-
encoding_tree_1	808	0x233F080	handler_value	-	-	-	0x1C29EF0	0x0
encoding_tree_1	809	0x233F090	key_handler	0x202	2	2	0x1C2A8D0	-
encoding_tree_1	810	0x233F0A0	null_or_data	0x0	-	-	0x303	-
encoding_tree_1	811	0x233F0B0	handler_value	-	-	-	0x1C2A3E0	0x0
encoding_tree_1	812	0x233F0C0	key_handler	0x204	2	4	0x1C2ADA0	-
encoding_tree_1	814	0x233F0E0	key_handler	0x200	2	0	0x1C31E70	-
encoding_tree_1	815	0x233F0F0	null_or_data	0x0	-	-	0x201	-
encoding_tree_1	816	0x233F100	handler_value	-	-	-	0x1C319E0	0x0
encoding_tree_1	817	0x233F110	key_handler	0x302	3	2	0x1C32300	-
encoding_tree_1	818	0x233F120	null_or_data	0x0	-	-	0x203	-
encoding_tree_1	819	0x233F130	handler_value	-	-	-	0x1C31550	0x0
encoding_tree_1	820	0x233F140	key_handler	0x204	2	4	0x1C27E70	-
encoding_tree_1	821	0x233F150	null_or_data	0x0	-	-	0x305	-
encoding_tree_1	822	0x233F160	handler_value	-	-	-	0x1C28C40	0x0
encoding_tree_1	823	0x233F170	key_handler	0x206	2	6	0x1C290F0	-
encoding_tree_1	824	0x233F180	null_or_data	0x0	-	-	0x307	-
encoding_tree_1	825	0x233F190	handler_value	-	-	-	0x1C28300	0x0
encoding_tree_1	826	0x233F1A0	key_handler	0x208	2	8	0x1C287B0	-
encoding_tree_1	828	0x233F1C0	key_handler	0xA00	10	0	0x1C12AE0	-
encoding_tree_1	829	0x233F1D0	null_or_data	0x0	-	-	0xA01	-
encoding_tree_1	830	0x233F1E0	handler_value	-	-	-	0x1C13970	0x0
encoding_tree_1	831	0x233F1F0	key_handler	0x302	3	2	0x1C134A0	-
encoding_tree_1	832	0x233F200	null_or_data	0x0	-	-	0x303	-
encoding_tree_1	833	0x233F210	handler_value	-	-	-	0x1C14410	0x0
encoding_tree_1	834	0x233F220	key_handler	0xA04	10	4	0x1C12FC0	-
encoding_tree_1	835	0x233F230	null_or_data	0x0	-	-	0xA05	-
encoding_tree_1	836	0x233F240	handler_value	-	-	-	0x1C13EC0	0x0
encoding_tree_1	838	0x233F260	key_handler	0x300	3	0	0x1C17200	-
encoding_tree_1	839	0x233F270	null_or_data	0x0	-	-	0xA01	-
encoding_tree_1	840	0x233F280	handler_value	-	-	-	0x1C17730	0x0
encoding_tree_1	841	0x233F290	key_handler	0xA02	10	2	0x1C16CE0	-
encoding_tree_1	842	0x233F2A0	null_or_data	0x0	-	-	0x303	-
encoding_tree_1	843	0x233F2B0	handler_value	-	-	-	0x1C14E50	0x0
encoding_tree_1	844	0x233F2C0	key_handler	0x304	3	4	0x1C15870	-
encoding_tree_1	845	0x233F2D0	null_or_data	0x0	-	-	0xA05	-
encoding_tree_1	846	0x233F2E0	handler_value	-	-	-	0x1C14950	0x0
encoding_tree_1	847	0x233F2F0	key_handler	0xA06	10	6	0x1C15D90	-
encoding_tree_1	848	0x233F300	null_or_data	0x0	-	-	0xA07	-
encoding_tree_1	849	0x233F310	handler_value	-	-	-	0x1C15370	0x0
encoding_tree_1	850	0x233F320	key_handler	0x308	3	8	0x1C18170	-
encoding_tree_1	851	0x233F330	null_or_data	0x0	-	-	0xA09	-
encoding_tree_1	852	0x233F340	handler_value	-	-	-	0x1C17C50	0x0
encoding_tree_1	853	0x233F350	key_handler	0x30A	3	10	0x1C18BC0	-
encoding_tree_1	854	0x233F360	null_or_data	0x0	-	-	0xA0B	-
encoding_tree_1	855	0x233F370	handler_value	-	-	-	0x1C190F0	0x0
encoding_tree_1	856	0x233F380	key_handler	0xA0C	10	12	0x1C186A0	-
encoding_tree_1	857	0x233F390	null_or_data	0x0	-	-	0x30D	-
encoding_tree_1	858	0x233F3A0	handler_value	-	-	-	0x1C167B0	0x0
encoding_tree_1	859	0x233F3B0	key_handler	0xA0E	10	14	0x1C16290	-
encoding_tree_1	862	0x233F3E0	key_handler	0x300	3	0	0xF78400	-
encoding_tree_1	863	0x233F3F0	null_or_data	0x0	-	-	0xA01	-
encoding_tree_1	864	0x233F400	handler_value	-	-	-	0xF77E50	0x0
encoding_tree_1	865	0x233F410	key_handler	0xA02	10	2	0xF78970	-
encoding_tree_1	866	0x233F420	null_or_data	0x0	-	-	0xD03	-
encoding_tree_1	867	0x233F430	handler_value	-	-	-	0xF79520	0x0
encoding_tree_1	868	0x233F440	key_handler	0x1304	19	4	0xF78F20	-
encoding_tree_1	869	0x233F450	null_or_data	0x0	-	-	0x1305	-
encoding_tree_1	870	0x233F460	handler_value	-	-	-	0xF79AF0	0x0
encoding_tree_1	871	0x233F470	key_handler	0x21C	2	28	0xF7A0F0	-
encoding_tree_1	872	0x233F480	null_or_data	0x0	-	-	0x31D	-
encoding_tree_1	873	0x233F490	handler_value	-	-	-	0xF7A580	0x0
encoding_tree_1	874	0x233F4A0	key_handler	0x21E	2	30	0xF7AA30	-
encoding_tree_1	876	0x233F4C0	key_handler	0x500	5	0	0xFDE130	-
encoding_tree_1	878	0x233F4E0	key_handler	0x500	5	0	0xFCC650	-
encoding_tree_1	879	0x233F4F0	null_or_data	0x0	-	-	0x1E01	-
encoding_tree_1	880	0x233F500	handler_value	-	-	-	0xFCCA40	0x0
encoding_tree_1	882	0x233F520	key_handler	0x500	5	0	0xF1EB60	-
encoding_tree_1	883	0x233F530	null_or_data	0x0	-	-	0x303	-
encoding_tree_1	884	0x233F540	handler_value	-	-	-	0xF1F4B0	0x0
encoding_tree_1	885	0x233F550	key_handler	0x304	3	4	0xF1EFD0	-
encoding_tree_1	888	0x233F580	key_handler	0xA00	10	0	0x17E0370	-
encoding_tree_1	889	0x233F590	null_or_data	0x0	-	-	0x1301	-
encoding_tree_1	890	0x233F5A0	handler_value	-	-	-	0x17E0860	0x0
encoding_tree_1	891	0x233F5B0	key_handler	0x502	5	2	0x17E0D70	-
encoding_tree_1	892	0x233F5C0	null_or_data	0x0	-	-	0x503	-
encoding_tree_1	893	0x233F5D0	handler_value	-	-	-	0x17E1260	0x0
encoding_tree_1	894	0x233F5E0	key_handler	0x504	5	4	0x17DF0D0	-
encoding_tree_1	895	0x233F5F0	null_or_data	0x0	-	-	0x2205	-
encoding_tree_1	896	0x233F600	handler_value	-	-	-	0x17DFA00	0x0
encoding_tree_1	897	0x233F610	key_handler	0x506	5	6	0x17DF580	-
encoding_tree_1	898	0x233F620	null_or_data	0x0	-	-	0x507	-
encoding_tree_1	899	0x233F630	handler_value	-	-	-	0x17DFED0	0x0
encoding_tree_1	900	0x233F640	key_handler	0x508	5	8	0x1806A20	-
encoding_tree_1	901	0x233F650	null_or_data	0x0	-	-	0x509	-
encoding_tree_1	902	0x233F660	handler_value	-	-	-	0x1807CB0	0x0
encoding_tree_1	903	0x233F670	key_handler	0xA0A	10	10	0x180D850	-
encoding_tree_1	904	0x233F680	null_or_data	0x0	-	-	0xA0B	-
encoding_tree_1	905	0x233F690	handler_value	-	-	-	0x17E8400	0x0
encoding_tree_1	906	0x233F6A0	key_handler	0xA0C	10	12	0x180C740	-
encoding_tree_1	907	0x233F6B0	null_or_data	0x0	-	-	0xA0D	-
encoding_tree_1	908	0x233F6C0	handler_value	-	-	-	0x180DE00	0x0
encoding_tree_1	909	0x233F6D0	key_handler	0xA0E	10	14	0x17005C0	-
encoding_tree_1	910	0x233F6E0	null_or_data	0x0	-	-	0xA0F	-
encoding_tree_1	911	0x233F6F0	handler_value	-	-	-	0x16FE660	0x0
encoding_tree_1	912	0x233F700	key_handler	0xA10	10	16	0x1700000	-
encoding_tree_1	913	0x233F710	null_or_data	0x0	-	-	0xA11	-
encoding_tree_1	914	0x233F720	handler_value	-	-	-	0x1700B80	0x0
encoding_tree_1	915	0x233F730	key_handler	0x1312	19	18	0x1C32D80	-
encoding_tree_1	916	0x233F740	null_or_data	0x0	-	-	0x1313	-
encoding_tree_1	917	0x233F750	handler_value	-	-	-	0x1C2B270	0x0
encoding_tree_1	918	0x233F760	key_handler	0x1314	19	20	0x1C327B0	-
encoding_tree_1	919	0x233F770	null_or_data	0x0	-	-	0x1315	-
encoding_tree_1	920	0x233F780	handler_value	-	-	-	0x1C33350	0x0
encoding_tree_1	921	0x233F790	key_handler	0x2216	34	22	0x17E2150	-
encoding_tree_1	922	0x233F7A0	null_or_data	0x0	-	-	0x2217	-
encoding_tree_1	923	0x233F7B0	handler_value	-	-	-	0x17E1770	0x0
encoding_tree_1	924	0x233F7C0	key_handler	0x518	5	24	0x17E2660	-
encoding_tree_1	925	0x233F7D0	null_or_data	0x0	-	-	0x519	-
encoding_tree_1	926	0x233F7E0	handler_value	-	-	-	0x17E1C50	0x0
encoding_tree_1	927	0x233F7F0	key_handler	0x191A	25	26	0x17E2B80	-
encoding_tree_1	928	0x233F800	null_or_data	0x0	-	-	0x191B	-
encoding_tree_1	929	0x233F810	handler_value	-	-	-	0x1809CF0	0x0
encoding_tree_1	930	0x233F820	key_handler	0x131C	19	28	0x17E3CA0	-
encoding_tree_1	931	0x233F830	null_or_data	0x0	-	-	0x131D	-
encoding_tree_1	932	0x233F840	handler_value	-	-	-	0x17E3650	0x0
encoding_tree_1	933	0x233F850	key_handler	0xA1E	10	30	0x17E4320	-
encoding_tree_1	934	0x233F860	null_or_data	0x0	-	-	0xA1F	-
encoding_tree_1	935	0x233F870	handler_value	-	-	-	0x17E3090	0x0
encoding_tree_1	936	0x233F880	key_handler	0x1320	19	32	0x17E7270	-
encoding_tree_1	937	0x233F890	null_or_data	0x0	-	-	0x1321	-
encoding_tree_1	938	0x233F8A0	handler_value	-	-	-	0x17E6C40	0x0
encoding_tree_1	939	0x233F8B0	key_handler	0xA22	10	34	0x17E7E50	-
encoding_tree_1	940	0x233F8C0	null_or_data	0x0	-	-	0xA23	-
encoding_tree_1	941	0x233F8D0	handler_value	-	-	-	0x17E78C0	0x0
encoding_tree_1	942	0x233F8E0	key_handler	0x1325	19	37	0x1C2C410	-
encoding_tree_1	943	0x233F8F0	null_or_data	0x0	-	-	0x1326	-
encoding_tree_1	944	0x233F900	handler_value	-	-	-	0x1C2BDE0	0x0
encoding_tree_1	945	0x233F910	key_handler	0xA27	10	39	0x1C2CA70	-
encoding_tree_1	946	0x233F920	null_or_data	0x0	-	-	0xA28	-
encoding_tree_1	947	0x233F930	handler_value	-	-	-	0x1C2B840	0x0
encoding_tree_1	948	0x233F940	key_handler	0x329	3	41	0x17DDCF0	-
encoding_tree_1	949	0x233F950	null_or_data	0x0	-	-	0x212A	-
encoding_tree_1	950	0x233F960	handler_value	-	-	-	0x17DE1C0	0x0
encoding_tree_1	951	0x233F970	key_handler	0x212B	33	43	0x16FE0C0	-
encoding_tree_1	952	0x233F980	null_or_data	0x0	-	-	0x192C	-
encoding_tree_1	953	0x233F990	handler_value	-	-	-	0x16FDB60	0x0
encoding_tree_1	954	0x233F9A0	key_handler	0x62D	6	45	0x17E89B0	-
encoding_tree_1	955	0x233F9B0	null_or_data	0x0	-	-	0x62E	-
encoding_tree_1	956	0x233F9C0	handler_value	-	-	-	0x1808150	0x0
encoding_tree_1	957	0x233F9D0	key_handler	0x32F	3	47	0x17DE6E0	-
encoding_tree_1	958	0x233F9E0	null_or_data	0x0	-	-	0x2130	-
encoding_tree_1	959	0x233F9F0	handler_value	-	-	-	0x17DEBB0	0x0
encoding_tree_1	960	0x233FA00	key_handler	0x531	5	49	0x17DD900	-
encoding_tree_1	961	0x233FA10	null_or_data	0x0	-	-	0x532	-
encoding_tree_1	962	0x233FA20	handler_value	-	-	-	0x1804B90	0x0
encoding_tree_1	963	0x233FA30	key_handler	0x533	5	51	0x1804F80	-
encoding_tree_1	966	0x233FA60	key_handler	0x500	5	0	0x1067720	-
encoding_tree_1	967	0x233FA70	null_or_data	0x0	-	-	0x501	-
encoding_tree_1	968	0x233FA80	handler_value	-	-	-	0xF306E0	0x0
encoding_tree_1	970	0x233FAA0	key_handler	0xA00	10	0	0xFDE980	-
encoding_tree_1	971	0x233FAB0	null_or_data	0x0	-	-	0x301	-
encoding_tree_1	972	0x233FAC0	handler_value	-	-	-	0xFDF300	0x0
encoding_tree_1	973	0x233FAD0	key_handler	0xA02	10	2	0xFDFC80	-
encoding_tree_1	974	0x233FAE0	null_or_data	0x0	-	-	0x303	-
encoding_tree_1	975	0x233FAF0	handler_value	-	-	-	0xFDEE30	0x0
encoding_tree_1	976	0x233FB00	key_handler	0xA04	10	4	0xFDF7D0	-
encoding_tree_1	978	0x233FB20	key_handler	0x300	3	0	0x17DCF00	-
encoding_tree_1	979	0x233FB30	null_or_data	0x0	-	-	0x301	-
encoding_tree_1	980	0x233FB40	handler_value	-	-	-	0x17DD3F0	0x0
encoding_tree_1	981	0x233FB50	key_handler	0x302	3	2	0xFD7D40	-
encoding_tree_1	982	0x233FB60	null_or_data	0x0	-	-	0x303	-
encoding_tree_1	983	0x233FB70	handler_value	-	-	-	0xFD8230	0x0
encoding_tree_1	984	0x233FB80	key_handler	0x500	5	0	0xFAB740	-
encoding_tree_1	985	0x233FB90	null_or_data	0x0	-	-	0x201	-
encoding_tree_1	986	0x233FBA0	handler_value	-	-	-	0xFABBD0	0x0
encoding_tree_1	987	0x233FBB0	key_handler	0x502	5	2	0xFAA980	-
encoding_tree_1	988	0x233FBC0	null_or_data	0x0	-	-	0x203	-
encoding_tree_1	989	0x233FBD0	handler_value	-	-	-	0xFAB290	0x0
encoding_tree_1	990	0x233FBE0	key_handler	0x504	5	4	0xFAADF0	-
encoding_tree_1	992	0x233FC00	key_handler	0x1900	25	0	0x10896A0	-
encoding_tree_1	993	0x233FC10	null_or_data	0x0	-	-	0x1901	-
encoding_tree_1	994	0x233FC20	handler_value	-	-	-	0xF87CF0	0x0
encoding_tree_1	995	0x233FC30	key_handler	0x1902	25	2	0x1089160	-
encoding_tree_1	996	0x233FC40	null_or_data	0x0	-	-	0x1903	-
encoding_tree_1	997	0x233FC50	handler_value	-	-	-	0xF877B0	0x0
encoding_tree_1	998	0x233FC60	key_handler	0x1904	25	4	0x180AC60	-
encoding_tree_1	999	0x233FC70	null_or_data	0x0	-	-	0x1905	-
encoding_tree_1	1000	0x233FC80	handler_value	-	-	-	0x17D6640	0x0
encoding_tree_1	1001	0x233FC90	key_handler	0x1906	25	6	0x1088C20	-
encoding_tree_1	1002	0x233FCA0	null_or_data	0x0	-	-	0x1907	-
encoding_tree_1	1003	0x233FCB0	handler_value	-	-	-	0xF87270	0x0
encoding_tree_1	1004	0x233FCC0	key_handler	0x1908	25	8	0x10886E0	-
encoding_tree_1	1005	0x233FCD0	null_or_data	0x0	-	-	0x1909	-
encoding_tree_1	1006	0x233FCE0	handler_value	-	-	-	0xF86D30	0x0
encoding_tree_1	1007	0x233FCF0	key_handler	0x190A	25	10	0x180A720	-
encoding_tree_1	1008	0x233FD00	null_or_data	0x0	-	-	0x190B	-
encoding_tree_1	1009	0x233FD10	handler_value	-	-	-	0x17D6100	0x0
encoding_tree_1	1010	0x233FD20	key_handler	0x190C	25	12	0xF896F0	-
encoding_tree_1	1011	0x233FD30	null_or_data	0x0	-	-	0x190D	-
encoding_tree_1	1012	0x233FD40	handler_value	-	-	-	0x108ABA0	0x0
encoding_tree_1	1013	0x233FD50	key_handler	0x190E	25	14	0xF89C10	-
encoding_tree_1	1014	0x233FD60	null_or_data	0x0	-	-	0x190F	-
encoding_tree_1	1015	0x233FD70	handler_value	-	-	-	0xF88230	0x0
encoding_tree_1	1016	0x233FD80	key_handler	0x1910	25	16	0x1089BE0	-
encoding_tree_1	1017	0x233FD90	null_or_data	0x0	-	-	0x1911	-
encoding_tree_1	1018	0x233FDA0	handler_value	-	-	-	0xF88750	0x0
encoding_tree_1	1019	0x233FDB0	key_handler	0x1912	25	18	0xF8A150	-
encoding_tree_1	1020	0x233FDC0	null_or_data	0x0	-	-	0x1913	-
encoding_tree_1	1021	0x233FDD0	handler_value	-	-	-	0x108B620	0x0
encoding_tree_1	1022	0x233FDE0	key_handler	0x1914	25	20	0xF8A670	-
encoding_tree_1	1023	0x233FDF0	null_or_data	0x0	-	-	0x1915	-
encoding_tree_1	1024	0x233FE00	handler_value	-	-	-	0xF88C90	0x0
encoding_tree_1	1025	0x233FE10	key_handler	0x1916	25	22	0x108B0E0	-
encoding_tree_1	1026	0x233FE20	null_or_data	0x0	-	-	0x1917	-
encoding_tree_1	1027	0x233FE30	handler_value	-	-	-	0xF891B0	0x0
encoding_tree_1	1028	0x233FE40	key_handler	0x1918	25	24	0xF8B5D0	-
encoding_tree_1	1029	0x233FE50	null_or_data	0x0	-	-	0x1919	-
encoding_tree_1	1030	0x233FE60	handler_value	-	-	-	0x1082EF0	0x0
encoding_tree_1	1031	0x233FE70	key_handler	0x191A	25	26	0xF8BAD0	-
encoding_tree_1	1032	0x233FE80	null_or_data	0x0	-	-	0x191B	-
encoding_tree_1	1033	0x233FE90	handler_value	-	-	-	0xF8ABB0	0x0
encoding_tree_1	1034	0x233FEA0	key_handler	0x191C	25	28	0x10829D0	-
encoding_tree_1	1035	0x233FEB0	null_or_data	0x0	-	-	0x191D	-
encoding_tree_1	1036	0x233FEC0	handler_value	-	-	-	0xF8B0B0	0x0
encoding_tree_1	1038	0x233FEE0	key_handler	0x500	5	0	0xEB3E80	-
encoding_tree_1	1039	0x233FEF0	null_or_data	0x0	-	-	0x501	-
encoding_tree_1	1040	0x233FF00	handler_value	-	-	-	0xEB42B0	0x0
encoding_tree_1	1041	0x233FF10	key_handler	0x500	5	0	0xF80B80	-
encoding_tree_1	1044	0x233FF40	key_handler	0x300	3	0	0xF3BA40	-
encoding_tree_1	1045	0x233FF50	null_or_data	0x0	-	-	0x301	-
encoding_tree_1	1046	0x233FF60	handler_value	-	-	-	0xF3BF30	0x0
encoding_tree_1	1048	0x233FF80	key_handler	0x1300	19	0	0xF7B5B0	-
encoding_tree_1	1049	0x233FF90	null_or_data	0x0	-	-	0x1302	-
encoding_tree_1	1050	0x233FFA0	handler_value	-	-	-	0xF7AEC0	0x0
encoding_tree_1	1051	0x233FFB0	key_handler	0x1304	19	4	0xF7C260	-
encoding_tree_1	1052	0x233FFC0	null_or_data	0x0	-	-	0x1306	-
encoding_tree_1	1053	0x233FFD0	handler_value	-	-	-	0xF7BBC0	0x0
encoding_tree_1	1054	0x233FFE0	key_handler	0x1308	19	8	0xF7C840	-
encoding_tree_1	1056	0x2340000	key_handler	0x500	5	0	0xEF6630	-
encoding_tree_1	1057	0x2340010	null_or_data	0x0	-	-	0x501	-
encoding_tree_1	1058	0x2340020	handler_value	-	-	-	0xEF6210	0x0
encoding_tree_1	1060	0x2340040	key_handler	0x500	5	0	0x17B0FB0	-
encoding_tree_1	1061	0x2340050	null_or_data	0x0	-	-	0x501	-
encoding_tree_1	1062	0x2340060	handler_value	-	-	-	0x17B0B80	0x0
encoding_tree_1	1063	0x2340070	key_handler	0x502	5	2	0x17B13E0	-
encoding_tree_1	1064	0x2340080	null_or_data	0x0	-	-	0x503	-
encoding_tree_1	1065	0x2340090	handler_value	-	-	-	0x17B1C80	0x0
encoding_tree_1	1066	0x23400A0	key_handler	0x2204	34	4	0x17B20D0	-
encoding_tree_1	1067	0x23400B0	null_or_data	0x0	-	-	0x2205	-
encoding_tree_1	1068	0x23400C0	handler_value	-	-	-	0x17B25A0	0x0
encoding_tree_1	1069	0x23400D0	key_handler	0x506	5	6	0x17B1830	-
encoding_tree_1	1072	0x2340100	key_handler	0xB00	11	0	0xFDAA30	-
encoding_tree_1	1073	0x2340110	null_or_data	0x0	-	-	0x501	-
encoding_tree_1	1074	0x2340120	handler_value	-	-	-	0xFDAEA0	0x0
encoding_tree_1	1075	0x2340130	key_handler	0x502	5	2	0xFDB370	-
encoding_tree_1	1076	0x2340140	null_or_data	0x0	-	-	0x603	-
encoding_tree_1	1077	0x2340150	handler_value	-	-	-	0xFD9C80	0x0
encoding_tree_1	1078	0x2340160	key_handler	0x504	5	4	0xFDA0F0	-
encoding_tree_1	1079	0x2340170	null_or_data	0x0	-	-	0x505	-
encoding_tree_1	1080	0x2340180	handler_value	-	-	-	0xFDA590	0x0
encoding_tree_1	1082	0x23401A0	key_handler	0xB00	11	0	0xFCDC40	-
encoding_tree_1	1083	0x23401B0	null_or_data	0x0	-	-	0x501	-
encoding_tree_1	1084	0x23401C0	handler_value	-	-	-	0xFCE0B0	0x0
encoding_tree_1	1085	0x23401D0	key_handler	0x502	5	2	0xFCE580	-
encoding_tree_1	1086	0x23401E0	null_or_data	0x0	-	-	0x603	-
encoding_tree_1	1087	0x23401F0	handler_value	-	-	-	0xFCCE90	0x0
encoding_tree_1	1088	0x2340200	key_handler	0x504	5	4	0xFCD300	-
encoding_tree_1	1089	0x2340210	null_or_data	0x0	-	-	0x505	-
encoding_tree_1	1090	0x2340220	handler_value	-	-	-	0xFCD7A0	0x0
encoding_tree_1	1092	0x2340240	key_handler	0xB00	11	0	0xEF7C90	-
encoding_tree_1	1093	0x2340250	null_or_data	0x0	-	-	0x501	-
encoding_tree_1	1094	0x2340260	handler_value	-	-	-	0xEF8120	0x0
encoding_tree_1	1095	0x2340270	key_handler	0x502	5	2	0xEF8610	-
encoding_tree_1	1096	0x2340280	null_or_data	0x0	-	-	0x603	-
encoding_tree_1	1097	0x2340290	handler_value	-	-	-	0xEF6E80	0x0
encoding_tree_1	1098	0x23402A0	key_handler	0x504	5	4	0xEF7310	-
encoding_tree_1	1099	0x23402B0	null_or_data	0x0	-	-	0x505	-
encoding_tree_1	1100	0x23402C0	handler_value	-	-	-	0xEF77D0	0x0
encoding_tree_1	1102	0x23402E0	key_handler	0xB00	11	0	0xFC9110	-
encoding_tree_1	1103	0x23402F0	null_or_data	0x0	-	-	0x501	-
encoding_tree_1	1104	0x2340300	handler_value	-	-	-	0xFC95A0	0x0
encoding_tree_1	1105	0x2340310	key_handler	0x502	5	2	0xFC9A90	-
encoding_tree_1	1106	0x2340320	null_or_data	0x0	-	-	0x603	-
encoding_tree_1	1107	0x2340330	handler_value	-	-	-	0xFC8300	0x0
encoding_tree_1	1108	0x2340340	key_handler	0x504	5	4	0xFC8790	-
encoding_tree_1	1109	0x2340350	null_or_data	0x0	-	-	0x505	-
encoding_tree_1	1110	0x2340360	handler_value	-	-	-	0xFC8C50	0x0
encoding_tree_1	1112	0x2340380	key_handler	0xB00	11	0	0xF48AB0	-
encoding_tree_1	1113	0x2340390	null_or_data	0x0	-	-	0x501	-
encoding_tree_1	1114	0x23403A0	handler_value	-	-	-	0xF48F20	0x0
encoding_tree_1	1115	0x23403B0	key_handler	0x502	5	2	0xF493F0	-
encoding_tree_1	1116	0x23403C0	null_or_data	0x0	-	-	0x603	-
encoding_tree_1	1117	0x23403D0	handler_value	-	-	-	0xF47D00	0x0
encoding_tree_1	1118	0x23403E0	key_handler	0x504	5	4	0xF48170	-
encoding_tree_1	1119	0x23403F0	null_or_data	0x0	-	-	0x505	-
encoding_tree_1	1120	0x2340400	handler_value	-	-	-	0xF48610	0x0
encoding_tree_1	1122	0x2340420	key_handler	0xB00	11	0	0xF20720	-
encoding_tree_1	1123	0x2340430	null_or_data	0x0	-	-	0x501	-
encoding_tree_1	1124	0x2340440	handler_value	-	-	-	0xF20B90	0x0
encoding_tree_1	1125	0x2340450	key_handler	0x502	5	2	0xF21060	-
encoding_tree_1	1126	0x2340460	null_or_data	0x0	-	-	0x603	-
encoding_tree_1	1127	0x2340470	handler_value	-	-	-	0xF1F970	0x0
encoding_tree_1	1128	0x2340480	key_handler	0x504	5	4	0xF1FDE0	-
encoding_tree_1	1129	0x2340490	null_or_data	0x0	-	-	0x505	-
encoding_tree_1	1130	0x23404A0	handler_value	-	-	-	0xF20280	0x0
encoding_tree_1	1131	0x23404B0	key_handler	0xD06	13	6	0x1C19610	-
encoding_tree_1	1132	0x23404C0	null_or_data	0x0	-	-	0x507	-
encoding_tree_1	1133	0x23404D0	handler_value	-	-	-	0x1C19AB0	0x0
encoding_tree_1	1134	0x23404E0	key_handler	0x508	5	8	0x1C19F50	-
encoding_tree_1	1136	0x2340500	key_handler	0xB00	11	0	0xFA8490	-
encoding_tree_1	1137	0x2340510	null_or_data	0x0	-	-	0x501	-
encoding_tree_1	1138	0x2340520	handler_value	-	-	-	0xFA8900	0x0
encoding_tree_1	1139	0x2340530	key_handler	0x502	5	2	0xFA8DD0	-
encoding_tree_1	1140	0x2340540	null_or_data	0x0	-	-	0x603	-
encoding_tree_1	1141	0x2340550	handler_value	-	-	-	0xFA7240	0x0
encoding_tree_1	1142	0x2340560	key_handler	0x504	5	4	0xFA7B50	-
encoding_tree_1	1143	0x2340570	null_or_data	0x0	-	-	0x505	-
encoding_tree_1	1144	0x2340580	handler_value	-	-	-	0xFA7FF0	0x0
encoding_tree_1	1145	0x2340590	key_handler	0x706	7	6	0xFA76B0	-
encoding_tree_1	1146	0x23405A0	null_or_data	0x0	-	-	0x507	-
encoding_tree_1	1147	0x23405B0	handler_value	-	-	-	0x1075030	0x0
encoding_tree_1	1148	0x23405C0	key_handler	0x508	5	8	0x1074B90	-
encoding_tree_1	1150	0x23405E0	key_handler	0xB00	11	0	0xF9E230	-
encoding_tree_1	1151	0x23405F0	null_or_data	0x0	-	-	0x501	-
encoding_tree_1	1152	0x2340600	handler_value	-	-	-	0xF9E6A0	0x0
encoding_tree_1	1153	0x2340610	key_handler	0x502	5	2	0xF9EB70	-
encoding_tree_1	1154	0x2340620	null_or_data	0x0	-	-	0x603	-
encoding_tree_1	1155	0x2340630	handler_value	-	-	-	0xF9CFE0	0x0
encoding_tree_1	1156	0x2340640	key_handler	0x504	5	4	0xF9D8F0	-
encoding_tree_1	1157	0x2340650	null_or_data	0x0	-	-	0x505	-
encoding_tree_1	1158	0x2340660	handler_value	-	-	-	0xF9DD90	0x0
encoding_tree_1	1159	0x2340670	key_handler	0x706	7	6	0xF9D450	-
encoding_tree_1	1160	0x2340680	null_or_data	0x0	-	-	0x507	-
encoding_tree_1	1161	0x2340690	handler_value	-	-	-	0x1074250	0x0
encoding_tree_1	1162	0x23406A0	key_handler	0x508	5	8	0x10746F0	-
encoding_tree_1	1164	0x23406C0	key_handler	0x300	3	0	0xED2980	-
encoding_tree_1	1165	0x23406D0	null_or_data	0x0	-	-	0x301	-
encoding_tree_1	1166	0x23406E0	handler_value	-	-	-	0xECF0B0	0x0
encoding_tree_1	1167	0x23406F0	key_handler	0x302	3	2	0xECF5D0	-
encoding_tree_1	1168	0x2340700	null_or_data	0x0	-	-	0x303	-
encoding_tree_1	1169	0x2340710	handler_value	-	-	-	0xED2EA0	0x0
encoding_tree_1	1170	0x2340720	key_handler	0x304	3	4	0xECFB10	-
encoding_tree_1	1171	0x2340730	null_or_data	0x0	-	-	0x1905	-
encoding_tree_1	1172	0x2340740	handler_value	-	-	-	0xED0050	0x0
encoding_tree_1	1173	0x2340750	key_handler	0x306	3	6	0xED1A20	-
encoding_tree_1	1174	0x2340760	null_or_data	0x0	-	-	0x307	-
encoding_tree_1	1175	0x2340770	handler_value	-	-	-	0x1081060	0x0
encoding_tree_1	1176	0x2340780	key_handler	0x308	3	8	0xED1F20	-
encoding_tree_1	1177	0x2340790	null_or_data	0x0	-	-	0x1909	-
encoding_tree_1	1178	0x23407A0	handler_value	-	-	-	0xED2440	0x0
encoding_tree_1	1179	0x23407B0	key_handler	0x30A	3	10	0xECD6C0	-
encoding_tree_1	1180	0x23407C0	null_or_data	0x0	-	-	0x30B	-
encoding_tree_1	1181	0x23407D0	handler_value	-	-	-	0x1080B40	0x0
encoding_tree_1	1182	0x23407E0	key_handler	0x30C	3	12	0xECE100	-
encoding_tree_1	1183	0x23407F0	null_or_data	0x0	-	-	0x190D	-
encoding_tree_1	1184	0x2340800	handler_value	-	-	-	0xECDBC0	0x0
encoding_tree_1	1185	0x2340810	key_handler	0x190E	25	14	0x108D070	-
encoding_tree_1	1186	0x2340820	null_or_data	0x0	-	-	0x190F	-
encoding_tree_1	1187	0x2340830	handler_value	-	-	-	0xECE620	0x0
encoding_tree_1	1188	0x2340840	key_handler	0x1910	25	16	0xECEB70	-
encoding_tree_1	1189	0x2340850	null_or_data	0x0	-	-	0x1911	-
encoding_tree_1	1190	0x2340860	handler_value	-	-	-	0xED9340	0x0
encoding_tree_1	1191	0x2340870	key_handler	0x1912	25	18	0xED6900	-
encoding_tree_1	1192	0x2340880	null_or_data	0x0	-	-	0x1913	-
encoding_tree_1	1193	0x2340890	handler_value	-	-	-	0xED6E50	0x0
encoding_tree_1	1194	0x23408A0	key_handler	0x1914	25	20	0xED8380	-
encoding_tree_1	1195	0x23408B0	null_or_data	0x0	-	-	0x1915	-
encoding_tree_1	1196	0x23408C0	handler_value	-	-	-	0x10881A0	0x0
encoding_tree_1	1197	0x23408D0	key_handler	0x1916	25	22	0xED88A0	-
encoding_tree_1	1198	0x23408E0	null_or_data	0x0	-	-	0x1917	-
encoding_tree_1	1199	0x23408F0	handler_value	-	-	-	0xED8DE0	0x0
encoding_tree_1	1200	0x2340900	key_handler	0x1918	25	24	0xED4E70	-
encoding_tree_1	1201	0x2340910	null_or_data	0x0	-	-	0x1919	-
encoding_tree_1	1202	0x2340920	handler_value	-	-	-	0x1087720	0x0
encoding_tree_1	1203	0x2340930	key_handler	0x191A	25	26	0xED58F0	-
encoding_tree_1	1204	0x2340940	null_or_data	0x0	-	-	0x191B	-
encoding_tree_1	1205	0x2340950	handler_value	-	-	-	0xED5390	0x0
encoding_tree_1	1206	0x2340960	key_handler	0x191C	25	28	0x1091F40	-
encoding_tree_1	1207	0x2340970	null_or_data	0x0	-	-	0x191D	-
encoding_tree_1	1208	0x2340980	handler_value	-	-	-	0xED5E30	0x0
encoding_tree_1	1209	0x2340990	key_handler	0x191E	25	30	0xED63A0	-
encoding_tree_1	1210	0x23409A0	null_or_data	0x0	-	-	0x191F	-
encoding_tree_1	1211	0x23409B0	handler_value	-	-	-	0xED73C0	0x0
encoding_tree_1	1212	0x23409C0	key_handler	0x1920	25	32	0x1087C60	-
encoding_tree_1	1213	0x23409D0	null_or_data	0x0	-	-	0x1921	-
encoding_tree_1	1214	0x23409E0	handler_value	-	-	-	0xED78E0	0x0
encoding_tree_1	1215	0x23409F0	key_handler	0x1922	25	34	0xED7E20	-
encoding_tree_1	1216	0x2340A00	null_or_data	0x0	-	-	0x1923	-
encoding_tree_1	1217	0x2340A10	handler_value	-	-	-	0xED33E0	0x0
encoding_tree_1	1218	0x2340A20	key_handler	0x1924	25	36	0x10871E0	-
encoding_tree_1	1219	0x2340A30	null_or_data	0x0	-	-	0x1925	-
encoding_tree_1	1220	0x2340A40	handler_value	-	-	-	0xED3E60	0x0
encoding_tree_1	1221	0x2340A50	key_handler	0x1926	25	38	0xED3900	-
encoding_tree_1	1222	0x2340A60	null_or_data	0x0	-	-	0x1927	-
encoding_tree_1	1223	0x2340A70	handler_value	-	-	-	0x10924B0	0x0
encoding_tree_1	1224	0x2340A80	key_handler	0x1928	25	40	0xED43A0	-
encoding_tree_1	1225	0x2340A90	null_or_data	0x0	-	-	0x1929	-
encoding_tree_1	1226	0x2340AA0	handler_value	-	-	-	0xED4910	0x0
encoding_tree_1	1227	0x2340AB0	key_handler	0x32A	3	42	0xED05C0	-
encoding_tree_1	1228	0x2340AC0	null_or_data	0x0	-	-	0x32B	-
encoding_tree_1	1229	0x2340AD0	handler_value	-	-	-	0x1080100	0x0
encoding_tree_1	1230	0x2340AE0	key_handler	0x32C	3	44	0xED0AC0	-
encoding_tree_1	1231	0x2340AF0	null_or_data	0x0	-	-	0x192D	-
encoding_tree_1	1232	0x2340B00	handler_value	-	-	-	0xED0FE0	0x0
encoding_tree_1	1233	0x2340B10	key_handler	0x32E	3	46	0xECB290	-
encoding_tree_1	1234	0x2340B20	null_or_data	0x0	-	-	0x32F	-
encoding_tree_1	1235	0x2340B30	handler_value	-	-	-	0x1080620	0x0
encoding_tree_1	1236	0x2340B40	key_handler	0x330	3	48	0xECB790	-
encoding_tree_1	1237	0x2340B50	null_or_data	0x0	-	-	0x1931	-
encoding_tree_1	1238	0x2340B60	handler_value	-	-	-	0xECC1B0	0x0
encoding_tree_1	1239	0x2340B70	key_handler	0x1932	25	50	0x108D5C0	-
encoding_tree_1	1240	0x2340B80	null_or_data	0x0	-	-	0x1933	-
encoding_tree_1	1241	0x2340B90	handler_value	-	-	-	0xECC6F0	0x0
encoding_tree_1	1242	0x2340BA0	key_handler	0x1934	25	52	0xECD180	-
encoding_tree_1	1243	0x2340BB0	null_or_data	0x0	-	-	0x335	-
encoding_tree_1	1244	0x2340BC0	handler_value	-	-	-	0x107E2E0	0x0
encoding_tree_1	1245	0x2340BD0	key_handler	0x336	3	54	0xED1520	-
encoding_tree_1	1246	0x2340BE0	null_or_data	0x0	-	-	0x337	-
encoding_tree_1	1247	0x2340BF0	handler_value	-	-	-	0x107E7E0	0x0
encoding_tree_1	1248	0x2340C00	key_handler	0x338	3	56	0xECBCB0	-
encoding_tree_1	1249	0x2340C10	null_or_data	0x0	-	-	0x1939	-
encoding_tree_1	1250	0x2340C20	handler_value	-	-	-	0x1086CA0	0x0
encoding_tree_1	1251	0x2340C30	key_handler	0x193A	25	58	0xECCC40	-
encoding_tree_1	1252	0x2340C40	null_or_data	0x0	-	-	0x193B	-
encoding_tree_1	1253	0x2340C50	handler_value	-	-	-	0xEDAC30	0x0
encoding_tree_1	1254	0x2340C60	key_handler	0x33C	3	60	0xED9D50	-
encoding_tree_1	1255	0x2340C70	null_or_data	0x0	-	-	0x193D	-
encoding_tree_1	1256	0x2340C80	handler_value	-	-	-	0x17AF230	0x0
encoding_tree_1	1257	0x2340C90	key_handler	0x193E	25	62	0xEDB170	-
encoding_tree_1	1258	0x2340CA0	null_or_data	0x0	-	-	0x33F	-
encoding_tree_1	1259	0x2340CB0	handler_value	-	-	-	0x17AED30	0x0
encoding_tree_1	1260	0x2340CC0	key_handler	0x340	3	64	0xEDA230	-
encoding_tree_1	1261	0x2340CD0	null_or_data	0x0	-	-	0x1941	-
encoding_tree_1	1262	0x2340CE0	handler_value	-	-	-	0xEDA730	0x0
encoding_tree_1	1263	0x2340CF0	key_handler	0x1942	25	66	0xEDC0A0	-
encoding_tree_1	1264	0x2340D00	null_or_data	0x0	-	-	0x343	-
encoding_tree_1	1265	0x2340D10	handler_value	-	-	-	0xED9890	0x0
encoding_tree_1	1266	0x2340D20	key_handler	0x344	3	68	0xEDB6C0	-
encoding_tree_1	1267	0x2340D30	null_or_data	0x0	-	-	0x1945	-
encoding_tree_1	1268	0x2340D40	handler_value	-	-	-	0xEDC5E0	0x0
encoding_tree_1	1269	0x2340D50	key_handler	0x346	3	70	0xEDBBC0	-
encoding_tree_1	1272	0x2340D80	key_handler	0x1900	25	0	0x17D86E0	-
encoding_tree_1	1273	0x2340D90	null_or_data	0x0	-	-	0x1901	-
encoding_tree_1	1274	0x2340DA0	handler_value	-	-	-	0x17D8C50	0x0
encoding_tree_1	1275	0x2340DB0	key_handler	0x1902	25	2	0xF9F580	-
encoding_tree_1	1276	0x2340DC0	null_or_data	0x0	-	-	0x1903	-
encoding_tree_1	1277	0x2340DD0	handler_value	-	-	-	0xF9F040	0x0
encoding_tree_1	1278	0x2340DE0	key_handler	0x1904	25	4	0xFA1970	-
encoding_tree_1	1279	0x2340DF0	null_or_data	0x0	-	-	0x1905	-
encoding_tree_1	1280	0x2340E00	handler_value	-	-	-	0x108A120	0x0
encoding_tree_1	1281	0x2340E10	key_handler	0x1906	25	6	0xFA2390	-
encoding_tree_1	1282	0x2340E20	null_or_data	0x0	-	-	0x1907	-
encoding_tree_1	1283	0x2340E30	handler_value	-	-	-	0xFA28D0	0x0
encoding_tree_1	1284	0x2340E40	key_handler	0x1908	25	8	0xFA4740	-
encoding_tree_1	1285	0x2340E50	null_or_data	0x0	-	-	0x1909	-
encoding_tree_1	1286	0x2340E60	handler_value	-	-	-	0xFA3D50	0x0
encoding_tree_1	1287	0x2340E70	key_handler	0x190A	25	10	0x107F1F0	-
encoding_tree_1	1288	0x2340E80	null_or_data	0x0	-	-	0x190B	-
encoding_tree_1	1289	0x2340E90	handler_value	-	-	-	0xFA4240	0x0
encoding_tree_1	1290	0x2340EA0	key_handler	0x190C	25	12	0xFA1480	-
encoding_tree_1	1291	0x2340EB0	null_or_data	0x0	-	-	0x190D	-
encoding_tree_1	1292	0x2340EC0	handler_value	-	-	-	0x107F6F0	0x0
encoding_tree_1	1293	0x2340ED0	key_handler	0x190E	25	14	0xFA1E90	-
encoding_tree_1	1294	0x2340EE0	null_or_data	0x0	-	-	0x190F	-
encoding_tree_1	1295	0x2340EF0	handler_value	-	-	-	0xFA04E0	0x0
encoding_tree_1	1296	0x2340F00	key_handler	0x1910	25	16	0x108A660	-
encoding_tree_1	1297	0x2340F10	null_or_data	0x0	-	-	0x1911	-
encoding_tree_1	1298	0x2340F20	handler_value	-	-	-	0xFA0A00	0x0
encoding_tree_1	1299	0x2340F30	key_handler	0x1912	25	18	0xFA0F40	-
encoding_tree_1	1300	0x2340F40	null_or_data	0x0	-	-	0x1913	-
encoding_tree_1	1301	0x2340F50	handler_value	-	-	-	0xFA3810	0x0
encoding_tree_1	1302	0x2340F60	key_handler	0x1914	25	20	0xFA2E00	-
encoding_tree_1	1303	0x2340F70	null_or_data	0x0	-	-	0x1915	-
encoding_tree_1	1304	0x2340F80	handler_value	-	-	-	0x1081AA0	0x0
encoding_tree_1	1305	0x2340F90	key_handler	0x1916	25	22	0xFA3300	-
encoding_tree_1	1306	0x2340FA0	null_or_data	0x0	-	-	0x1917	-
encoding_tree_1	1307	0x2340FB0	handler_value	-	-	-	0xF9FAD0	0x0
encoding_tree_1	1308	0x2340FC0	key_handler	0x1918	25	24	0x1083410	-
encoding_tree_1	1309	0x2340FD0	null_or_data	0x0	-	-	0x1919	-
encoding_tree_1	1310	0x2340FE0	handler_value	-	-	-	0xF9FFD0	0x0
encoding_tree_1	1312	0x2341000	key_handler	0x500	5	0	0xFE0130	-
encoding_tree_1	1313	0x2341010	null_or_data	0x0	-	-	0x501	-
encoding_tree_1	1314	0x2341020	handler_value	-	-	-	0xFE05C0	0x0
encoding_tree_1	1315	0x2341030	key_handler	0x306	3	6	0xFE0F50	-
encoding_tree_1	1316	0x2341040	null_or_data	0x0	-	-	0x307	-
encoding_tree_1	1317	0x2341050	handler_value	-	-	-	0xFE0A50	0x0
encoding_tree_1	1318	0x2341060	key_handler	0xA00	10	0	0xFC1280	-
encoding_tree_1	1319	0x2341070	null_or_data	0x0	-	-	0x1201	-
encoding_tree_1	1320	0x2341080	handler_value	-	-	-	0xFC1BD0	0x0
encoding_tree_1	1321	0x2341090	key_handler	0xA02	10	2	0xFC1720	-
encoding_tree_1	1322	0x23410A0	null_or_data	0x0	-	-	0x1203	-
encoding_tree_1	1323	0x23410B0	handler_value	-	-	-	0xFC2090	0x0
encoding_tree_1	1324	0x23410C0	key_handler	0x30C	3	12	0xFC2A70	-
encoding_tree_1	1325	0x23410D0	null_or_data	0x0	-	-	0x30D	-
encoding_tree_1	1326	0x23410E0	handler_value	-	-	-	0xFC2550	0x0
encoding_tree_1	1327	0x23410F0	key_handler	0x160E	22	14	0xFC3EC0	-
encoding_tree_1	1328	0x2341100	null_or_data	0x0	-	-	0x160F	-
encoding_tree_1	1329	0x2341110	handler_value	-	-	-	0xFC3980	0x0
encoding_tree_1	1330	0x2341120	key_handler	0x310	3	16	0xFC3480	-
encoding_tree_1	1331	0x2341130	null_or_data	0x0	-	-	0x311	-
encoding_tree_1	1332	0x2341140	handler_value	-	-	-	0xFC2F70	0x0
encoding_tree_1	1333	0x2341150	key_handler	0x1612	22	18	0xFC4910	-
encoding_tree_1	1334	0x2341160	null_or_data	0x0	-	-	0x1613	-
encoding_tree_1	1335	0x2341170	handler_value	-	-	-	0xFC43E0	0x0
encoding_tree_1	1336	0x2341180	key_handler	0x500	5	0	0xF5ED70	-
encoding_tree_1	1337	0x2341190	null_or_data	0x0	-	-	0x303	-
encoding_tree_1	1338	0x23411A0	handler_value	-	-	-	0xF600C0	0x0
encoding_tree_1	1339	0x23411B0	key_handler	0x304	3	4	0xF5FBC0	-
encoding_tree_1	1340	0x23411C0	null_or_data	0x0	-	-	0x505	-
encoding_tree_1	1341	0x23411D0	handler_value	-	-	-	0xF5E900	0x0
encoding_tree_1	1342	0x23411E0	key_handler	0x308	3	8	0xF5F6F0	-
encoding_tree_1	1343	0x23411F0	null_or_data	0x0	-	-	0x309	-
encoding_tree_1	1344	0x2341200	handler_value	-	-	-	0xF5F200	0x0
encoding_tree_1	1346	0x2341220	key_handler	0x500	5	0	0xF23090	-
encoding_tree_1	1347	0x2341230	null_or_data	0x0	-	-	0x501	-
encoding_tree_1	1348	0x2341240	handler_value	-	-	-	0xF24EE0	0x0
encoding_tree_1	1349	0x2341250	key_handler	0x502	5	2	0xF22C70	-
encoding_tree_1	1350	0x2341260	null_or_data	0x0	-	-	0x503	-
encoding_tree_1	1351	0x2341270	handler_value	-	-	-	0xF22830	0x0
encoding_tree_1	1352	0x2341280	key_handler	0x504	5	4	0x1076B80	-
encoding_tree_1	1353	0x2341290	null_or_data	0x0	-	-	0x505	-
encoding_tree_1	1354	0x23412A0	handler_value	-	-	-	0x1076FC0	0x0
encoding_tree_1	1355	0x23412B0	key_handler	0x506	5	6	0xF24680	-
encoding_tree_1	1356	0x23412C0	null_or_data	0x0	-	-	0x507	-
encoding_tree_1	1357	0x23412D0	handler_value	-	-	-	0x1068360	0x0
encoding_tree_1	1358	0x23412E0	key_handler	0x508	5	8	0xF24AC0	-
encoding_tree_1	1359	0x23412F0	null_or_data	0x0	-	-	0x509	-
encoding_tree_1	1360	0x2341300	handler_value	-	-	-	0x106B1A0	0x0
encoding_tree_1	1361	0x2341310	key_handler	0xB0A	11	10	0xF23910	-
encoding_tree_1	1362	0x2341320	null_or_data	0x0	-	-	0x50B	-
encoding_tree_1	1363	0x2341330	handler_value	-	-	-	0xF234B0	0x0
encoding_tree_1	1364	0x2341340	key_handler	0x50C	5	12	0xF24240	-
encoding_tree_1	1365	0x2341350	null_or_data	0x0	-	-	0x50D	-
encoding_tree_1	1366	0x2341360	handler_value	-	-	-	0x10713F0	0x0
encoding_tree_1	1367	0x2341370	key_handler	0x50E	5	14	0xF23DC0	-
encoding_tree_1	1369	0x2341390	key_handler	0x300	3	0	0x17D2960	-
encoding_tree_1	1372	0x23413C0	key_handler	0x500	5	0	0xEE9230	-
encoding_tree_1	1373	0x23413D0	null_or_data	0x0	-	-	0x1E02	-
encoding_tree_1	1374	0x23413E0	handler_value	-	-	-	0xEE9690	0x0
encoding_tree_1	1375	0x23413F0	key_handler	0x503	5	3	0xEE9B50	-
encoding_tree_1	1376	0x2341400	null_or_data	0x0	-	-	0x1E05	-
encoding_tree_1	1377	0x2341410	handler_value	-	-	-	0xEE9FB0	0x0
encoding_tree_1	1378	0x2341420	key_handler	0x506	5	6	0xEDEA40	-
encoding_tree_1	1379	0x2341430	null_or_data	0x0	-	-	0xB07	-
encoding_tree_1	1380	0x2341440	handler_value	-	-	-	0xEDDCA0	0x0
encoding_tree_1	1381	0x2341450	key_handler	0x508	5	8	0xEDE130	-
encoding_tree_1	1382	0x2341460	null_or_data	0x0	-	-	0xB09	-
encoding_tree_1	1383	0x2341470	handler_value	-	-	-	0xEDE5B0	0x0
encoding_tree_1	1384	0x2341480	key_handler	0x30E	3	14	0xEDF360	-
encoding_tree_1	1385	0x2341490	null_or_data	0x0	-	-	0x160F	-
encoding_tree_1	1386	0x23414A0	handler_value	-	-	-	0xEDFCF0	0x0
encoding_tree_1	1387	0x23414B0	key_handler	0x310	3	16	0xEE0680	-
encoding_tree_1	1388	0x23414C0	null_or_data	0x0	-	-	0x1611	-
encoding_tree_1	1389	0x23414D0	handler_value	-	-	-	0xEE1010	0x0
encoding_tree_1	1390	0x23414E0	key_handler	0x212	2	18	0xEE2490	-
encoding_tree_1	1391	0x23414F0	null_or_data	0x0	-	-	0x1213	-
encoding_tree_1	1392	0x2341500	handler_value	-	-	-	0xEE3970	0x0
encoding_tree_1	1393	0x2341510	key_handler	0x214	2	20	0xEE4E20	-
encoding_tree_1	1394	0x2341520	null_or_data	0x0	-	-	0x1215	-
encoding_tree_1	1395	0x2341530	handler_value	-	-	-	0xEE6310	0x0
encoding_tree_1	1396	0x2341540	key_handler	0x31A	3	26	0xEE1A50	-
encoding_tree_1	1397	0x2341550	null_or_data	0x0	-	-	0x161B	-
encoding_tree_1	1398	0x2341560	handler_value	-	-	-	0xEE2EF0	0x0
encoding_tree_1	1399	0x2341570	key_handler	0x31C	3	28	0xEE43D0	-
encoding_tree_1	1400	0x2341580	null_or_data	0x0	-	-	0x161D	-
encoding_tree_1	1401	0x2341590	handler_value	-	-	-	0xEE5890	0x0
encoding_tree_1	1402	0x23415A0	key_handler	0x21E	2	30	0xEE1FA0	-
encoding_tree_1	1403	0x23415B0	null_or_data	0x0	-	-	0x121F	-
encoding_tree_1	1404	0x23415C0	handler_value	-	-	-	0xEE3460	0x0
encoding_tree_1	1405	0x23415D0	key_handler	0x220	2	32	0xEE4920	-
encoding_tree_1	1406	0x23415E0	null_or_data	0x0	-	-	0x1221	-
encoding_tree_1	1407	0x23415F0	handler_value	-	-	-	0xEE5E00	0x0
encoding_tree_1	1408	0x2341600	key_handler	0x326	3	38	0xEE1500	-
encoding_tree_1	1409	0x2341610	null_or_data	0x0	-	-	0x1627	-
encoding_tree_1	1410	0x2341620	handler_value	-	-	-	0xEE2980	0x0
encoding_tree_1	1411	0x2341630	key_handler	0x328	3	40	0xEE3E80	-
encoding_tree_1	1412	0x2341640	null_or_data	0x0	-	-	0x1629	-
encoding_tree_1	1413	0x2341650	handler_value	-	-	-	0xEE5320	0x0
encoding_tree_1	1414	0x2341660	key_handler	0x52A	5	42	0xEDD850	-
encoding_tree_1	1415	0x2341670	null_or_data	0x0	-	-	0xB2B	-
encoding_tree_1	1416	0x2341680	handler_value	-	-	-	0xEDCB10	0x0
encoding_tree_1	1417	0x2341690	key_handler	0x52C	5	44	0xEDCF80	-
encoding_tree_1	1418	0x23416A0	null_or_data	0x0	-	-	0xB2D	-
encoding_tree_1	1419	0x23416B0	handler_value	-	-	-	0xEDD3E0	0x0
encoding_tree_1	1420	0x23416C0	key_handler	0x332	3	50	0xEDEEB0	-
encoding_tree_1	1421	0x23416D0	null_or_data	0x0	-	-	0x1633	-
encoding_tree_1	1422	0x23416E0	handler_value	-	-	-	0xEDF830	0x0
encoding_tree_1	1423	0x23416F0	key_handler	0x334	3	52	0xEE01E0	-
encoding_tree_1	1424	0x2341700	null_or_data	0x0	-	-	0x1635	-
encoding_tree_1	1425	0x2341710	handler_value	-	-	-	0xEE0B50	0x0
encoding_tree_1	1426	0x2341720	key_handler	0x536	5	54	0xEE6820	-
encoding_tree_1	1427	0x2341730	null_or_data	0x0	-	-	0x537	-
encoding_tree_1	1428	0x2341740	handler_value	-	-	-	0xEE83D0	0x0
encoding_tree_1	1429	0x2341750	key_handler	0x538	5	56	0xEE7EF0	-
encoding_tree_1	1430	0x2341760	null_or_data	0x0	-	-	0x639	-
encoding_tree_1	1431	0x2341770	handler_value	-	-	-	0xEE8D60	0x0
encoding_tree_1	1432	0x2341780	key_handler	0x33A	3	58	0xEE8870	-
encoding_tree_1	1433	0x2341790	null_or_data	0x0	-	-	0x53B	-
encoding_tree_1	1434	0x23417A0	handler_value	-	-	-	0xEE6C40	0x0
encoding_tree_1	1435	0x23417B0	key_handler	0x53C	5	60	0xEE7A40	-
encoding_tree_1	1436	0x23417C0	null_or_data	0x0	-	-	0x63D	-
encoding_tree_1	1437	0x23417D0	handler_value	-	-	-	0xEE7590	0x0
encoding_tree_1	1438	0x23417E0	key_handler	0x33E	3	62	0xEE70C0	-
encoding_tree_1	1440	0x2341800	key_handler	0x500	5	0	0xFDE560	-
encoding_tree_1	1442	0x2341820	key_handler	0xA00	10	0	0xFA92A0	-
encoding_tree_1	1443	0x2341830	null_or_data	0x0	-	-	0x301	-
encoding_tree_1	1444	0x2341840	handler_value	-	-	-	0xFA9BD0	0x0
encoding_tree_1	1445	0x2341850	key_handler	0xA02	10	2	0xFAA500	-
encoding_tree_1	1446	0x2341860	null_or_data	0x0	-	-	0x303	-
encoding_tree_1	1447	0x2341870	handler_value	-	-	-	0xFA9730	0x0
encoding_tree_1	1448	0x2341880	key_handler	0xA04	10	4	0xFAA080	-
encoding_tree_1	1450	0x23418A0	key_handler	0x1E00	30	0	0x17E92B0	-
encoding_tree_1	1451	0x23418B0	null_or_data	0x0	-	-	0x501	-
encoding_tree_1	1452	0x23418C0	handler_value	-	-	-	0x17E8E60	0x0
encoding_tree_1	1454	0x23418E0	key_handler	0x200	2	0	0x1C117D0	-
encoding_tree_1	1455	0x23418F0	null_or_data	0x0	-	-	0x301	-
encoding_tree_1	1456	0x2341900	handler_value	-	-	-	0x1C12150	0x0
encoding_tree_1	1457	0x2341910	key_handler	0x202	2	2	0x1C12620	-
encoding_tree_1	1458	0x2341920	null_or_data	0x0	-	-	0x303	-
encoding_tree_1	1459	0x2341930	handler_value	-	-	-	0x1C11320	0x0
encoding_tree_1	1460	0x2341940	key_handler	0x204	2	4	0x1C11C90	-
encoding_tree_1	1462	0x2341960	key_handler	0x200	2	0	0x1C10010	-
encoding_tree_1	1463	0x2341970	null_or_data	0x0	-	-	0x301	-
encoding_tree_1	1464	0x2341980	handler_value	-	-	-	0x1C10990	0x0
encoding_tree_1	1465	0x2341990	key_handler	0x202	2	2	0x1C10E60	-
encoding_tree_1	1466	0x23419A0	null_or_data	0x0	-	-	0x303	-
encoding_tree_1	1467	0x23419B0	handler_value	-	-	-	0x1C0FB60	0x0
encoding_tree_1	1468	0x23419C0	key_handler	0x204	2	4	0x1C104D0	-
encoding_tree_1	1470	0x23419E0	key_handler	0x2300	35	0	0x1C24200	-
encoding_tree_1	1471	0x23419F0	null_or_data	0x0	-	-	0x1301	-
encoding_tree_1	1472	0x2341A00	handler_value	-	-	-	0x1C23B90	0x0
encoding_tree_1	1473	0x2341A10	key_handler	0x1302	19	2	0x1C24830	-
encoding_tree_1	1474	0x2341A20	null_or_data	0x0	-	-	0x203	-
encoding_tree_1	1475	0x2341A30	handler_value	-	-	-	0x1C24EA0	0x0
encoding_tree_1	1476	0x2341A40	key_handler	0x304	3	4	0x1C25330	-
encoding_tree_1	1477	0x2341A50	null_or_data	0x0	-	-	0x205	-
encoding_tree_1	1478	0x2341A60	handler_value	-	-	-	0x1C257E0	0x0
encoding_tree_1	1479	0x2341A70	key_handler	0x306	3	6	0x17D2E00	-
encoding_tree_1	1480	0x2341A80	null_or_data	0x0	-	-	0xA07	-
encoding_tree_1	1481	0x2341A90	handler_value	-	-	-	0x17D3940	0x0
encoding_tree_1	1482	0x2341AA0	key_handler	0xA08	10	8	0x17D3380	-
encoding_tree_1	1484	0x2341AC0	key_handler	0xA00	10	0	0xFDD360	-
encoding_tree_1	1486	0x2341AE0	key_handler	0x1300	19	0	0xFDCDC0	-
encoding_tree_1	1488	0x2341B00	key_handler	0xA00	10	0	0xFDC300	-
encoding_tree_1	1489	0x2341B10	null_or_data	0x0	-	-	0xA01	-
encoding_tree_1	1490	0x2341B20	handler_value	-	-	-	0xFDC870	0x0
encoding_tree_1	1492	0x2341B40	key_handler	0x500	5	0	0xFD9730	-
encoding_tree_1	1493	0x2341B50	null_or_data	0x0	-	-	0x1301	-
encoding_tree_1	1494	0x2341B60	handler_value	-	-	-	0xFD91F0	0x0
encoding_tree_1	1496	0x2341B80	key_handler	0x1300	19	0	0xFD8CA0	-
encoding_tree_1	1497	0x2341B90	null_or_data	0x0	-	-	0x1301	-
encoding_tree_1	1498	0x2341BA0	handler_value	-	-	-	0x1092F90	0x0
encoding_tree_1	1500	0x2341BC0	key_handler	0x2300	35	0	0x1C205A0	-
encoding_tree_1	1501	0x2341BD0	null_or_data	0x0	-	-	0x1301	-
encoding_tree_1	1502	0x2341BE0	handler_value	-	-	-	0x1C1FF30	0x0
encoding_tree_1	1503	0x2341BF0	key_handler	0x1302	19	2	0x1C20BD0	-
encoding_tree_1	1504	0x2341C00	null_or_data	0x0	-	-	0x203	-
encoding_tree_1	1505	0x2341C10	handler_value	-	-	-	0x1C21240	0x0
encoding_tree_1	1506	0x2341C20	key_handler	0x304	3	4	0x1C216D0	-
encoding_tree_1	1507	0x2341C30	null_or_data	0x0	-	-	0x205	-
encoding_tree_1	1508	0x2341C40	handler_value	-	-	-	0x1C21B80	0x0
encoding_tree_1	1509	0x2341C50	key_handler	0x306	3	6	0x17D0F40	-
encoding_tree_1	1510	0x2341C60	null_or_data	0x0	-	-	0xA07	-
encoding_tree_1	1511	0x2341C70	handler_value	-	-	-	0x17D1A80	0x0
encoding_tree_1	1512	0x2341C80	key_handler	0xA08	10	8	0x17D14C0	-
encoding_tree_1	1514	0x2341CA0	key_handler	0x1300	19	0	0xFD8740	-
encoding_tree_1	1516	0x2341CC0	key_handler	0x500	5	0	0x1070180	-
encoding_tree_1	1517	0x2341CD0	null_or_data	0x0	-	-	0x501	-
encoding_tree_1	1518	0x2341CE0	handler_value	-	-	-	0x1096D90	0x0
encoding_tree_1	1519	0x2341CF0	key_handler	0x502	5	2	0x1070610	-
encoding_tree_1	1520	0x2341D00	null_or_data	0x0	-	-	0x503	-
encoding_tree_1	1521	0x2341D10	handler_value	-	-	-	0x1097220	0x0
encoding_tree_1	1522	0x2341D20	key_handler	0x504	5	4	0x106EF40	-
encoding_tree_1	1523	0x2341D30	null_or_data	0x0	-	-	0x505	-
encoding_tree_1	1524	0x2341D40	handler_value	-	-	-	0x106DE00	0x0
encoding_tree_1	1525	0x2341D50	key_handler	0x506	5	6	0xF5E020	-
encoding_tree_1	1526	0x2341D60	null_or_data	0x0	-	-	0x507	-
encoding_tree_1	1527	0x2341D70	handler_value	-	-	-	0xF5E490	0x0
encoding_tree_1	1528	0x2341D80	key_handler	0x508	5	8	0xF5D700	-
encoding_tree_1	1529	0x2341D90	null_or_data	0x0	-	-	0x509	-
encoding_tree_1	1530	0x2341DA0	handler_value	-	-	-	0x10976B0	0x0
encoding_tree_1	1531	0x2341DB0	key_handler	0x50A	5	10	0xF5D260	-
encoding_tree_1	1532	0x2341DC0	null_or_data	0x0	-	-	0x50B	-
encoding_tree_1	1533	0x2341DD0	handler_value	-	-	-	0xF5DB90	0x0
encoding_tree_1	1534	0x2341DE0	key_handler	0x1900	25	0	0x17DC400	-
encoding_tree_1	1535	0x2341DF0	null_or_data	0x0	-	-	0x1901	-
encoding_tree_1	1536	0x2341E00	handler_value	-	-	-	0x17DC970	0x0
encoding_tree_1	1537	0x2341E10	key_handler	0x302	3	2	0xFD1FB0	-
encoding_tree_1	1538	0x2341E20	null_or_data	0x0	-	-	0x303	-
encoding_tree_1	1539	0x2341E30	handler_value	-	-	-	0xFD1AB0	0x0
encoding_tree_1	1540	0x2341E40	key_handler	0x1904	25	4	0xFD24D0	-
encoding_tree_1	1541	0x2341E50	null_or_data	0x0	-	-	0x1905	-
encoding_tree_1	1542	0x2341E60	handler_value	-	-	-	0x1081580	0x0
encoding_tree_1	1543	0x2341E70	key_handler	0x1906	25	6	0xFD3380	-
encoding_tree_1	1544	0x2341E80	null_or_data	0x0	-	-	0x1907	-
encoding_tree_1	1545	0x2341E90	handler_value	-	-	-	0xFD4270	0x0
encoding_tree_1	1546	0x2341EA0	key_handler	0x1908	25	8	0xFD51C0	-
encoding_tree_1	1547	0x2341EB0	null_or_data	0x0	-	-	0x1909	-
encoding_tree_1	1548	0x2341EC0	handler_value	-	-	-	0xFD47B0	0x0
encoding_tree_1	1549	0x2341ED0	key_handler	0x190A	25	10	0x10824C0	-
encoding_tree_1	1550	0x2341EE0	null_or_data	0x0	-	-	0x190B	-
encoding_tree_1	1551	0x2341EF0	handler_value	-	-	-	0xFD4CB0	0x0
encoding_tree_1	1552	0x2341F00	key_handler	0x190C	25	12	0xFD29D0	-
encoding_tree_1	1553	0x2341F10	null_or_data	0x0	-	-	0x190D	-
encoding_tree_1	1554	0x2341F20	handler_value	-	-	-	0x1081FB0	0x0
encoding_tree_1	1555	0x2341F30	key_handler	0x190E	25	14	0xFD38A0	-
encoding_tree_1	1556	0x2341F40	null_or_data	0x0	-	-	0x30F	-
encoding_tree_1	1557	0x2341F50	handler_value	-	-	-	0xFD5BC0	0x0
encoding_tree_1	1558	0x2341F60	key_handler	0x310	3	16	0xFD60A0	-
encoding_tree_1	1559	0x2341F70	null_or_data	0x0	-	-	0x311	-
encoding_tree_1	1560	0x2341F80	handler_value	-	-	-	0xFD5700	0x0
encoding_tree_1	1561	0x2341F90	key_handler	0x312	3	18	0xFCEA50	-
encoding_tree_1	1562	0x2341FA0	null_or_data	0x0	-	-	0x313	-
encoding_tree_1	1563	0x2341FB0	handler_value	-	-	-	0x107CA60	0x0
encoding_tree_1	1564	0x2341FC0	key_handler	0x314	3	20	0xFCEF20	-
encoding_tree_1	1565	0x2341FD0	null_or_data	0x0	-	-	0x1915	-
encoding_tree_1	1566	0x2341FE0	handler_value	-	-	-	0xFD06E0	0x0
encoding_tree_1	1567	0x2341FF0	key_handler	0x1916	25	22	0xFD15A0	-
encoding_tree_1	1568	0x2342000	null_or_data	0x0	-	-	0x317	-
encoding_tree_1	1569	0x2342010	handler_value	-	-	-	0xFD0BF0	0x0
encoding_tree_1	1570	0x2342020	key_handler	0x318	3	24	0x107C580	-
encoding_tree_1	1571	0x2342030	null_or_data	0x0	-	-	0x319	-
encoding_tree_1	1572	0x2342040	handler_value	-	-	-	0xFD10C0	0x0
encoding_tree_1	1573	0x2342050	key_handler	0x31A	3	26	0xFD69C0	-
encoding_tree_1	1574	0x2342060	null_or_data	0x0	-	-	0x191B	-
encoding_tree_1	1575	0x2342070	handler_value	-	-	-	0xFD7830	0x0
encoding_tree_1	1576	0x2342080	key_handler	0x31C	3	28	0xFD6540	-
encoding_tree_1	1577	0x2342090	null_or_data	0x0	-	-	0x31D	-
encoding_tree_1	1578	0x23420A0	handler_value	-	-	-	0xFD6E90	0x0
encoding_tree_1	1579	0x23420B0	key_handler	0x31E	3	30	0xFCF410	-
encoding_tree_1	1580	0x23420C0	null_or_data	0x0	-	-	0x31F	-
encoding_tree_1	1581	0x23420D0	handler_value	-	-	-	0x107D440	0x0
encoding_tree_1	1582	0x23420E0	key_handler	0x320	3	32	0xFCF8E0	-
encoding_tree_1	1583	0x23420F0	null_or_data	0x0	-	-	0x321	-
encoding_tree_1	1584	0x2342100	handler_value	-	-	-	0xFD2ED0	0x0
encoding_tree_1	1585	0x2342110	key_handler	0x322	3	34	0x1078230	-
encoding_tree_1	1586	0x2342120	null_or_data	0x0	-	-	0x323	-
encoding_tree_1	1587	0x2342130	handler_value	-	-	-	0xFD3DB0	0x0
encoding_tree_1	1588	0x2342140	key_handler	0x324	3	36	0x1071870	-
encoding_tree_1	1589	0x2342150	null_or_data	0x0	-	-	0x325	-
encoding_tree_1	1590	0x2342160	handler_value	-	-	-	0xFD7350	0x0
encoding_tree_1	1591	0x2342170	key_handler	0x326	3	38	0xFCFDC0	-
encoding_tree_1	1592	0x2342180	null_or_data	0x0	-	-	0x327	-
encoding_tree_1	1593	0x2342190	handler_value	-	-	-	0x106FCE0	0x0
encoding_tree_1	1594	0x23421A0	key_handler	0x328	3	40	0xFD0240	-
encoding_tree_1	1595	0x23421B0	null_or_data	0x0	-	-	0x1929	-
encoding_tree_1	1596	0x23421C0	handler_value	-	-	-	0x17DBE50	0x0
encoding_tree_1	1597	0x23421D0	key_handler	0x192A	25	42	0x180C1C0	-
encoding_tree_1	1598	0x23421E0	null_or_data	0x0	-	-	0x192B	-
encoding_tree_1	1599	0x23421F0	handler_value	-	-	-	0x180BC40	0x0
encoding_tree_1	1600	0x2342200	key_handler	0x192C	25	44	0x17DB8D0	-
encoding_tree_1	1602	0x2342220	key_handler	0x500	5	0	0xFC6CB0	-
encoding_tree_1	1603	0x2342230	null_or_data	0x0	-	-	0x301	-
encoding_tree_1	1604	0x2342240	handler_value	-	-	-	0xFC7120	0x0
encoding_tree_1	1605	0x2342250	key_handler	0x502	5	2	0xFC75B0	-
encoding_tree_1	1606	0x2342260	null_or_data	0x0	-	-	0x303	-
encoding_tree_1	1607	0x2342270	handler_value	-	-	-	0xFC7E80	0x0
encoding_tree_1	1608	0x2342280	key_handler	0x504	5	4	0xFC7A20	-
encoding_tree_1	1610	0x23422A0	key_handler	0x500	5	0	0xFC4E30	-
encoding_tree_1	1611	0x23422B0	null_or_data	0x0	-	-	0x301	-
encoding_tree_1	1612	0x23422C0	handler_value	-	-	-	0xFC5280	0x0
encoding_tree_1	1613	0x23422D0	key_handler	0x302	3	2	0xFC5B40	-
encoding_tree_1	1614	0x23422E0	null_or_data	0x0	-	-	0x503	-
encoding_tree_1	1615	0x23422F0	handler_value	-	-	-	0xFC56F0	0x0
encoding_tree_1	1616	0x2342300	key_handler	0x304	3	4	0xFC63F0	-
encoding_tree_1	1617	0x2342310	null_or_data	0x0	-	-	0x305	-
encoding_tree_1	1618	0x2342320	handler_value	-	-	-	0xFC6850	0x0
encoding_tree_1	1619	0x2342330	key_handler	0x506	5	6	0xFC5FB0	-
encoding_tree_1	1622	0x2342360	key_handler	0x200	2	0	0xFBEB80	-
encoding_tree_1	1623	0x2342370	null_or_data	0x0	-	-	0x301	-
encoding_tree_1	1624	0x2342380	handler_value	-	-	-	0xFBF060	0x0
encoding_tree_1	1625	0x2342390	key_handler	0x202	2	2	0xFBFA40	-
encoding_tree_1	1626	0x23423A0	null_or_data	0x0	-	-	0x303	-
encoding_tree_1	1627	0x23423B0	handler_value	-	-	-	0xFBF550	0x0
encoding_tree_1	1628	0x23423C0	key_handler	0x304	3	4	0xFC0D90	-
encoding_tree_1	1629	0x23423D0	null_or_data	0x0	-	-	0x205	-
encoding_tree_1	1630	0x23423E0	handler_value	-	-	-	0xFBFF10	0x0
encoding_tree_1	1631	0x23423F0	key_handler	0x306	3	6	0xFC08A0	-
encoding_tree_1	1632	0x2342400	null_or_data	0x0	-	-	0x207	-
encoding_tree_1	1633	0x2342410	handler_value	-	-	-	0xFC03E0	0x0
encoding_tree_1	1634	0x2342420	key_handler	0x500	5	0	0xFBD530	-
encoding_tree_1	1635	0x2342430	null_or_data	0x0	-	-	0x301	-
encoding_tree_1	1636	0x2342440	handler_value	-	-	-	0xFBD9A0	0x0
encoding_tree_1	1637	0x2342450	key_handler	0x502	5	2	0xFBDE30	-
encoding_tree_1	1638	0x2342460	null_or_data	0x0	-	-	0x303	-
encoding_tree_1	1639	0x2342470	handler_value	-	-	-	0xFBE700	0x0
encoding_tree_1	1640	0x2342480	key_handler	0x504	5	4	0xFBE2A0	-
encoding_tree_1	1642	0x23424A0	key_handler	0x700	7	0	0x1071D20	-
encoding_tree_1	1643	0x23424B0	null_or_data	0x0	-	-	0x701	-
encoding_tree_1	1644	0x23424C0	handler_value	-	-	-	0x10721E0	0x0
encoding_tree_1	1645	0x23424D0	key_handler	0x702	7	2	0xFA68C0	-
encoding_tree_1	1646	0x23424E0	null_or_data	0x0	-	-	0x703	-
encoding_tree_1	1647	0x23424F0	handler_value	-	-	-	0xFA6D80	0x0
encoding_tree_1	1648	0x2342500	key_handler	0x500	5	0	0xFA4C70	-
encoding_tree_1	1649	0x2342510	null_or_data	0x0	-	-	0x303	-
encoding_tree_1	1650	0x2342520	handler_value	-	-	-	0xFA5A40	0x0
encoding_tree_1	1651	0x2342530	key_handler	0x304	3	4	0xFA5550	-
encoding_tree_1	1652	0x2342540	null_or_data	0x0	-	-	0x505	-
encoding_tree_1	1653	0x2342550	handler_value	-	-	-	0x1C29580	0x0
encoding_tree_1	1654	0x2342560	key_handler	0x306	3	6	0x17D9670	-
encoding_tree_1	1655	0x2342570	null_or_data	0x0	-	-	0x307	-
encoding_tree_1	1656	0x2342580	handler_value	-	-	-	0x17D9B60	0x0
encoding_tree_1	1657	0x2342590	key_handler	0x508	5	8	0xFA50E0	-
encoding_tree_1	1658	0x23425A0	null_or_data	0x0	-	-	0x30B	-
encoding_tree_1	1659	0x23425B0	handler_value	-	-	-	0xFA63F0	0x0
encoding_tree_1	1660	0x23425C0	key_handler	0x30C	3	12	0xFA5F10	-
encoding_tree_1	1662	0x23425E0	key_handler	0x300	3	0	0xF30AD0	-
encoding_tree_1	1663	0x23425F0	null_or_data	0x0	-	-	0x301	-
encoding_tree_1	1664	0x2342600	handler_value	-	-	-	0x106BA50	0x0
encoding_tree_1	1665	0x2342610	key_handler	0x302	3	2	0xF30F30	-
encoding_tree_1	1668	0x2342640	key_handler	0x200	2	0	0xF9AFB0	-
encoding_tree_1	1669	0x2342650	null_or_data	0x0	-	-	0x301	-
encoding_tree_1	1670	0x2342660	handler_value	-	-	-	0xF9BD80	0x0
encoding_tree_1	1671	0x2342670	key_handler	0x202	2	2	0xF9C230	-
encoding_tree_1	1672	0x2342680	null_or_data	0x0	-	-	0x303	-
encoding_tree_1	1673	0x2342690	handler_value	-	-	-	0xF9B440	0x0
encoding_tree_1	1674	0x23426A0	key_handler	0x204	2	4	0xF9B8F0	-
encoding_tree_1	1675	0x23426B0	null_or_data	0x0	-	-	0x305	-
encoding_tree_1	1676	0x23426C0	handler_value	-	-	-	0xF9CB40	0x0
encoding_tree_1	1677	0x23426D0	key_handler	0x206	2	6	0xF9C6C0	-
encoding_tree_1	1680	0x2342700	key_handler	0x500	5	0	0xF99170	-
encoding_tree_1	1681	0x2342710	null_or_data	0x0	-	-	0x601	-
encoding_tree_1	1682	0x2342720	handler_value	-	-	-	0xF995C0	0x0
encoding_tree_1	1683	0x2342730	key_handler	0x502	5	2	0xF99A10	-
encoding_tree_1	1684	0x2342740	null_or_data	0x0	-	-	0x603	-
encoding_tree_1	1685	0x2342750	handler_value	-	-	-	0xF9A2B0	0x0
encoding_tree_1	1686	0x2342760	key_handler	0x504	5	4	0xF99E60	-
encoding_tree_1	1688	0x2342780	key_handler	0xB00	11	0	0xF98D40	-
encoding_tree_1	1690	0x23427A0	key_handler	0x200	2	0	0xF8D190	-
encoding_tree_1	1692	0x23427C0	key_handler	0x500	5	0	0xF8CD60	-
encoding_tree_1	1693	0x23427D0	null_or_data	0x0	-	-	0x501	-
encoding_tree_1	1694	0x23427E0	handler_value	-	-	-	0xF8BFF0	0x0
encoding_tree_1	1695	0x23427F0	key_handler	0x602	6	2	0xF8C460	-
encoding_tree_1	1696	0x2342800	null_or_data	0x0	-	-	0x503	-
encoding_tree_1	1697	0x2342810	handler_value	-	-	-	0xF8C8F0	0x0
encoding_tree_1	1698	0x2342820	key_handler	0x500	5	0	0xF8E3D0	-
encoding_tree_1	1699	0x2342830	null_or_data	0x0	-	-	0x301	-
encoding_tree_1	1700	0x2342840	handler_value	-	-	-	0xF8E840	0x0
encoding_tree_1	1701	0x2342850	key_handler	0x502	5	2	0xF8ECA0	-
encoding_tree_1	1702	0x2342860	null_or_data	0x0	-	-	0x303	-
encoding_tree_1	1703	0x2342870	handler_value	-	-	-	0xF907B0	0x0
encoding_tree_1	1704	0x2342880	key_handler	0x504	5	4	0xF90340	-
encoding_tree_1	1705	0x2342890	null_or_data	0x0	-	-	0x205	-
encoding_tree_1	1706	0x23428A0	handler_value	-	-	-	0xF8D560	0x0
encoding_tree_1	1707	0x23428B0	key_handler	0x306	3	6	0xF8DA40	-
encoding_tree_1	1708	0x23428C0	null_or_data	0x0	-	-	0x207	-
encoding_tree_1	1709	0x23428D0	handler_value	-	-	-	0xF8DF00	0x0
encoding_tree_1	1710	0x23428E0	key_handler	0x308	3	8	0xF8FE80	-
encoding_tree_1	1711	0x23428F0	null_or_data	0x0	-	-	0x209	-
encoding_tree_1	1712	0x2342900	handler_value	-	-	-	0xF8F9B0	0x0
encoding_tree_1	1713	0x2342910	key_handler	0x50A	5	10	0xF8F560	-
encoding_tree_1	1714	0x2342920	null_or_data	0x0	-	-	0x50B	-
encoding_tree_1	1715	0x2342930	handler_value	-	-	-	0xF8F110	0x0
encoding_tree_1	1716	0x2342940	key_handler	0x50C	5	12	0xF90C10	-
encoding_tree_1	1718	0x2342960	key_handler	0xA00	10	0	0xF4A850	-
encoding_tree_1	1719	0x2342970	null_or_data	0x0	-	-	0x301	-
encoding_tree_1	1720	0x2342980	handler_value	-	-	-	0xF4AD10	0x0
encoding_tree_1	1721	0x2342990	key_handler	0xA02	10	2	0xF4B1E0	-
encoding_tree_1	1722	0x23429A0	null_or_data	0x0	-	-	0x303	-
encoding_tree_1	1723	0x23429B0	handler_value	-	-	-	0xF4DA10	0x0
encoding_tree_1	1724	0x23429C0	key_handler	0xA04	10	4	0xF4D570	-
encoding_tree_1	1725	0x23429D0	null_or_data	0x0	-	-	0xA05	-
encoding_tree_1	1726	0x23429E0	handler_value	-	-	-	0xF498C0	0x0
encoding_tree_1	1727	0x23429F0	key_handler	0x306	3	6	0xF49DF0	-
encoding_tree_1	1728	0x2342A00	null_or_data	0x0	-	-	0xA07	-
encoding_tree_1	1729	0x2342A10	handler_value	-	-	-	0xF4A330	0x0
encoding_tree_1	1730	0x2342A20	key_handler	0x308	3	8	0xF4D040	-
encoding_tree_1	1731	0x2342A30	null_or_data	0x0	-	-	0xA09	-
encoding_tree_1	1732	0x2342A40	handler_value	-	-	-	0xF4CB30	0x0
encoding_tree_1	1733	0x2342A50	key_handler	0xA0A	10	10	0xF4B690	-
encoding_tree_1	1734	0x2342A60	null_or_data	0x0	-	-	0xA0B	-
encoding_tree_1	1735	0x2342A70	handler_value	-	-	-	0xF50810	0x0
encoding_tree_1	1736	0x2342A80	key_handler	0xA0C	10	12	0xF4F350	-
encoding_tree_1	1737	0x2342A90	null_or_data	0x0	-	-	0xA0D	-
encoding_tree_1	1738	0x2342AA0	handler_value	-	-	-	0xF512A0	0x0
encoding_tree_1	1739	0x2342AB0	key_handler	0xA0E	10	14	0xF51800	-
encoding_tree_1	1740	0x2342AC0	null_or_data	0x0	-	-	0xA0F	-
encoding_tree_1	1741	0x2342AD0	handler_value	-	-	-	0xF4C0E0	0x0
encoding_tree_1	1742	0x2342AE0	key_handler	0xA10	10	16	0xF50D60	-
encoding_tree_1	1743	0x2342AF0	null_or_data	0x0	-	-	0xA11	-
encoding_tree_1	1744	0x2342B00	handler_value	-	-	-	0xF4F8A0	0x0
encoding_tree_1	1745	0x2342B10	key_handler	0xA12	10	18	0xF4DED0	-
encoding_tree_1	1746	0x2342B20	null_or_data	0x0	-	-	0xA13	-
encoding_tree_1	1747	0x2342B30	handler_value	-	-	-	0xF531E0	0x0
encoding_tree_1	1748	0x2342B40	key_handler	0xA14	10	20	0xF52790	-
encoding_tree_1	1749	0x2342B50	null_or_data	0x0	-	-	0xA15	-
encoding_tree_1	1750	0x2342B60	handler_value	-	-	-	0xF53C30	0x0
encoding_tree_1	1751	0x2342B70	key_handler	0xA16	10	22	0xF4C620	-
encoding_tree_1	1752	0x2342B80	null_or_data	0x0	-	-	0xA17	-
encoding_tree_1	1753	0x2342B90	handler_value	-	-	-	0xF4FDF0	0x0
encoding_tree_1	1754	0x2342BA0	key_handler	0xA18	10	24	0xF4E920	-
encoding_tree_1	1755	0x2342BB0	null_or_data	0x0	-	-	0xA19	-
encoding_tree_1	1756	0x2342BC0	handler_value	-	-	-	0xF51D50	0x0
encoding_tree_1	1757	0x2342BD0	key_handler	0xA1A	10	26	0xF52270	-
encoding_tree_1	1758	0x2342BE0	null_or_data	0x0	-	-	0xA1B	-
encoding_tree_1	1759	0x2342BF0	handler_value	-	-	-	0xF4BBD0	0x0
encoding_tree_1	1760	0x2342C00	key_handler	0xA1C	10	28	0xF4E410	-
encoding_tree_1	1761	0x2342C10	null_or_data	0x0	-	-	0xA1D	-
encoding_tree_1	1762	0x2342C20	handler_value	-	-	-	0xF53720	0x0
encoding_tree_1	1763	0x2342C30	key_handler	0xA1E	10	30	0xF52CD0	-
encoding_tree_1	1764	0x2342C40	null_or_data	0x0	-	-	0xA1F	-
encoding_tree_1	1765	0x2342C50	handler_value	-	-	-	0xF50300	0x0
encoding_tree_1	1766	0x2342C60	key_handler	0xA20	10	32	0xF4EE40	-
encoding_tree_1	1767	0x2342C70	null_or_data	0x0	-	-	0xA21	-
encoding_tree_1	1768	0x2342C80	handler_value	-	-	-	0xF54170	0x0
encoding_tree_1	1770	0x2342CA0	key_handler	0x200	2	0	0xFECCB0	-
encoding_tree_1	1771	0x2342CB0	null_or_data	0x0	-	-	0xA01	-
encoding_tree_1	1772	0x2342CC0	handler_value	-	-	-	0xFEEB40	0x0
encoding_tree_1	1773	0x2342CD0	key_handler	0x302	3	2	0xFED630	-
encoding_tree_1	1774	0x2342CE0	null_or_data	0x0	-	-	0x303	-
encoding_tree_1	1775	0x2342CF0	handler_value	-	-	-	0xFEF560	0x0
encoding_tree_1	1776	0x2342D00	key_handler	0x204	2	4	0xFED170	-
encoding_tree_1	1777	0x2342D10	null_or_data	0x0	-	-	0xA05	-
encoding_tree_1	1778	0x2342D20	handler_value	-	-	-	0xFEF050	0x0
encoding_tree_1	1779	0x2342D30	key_handler	0x306	3	6	0xFF1300	-
encoding_tree_1	1780	0x2342D40	null_or_data	0x0	-	-	0x307	-
encoding_tree_1	1781	0x2342D50	handler_value	-	-	-	0xFF2760	0x0
encoding_tree_1	1782	0x2342D60	key_handler	0x208	2	8	0xFF0940	-
encoding_tree_1	1783	0x2342D70	null_or_data	0x0	-	-	0xA09	-
encoding_tree_1	1784	0x2342D80	handler_value	-	-	-	0xFF1D10	0x0
encoding_tree_1	1785	0x2342D90	key_handler	0xA0A	10	10	0xFEBD50	-
encoding_tree_1	1786	0x2342DA0	null_or_data	0x0	-	-	0xA0B	-
encoding_tree_1	1787	0x2342DB0	handler_value	-	-	-	0xFEDAE0	0x0
encoding_tree_1	1788	0x2342DC0	key_handler	0x30C	3	12	0xFEC7A0	-
encoding_tree_1	1789	0x2342DD0	null_or_data	0x0	-	-	0x30D	-
encoding_tree_1	1790	0x2342DE0	handler_value	-	-	-	0xFEE5E0	0x0
encoding_tree_1	1791	0x2342DF0	key_handler	0xA0E	10	14	0xFEC280	-
encoding_tree_1	1792	0x2342E00	null_or_data	0x0	-	-	0xA0F	-
encoding_tree_1	1793	0x2342E10	handler_value	-	-	-	0xFEE060	0x0
encoding_tree_1	1794	0x2342E20	key_handler	0x310	3	16	0xFF0DF0	-
encoding_tree_1	1795	0x2342E30	null_or_data	0x0	-	-	0x311	-
encoding_tree_1	1796	0x2342E40	handler_value	-	-	-	0xFF2210	0x0
encoding_tree_1	1797	0x2342E50	key_handler	0xA12	10	18	0xFF0420	-
encoding_tree_1	1798	0x2342E60	null_or_data	0x0	-	-	0xA13	-
encoding_tree_1	1799	0x2342E70	handler_value	-	-	-	0xFF17A0	0x0
encoding_tree_1	1800	0x2342E80	key_handler	0x214	2	20	0xFEFF40	-
encoding_tree_1	1801	0x2342E90	null_or_data	0x0	-	-	0x215	-
encoding_tree_1	1802	0x2342EA0	handler_value	-	-	-	0xFEFA60	0x0
encoding_tree_1	1803	0x2342EB0	key_handler	0x216	2	22	0xFF2C50	-
encoding_tree_1	1806	0x2342EE0	key_handler	0x200	2	0	0xF928C0	-
encoding_tree_1	1807	0x2342EF0	null_or_data	0x0	-	-	0xA01	-
encoding_tree_1	1808	0x2342F00	handler_value	-	-	-	0xF94750	0x0
encoding_tree_1	1809	0x2342F10	key_handler	0x302	3	2	0xF93240	-
encoding_tree_1	1810	0x2342F20	null_or_data	0x0	-	-	0x303	-
encoding_tree_1	1811	0x2342F30	handler_value	-	-	-	0xF95170	0x0
encoding_tree_1	1812	0x2342F40	key_handler	0x204	2	4	0xF92D80	-
encoding_tree_1	1813	0x2342F50	null_or_data	0x0	-	-	0xA05	-
encoding_tree_1	1814	0x2342F60	handler_value	-	-	-	0xF94C60	0x0
encoding_tree_1	1815	0x2342F70	key_handler	0x306	3	6	0xF96F10	-
encoding_tree_1	1816	0x2342F80	null_or_data	0x0	-	-	0x307	-
encoding_tree_1	1817	0x2342F90	handler_value	-	-	-	0xF98370	0x0
encoding_tree_1	1818	0x2342FA0	key_handler	0x208	2	8	0xF96550	-
encoding_tree_1	1819	0x2342FB0	null_or_data	0x0	-	-	0xA09	-
encoding_tree_1	1820	0x2342FC0	handler_value	-	-	-	0xF97920	0x0
encoding_tree_1	1821	0x2342FD0	key_handler	0xA0A	10	10	0xF91960	-
encoding_tree_1	1822	0x2342FE0	null_or_data	0x0	-	-	0xA0B	-
encoding_tree_1	1823	0x2342FF0	handler_value	-	-	-	0xF936F0	0x0
encoding_tree_1	1824	0x2343000	key_handler	0x30C	3	12	0xF923B0	-
encoding_tree_1	1825	0x2343010	null_or_data	0x0	-	-	0x30D	-
encoding_tree_1	1826	0x2343020	handler_value	-	-	-	0xF941F0	0x0
encoding_tree_1	1827	0x2343030	key_handler	0xA0E	10	14	0xF91E90	-
encoding_tree_1	1828	0x2343040	null_or_data	0x0	-	-	0xA0F	-
encoding_tree_1	1829	0x2343050	handler_value	-	-	-	0xF93C70	0x0
encoding_tree_1	1830	0x2343060	key_handler	0x310	3	16	0xF96A00	-
encoding_tree_1	1831	0x2343070	null_or_data	0x0	-	-	0x311	-
encoding_tree_1	1832	0x2343080	handler_value	-	-	-	0xF97E20	0x0
encoding_tree_1	1833	0x2343090	key_handler	0xA12	10	18	0xF96030	-
encoding_tree_1	1834	0x23430A0	null_or_data	0x0	-	-	0xA13	-
encoding_tree_1	1835	0x23430B0	handler_value	-	-	-	0xF973B0	0x0
encoding_tree_1	1836	0x23430C0	key_handler	0x214	2	20	0xF95B50	-
encoding_tree_1	1837	0x23430D0	null_or_data	0x0	-	-	0x215	-
encoding_tree_1	1838	0x23430E0	handler_value	-	-	-	0xF95670	0x0
encoding_tree_1	1839	0x23430F0	key_handler	0x216	2	22	0xF98860	-
encoding_tree_1	1842	0x2343120	key_handler	0x200	2	0	0xEC4E10	-
encoding_tree_1	1843	0x2343130	null_or_data	0x0	-	-	0xA01	-
encoding_tree_1	1844	0x2343140	handler_value	-	-	-	0xEC6CA0	0x0
encoding_tree_1	1845	0x2343150	key_handler	0x302	3	2	0xEC5790	-
encoding_tree_1	1846	0x2343160	null_or_data	0x0	-	-	0x303	-
encoding_tree_1	1847	0x2343170	handler_value	-	-	-	0xEC76C0	0x0
encoding_tree_1	1848	0x2343180	key_handler	0x204	2	4	0xEC52D0	-
encoding_tree_1	1849	0x2343190	null_or_data	0x0	-	-	0xA05	-
encoding_tree_1	1850	0x23431A0	handler_value	-	-	-	0xEC71B0	0x0
encoding_tree_1	1851	0x23431B0	key_handler	0x306	3	6	0xEC9460	-
encoding_tree_1	1852	0x23431C0	null_or_data	0x0	-	-	0x307	-
encoding_tree_1	1853	0x23431D0	handler_value	-	-	-	0xECA8C0	0x0
encoding_tree_1	1854	0x23431E0	key_handler	0x208	2	8	0xEC8AA0	-
encoding_tree_1	1855	0x23431F0	null_or_data	0x0	-	-	0xA09	-
encoding_tree_1	1856	0x2343200	handler_value	-	-	-	0xEC9E70	0x0
encoding_tree_1	1857	0x2343210	key_handler	0xA0A	10	10	0xEC3EB0	-
encoding_tree_1	1858	0x2343220	null_or_data	0x0	-	-	0xA0B	-
encoding_tree_1	1859	0x2343230	handler_value	-	-	-	0xEC5C40	0x0
encoding_tree_1	1860	0x2343240	key_handler	0x30C	3	12	0xEC4900	-
encoding_tree_1	1861	0x2343250	null_or_data	0x0	-	-	0x30D	-
encoding_tree_1	1862	0x2343260	handler_value	-	-	-	0xEC6740	0x0
encoding_tree_1	1863	0x2343270	key_handler	0xA0E	10	14	0xEC43E0	-
encoding_tree_1	1864	0x2343280	null_or_data	0x0	-	-	0xA0F	-
encoding_tree_1	1865	0x2343290	handler_value	-	-	-	0xEC61C0	0x0
encoding_tree_1	1866	0x23432A0	key_handler	0x310	3	16	0xEC8F50	-
encoding_tree_1	1867	0x23432B0	null_or_data	0x0	-	-	0x311	-
encoding_tree_1	1868	0x23432C0	handler_value	-	-	-	0xECA370	0x0
encoding_tree_1	1869	0x23432D0	key_handler	0xA12	10	18	0xEC8580	-
encoding_tree_1	1870	0x23432E0	null_or_data	0x0	-	-	0xA13	-
encoding_tree_1	1871	0x23432F0	handler_value	-	-	-	0xEC9900	0x0
encoding_tree_1	1872	0x2343300	key_handler	0x214	2	20	0xEC80A0	-
encoding_tree_1	1873	0x2343310	null_or_data	0x0	-	-	0x215	-
encoding_tree_1	1874	0x2343320	handler_value	-	-	-	0xEC7BC0	0x0
encoding_tree_1	1875	0x2343330	key_handler	0x216	2	22	0xECADB0	-
encoding_tree_1	1878	0x2343360	key_handler	0x900	9	0	0xF47440	-
encoding_tree_1	1879	0x2343370	null_or_data	0x0	-	-	0x901	-
encoding_tree_1	1880	0x2343380	handler_value	-	-	-	0xF478A0	0x0
encoding_tree_1	1882	0x23433A0	key_handler	0xA00	10	0	0xF40F80	-
encoding_tree_1	1883	0x23433B0	null_or_data	0x0	-	-	0x301	-
encoding_tree_1	1884	0x23433C0	handler_value	-	-	-	0xF41FE0	0x0
encoding_tree_1	1885	0x23433D0	key_handler	0x302	3	2	0xF41A80	-
encoding_tree_1	1886	0x23433E0	null_or_data	0x0	-	-	0xA03	-
encoding_tree_1	1887	0x23433F0	handler_value	-	-	-	0xF41500	0x0
encoding_tree_1	1888	0x2343400	key_handler	0x304	3	4	0xF43550	-
encoding_tree_1	1889	0x2343410	null_or_data	0x0	-	-	0x305	-
encoding_tree_1	1890	0x2343420	handler_value	-	-	-	0xF43AA0	0x0
encoding_tree_1	1891	0x2343430	key_handler	0xA06	10	6	0xF42FE0	-
encoding_tree_1	1892	0x2343440	null_or_data	0x0	-	-	0xA07	-
encoding_tree_1	1893	0x2343450	handler_value	-	-	-	0xF44F20	0x0
encoding_tree_1	1894	0x2343460	key_handler	0x308	3	8	0xF45A10	-
encoding_tree_1	1895	0x2343470	null_or_data	0x0	-	-	0xA09	-
encoding_tree_1	1896	0x2343480	handler_value	-	-	-	0xF454A0	0x0
encoding_tree_1	1897	0x2343490	key_handler	0x30A	3	10	0xF46EE0	-
encoding_tree_1	1898	0x23434A0	null_or_data	0x0	-	-	0xA0B	-
encoding_tree_1	1899	0x23434B0	handler_value	-	-	-	0xF46970	0x0
encoding_tree_1	1900	0x23434C0	key_handler	0xA0C	10	12	0xF3D2F0	-
encoding_tree_1	1901	0x23434D0	null_or_data	0x0	-	-	0x30D	-
encoding_tree_1	1902	0x23434E0	handler_value	-	-	-	0xF3E210	0x0
encoding_tree_1	1903	0x23434F0	key_handler	0x30E	3	14	0xF3DD10	-
encoding_tree_1	1904	0x2343500	null_or_data	0x0	-	-	0xA0F	-
encoding_tree_1	1905	0x2343510	handler_value	-	-	-	0xF3D800	0x0
encoding_tree_1	1906	0x2343520	key_handler	0x310	3	16	0xF3F5C0	-
encoding_tree_1	1907	0x2343530	null_or_data	0x0	-	-	0x311	-
encoding_tree_1	1908	0x2343540	handler_value	-	-	-	0xF3FAA0	0x0
encoding_tree_1	1909	0x2343550	key_handler	0xA12	10	18	0xF3F0C0	-
encoding_tree_1	1910	0x2343560	null_or_data	0x0	-	-	0xA13	-
encoding_tree_1	1911	0x2343570	handler_value	-	-	-	0xF44000	0x0
encoding_tree_1	1912	0x2343580	key_handler	0x314	3	20	0xF44A20	-
encoding_tree_1	1913	0x2343590	null_or_data	0x0	-	-	0xA15	-
encoding_tree_1	1914	0x23435A0	handler_value	-	-	-	0xF44510	0x0
encoding_tree_1	1915	0x23435B0	key_handler	0x316	3	22	0xF46480	-
encoding_tree_1	1916	0x23435C0	null_or_data	0x0	-	-	0xA17	-
encoding_tree_1	1917	0x23435D0	handler_value	-	-	-	0xF45F80	0x0
encoding_tree_1	1918	0x23435E0	key_handler	0xA18	10	24	0xF3FF90	-
encoding_tree_1	1919	0x23435F0	null_or_data	0x0	-	-	0x319	-
encoding_tree_1	1920	0x2343600	handler_value	-	-	-	0xF40A40	0x0
encoding_tree_1	1921	0x2343610	key_handler	0xA1A	10	26	0xF404F0	-
encoding_tree_1	1922	0x2343620	null_or_data	0x0	-	-	0x31B	-
encoding_tree_1	1923	0x2343630	handler_value	-	-	-	0xF42AA0	0x0
encoding_tree_1	1924	0x2343640	key_handler	0xA1C	10	28	0xF42550	-
encoding_tree_1	1925	0x2343650	null_or_data	0x0	-	-	0xA1D	-
encoding_tree_1	1926	0x2343660	handler_value	-	-	-	0xF3C440	0x0
encoding_tree_1	1927	0x2343670	key_handler	0x31E	3	30	0xF3CE20	-
encoding_tree_1	1928	0x2343680	null_or_data	0x0	-	-	0xA1F	-
encoding_tree_1	1929	0x2343690	handler_value	-	-	-	0xF3C930	0x0
encoding_tree_1	1930	0x23436A0	key_handler	0x320	3	32	0xF3EBF0	-
encoding_tree_1	1931	0x23436B0	null_or_data	0x0	-	-	0xA21	-
encoding_tree_1	1932	0x23436C0	handler_value	-	-	-	0xF3E710	0x0
encoding_tree_1	1933	0x23436D0	key_handler	0x500	5	0	0xFF3130	-
encoding_tree_1	1936	0x2343700	key_handler	0x500	5	0	0xF00D80	-
encoding_tree_1	1937	0x2343710	null_or_data	0x0	-	-	0x501	-
encoding_tree_1	1938	0x2343720	handler_value	-	-	-	0xEFACF0	0x0
encoding_tree_1	1939	0x2343730	key_handler	0x1302	19	2	0x17B3970	-
encoding_tree_1	1940	0x2343740	null_or_data	0x0	-	-	0x503	-
encoding_tree_1	1941	0x2343750	handler_value	-	-	-	0x17B2EA0	0x0
encoding_tree_1	1942	0x2343760	key_handler	0x1304	19	4	0x17B7850	-
encoding_tree_1	1943	0x2343770	null_or_data	0x0	-	-	0x507	-
encoding_tree_1	1944	0x2343780	handler_value	-	-	-	0x17B7330	0x0
encoding_tree_1	1945	0x2343790	key_handler	0x508	5	8	0xF01A70	-
encoding_tree_1	1946	0x23437A0	null_or_data	0x0	-	-	0x509	-
encoding_tree_1	1947	0x23437B0	handler_value	-	-	-	0xF01ED0	0x0
encoding_tree_1	1948	0x23437C0	key_handler	0x50A	5	10	0xF02360	-
encoding_tree_1	1949	0x23437D0	null_or_data	0x0	-	-	0x130D	-
encoding_tree_1	1950	0x23437E0	handler_value	-	-	-	0x17B5610	0x0
encoding_tree_1	1951	0x23437F0	key_handler	0x130E	19	14	0x17B5070	-
encoding_tree_1	1952	0x2343800	null_or_data	0x0	-	-	0x130F	-
encoding_tree_1	1953	0x2343810	handler_value	-	-	-	0xEFC180	0x0
encoding_tree_1	1954	0x2343820	key_handler	0x1312	19	18	0x17B61C0	-
encoding_tree_1	1955	0x2343830	null_or_data	0x0	-	-	0x1313	-
encoding_tree_1	1956	0x2343840	handler_value	-	-	-	0x17B5BF0	0x0
encoding_tree_1	1957	0x2343850	key_handler	0x1314	19	20	0xEFBBB0	-
encoding_tree_1	1958	0x2343860	null_or_data	0x0	-	-	0x515	-
encoding_tree_1	1959	0x2343870	handler_value	-	-	-	0xF011C0	0x0
encoding_tree_1	1960	0x2343880	key_handler	0x516	5	22	0xF01620	-
encoding_tree_1	1961	0x2343890	null_or_data	0x0	-	-	0x517	-
encoding_tree_1	1962	0x23438A0	handler_value	-	-	-	0xEF8FB0	0x0
encoding_tree_1	1963	0x23438B0	key_handler	0x1A18	26	24	0xEFA030	-
encoding_tree_1	1964	0x23438C0	null_or_data	0x0	-	-	0x2619	-
encoding_tree_1	1965	0x23438D0	handler_value	-	-	-	0xEFA680	0x0
encoding_tree_1	1966	0x23438E0	key_handler	0x1A1A	26	26	0x10AD700	-
encoding_tree_1	1967	0x23438F0	null_or_data	0x0	-	-	0x1A1B	-
encoding_tree_1	1968	0x2343900	handler_value	-	-	-	0xEF93D0	0x0
encoding_tree_1	1969	0x2343910	key_handler	0x1A1C	26	28	0x10AD0D0	-
encoding_tree_1	1970	0x2343920	null_or_data	0x0	-	-	0x1A1D	-
encoding_tree_1	1971	0x2343930	handler_value	-	-	-	0xEF9A00	0x0
encoding_tree_1	1972	0x2343940	key_handler	0x31E	3	30	0xEF8B00	-
encoding_tree_1	1973	0x2343950	null_or_data	0x0	-	-	0x31F	-
encoding_tree_1	1974	0x2343960	handler_value	-	-	-	0x1075D50	0x0
encoding_tree_1	1975	0x2343970	key_handler	0x520	5	32	0xF00510	-
encoding_tree_1	1976	0x2343980	null_or_data	0x0	-	-	0x521	-
encoding_tree_1	1977	0x2343990	handler_value	-	-	-	0xF00950	0x0
encoding_tree_1	1978	0x23439A0	key_handler	0x1322	19	34	0xEFD2E0	-
encoding_tree_1	1979	0x23439B0	null_or_data	0x0	-	-	0x1323	-
encoding_tree_1	1980	0x23439C0	handler_value	-	-	-	0xEFC790	0x0
encoding_tree_1	1981	0x23439D0	key_handler	0x1324	19	36	0x17B6D60	-
encoding_tree_1	1982	0x23439E0	null_or_data	0x0	-	-	0x1326	-
encoding_tree_1	1983	0x23439F0	handler_value	-	-	-	0x17B67D0	0x0
encoding_tree_1	1984	0x2343A00	key_handler	0x1328	19	40	0xEFCD20	-
encoding_tree_1	1985	0x2343A10	null_or_data	0x0	-	-	0x1329	-
encoding_tree_1	1986	0x2343A20	handler_value	-	-	-	0x17B3EF0	0x0
encoding_tree_1	1987	0x2343A30	key_handler	0x132A	19	42	0x17B33F0	-
encoding_tree_1	1988	0x2343A40	null_or_data	0x0	-	-	0x1331	-
encoding_tree_1	1989	0x2343A50	handler_value	-	-	-	0x17B4A70	0x0
encoding_tree_1	1990	0x2343A60	key_handler	0x1332	19	50	0x17B44B0	-
encoding_tree_1	1992	0x2343A80	key_handler	0x1900	25	0	0xF34220	-
encoding_tree_1	1993	0x2343A90	null_or_data	0x0	-	-	0x1901	-
encoding_tree_1	1994	0x2343AA0	handler_value	-	-	-	0xF33780	0x0
encoding_tree_1	1995	0x2343AB0	key_handler	0x1902	25	2	0x108F9E0	-
encoding_tree_1	1996	0x2343AC0	null_or_data	0x0	-	-	0x1903	-
encoding_tree_1	1997	0x2343AD0	handler_value	-	-	-	0xF33CC0	0x0
encoding_tree_1	1998	0x2343AE0	key_handler	0x304	3	4	0xF3A260	-
encoding_tree_1	1999	0x2343AF0	null_or_data	0x0	-	-	0x305	-
encoding_tree_1	2000	0x2343B00	handler_value	-	-	-	0xF3A6E0	0x0
encoding_tree_1	2001	0x2343B10	key_handler	0x306	3	6	0xF39DC0	-
encoding_tree_1	2002	0x2343B20	null_or_data	0x0	-	-	0x307	-
encoding_tree_1	2003	0x2343B30	handler_value	-	-	-	0xF39940	0x0
encoding_tree_1	2004	0x2343B40	key_handler	0x1908	25	8	0xF37760	-
encoding_tree_1	2005	0x2343B50	null_or_data	0x0	-	-	0x1909	-
encoding_tree_1	2006	0x2343B60	handler_value	-	-	-	0xF36C80	0x0
encoding_tree_1	2007	0x2343B70	key_handler	0x190A	25	10	0x1094D90	-
encoding_tree_1	2008	0x2343B80	null_or_data	0x0	-	-	0x190B	-
encoding_tree_1	2009	0x2343B90	handler_value	-	-	-	0xF371E0	0x0
encoding_tree_1	2010	0x2343BA0	key_handler	0x190C	25	12	0xF347A0	-
encoding_tree_1	2011	0x2343BB0	null_or_data	0x0	-	-	0x190D	-
encoding_tree_1	2012	0x2343BC0	handler_value	-	-	-	0x108FF40	0x0
encoding_tree_1	2013	0x2343BD0	key_handler	0x190E	25	14	0xF35710	-
encoding_tree_1	2014	0x2343BE0	null_or_data	0x0	-	-	0x190F	-
encoding_tree_1	2015	0x2343BF0	handler_value	-	-	-	0xF366E0	0x0
encoding_tree_1	2016	0x2343C00	key_handler	0x1910	25	16	0xF34CE0	-
encoding_tree_1	2017	0x2343C10	null_or_data	0x0	-	-	0x1911	-
encoding_tree_1	2018	0x2343C20	handler_value	-	-	-	0x1095310	0x0
encoding_tree_1	2019	0x2343C30	key_handler	0x1912	25	18	0xF35C70	-
encoding_tree_1	2020	0x2343C40	null_or_data	0x0	-	-	0x313	-
encoding_tree_1	2021	0x2343C50	handler_value	-	-	-	0xF381C0	0x0
encoding_tree_1	2022	0x2343C60	key_handler	0x314	3	20	0xF386A0	-
encoding_tree_1	2023	0x2343C70	null_or_data	0x0	-	-	0x315	-
encoding_tree_1	2024	0x2343C80	handler_value	-	-	-	0xF37D00	0x0
encoding_tree_1	2025	0x2343C90	key_handler	0x316	3	22	0xF313B0	-
encoding_tree_1	2026	0x2343CA0	null_or_data	0x0	-	-	0x317	-
encoding_tree_1	2027	0x2343CB0	handler_value	-	-	-	0x1085CF0	0x0
encoding_tree_1	2028	0x2343CC0	key_handler	0x318	3	24	0xF318C0	-
encoding_tree_1	2029	0x2343CD0	null_or_data	0x0	-	-	0x1919	-
encoding_tree_1	2030	0x2343CE0	handler_value	-	-	-	0xF33200	0x0
encoding_tree_1	2031	0x2343CF0	key_handler	0x31A	3	26	0xF39470	-
encoding_tree_1	2032	0x2343D00	null_or_data	0x0	-	-	0x191B	-
encoding_tree_1	2033	0x2343D10	handler_value	-	-	-	0xF3B530	0x0
encoding_tree_1	2034	0x2343D20	key_handler	0x31C	3	28	0xF38B40	-
encoding_tree_1	2035	0x2343D30	null_or_data	0x0	-	-	0x31D	-
encoding_tree_1	2036	0x2343D40	handler_value	-	-	-	0xF3AB80	0x0
encoding_tree_1	2037	0x2343D50	key_handler	0x191E	25	30	0xF31DF0	-
encoding_tree_1	2038	0x2343D60	null_or_data	0x0	-	-	0x191F	-
encoding_tree_1	2039	0x2343D70	handler_value	-	-	-	0x108F480	0x0
encoding_tree_1	2040	0x2343D80	key_handler	0x1920	25	32	0xF32330	-
encoding_tree_1	2041	0x2343D90	null_or_data	0x0	-	-	0x321	-
encoding_tree_1	2042	0x2343DA0	handler_value	-	-	-	0xF35240	0x0
encoding_tree_1	2043	0x2343DB0	key_handler	0x322	3	34	0x107CF50	-
encoding_tree_1	2044	0x2343DC0	null_or_data	0x0	-	-	0x323	-
encoding_tree_1	2045	0x2343DD0	handler_value	-	-	-	0xF361F0	0x0
encoding_tree_1	2046	0x2343DE0	key_handler	0x324	3	36	0xF38FC0	-
encoding_tree_1	2047	0x2343DF0	null_or_data	0x0	-	-	0x325	-
encoding_tree_1	2048	0x2343E00	handler_value	-	-	-	0xF3B040	0x0
encoding_tree_1	2049	0x2343E10	key_handler	0x326	3	38	0xF32890	-
encoding_tree_1	2050	0x2343E20	null_or_data	0x0	-	-	0x327	-
encoding_tree_1	2051	0x2343E30	handler_value	-	-	-	0x1077D70	0x0
encoding_tree_1	2052	0x2343E40	key_handler	0x328	3	40	0xF32D40	-
encoding_tree_1	2053	0x2343E50	null_or_data	0x0	-	-	0x192A	-
encoding_tree_1	2054	0x2343E60	handler_value	-	-	-	0x180EF50	0x0
encoding_tree_1	2055	0x2343E70	key_handler	0x192B	25	43	0x180E960	-
encoding_tree_1	2056	0x2343E80	null_or_data	0x0	-	-	0x192C	-
encoding_tree_1	2057	0x2343E90	handler_value	-	-	-	0x17D0930	0x0
encoding_tree_1	2058	0x2343EA0	key_handler	0x192D	25	45	0x17D0340	-
encoding_tree_1	2060	0x2343EC0	key_handler	0xB00	11	0	0xF914F0	-
encoding_tree_1	2061	0x2343ED0	null_or_data	0x0	-	-	0xB02	-
encoding_tree_1	2062	0x2343EE0	handler_value	-	-	-	0xF91060	0x0
encoding_tree_1	2064	0x2343F00	key_handler	0xA00	10	0	0x108C5E0	-
encoding_tree_1	2065	0x2343F10	null_or_data	0x0	-	-	0xA01	-
encoding_tree_1	2066	0x2343F20	handler_value	-	-	-	0x108BB60	0x0
encoding_tree_1	2067	0x2343F30	key_handler	0x302	3	2	0x108DB10	-
encoding_tree_1	2068	0x2343F40	null_or_data	0x0	-	-	0xA03	-
encoding_tree_1	2069	0x2343F50	handler_value	-	-	-	0x108C0A0	0x0
encoding_tree_1	2070	0x2343F60	key_handler	0xA04	10	4	0x1079590	-
encoding_tree_1	2071	0x2343F70	null_or_data	0x0	-	-	0xA05	-
encoding_tree_1	2072	0x2343F80	handler_value	-	-	-	0x1079F50	0x0
encoding_tree_1	2073	0x2343F90	key_handler	0x306	3	6	0x107B1E0	-
encoding_tree_1	2074	0x2343FA0	null_or_data	0x0	-	-	0xA07	-
encoding_tree_1	2075	0x2343FB0	handler_value	-	-	-	0x1079A70	0x0
encoding_tree_1	2076	0x2343FC0	key_handler	0xA08	10	8	0xF571D0	-
encoding_tree_1	2077	0x2343FD0	null_or_data	0x0	-	-	0x309	-
encoding_tree_1	2078	0x2343FE0	handler_value	-	-	-	0xF58160	0x0
encoding_tree_1	2079	0x2343FF0	key_handler	0xA0A	10	10	0xF58670	-
encoding_tree_1	2080	0x2344000	null_or_data	0x0	-	-	0x30B	-
encoding_tree_1	2081	0x2344010	handler_value	-	-	-	0xF57700	0x0
encoding_tree_1	2082	0x2344020	key_handler	0xA0C	10	12	0xF57C40	-
encoding_tree_1	2083	0x2344030	null_or_data	0x0	-	-	0x30D	-
encoding_tree_1	2084	0x2344040	handler_value	-	-	-	0xF5B3F0	0x0
encoding_tree_1	2085	0x2344050	key_handler	0x30E	3	14	0xF5B920	-
encoding_tree_1	2086	0x2344060	null_or_data	0x0	-	-	0xA0F	-
encoding_tree_1	2087	0x2344070	handler_value	-	-	-	0xF5AED0	0x0
encoding_tree_1	2088	0x2344080	key_handler	0x210	2	16	0xF54B30	-
encoding_tree_1	2089	0x2344090	null_or_data	0x0	-	-	0x311	-
encoding_tree_1	2090	0x23440A0	handler_value	-	-	-	0xF54680	0x0
encoding_tree_1	2091	0x23440B0	key_handler	0x212	2	18	0xF55980	-
encoding_tree_1	2092	0x23440C0	null_or_data	0x0	-	-	0x313	-
encoding_tree_1	2093	0x23440D0	handler_value	-	-	-	0xF54FF0	0x0
encoding_tree_1	2094	0x23440E0	key_handler	0x214	2	20	0xF554C0	-
encoding_tree_1	2095	0x23440F0	null_or_data	0x0	-	-	0x315	-
encoding_tree_1	2096	0x2344100	handler_value	-	-	-	0xF5A570	0x0
encoding_tree_1	2097	0x2344110	key_handler	0x316	3	22	0xF5AA30	-
encoding_tree_1	2098	0x2344120	null_or_data	0x0	-	-	0x217	-
encoding_tree_1	2099	0x2344130	handler_value	-	-	-	0xF5A0C0	0x0
encoding_tree_1	2100	0x2344140	key_handler	0xA18	10	24	0xF58B90	-
encoding_tree_1	2101	0x2344150	null_or_data	0x0	-	-	0xA19	-
encoding_tree_1	2102	0x2344160	handler_value	-	-	-	0xF59B80	0x0
encoding_tree_1	2103	0x2344170	key_handler	0x31A	3	26	0xF590E0	-
encoding_tree_1	2104	0x2344180	null_or_data	0x0	-	-	0xA1B	-
encoding_tree_1	2105	0x2344190	handler_value	-	-	-	0xF59640	0x0
encoding_tree_1	2106	0x23441A0	key_handler	0x31C	3	28	0xF5CD10	-
encoding_tree_1	2107	0x23441B0	null_or_data	0x0	-	-	0xA1D	-
encoding_tree_1	2108	0x23441C0	handler_value	-	-	-	0xF5C7D0	0x0
encoding_tree_1	2109	0x23441D0	key_handler	0xA1E	10	30	0xF55E40	-
encoding_tree_1	2110	0x23441E0	null_or_data	0x0	-	-	0xA1F	-
encoding_tree_1	2111	0x23441F0	handler_value	-	-	-	0xF56CF0	0x0
encoding_tree_1	2112	0x2344200	key_handler	0x320	3	32	0xF56320	-
encoding_tree_1	2113	0x2344210	null_or_data	0x0	-	-	0xA21	-
encoding_tree_1	2114	0x2344220	handler_value	-	-	-	0xF56810	0x0
encoding_tree_1	2115	0x2344230	key_handler	0x322	3	34	0xF5C2F0	-
encoding_tree_1	2116	0x2344240	null_or_data	0x0	-	-	0xA23	-
encoding_tree_1	2117	0x2344250	handler_value	-	-	-	0xF5BE20	0x0
encoding_tree_1	2118	0x2344260	key_handler	0x200	2	0	0x107BBC0	-
encoding_tree_1	2119	0x2344270	null_or_data	0x0	-	-	0x201	-
encoding_tree_1	2120	0x2344280	handler_value	-	-	-	0x107C0A0	0x0
encoding_tree_1	2121	0x2344290	key_handler	0x202	2	2	0xF1D820	-
encoding_tree_1	2122	0x23442A0	null_or_data	0x0	-	-	0x203	-
encoding_tree_1	2123	0x23442B0	handler_value	-	-	-	0xF1DD00	0x0
encoding_tree_1	2124	0x23442C0	key_handler	0x200	2	0	0xF1E1E0	-
encoding_tree_1	2125	0x23442D0	null_or_data	0x0	-	-	0x201	-
encoding_tree_1	2126	0x23442E0	handler_value	-	-	-	0xF1E6A0	0x0
encoding_tree_1	2128	0x2344300	key_handler	0x2700	39	0	0xEC0930	-
encoding_tree_1	2129	0x2344310	null_or_data	0x0	-	-	0xA01	-
encoding_tree_1	2130	0x2344320	handler_value	-	-	-	0x109B4F0	0x0
encoding_tree_1	2131	0x2344330	key_handler	0x702	7	2	0xEBE6D0	-
encoding_tree_1	2132	0x2344340	null_or_data	0x0	-	-	0xA03	-
encoding_tree_1	2133	0x2344350	handler_value	-	-	-	0x1083E40	0x0
encoding_tree_1	2134	0x2344360	key_handler	0xA04	10	4	0xEBEC10	-
encoding_tree_1	2135	0x2344370	null_or_data	0x0	-	-	0x305	-
encoding_tree_1	2136	0x2344380	handler_value	-	-	-	0xEBF7D0	0x0
encoding_tree_1	2137	0x2344390	key_handler	0xA06	10	6	0xEBF1F0	-
encoding_tree_1	2138	0x23443A0	null_or_data	0x0	-	-	0x307	-
encoding_tree_1	2139	0x23443B0	handler_value	-	-	-	0xEC0370	0x0
encoding_tree_1	2140	0x23443C0	key_handler	0xA08	10	8	0xEBFDA0	-
encoding_tree_1	2141	0x23443D0	null_or_data	0x0	-	-	0xA09	-
encoding_tree_1	2142	0x23443E0	handler_value	-	-	-	0xEBCD20	0x0
encoding_tree_1	2143	0x23443F0	key_handler	0x30A	3	10	0xEBD780	-
encoding_tree_1	2144	0x2344400	null_or_data	0x0	-	-	0xA0B	-
encoding_tree_1	2145	0x2344410	handler_value	-	-	-	0xEBD250	0x0
encoding_tree_1	2146	0x2344420	key_handler	0x30C	3	12	0xEBE1C0	-
encoding_tree_1	2147	0x2344430	null_or_data	0x0	-	-	0xA0D	-
encoding_tree_1	2148	0x2344440	handler_value	-	-	-	0xEBDCA0	0x0
encoding_tree_1	2150	0x2344460	key_handler	0x500	5	0	0xEB31E0	-
encoding_tree_1	2151	0x2344470	null_or_data	0x0	-	-	0x601	-
encoding_tree_1	2152	0x2344480	handler_value	-	-	-	0xEB3A30	0x0
encoding_tree_1	2153	0x2344490	key_handler	0x502	5	2	0xEB3610	-
encoding_tree_1	2156	0x23444C0	key_handler	0x1900	25	0	0xF6F990	-
encoding_tree_1	2157	0x23444D0	null_or_data	0x0	-	-	0x1901	-
encoding_tree_1	2158	0x23444E0	handler_value	-	-	-	0x108EF20	0x0
encoding_tree_1	2159	0x23444F0	key_handler	0x1902	25	2	0x10A9BF0	-
encoding_tree_1	2160	0x2344500	null_or_data	0x0	-	-	0x1903	-
encoding_tree_1	2161	0x2344510	handler_value	-	-	-	0x10A9170	0x0
encoding_tree_1	2162	0x2344520	key_handler	0x1904	25	4	0x10AABF0	-
encoding_tree_1	2163	0x2344530	null_or_data	0x0	-	-	0x1905	-
encoding_tree_1	2164	0x2344540	handler_value	-	-	-	0x10AA130	0x0
encoding_tree_1	2165	0x2344550	key_handler	0x1906	25	6	0x109DD30	-
encoding_tree_1	2166	0x2344560	null_or_data	0x0	-	-	0x1907	-
encoding_tree_1	2167	0x2344570	handler_value	-	-	-	0x109D370	0x0
encoding_tree_1	2168	0x2344580	key_handler	0x1908	25	8	0x10A26D0	-
encoding_tree_1	2169	0x2344590	null_or_data	0x0	-	-	0x1909	-
encoding_tree_1	2170	0x23445A0	handler_value	-	-	-	0x10A2BD0	0x0
encoding_tree_1	2171	0x23445B0	key_handler	0x190A	25	10	0x10A12D0	-
encoding_tree_1	2172	0x23445C0	null_or_data	0x0	-	-	0x190B	-
encoding_tree_1	2173	0x23445D0	handler_value	-	-	-	0x10A4ED0	0x0
encoding_tree_1	2174	0x23445E0	key_handler	0x190C	25	12	0x10A21D0	-
encoding_tree_1	2175	0x23445F0	null_or_data	0x0	-	-	0x190D	-
encoding_tree_1	2176	0x2344600	handler_value	-	-	-	0x10A53F0	0x0
encoding_tree_1	2177	0x2344610	key_handler	0x190E	25	14	0xF6AF70	-
encoding_tree_1	2178	0x2344620	null_or_data	0x0	-	-	0x190F	-
encoding_tree_1	2179	0x2344630	handler_value	-	-	-	0x10A96B0	0x0
encoding_tree_1	2180	0x2344640	key_handler	0x1910	25	16	0x10AA690	-
encoding_tree_1	2181	0x2344650	null_or_data	0x0	-	-	0x1911	-
encoding_tree_1	2182	0x2344660	handler_value	-	-	-	0xF6B4B0	0x0
encoding_tree_1	2183	0x2344670	key_handler	0x1912	25	18	0x109D850	-
encoding_tree_1	2184	0x2344680	null_or_data	0x0	-	-	0x1913	-
encoding_tree_1	2185	0x2344690	handler_value	-	-	-	0xF69230	0x0
encoding_tree_1	2186	0x23446A0	key_handler	0x1914	25	20	0xF69C10	-
encoding_tree_1	2187	0x23446B0	null_or_data	0x0	-	-	0x1915	-
encoding_tree_1	2188	0x23446C0	handler_value	-	-	-	0x10A1CD0	0x0
encoding_tree_1	2189	0x23446D0	key_handler	0x1916	25	22	0x10A17D0	-
encoding_tree_1	2190	0x23446E0	null_or_data	0x0	-	-	0x1917	-
encoding_tree_1	2191	0x23446F0	handler_value	-	-	-	0x10A5910	0x0
encoding_tree_1	2192	0x2344700	key_handler	0x1918	25	24	0xF69710	-
encoding_tree_1	2193	0x2344710	null_or_data	0x0	-	-	0x1919	-
encoding_tree_1	2194	0x2344720	handler_value	-	-	-	0xF6A110	0x0
encoding_tree_1	2195	0x2344730	key_handler	0x191A	25	26	0x1083920	-
encoding_tree_1	2196	0x2344740	null_or_data	0x0	-	-	0x51B	-
encoding_tree_1	2197	0x2344750	handler_value	-	-	-	0xF68DD0	0x0
encoding_tree_1	2198	0x2344760	key_handler	0x51C	5	28	0xF68510	-
encoding_tree_1	2199	0x2344770	null_or_data	0x0	-	-	0x191D	-
encoding_tree_1	2200	0x2344780	handler_value	-	-	-	0xF6BA10	0x0
encoding_tree_1	2201	0x2344790	key_handler	0x191E	25	30	0xF6BF10	-
encoding_tree_1	2202	0x23447A0	null_or_data	0x0	-	-	0x31F	-
encoding_tree_1	2203	0x23447B0	handler_value	-	-	-	0xF6A630	0x0
encoding_tree_1	2204	0x23447C0	key_handler	0x520	5	32	0xF68980	-
encoding_tree_1	2205	0x23447D0	null_or_data	0x0	-	-	0x1921	-
encoding_tree_1	2206	0x23447E0	handler_value	-	-	-	0xF6E410	0x0
encoding_tree_1	2207	0x23447F0	key_handler	0x1922	25	34	0xF6CEC0	-
encoding_tree_1	2208	0x2344800	null_or_data	0x0	-	-	0x1923	-
encoding_tree_1	2209	0x2344810	handler_value	-	-	-	0xF6C430	0x0
encoding_tree_1	2210	0x2344820	key_handler	0x1924	25	36	0xF6C980	-
encoding_tree_1	2211	0x2344830	null_or_data	0x0	-	-	0x1925	-
encoding_tree_1	2212	0x2344840	handler_value	-	-	-	0x108CB30	0x0
encoding_tree_1	2213	0x2344850	key_handler	0x1926	25	38	0x1086220	-
encoding_tree_1	2214	0x2344860	null_or_data	0x0	-	-	0x1927	-
encoding_tree_1	2215	0x2344870	handler_value	-	-	-	0xF6D400	0x0
encoding_tree_1	2216	0x2344880	key_handler	0x2128	33	40	0xF6DEA0	-
encoding_tree_1	2217	0x2344890	null_or_data	0x0	-	-	0x1929	-
encoding_tree_1	2218	0x23448A0	handler_value	-	-	-	0xF6D950	0x0
encoding_tree_1	2219	0x23448B0	key_handler	0x192A	25	42	0xF6E950	-
encoding_tree_1	2220	0x23448C0	null_or_data	0x0	-	-	0x212B	-
encoding_tree_1	2221	0x23448D0	handler_value	-	-	-	0xF6F410	0x0
encoding_tree_1	2222	0x23448E0	key_handler	0x192C	25	44	0xF6EEB0	-
encoding_tree_1	2223	0x23448F0	null_or_data	0x0	-	-	0x192D	-
encoding_tree_1	2224	0x2344900	handler_value	-	-	-	0x108E9D0	0x0
encoding_tree_1	2225	0x2344910	key_handler	0x192E	25	46	0x1086760	-
encoding_tree_1	2226	0x2344920	null_or_data	0x0	-	-	0x32F	-
encoding_tree_1	2227	0x2344930	handler_value	-	-	-	0xF6AAD0	0x0
encoding_tree_1	2228	0x2344940	key_handler	0x530	5	48	0x17D2040	-
encoding_tree_1	2229	0x2344950	null_or_data	0x0	-	-	0x331	-
encoding_tree_1	2230	0x2344960	handler_value	-	-	-	0x17D24A0	0x0
encoding_tree_1	2232	0x2344980	key_handler	0x1900	25	0	0xFAC680	-
encoding_tree_1	2233	0x2344990	null_or_data	0x0	-	-	0x1301	-
encoding_tree_1	2234	0x23449A0	handler_value	-	-	-	0xFAC0A0	0x0
encoding_tree_1	2235	0x23449B0	key_handler	0x1302	19	2	0xFACC20	-
encoding_tree_1	2236	0x23449C0	null_or_data	0x0	-	-	0x303	-
encoding_tree_1	2237	0x23449D0	handler_value	-	-	-	0xFAD760	0x0
encoding_tree_1	2238	0x23449E0	key_handler	0x504	5	4	0xFAD200	-
encoding_tree_1	2239	0x23449F0	null_or_data	0x0	-	-	0x505	-
encoding_tree_1	2240	0x2344A00	handler_value	-	-	-	0xFADC80	0x0
encoding_tree_1	2241	0x2344A10	key_handler	0x2306	35	6	0xFAE820	-
encoding_tree_1	2242	0x2344A20	null_or_data	0x0	-	-	0x1307	-
encoding_tree_1	2243	0x2344A30	handler_value	-	-	-	0xFAE1E0	0x0
encoding_tree_1	2244	0x2344A40	key_handler	0x1308	19	8	0xFAEE20	-
encoding_tree_1	2246	0x2344A60	key_handler	0x300	3	0	0xFCBBD0	-
encoding_tree_1	2247	0x2344A70	null_or_data	0x0	-	-	0x201	-
encoding_tree_1	2248	0x2344A80	handler_value	-	-	-	0xFCB670	0x0
encoding_tree_1	2249	0x2344A90	key_handler	0x202	2	2	0xFCC0F0	-
encoding_tree_1	2250	0x2344AA0	null_or_data	0x0	-	-	0x203	-
encoding_tree_1	2251	0x2344AB0	handler_value	-	-	-	0xFC9F80	0x0
encoding_tree_1	2252	0x2344AC0	key_handler	0x304	3	4	0xFCA410	-
encoding_tree_1	2253	0x2344AD0	null_or_data	0x0	-	-	0x205	-
encoding_tree_1	2254	0x2344AE0	handler_value	-	-	-	0xFCA8C0	0x0
encoding_tree_1	2255	0x2344AF0	key_handler	0x306	3	6	0xFCB1D0	-
encoding_tree_1	2256	0x2344B00	null_or_data	0x0	-	-	0x207	-
encoding_tree_1	2257	0x2344B10	handler_value	-	-	-	0xFCAD50	0x0
encoding_tree_1	2258	0x2344B20	key_handler	0x1900	25	0	0xFDB840	-
encoding_tree_1	2259	0x2344B30	null_or_data	0x0	-	-	0x1901	-
encoding_tree_1	2260	0x2344B40	handler_value	-	-	-	0x1092A20	0x0
encoding_tree_1	2261	0x2344B50	key_handler	0x1902	25	2	0xFDBD90	-
encoding_tree_1	2264	0x2344B80	key_handler	0xA00	10	0	0x1C22010	-
encoding_tree_1	2265	0x2344B90	null_or_data	0x0	-	-	0x301	-
encoding_tree_1	2266	0x2344BA0	handler_value	-	-	-	0x1C224C0	0x0
encoding_tree_1	2267	0x2344BB0	key_handler	0xA02	10	2	0x1C22980	-
encoding_tree_1	2268	0x2344BC0	null_or_data	0x0	-	-	0x303	-
encoding_tree_1	2269	0x2344BD0	handler_value	-	-	-	0xF71470	0x0
encoding_tree_1	2270	0x2344BE0	key_handler	0xA04	10	4	0xF70EE0	-
encoding_tree_1	2271	0x2344BF0	null_or_data	0x0	-	-	0xA05	-
encoding_tree_1	2272	0x2344C00	handler_value	-	-	-	0xF719B0	0x0
encoding_tree_1	2273	0x2344C10	key_handler	0x306	3	6	0xF70460	-
encoding_tree_1	2274	0x2344C20	null_or_data	0x0	-	-	0x507	-
encoding_tree_1	2275	0x2344C30	handler_value	-	-	-	0xF6FEF0	0x0
encoding_tree_1	2276	0x2344C40	key_handler	0x508	5	8	0xF70980	-
encoding_tree_1	2277	0x2344C50	null_or_data	0x0	-	-	0xD09	-
encoding_tree_1	2278	0x2344C60	handler_value	-	-	-	0xF73630	0x0
encoding_tree_1	2279	0x2344C70	key_handler	0x130A	19	10	0xF73030	-
encoding_tree_1	2280	0x2344C80	null_or_data	0x0	-	-	0x130B	-
encoding_tree_1	2281	0x2344C90	handler_value	-	-	-	0xF73C00	0x0
encoding_tree_1	2282	0x2344CA0	key_handler	0xD0C	13	12	0xF724F0	-
encoding_tree_1	2283	0x2344CB0	null_or_data	0x0	-	-	0x50D	-
encoding_tree_1	2284	0x2344CC0	handler_value	-	-	-	0xF71F30	0x0
encoding_tree_1	2285	0x2344CD0	key_handler	0x50E	5	14	0xF72A80	-
encoding_tree_1	2286	0x2344CE0	null_or_data	0x0	-	-	0x50F	-
encoding_tree_1	2287	0x2344CF0	handler_value	-	-	-	0x1C22E20	0x0
encoding_tree_1	2288	0x2344D00	key_handler	0x310	3	16	0x1C23290	-
encoding_tree_1	2289	0x2344D10	null_or_data	0x0	-	-	0x511	-
encoding_tree_1	2290	0x2344D20	handler_value	-	-	-	0x1C23720	0x0
encoding_tree_1	2292	0x2344D40	key_handler	0xA00	10	0	0x1C1E3B0	-
encoding_tree_1	2293	0x2344D50	null_or_data	0x0	-	-	0x301	-
encoding_tree_1	2294	0x2344D60	handler_value	-	-	-	0x1C1E860	0x0
encoding_tree_1	2295	0x2344D70	key_handler	0xA02	10	2	0x1C1ED20	-
encoding_tree_1	2296	0x2344D80	null_or_data	0x0	-	-	0x303	-
encoding_tree_1	2297	0x2344D90	handler_value	-	-	-	0xF61B30	0x0
encoding_tree_1	2298	0x2344DA0	key_handler	0xA04	10	4	0xF615A0	-
encoding_tree_1	2299	0x2344DB0	null_or_data	0x0	-	-	0xA05	-
encoding_tree_1	2300	0x2344DC0	handler_value	-	-	-	0xF62070	0x0
encoding_tree_1	2301	0x2344DD0	key_handler	0x306	3	6	0xF60B20	-
encoding_tree_1	2302	0x2344DE0	null_or_data	0x0	-	-	0x507	-
encoding_tree_1	2303	0x2344DF0	handler_value	-	-	-	0xF605B0	0x0
encoding_tree_1	2304	0x2344E00	key_handler	0x508	5	8	0xF61040	-
encoding_tree_1	2305	0x2344E10	null_or_data	0x0	-	-	0xD09	-
encoding_tree_1	2306	0x2344E20	handler_value	-	-	-	0xF63CF0	0x0
encoding_tree_1	2307	0x2344E30	key_handler	0x130A	19	10	0xF636F0	-
encoding_tree_1	2308	0x2344E40	null_or_data	0x0	-	-	0x130B	-
encoding_tree_1	2309	0x2344E50	handler_value	-	-	-	0xF642C0	0x0
encoding_tree_1	2310	0x2344E60	key_handler	0xD0C	13	12	0xF62BB0	-
encoding_tree_1	2311	0x2344E70	null_or_data	0x0	-	-	0x50D	-
encoding_tree_1	2312	0x2344E80	handler_value	-	-	-	0xF625F0	0x0
encoding_tree_1	2313	0x2344E90	key_handler	0x50E	5	14	0xF63140	-
encoding_tree_1	2314	0x2344EA0	null_or_data	0x0	-	-	0x50F	-
encoding_tree_1	2315	0x2344EB0	handler_value	-	-	-	0x1C1F1C0	0x0
encoding_tree_1	2316	0x2344EC0	key_handler	0x310	3	16	0x1C1F630	-
encoding_tree_1	2317	0x2344ED0	null_or_data	0x0	-	-	0x511	-
encoding_tree_1	2318	0x2344EE0	handler_value	-	-	-	0x1C1FAC0	0x0
encoding_tree_1	2320	0x2344F00	key_handler	0x500	5	0	0xEEA470	-
encoding_tree_1	2321	0x2344F10	null_or_data	0x0	-	-	0x301	-
encoding_tree_1	2322	0x2344F20	handler_value	-	-	-	0xEEA900	0x0
encoding_tree_1	2323	0x2344F30	key_handler	0x502	5	2	0xEEAD80	-
encoding_tree_1	2324	0x2344F40	null_or_data	0x0	-	-	0x303	-
encoding_tree_1	2325	0x2344F50	handler_value	-	-	-	0xEEB6A0	0x0
encoding_tree_1	2326	0x2344F60	key_handler	0x504	5	4	0xEEB210	-
encoding_tree_1	2328	0x2344F80	key_handler	0x300	3	0	0xF21E50	-
encoding_tree_1	2329	0x2344F90	null_or_data	0x0	-	-	0x501	-
encoding_tree_1	2330	0x2344FA0	handler_value	-	-	-	0xF21940	0x0
encoding_tree_1	2331	0x2344FB0	key_handler	0x502	5	2	0xF22320	-
encoding_tree_1	2334	0x2344FE0	key_handler	0x200	2	0	0xF02C30	-
encoding_tree_1	2335	0x2344FF0	null_or_data	0x0	-	-	0x501	-
encoding_tree_1	2336	0x2345000	handler_value	-	-	-	0xF027E0	0x0
encoding_tree_1	2337	0x2345010	key_handler	0x2	0	2	0xF030D0	-
encoding_tree_1	2340	0x2345040	key_handler	0xB00	11	0	0x1072B60	-
encoding_tree_1	2341	0x2345050	null_or_data	0x0	-	-	0x2201	-
encoding_tree_1	2342	0x2345060	handler_value	-	-	-	0x10852C0	0x0
encoding_tree_1	2343	0x2345070	key_handler	0x2202	34	2	0x1084DB0	-
encoding_tree_1	2344	0x2345080	null_or_data	0x0	-	-	0xB03	-
encoding_tree_1	2345	0x2345090	handler_value	-	-	-	0x1098E00	0x0
encoding_tree_1	2346	0x23450A0	key_handler	0x2204	34	4	0x10A7CF0	-
encoding_tree_1	2347	0x23450B0	null_or_data	0x0	-	-	0x2205	-
encoding_tree_1	2348	0x23450C0	handler_value	-	-	-	0x10A8730	0x0
encoding_tree_1	2349	0x23450D0	key_handler	0x306	3	6	0x108E520	-
encoding_tree_1	2350	0x23450E0	null_or_data	0x0	-	-	0x507	-
encoding_tree_1	2351	0x23450F0	handler_value	-	-	-	0x109E6F0	0x0
encoding_tree_1	2352	0x2345100	key_handler	0x508	5	8	0x109F0B0	-
encoding_tree_1	2353	0x2345110	null_or_data	0x0	-	-	0x709	-
encoding_tree_1	2354	0x2345120	handler_value	-	-	-	0x1095D80	0x0
encoding_tree_1	2355	0x2345130	key_handler	0x50A	5	10	0x10A0430	-
encoding_tree_1	2356	0x2345140	null_or_data	0x0	-	-	0x50B	-
encoding_tree_1	2357	0x2345150	handler_value	-	-	-	0x109FA70	0x0
encoding_tree_1	2358	0x2345160	key_handler	0x50C	5	12	0x17BC360	-
encoding_tree_1	2359	0x2345170	null_or_data	0x0	-	-	0x190D	-
encoding_tree_1	2360	0x2345180	handler_value	-	-	-	0x17BD3A0	0x0
encoding_tree_1	2361	0x2345190	key_handler	0x50E	5	14	0x17BD920	-
encoding_tree_1	2362	0x23451A0	null_or_data	0x0	-	-	0x190F	-
encoding_tree_1	2363	0x23451B0	handler_value	-	-	-	0x17BC8C0	0x0
encoding_tree_1	2364	0x23451C0	key_handler	0x510	5	16	0x17BCE40	-
encoding_tree_1	2365	0x23451D0	null_or_data	0x0	-	-	0x511	-
encoding_tree_1	2366	0x23451E0	handler_value	-	-	-	0x17BA840	0x0
encoding_tree_1	2367	0x23451F0	key_handler	0x1912	25	18	0x17BB880	-
encoding_tree_1	2368	0x2345200	null_or_data	0x0	-	-	0x513	-
encoding_tree_1	2369	0x2345210	handler_value	-	-	-	0x17BBE00	0x0
encoding_tree_1	2370	0x2345220	key_handler	0x1914	25	20	0x17BADA0	-
encoding_tree_1	2371	0x2345230	null_or_data	0x0	-	-	0x515	-
encoding_tree_1	2372	0x2345240	handler_value	-	-	-	0x17BB320	0x0
encoding_tree_1	2373	0x2345250	key_handler	0x516	5	22	0x17B8C00	-
encoding_tree_1	2374	0x2345260	null_or_data	0x0	-	-	0x317	-
encoding_tree_1	2375	0x2345270	handler_value	-	-	-	0x17B90A0	0x0
encoding_tree_1	2376	0x2345280	key_handler	0x518	5	24	0x17B9550	-
encoding_tree_1	2377	0x2345290	null_or_data	0x0	-	-	0x1919	-
encoding_tree_1	2378	0x23452A0	handler_value	-	-	-	0xF07980	0x0
encoding_tree_1	2379	0x23452B0	key_handler	0x51A	5	26	0xF07460	-
encoding_tree_1	2380	0x23452C0	null_or_data	0x0	-	-	0x191B	-
encoding_tree_1	2381	0x23452D0	handler_value	-	-	-	0xF083E0	0x0
encoding_tree_1	2382	0x23452E0	key_handler	0x51C	5	28	0xF08920	-
encoding_tree_1	2383	0x23452F0	null_or_data	0x0	-	-	0x51D	-
encoding_tree_1	2384	0x2345300	handler_value	-	-	-	0xF07EC0	0x0
encoding_tree_1	2385	0x2345310	key_handler	0x51E	5	30	0xF0D100	-
encoding_tree_1	2386	0x2345320	null_or_data	0x0	-	-	0x51F	-
encoding_tree_1	2387	0x2345330	handler_value	-	-	-	0xF0D590	0x0
encoding_tree_1	2388	0x2345340	key_handler	0x520	5	32	0xF0DA20	-
encoding_tree_1	2389	0x2345350	null_or_data	0x0	-	-	0x521	-
encoding_tree_1	2390	0x2345360	handler_value	-	-	-	0xF0E320	0x0
encoding_tree_1	2391	0x2345370	key_handler	0x522	5	34	0x1091AD0	-
encoding_tree_1	2392	0x2345380	null_or_data	0x0	-	-	0x523	-
encoding_tree_1	2393	0x2345390	handler_value	-	-	-	0x1090910	0x0
encoding_tree_1	2394	0x23453A0	key_handler	0x524	5	36	0xF16A30	-
encoding_tree_1	2395	0x23453B0	null_or_data	0x0	-	-	0x525	-
encoding_tree_1	2396	0x23453C0	handler_value	-	-	-	0xF16EC0	0x0
encoding_tree_1	2397	0x23453D0	key_handler	0x626	6	38	0x1094900	-
encoding_tree_1	2398	0x23453E0	null_or_data	0x0	-	-	0x727	-
encoding_tree_1	2399	0x23453F0	handler_value	-	-	-	0x1099770	0x0
encoding_tree_1	2400	0x2345400	key_handler	0x628	6	40	0xF0DE90	-
encoding_tree_1	2401	0x2345410	null_or_data	0x0	-	-	0x729	-
encoding_tree_1	2402	0x2345420	handler_value	-	-	-	0xF0E790	0x0
encoding_tree_1	2403	0x2345430	key_handler	0xB2A	11	42	0x1098950	-
encoding_tree_1	2404	0x2345440	null_or_data	0x0	-	-	0x222B	-
encoding_tree_1	2405	0x2345450	handler_value	-	-	-	0x10A77D0	0x0
encoding_tree_1	2406	0x2345460	key_handler	0x222C	34	44	0x10A8210	-
encoding_tree_1	2407	0x2345470	null_or_data	0x0	-	-	0xB2D	-
encoding_tree_1	2408	0x2345480	handler_value	-	-	-	0xF12F40	0x0
encoding_tree_1	2409	0x2345490	key_handler	0x222E	34	46	0xF12A30	-
encoding_tree_1	2410	0x23454A0	null_or_data	0x0	-	-	0x222F	-
encoding_tree_1	2411	0x23454B0	handler_value	-	-	-	0xF133F0	0x0
encoding_tree_1	2412	0x23454C0	key_handler	0x330	3	48	0x108E070	-
encoding_tree_1	2413	0x23454D0	null_or_data	0x0	-	-	0x531	-
encoding_tree_1	2414	0x23454E0	handler_value	-	-	-	0x109E210	0x0
encoding_tree_1	2415	0x23454F0	key_handler	0x532	5	50	0x109EBD0	-
encoding_tree_1	2416	0x2345500	null_or_data	0x0	-	-	0x733	-
encoding_tree_1	2417	0x2345510	handler_value	-	-	-	0xF03ED0	0x0
encoding_tree_1	2418	0x2345520	key_handler	0x534	5	52	0x10A0910	-
encoding_tree_1	2419	0x2345530	null_or_data	0x0	-	-	0x535	-
encoding_tree_1	2420	0x2345540	handler_value	-	-	-	0x109FF50	0x0
encoding_tree_1	2421	0x2345550	key_handler	0x536	5	54	0x17B99F0	-
encoding_tree_1	2422	0x2345560	null_or_data	0x0	-	-	0x337	-
encoding_tree_1	2423	0x2345570	handler_value	-	-	-	0x17B9EB0	0x0
encoding_tree_1	2424	0x2345580	key_handler	0x538	5	56	0x17BA380	-
encoding_tree_1	2425	0x2345590	null_or_data	0x0	-	-	0x539	-
encoding_tree_1	2426	0x23455A0	handler_value	-	-	-	0xF0A8C0	0x0
encoding_tree_1	2427	0x23455B0	key_handler	0x33A	3	58	0xF0AD80	-
encoding_tree_1	2428	0x23455C0	null_or_data	0x0	-	-	0x53B	-
encoding_tree_1	2429	0x23455D0	handler_value	-	-	-	0xF0B250	0x0
encoding_tree_1	2430	0x23455E0	key_handler	0x53C	5	60	0x17CACA0	-
encoding_tree_1	2431	0x23455F0	null_or_data	0x0	-	-	0xB3D	-
encoding_tree_1	2432	0x2345600	handler_value	-	-	-	0x10984A0	0x0
encoding_tree_1	2433	0x2345610	key_handler	0x223E	34	62	0x10A8C50	-
encoding_tree_1	2434	0x2345620	null_or_data	0x0	-	-	0x223F	-
encoding_tree_1	2435	0x2345630	handler_value	-	-	-	0x10A72B0	0x0
encoding_tree_1	2436	0x2345640	key_handler	0xB40	11	64	0xF14C50	-
encoding_tree_1	2437	0x2345650	null_or_data	0x0	-	-	0x541	-
encoding_tree_1	2438	0x2345660	handler_value	-	-	-	0xF15FC0	0x0
encoding_tree_1	2439	0x2345670	key_handler	0x542	5	66	0xF16500	-
encoding_tree_1	2440	0x2345680	null_or_data	0x0	-	-	0xB43	-
encoding_tree_1	2441	0x2345690	handler_value	-	-	-	0xF03570	0x0
encoding_tree_1	2442	0x23456A0	key_handler	0x2244	34	68	0xF04D80	-
encoding_tree_1	2443	0x23456B0	null_or_data	0x0	-	-	0x2245	-
encoding_tree_1	2444	0x23456C0	handler_value	-	-	-	0xF052A0	0x0
encoding_tree_1	2445	0x23456D0	key_handler	0x1946	25	70	0xF13DE0	-
encoding_tree_1	2446	0x23456E0	null_or_data	0x0	-	-	0x2247	-
encoding_tree_1	2447	0x23456F0	handler_value	-	-	-	0xF13900	0x0
encoding_tree_1	2448	0x2345700	key_handler	0x2248	34	72	0xF14290	-
encoding_tree_1	2449	0x2345710	null_or_data	0x0	-	-	0x749	-
encoding_tree_1	2450	0x2345720	handler_value	-	-	-	0x1095890	0x0
encoding_tree_1	2451	0x2345730	key_handler	0x54A	5	74	0x10A0DF0	-
encoding_tree_1	2452	0x2345740	null_or_data	0x0	-	-	0x54B	-
encoding_tree_1	2453	0x2345750	handler_value	-	-	-	0x109F590	0x0
encoding_tree_1	2454	0x2345760	key_handler	0x54C	5	76	0xF17350	-
encoding_tree_1	2455	0x2345770	null_or_data	0x0	-	-	0x54D	-
encoding_tree_1	2456	0x2345780	handler_value	-	-	-	0xF177E0	0x0
encoding_tree_1	2457	0x2345790	key_handler	0x34E	3	78	0x1076200	-
encoding_tree_1	2458	0x23457A0	null_or_data	0x0	-	-	0x34F	-
encoding_tree_1	2459	0x23457B0	handler_value	-	-	-	0xF17C70	0x0
encoding_tree_1	2460	0x23457C0	key_handler	0xB50	11	80	0x1097FF0	-
encoding_tree_1	2461	0x23457D0	null_or_data	0x0	-	-	0x2251	-
encoding_tree_1	2462	0x23457E0	handler_value	-	-	-	0x10A6350	0x0
encoding_tree_1	2463	0x23457F0	key_handler	0x2252	34	82	0x10A6D90	-
encoding_tree_1	2464	0x2345800	null_or_data	0x0	-	-	0xB53	-
encoding_tree_1	2465	0x2345810	handler_value	-	-	-	0x1097B40	0x0
encoding_tree_1	2466	0x2345820	key_handler	0x2254	34	84	0x10A5E30	-
encoding_tree_1	2467	0x2345830	null_or_data	0x0	-	-	0x2255	-
encoding_tree_1	2468	0x2345840	handler_value	-	-	-	0x10A6870	0x0
encoding_tree_1	2469	0x2345850	key_handler	0x356	3	86	0xF03A20	-
encoding_tree_1	2470	0x2345860	null_or_data	0x0	-	-	0x557	-
encoding_tree_1	2471	0x2345870	handler_value	-	-	-	0xF043C0	0x0
encoding_tree_1	2472	0x2345880	key_handler	0x558	5	88	0xF048A0	-
encoding_tree_1	2473	0x2345890	null_or_data	0x0	-	-	0x1759	-
encoding_tree_1	2474	0x23458A0	handler_value	-	-	-	0xF14770	0x0
encoding_tree_1	2475	0x23458B0	key_handler	0x225A	34	90	0x107D920	-
encoding_tree_1	2476	0x23458C0	null_or_data	0x0	-	-	0x225B	-
encoding_tree_1	2477	0x23458D0	handler_value	-	-	-	0x107DE00	0x0
encoding_tree_1	2478	0x23458E0	key_handler	0x55C	5	92	0x1073930	-
encoding_tree_1	2479	0x23458F0	null_or_data	0x0	-	-	0x55D	-
encoding_tree_1	2480	0x2345900	handler_value	-	-	-	0x1073DC0	0x0
encoding_tree_1	2481	0x2345910	key_handler	0x55E	5	94	0x1090D80	-
encoding_tree_1	2482	0x2345920	null_or_data	0x0	-	-	0x55F	-
encoding_tree_1	2483	0x2345930	handler_value	-	-	-	0x10911F0	0x0
encoding_tree_1	2484	0x2345940	key_handler	0x560	5	96	0x1091660	-
encoding_tree_1	2485	0x2345950	null_or_data	0x0	-	-	0x561	-
encoding_tree_1	2486	0x2345960	handler_value	-	-	-	0x10904A0	0x0
encoding_tree_1	2487	0x2345970	key_handler	0x562	5	98	0x1073010	-
encoding_tree_1	2488	0x2345980	null_or_data	0x0	-	-	0x563	-
encoding_tree_1	2489	0x2345990	handler_value	-	-	-	0x10734A0	0x0
encoding_tree_1	2490	0x23459A0	key_handler	0x664	6	100	0x1094470	-
encoding_tree_1	2491	0x23459B0	null_or_data	0x0	-	-	0x765	-
encoding_tree_1	2492	0x23459C0	handler_value	-	-	-	0x10992B0	0x0
encoding_tree_1	2493	0x23459D0	key_handler	0x666	6	102	0x1093FE0	-
encoding_tree_1	2494	0x23459E0	null_or_data	0x0	-	-	0x767	-
encoding_tree_1	2495	0x23459F0	handler_value	-	-	-	0x1099C30	0x0
encoding_tree_1	2496	0x2345A00	key_handler	0x368	3	104	0xF06A80	-
encoding_tree_1	2497	0x2345A10	null_or_data	0x0	-	-	0x569	-
encoding_tree_1	2498	0x2345A20	handler_value	-	-	-	0xF065A0	0x0
encoding_tree_1	2499	0x2345A30	key_handler	0x56A	5	106	0xF06F80	-
encoding_tree_1	2500	0x2345A40	null_or_data	0x0	-	-	0x36B	-
encoding_tree_1	2501	0x2345A50	handler_value	-	-	-	0x17C1690	0x0
encoding_tree_1	2502	0x2345A60	key_handler	0xA6C	10	108	0x17C1170	-
encoding_tree_1	2503	0x2345A70	null_or_data	0x0	-	-	0x36D	-
encoding_tree_1	2504	0x2345A80	handler_value	-	-	-	0x17C20E0	0x0
encoding_tree_1	2505	0x2345A90	key_handler	0xA6E	10	110	0x17C2610	-
encoding_tree_1	2506	0x2345AA0	null_or_data	0x0	-	-	0xA6F	-
encoding_tree_1	2507	0x2345AB0	handler_value	-	-	-	0x17C1BC0	0x0
encoding_tree_1	2508	0x2345AC0	key_handler	0x570	5	112	0x17BF870	-
encoding_tree_1	2509	0x2345AD0	null_or_data	0x0	-	-	0x1971	-
encoding_tree_1	2510	0x2345AE0	handler_value	-	-	-	0x17C0770	0x0
encoding_tree_1	2511	0x2345AF0	key_handler	0x572	5	114	0x17C0C80	-
encoding_tree_1	2512	0x2345B00	null_or_data	0x0	-	-	0x1973	-
encoding_tree_1	2513	0x2345B10	handler_value	-	-	-	0x17BFD70	0x0
encoding_tree_1	2514	0x2345B20	key_handler	0x574	5	116	0x17C0280	-
encoding_tree_1	2515	0x2345B30	null_or_data	0x0	-	-	0x1975	-
encoding_tree_1	2516	0x2345B40	handler_value	-	-	-	0xF09380	0x0
encoding_tree_1	2517	0x2345B50	key_handler	0x1376	19	118	0xF08E40	-
encoding_tree_1	2518	0x2345B60	null_or_data	0x0	-	-	0x1977	-
encoding_tree_1	2519	0x2345B70	handler_value	-	-	-	0xF09E20	0x0
encoding_tree_1	2520	0x2345B80	key_handler	0x1378	19	120	0xF0A380	-
encoding_tree_1	2521	0x2345B90	null_or_data	0x0	-	-	0x1379	-
encoding_tree_1	2522	0x2345BA0	handler_value	-	-	-	0xF098E0	0x0
encoding_tree_1	2523	0x2345BB0	key_handler	0x57F	5	127	0xF18120	-
encoding_tree_1	2524	0x2345BC0	null_or_data	0x0	-	-	0x680	-
encoding_tree_1	2525	0x2345BD0	handler_value	-	-	-	0xF18590	0x0
encoding_tree_1	2526	0x2345BE0	key_handler	0x581	5	129	0xF18A20	-
encoding_tree_1	2527	0x2345BF0	null_or_data	0x0	-	-	0x582	-
encoding_tree_1	2528	0x2345C00	handler_value	-	-	-	0xF18E90	0x0
encoding_tree_1	2529	0x2345C10	key_handler	0x383	3	131	0xF19330	-
encoding_tree_1	2530	0x2345C20	null_or_data	0x0	-	-	0x584	-
encoding_tree_1	2531	0x2345C30	handler_value	-	-	-	0xF197E0	0x0
encoding_tree_1	2532	0x2345C40	key_handler	0xA85	10	133	0x109AFF0	-
encoding_tree_1	2533	0x2345C50	null_or_data	0x0	-	-	0x386	-
encoding_tree_1	2534	0x2345C60	handler_value	-	-	-	0x109BFE0	0x0
encoding_tree_1	2535	0x2345C70	key_handler	0xA87	10	135	0x109A0F0	-
encoding_tree_1	2536	0x2345C80	null_or_data	0x0	-	-	0xA88	-
encoding_tree_1	2537	0x2345C90	handler_value	-	-	-	0x109A5F0	0x0
encoding_tree_1	2538	0x2345CA0	key_handler	0x389	3	137	0x109BAC0	-
encoding_tree_1	2539	0x2345CB0	null_or_data	0x0	-	-	0xA8A	-
encoding_tree_1	2540	0x2345CC0	handler_value	-	-	-	0x109AAF0	0x0
encoding_tree_1	2541	0x2345CD0	key_handler	0xB8B	11	139	0x109CEA0	-
encoding_tree_1	2542	0x2345CE0	null_or_data	0x0	-	-	0x228C	-
encoding_tree_1	2543	0x2345CF0	handler_value	-	-	-	0x10ACB90	0x0
encoding_tree_1	2544	0x2345D00	key_handler	0x228D	34	141	0x10AC110	-
encoding_tree_1	2545	0x2345D10	null_or_data	0x0	-	-	0xB8E	-
encoding_tree_1	2546	0x2345D20	handler_value	-	-	-	0x109C9D0	0x0
encoding_tree_1	2547	0x2345D30	key_handler	0x228F	34	143	0x10AB150	-
encoding_tree_1	2548	0x2345D40	null_or_data	0x0	-	-	0x2290	-
encoding_tree_1	2549	0x2345D50	handler_value	-	-	-	0x10AC650	0x0
encoding_tree_1	2550	0x2345D60	key_handler	0x391	3	145	0x107A430	-
encoding_tree_1	2551	0x2345D70	null_or_data	0x0	-	-	0x2292	-
encoding_tree_1	2552	0x2345D80	handler_value	-	-	-	0x10A44D0	0x0
encoding_tree_1	2553	0x2345D90	key_handler	0x2293	34	147	0x10A3FD0	-
encoding_tree_1	2554	0x2345DA0	null_or_data	0x0	-	-	0x794	-
encoding_tree_1	2555	0x2345DB0	handler_value	-	-	-	0x107FBF0	0x0
encoding_tree_1	2556	0x2345DC0	key_handler	0x2295	34	149	0x10A35D0	-
encoding_tree_1	2557	0x2345DD0	null_or_data	0x0	-	-	0x2296	-
encoding_tree_1	2558	0x2345DE0	handler_value	-	-	-	0x10A30D0	0x0
encoding_tree_1	2559	0x2345DF0	key_handler	0x397	3	151	0xF114D0	-
encoding_tree_1	2560	0x2345E00	null_or_data	0x0	-	-	0xA98	-
encoding_tree_1	2561	0x2345E10	handler_value	-	-	-	0xF10F80	0x0
encoding_tree_1	2562	0x2345E20	key_handler	0x399	3	153	0xF11F80	-
encoding_tree_1	2563	0x2345E30	null_or_data	0x0	-	-	0xA9A	-
encoding_tree_1	2564	0x2345E40	handler_value	-	-	-	0xF124E0	0x0
encoding_tree_1	2565	0x2345E50	key_handler	0xA9B	10	155	0xF11A30	-
encoding_tree_1	2566	0x2345E60	null_or_data	0x0	-	-	0xA9C	-
encoding_tree_1	2567	0x2345E70	handler_value	-	-	-	0xF19C70	0x0
encoding_tree_1	2568	0x2345E80	key_handler	0x39D	3	157	0xF1A170	-
encoding_tree_1	2569	0x2345E90	null_or_data	0x0	-	-	0xA9E	-
encoding_tree_1	2570	0x2345EA0	handler_value	-	-	-	0xF1A690	0x0
encoding_tree_1	2571	0x2345EB0	key_handler	0xB9F	11	159	0x109C500	-
encoding_tree_1	2572	0x2345EC0	null_or_data	0x0	-	-	0x22A0	-
encoding_tree_1	2573	0x2345ED0	handler_value	-	-	-	0x10AB690	0x0
encoding_tree_1	2574	0x2345EE0	key_handler	0x22A1	34	161	0x10ABBD0	-
encoding_tree_1	2575	0x2345EF0	null_or_data	0x0	-	-	0xBA2	-
encoding_tree_1	2576	0x2345F00	handler_value	-	-	-	0xF0F190	0x0
encoding_tree_1	2577	0x2345F10	key_handler	0x22A3	34	163	0xF0EC50	-
encoding_tree_1	2578	0x2345F20	null_or_data	0x0	-	-	0x22A4	-
encoding_tree_1	2579	0x2345F30	handler_value	-	-	-	0xF0F660	0x0
encoding_tree_1	2580	0x2345F40	key_handler	0x3A5	3	165	0xF100A0	-
encoding_tree_1	2581	0x2345F50	null_or_data	0x0	-	-	0x22A6	-
encoding_tree_1	2582	0x2345F60	handler_value	-	-	-	0xF0FBA0	0x0
encoding_tree_1	2583	0x2345F70	key_handler	0x22A7	34	167	0xF10570	-
encoding_tree_1	2584	0x2345F80	null_or_data	0x0	-	-	0x7A8	-
encoding_tree_1	2585	0x2345F90	handler_value	-	-	-	0xF10A70	0x0
encoding_tree_1	2586	0x2345FA0	key_handler	0x22A9	34	169	0x10A3AD0	-
encoding_tree_1	2587	0x2345FB0	null_or_data	0x0	-	-	0x22AA	-
encoding_tree_1	2588	0x2345FC0	handler_value	-	-	-	0x10A49D0	0x0
encoding_tree_1	2589	0x2345FD0	key_handler	0x5AB	5	171	0x17C2B30	-
encoding_tree_1	2590	0x2345FE0	null_or_data	0x0	-	-	0x19AC	-
encoding_tree_1	2591	0x2345FF0	handler_value	-	-	-	0x17C3AE0	0x0
encoding_tree_1	2592	0x2346000	key_handler	0x5AD	5	173	0x17C4030	-
encoding_tree_1	2593	0x2346010	null_or_data	0x0	-	-	0x19AE	-
encoding_tree_1	2594	0x2346020	handler_value	-	-	-	0x17C3060	0x0
encoding_tree_1	2595	0x2346030	key_handler	0x5AF	5	175	0x17C35B0	-
encoding_tree_1	2596	0x2346040	null_or_data	0x0	-	-	0x19B0	-
encoding_tree_1	2597	0x2346050	handler_value	-	-	-	0x17C4AA0	0x0
encoding_tree_1	2598	0x2346060	key_handler	0x13B1	19	177	0x17C4560	-
encoding_tree_1	2599	0x2346070	null_or_data	0x0	-	-	0x19B2	-
encoding_tree_1	2600	0x2346080	handler_value	-	-	-	0x17C5540	0x0
encoding_tree_1	2601	0x2346090	key_handler	0x13B3	19	179	0x17C5AA0	-
encoding_tree_1	2602	0x23460A0	null_or_data	0x0	-	-	0x13B4	-
encoding_tree_1	2603	0x23460B0	handler_value	-	-	-	0x17C5000	0x0
encoding_tree_1	2604	0x23460C0	key_handler	0x6B5	6	181	0x17B8270	-
encoding_tree_1	2605	0x23460D0	null_or_data	0x0	-	-	0x5B6	-
encoding_tree_1	2606	0x23460E0	handler_value	-	-	-	0x17B7DB0	0x0
encoding_tree_1	2607	0x23460F0	key_handler	0x5B7	5	183	0x17B8750	-
encoding_tree_1	2608	0x2346100	null_or_data	0x0	-	-	0x3B8	-
encoding_tree_1	2609	0x2346110	handler_value	-	-	-	0xF15600	0x0
encoding_tree_1	2610	0x2346120	key_handler	0x3B9	3	185	0xF15AF0	-
encoding_tree_1	2611	0x2346130	null_or_data	0x0	-	-	0x5BA	-
encoding_tree_1	2612	0x2346140	handler_value	-	-	-	0xF15120	0x0
encoding_tree_1	2613	0x2346150	key_handler	0x3BB	3	187	0xF1B020	-
encoding_tree_1	2614	0x2346160	null_or_data	0x0	-	-	0x5BC	-
encoding_tree_1	2615	0x2346170	handler_value	-	-	-	0xF1AB90	0x0
encoding_tree_1	2616	0x2346180	key_handler	0x5BD	5	189	0x17BDE80	-
encoding_tree_1	2617	0x2346190	null_or_data	0x0	-	-	0x19BE	-
encoding_tree_1	2618	0x23461A0	handler_value	-	-	-	0x17BEE10	0x0
encoding_tree_1	2619	0x23461B0	key_handler	0x5BF	5	191	0x17BF350	-
encoding_tree_1	2620	0x23461C0	null_or_data	0x0	-	-	0x19C0	-
encoding_tree_1	2621	0x23461D0	handler_value	-	-	-	0x17BE3B0	0x0
encoding_tree_1	2622	0x23461E0	key_handler	0x5C1	5	193	0x17BE8F0	-
encoding_tree_1	2624	0x2346200	key_handler	0x500	5	0	0xF21530	-
encoding_tree_1	2626	0x2346220	key_handler	0xA00	10	0	0xFBC570	-
encoding_tree_1	2627	0x2346230	null_or_data	0x0	-	-	0xA01	-
encoding_tree_1	2628	0x2346240	handler_value	-	-	-	0xFBCAB0	0x0
encoding_tree_1	2629	0x2346250	key_handler	0xA02	10	2	0xFBCFF0	-
encoding_tree_1	2630	0x2346260	null_or_data	0x0	-	-	0x503	-
encoding_tree_1	2631	0x2346270	handler_value	-	-	-	0xFAF450	0x0
encoding_tree_1	2632	0x2346280	key_handler	0x504	5	4	0xFAF910	-
encoding_tree_1	2633	0x2346290	null_or_data	0x0	-	-	0x705	-
encoding_tree_1	2634	0x23462A0	handler_value	-	-	-	0xFB0370	0x0
encoding_tree_1	2635	0x23462B0	key_handler	0x1306	19	6	0xFAFDD0	-
encoding_tree_1	2636	0x23462C0	null_or_data	0x0	-	-	0x1307	-
encoding_tree_1	2637	0x23462D0	handler_value	-	-	-	0xFB0910	0x0
encoding_tree_1	2638	0x23462E0	key_handler	0x1908	25	8	0xFB23E0	-
encoding_tree_1	2639	0x23462F0	null_or_data	0x0	-	-	0x1309	-
encoding_tree_1	2640	0x2346300	handler_value	-	-	-	0xFB1E10	0x0
encoding_tree_1	2641	0x2346310	key_handler	0x130A	19	10	0xFB2960	-
encoding_tree_1	2642	0x2346320	null_or_data	0x0	-	-	0x70B	-
encoding_tree_1	2643	0x2346330	handler_value	-	-	-	0xFB13D0	0x0
encoding_tree_1	2644	0x2346340	key_handler	0x50C	5	12	0xFB0EB0	-
encoding_tree_1	2645	0x2346350	null_or_data	0x0	-	-	0x50D	-
encoding_tree_1	2646	0x2346360	handler_value	-	-	-	0xFB18F0	0x0
encoding_tree_1	2647	0x2346370	key_handler	0x30E	3	14	0xFB3460	-
encoding_tree_1	2648	0x2346380	null_or_data	0x0	-	-	0x50F	-
encoding_tree_1	2649	0x2346390	handler_value	-	-	-	0xFB2F20	0x0
encoding_tree_1	2650	0x23463A0	key_handler	0x510	5	16	0xFB3960	-
encoding_tree_1	2651	0x23463B0	null_or_data	0x0	-	-	0x2311	-
encoding_tree_1	2652	0x23463C0	handler_value	-	-	-	0xFB44F0	0x0
encoding_tree_1	2653	0x23463D0	key_handler	0x1312	19	18	0xFB3EA0	-
encoding_tree_1	2654	0x23463E0	null_or_data	0x0	-	-	0x1313	-
encoding_tree_1	2655	0x23463F0	handler_value	-	-	-	0xFB4B10	0x0
encoding_tree_1	2656	0x2346400	key_handler	0x2314	35	20	0xFB5740	-
encoding_tree_1	2657	0x2346410	null_or_data	0x0	-	-	0x1315	-
encoding_tree_1	2658	0x2346420	handler_value	-	-	-	0xFB5160	0x0
encoding_tree_1	2659	0x2346430	key_handler	0x1316	19	22	0xFB5CE0	-
encoding_tree_1	2660	0x2346440	null_or_data	0x0	-	-	0xA17	-
encoding_tree_1	2661	0x2346450	handler_value	-	-	-	0xFB62C0	0x0
encoding_tree_1	2662	0x2346460	key_handler	0x318	3	24	0xFB67C0	-
encoding_tree_1	2663	0x2346470	null_or_data	0x0	-	-	0xA19	-
encoding_tree_1	2664	0x2346480	handler_value	-	-	-	0xFB6CD0	0x0
encoding_tree_1	2665	0x2346490	key_handler	0x31A	3	26	0xFB8420	-
encoding_tree_1	2666	0x23464A0	null_or_data	0x0	-	-	0xA1B	-
encoding_tree_1	2667	0x23464B0	handler_value	-	-	-	0xFB7F30	0x0
encoding_tree_1	2668	0x23464C0	key_handler	0xA1C	10	28	0xFB9200	-
encoding_tree_1	2669	0x23464D0	null_or_data	0x0	-	-	0x31D	-
encoding_tree_1	2670	0x23464E0	handler_value	-	-	-	0xFB9770	0x0
encoding_tree_1	2671	0x23464F0	key_handler	0xA1E	10	30	0xFB9CF0	-
encoding_tree_1	2672	0x2346500	null_or_data	0x0	-	-	0x31F	-
encoding_tree_1	2673	0x2346510	handler_value	-	-	-	0xFBB650	0x0
encoding_tree_1	2674	0x2346520	key_handler	0xA20	10	32	0xFBB0F0	-
encoding_tree_1	2675	0x2346530	null_or_data	0x0	-	-	0x521	-
encoding_tree_1	2676	0x2346540	handler_value	-	-	-	0xFB71C0	0x0
encoding_tree_1	2677	0x2346550	key_handler	0x322	3	34	0xFB7630	-
encoding_tree_1	2678	0x2346560	null_or_data	0x0	-	-	0x523	-
encoding_tree_1	2679	0x2346570	handler_value	-	-	-	0xFB7AC0	0x0
encoding_tree_1	2680	0x2346580	key_handler	0x324	3	36	0xFB8D80	-
encoding_tree_1	2681	0x2346590	null_or_data	0x0	-	-	0x525	-
encoding_tree_1	2682	0x23465A0	handler_value	-	-	-	0xFB8920	0x0
encoding_tree_1	2683	0x23465B0	key_handler	0x226	2	38	0xFBA250	-
encoding_tree_1	2684	0x23465C0	null_or_data	0x0	-	-	0x327	-
encoding_tree_1	2685	0x23465D0	handler_value	-	-	-	0xFBA730	0x0
encoding_tree_1	2686	0x23465E0	key_handler	0x228	2	40	0xFBAC20	-
encoding_tree_1	2687	0x23465F0	null_or_data	0x0	-	-	0x329	-
encoding_tree_1	2688	0x2346600	handler_value	-	-	-	0xFBC090	0x0
encoding_tree_1	2689	0x2346610	key_handler	0x22A	2	42	0xFBBBC0	-
encoding_tree_1	2692	0x2346640	key_handler	0x500	5	0	0x1C26D70	-
encoding_tree_1	2693	0x2346650	null_or_data	0x0	-	-	0x1901	-
encoding_tree_1	2694	0x2346660	handler_value	-	-	-	0x1C27340	0x0
encoding_tree_1	2695	0x2346670	key_handler	0x502	5	2	0x1C278A0	-
encoding_tree_1	2696	0x2346680	null_or_data	0x0	-	-	0x1903	-
encoding_tree_1	2697	0x2346690	handler_value	-	-	-	0xF824D0	0x0
encoding_tree_1	2698	0x23466A0	key_handler	0x504	5	4	0xF81F50	-
encoding_tree_1	2699	0x23466B0	null_or_data	0x0	-	-	0x505	-
encoding_tree_1	2700	0x23466C0	handler_value	-	-	-	0xF82A10	0x0
encoding_tree_1	2701	0x23466D0	key_handler	0x1906	25	6	0x1C26240	-
encoding_tree_1	2702	0x23466E0	null_or_data	0x0	-	-	0x507	-
encoding_tree_1	2703	0x23466F0	handler_value	-	-	-	0x1C25C70	0x0
encoding_tree_1	2704	0x2346700	key_handler	0x508	5	8	0x1C267A0	-
encoding_tree_1	2705	0x2346710	null_or_data	0x0	-	-	0x709	-
encoding_tree_1	2706	0x2346720	handler_value	-	-	-	0xF81510	0x0
encoding_tree_1	2707	0x2346730	key_handler	0x50A	5	10	0xF80FF0	-
encoding_tree_1	2708	0x2346740	null_or_data	0x0	-	-	0x50B	-
encoding_tree_1	2709	0x2346750	handler_value	-	-	-	0xF81A30	0x0
encoding_tree_1	2710	0x2346760	key_handler	0xD0C	13	12	0xF83520	-
encoding_tree_1	2711	0x2346770	null_or_data	0x0	-	-	0x50D	-
encoding_tree_1	2712	0x2346780	handler_value	-	-	-	0xF82F90	0x0
encoding_tree_1	2713	0x2346790	key_handler	0x50E	5	14	0xF83A80	-
encoding_tree_1	2714	0x23467A0	null_or_data	0x0	-	-	0x50F	-
encoding_tree_1	2715	0x23467B0	handler_value	-	-	-	0xF84010	0x0
encoding_tree_1	2716	0x23467C0	key_handler	0x310	3	16	0xF84480	-
encoding_tree_1	2717	0x23467D0	null_or_data	0x0	-	-	0x511	-
encoding_tree_1	2718	0x23467E0	handler_value	-	-	-	0xF84910	0x0
encoding_tree_1	2719	0x23467F0	key_handler	0x512	5	18	0x106C330	-
encoding_tree_1	2720	0x2346800	null_or_data	0x0	-	-	0x313	-
encoding_tree_1	2721	0x2346810	handler_value	-	-	-	0x106E270	0x0
encoding_tree_1	2722	0x2346820	key_handler	0x514	5	20	0x106C7A0	-
encoding_tree_1	2723	0x2346830	null_or_data	0x0	-	-	0x315	-
encoding_tree_1	2724	0x2346840	handler_value	-	-	-	0xF85F90	0x0
encoding_tree_1	2725	0x2346850	key_handler	0x516	5	22	0xF85B30	-
encoding_tree_1	2726	0x2346860	null_or_data	0x0	-	-	0x217	-
encoding_tree_1	2727	0x2346870	handler_value	-	-	-	0xF84D80	0x0
encoding_tree_1	2728	0x2346880	key_handler	0x318	3	24	0xF85210	-
encoding_tree_1	2729	0x2346890	null_or_data	0x0	-	-	0x219	-
encoding_tree_1	2730	0x23468A0	handler_value	-	-	-	0xF856B0	0x0
encoding_tree_1	2731	0x23468B0	key_handler	0x31A	3	26	0xF86890	-
encoding_tree_1	2732	0x23468C0	null_or_data	0x0	-	-	0x21B	-
encoding_tree_1	2733	0x23468D0	handler_value	-	-	-	0xF86410	0x0
encoding_tree_1	2734	0x23468E0	key_handler	0x600	6	0	0x107AD70	-
encoding_tree_1	2735	0x23468F0	null_or_data	0x0	-	-	0x601	-
encoding_tree_1	2736	0x2346900	handler_value	-	-	-	0xEF0880	0x0
encoding_tree_1	2737	0x2346910	key_handler	0x502	5	2	0xEF15F0	-
encoding_tree_1	2738	0x2346920	null_or_data	0x0	-	-	0x503	-
encoding_tree_1	2739	0x2346930	handler_value	-	-	-	0xEF1AA0	0x0
encoding_tree_1	2740	0x2346940	key_handler	0x2204	34	4	0x17AFC90	-
encoding_tree_1	2741	0x2346950	null_or_data	0x0	-	-	0x507	-
encoding_tree_1	2742	0x2346960	handler_value	-	-	-	0xEF2E20	0x0
encoding_tree_1	2743	0x2346970	key_handler	0x1308	19	8	0xEF3370	-
encoding_tree_1	2744	0x2346980	null_or_data	0x0	-	-	0x509	-
encoding_tree_1	2745	0x2346990	handler_value	-	-	-	0x17B01C0	0x0
encoding_tree_1	2746	0x23469A0	key_handler	0x60A	6	10	0x106B5E0	-
encoding_tree_1	2747	0x23469B0	null_or_data	0x0	-	-	0x60B	-
encoding_tree_1	2748	0x23469C0	handler_value	-	-	-	0x107A900	0x0
encoding_tree_1	2749	0x23469D0	key_handler	0x60C	6	12	0xEF0410	-
encoding_tree_1	2750	0x23469E0	null_or_data	0x0	-	-	0x60D	-
encoding_tree_1	2751	0x23469F0	handler_value	-	-	-	0xEF0CF0	0x0
encoding_tree_1	2752	0x2346A00	key_handler	0x50E	5	14	0xEF1180	-
encoding_tree_1	2753	0x2346A10	null_or_data	0x0	-	-	0x50F	-
encoding_tree_1	2754	0x2346A20	handler_value	-	-	-	0xEF1F90	0x0
encoding_tree_1	2756	0x2346A40	key_handler	0x1300	19	0	0x17CD760	-
encoding_tree_1	2757	0x2346A50	null_or_data	0x0	-	-	0x1301	-
encoding_tree_1	2758	0x2346A60	handler_value	-	-	-	0x17CDD90	0x0
encoding_tree_1	2759	0x2346A70	key_handler	0x1302	19	2	0x17CD130	-
encoding_tree_1	2760	0x2346A80	null_or_data	0x0	-	-	0x1903	-
encoding_tree_1	2761	0x2346A90	handler_value	-	-	-	0xF26F00	0x0
encoding_tree_1	2762	0x2346AA0	key_handler	0x1904	25	4	0xF28040	-
encoding_tree_1	2763	0x2346AB0	null_or_data	0x0	-	-	0x1305	-
encoding_tree_1	2764	0x2346AC0	handler_value	-	-	-	0xF27A60	0x0
encoding_tree_1	2765	0x2346AD0	key_handler	0x1306	19	6	0xF285D0	-
encoding_tree_1	2766	0x2346AE0	null_or_data	0x0	-	-	0x1307	-
encoding_tree_1	2767	0x2346AF0	handler_value	-	-	-	0xF27490	0x0
encoding_tree_1	2768	0x2346B00	key_handler	0x1908	25	8	0x1C1B760	-
encoding_tree_1	2769	0x2346B10	null_or_data	0x0	-	-	0x1909	-
encoding_tree_1	2770	0x2346B20	handler_value	-	-	-	0x1C1AA90	0x0
encoding_tree_1	2771	0x2346B30	key_handler	0x130A	19	10	0x1C1A3F0	-
encoding_tree_1	2772	0x2346B40	null_or_data	0x0	-	-	0x130B	-
encoding_tree_1	2773	0x2346B50	handler_value	-	-	-	0x1C1B0C0	0x0
encoding_tree_1	2774	0x2346B60	key_handler	0x130C	19	12	0x1C1BD90	-
encoding_tree_1	2775	0x2346B70	null_or_data	0x0	-	-	0x70D	-
encoding_tree_1	2776	0x2346B80	handler_value	-	-	-	0xF25300	0x0
encoding_tree_1	2777	0x2346B90	key_handler	0x70E	7	14	0xF263D0	-
encoding_tree_1	2778	0x2346BA0	null_or_data	0x0	-	-	0xA0F	-
encoding_tree_1	2779	0x2346BB0	handler_value	-	-	-	0xF25E30	0x0
encoding_tree_1	2780	0x2346BC0	key_handler	0xA10	10	16	0xF26960	-
encoding_tree_1	2781	0x2346BD0	null_or_data	0x0	-	-	0xA11	-
encoding_tree_1	2782	0x2346BE0	handler_value	-	-	-	0xF25890	0x0
encoding_tree_1	2783	0x2346BF0	key_handler	0xD12	13	18	0xF2CAC0	-
encoding_tree_1	2784	0x2346C00	null_or_data	0x0	-	-	0xD13	-
encoding_tree_1	2785	0x2346C10	handler_value	-	-	-	0xF2DC60	0x0
encoding_tree_1	2786	0x2346C20	key_handler	0x1314	19	20	0xF2D680	-
encoding_tree_1	2787	0x2346C30	null_or_data	0x0	-	-	0x1315	-
encoding_tree_1	2788	0x2346C40	handler_value	-	-	-	0xF2E240	0x0
encoding_tree_1	2789	0x2346C50	key_handler	0x1316	19	22	0xF2D0A0	-
encoding_tree_1	2790	0x2346C60	null_or_data	0x0	-	-	0xD17	-
encoding_tree_1	2791	0x2346C70	handler_value	-	-	-	0xF2E820	0x0
encoding_tree_1	2792	0x2346C80	key_handler	0xD18	13	24	0xF2FAA0	-
encoding_tree_1	2793	0x2346C90	null_or_data	0x0	-	-	0x1319	-
encoding_tree_1	2794	0x2346CA0	handler_value	-	-	-	0xF2F470	0x0
encoding_tree_1	2795	0x2346CB0	key_handler	0x131A	19	26	0xF300C0	-
encoding_tree_1	2796	0x2346CC0	null_or_data	0x0	-	-	0x131B	-
encoding_tree_1	2797	0x2346CD0	handler_value	-	-	-	0xF2EE50	0x0
encoding_tree_1	2798	0x2346CE0	key_handler	0x231C	35	28	0xF291B0	-
encoding_tree_1	2799	0x2346CF0	null_or_data	0x0	-	-	0x231D	-
encoding_tree_1	2800	0x2346D00	handler_value	-	-	-	0xF2BDF0	0x0
encoding_tree_1	2801	0x2346D10	key_handler	0x131E	19	30	0xF2B760	-
encoding_tree_1	2802	0x2346D20	null_or_data	0x0	-	-	0x131F	-
encoding_tree_1	2803	0x2346D30	handler_value	-	-	-	0xF2C440	0x0
encoding_tree_1	2804	0x2346D40	key_handler	0x1320	19	32	0xF2B0E0	-
encoding_tree_1	2805	0x2346D50	null_or_data	0x0	-	-	0x2321	-
encoding_tree_1	2806	0x2346D60	handler_value	-	-	-	0xF28BA0	0x0
encoding_tree_1	2807	0x2346D70	key_handler	0x2322	35	34	0xF2A490	-
encoding_tree_1	2808	0x2346D80	null_or_data	0x0	-	-	0x1323	-
encoding_tree_1	2809	0x2346D90	handler_value	-	-	-	0xF29E50	0x0
encoding_tree_1	2810	0x2346DA0	key_handler	0x1324	19	36	0xF2AAA0	-
encoding_tree_1	2811	0x2346DB0	null_or_data	0x0	-	-	0x1325	-
encoding_tree_1	2812	0x2346DC0	handler_value	-	-	-	0xF29810	0x0
encoding_tree_1	2813	0x2346DD0	key_handler	0x1326	19	38	0x1C1CA40	-
encoding_tree_1	2814	0x2346DE0	null_or_data	0x0	-	-	0x1927	-
encoding_tree_1	2815	0x2346DF0	handler_value	-	-	-	0x1C1C430	0x0
encoding_tree_1	2816	0x2346E00	key_handler	0x1328	19	40	0x1C1DD40	-
encoding_tree_1	2817	0x2346E10	null_or_data	0x0	-	-	0x1929	-
encoding_tree_1	2818	0x2346E20	handler_value	-	-	-	0x1C1D0C0	0x0
encoding_tree_1	2819	0x2346E30	key_handler	0x132A	19	42	0x1C1D6D0	-
encoding_tree_1	2822	0x2346E60	key_handler	0x700	7	0	0xEBACB0	-
encoding_tree_1	2823	0x2346E70	null_or_data	0x0	-	-	0xA01	-
encoding_tree_1	2824	0x2346E80	handler_value	-	-	-	0x10857D0	0x0
encoding_tree_1	2825	0x2346E90	key_handler	0x502	5	2	0x1C0E2A0	-
encoding_tree_1	2826	0x2346EA0	null_or_data	0x0	-	-	0x303	-
encoding_tree_1	2827	0x2346EB0	handler_value	-	-	-	0x1C0DD70	0x0
encoding_tree_1	2828	0x2346EC0	key_handler	0x504	5	4	0x1C0E850	-
encoding_tree_1	2829	0x2346ED0	null_or_data	0x0	-	-	0x705	-
encoding_tree_1	2830	0x2346EE0	handler_value	-	-	-	0xEB8E40	0x0
encoding_tree_1	2831	0x2346EF0	key_handler	0x206	2	6	0x1077400	-
encoding_tree_1	2832	0x2346F00	null_or_data	0x0	-	-	0x307	-
encoding_tree_1	2833	0x2346F10	handler_value	-	-	-	0xEB5BA0	0x0
encoding_tree_1	2834	0x2346F20	key_handler	0x508	5	8	0xEB5640	-
encoding_tree_1	2835	0x2346F30	null_or_data	0x0	-	-	0x509	-
encoding_tree_1	2836	0x2346F40	handler_value	-	-	-	0xEB60C0	0x0
encoding_tree_1	2837	0x2346F50	key_handler	0x50A	5	10	0x17AB310	-
encoding_tree_1	2838	0x2346F60	null_or_data	0x0	-	-	0x50B	-
encoding_tree_1	2839	0x2346F70	handler_value	-	-	-	0x17AB8A0	0x0
encoding_tree_1	2840	0x2346F80	key_handler	0x190C	25	12	0x1C0D7F0	-
encoding_tree_1	2841	0x2346F90	null_or_data	0x0	-	-	0x50D	-
encoding_tree_1	2842	0x2346FA0	handler_value	-	-	-	0x1C0CC10	0x0
encoding_tree_1	2843	0x2346FB0	key_handler	0x50E	5	14	0x1C0D200	-
encoding_tree_1	2844	0x2346FC0	null_or_data	0x0	-	-	0x70F	-
encoding_tree_1	2845	0x2346FD0	handler_value	-	-	-	0xEB4C00	0x0
encoding_tree_1	2846	0x2346FE0	key_handler	0x510	5	16	0xEB46E0	-
encoding_tree_1	2847	0x2346FF0	null_or_data	0x0	-	-	0x511	-
encoding_tree_1	2848	0x2347000	handler_value	-	-	-	0xEB5120	0x0
encoding_tree_1	2849	0x2347010	key_handler	0xD12	13	18	0xEB6BC0	-
encoding_tree_1	2850	0x2347020	null_or_data	0x0	-	-	0x513	-
encoding_tree_1	2851	0x2347030	handler_value	-	-	-	0xEB6620	0x0
encoding_tree_1	2852	0x2347040	key_handler	0x514	5	20	0xEB7130	-
encoding_tree_1	2853	0x2347050	null_or_data	0x0	-	-	0x515	-
encoding_tree_1	2854	0x2347060	handler_value	-	-	-	0x1C0EE00	0x0
encoding_tree_1	2855	0x2347070	key_handler	0x316	3	22	0x1C0F280	-
encoding_tree_1	2856	0x2347080	null_or_data	0x0	-	-	0x517	-
encoding_tree_1	2857	0x2347090	handler_value	-	-	-	0x1C0F6F0	0x0
encoding_tree_1	2858	0x23470A0	key_handler	0xA18	10	24	0xEB9320	-
encoding_tree_1	2859	0x23470B0	null_or_data	0x0	-	-	0x319	-
encoding_tree_1	2860	0x23470C0	handler_value	-	-	-	0xEB9D70	0x0
encoding_tree_1	2861	0x23470D0	key_handler	0xA1A	10	26	0xEB9850	-
encoding_tree_1	2862	0x23470E0	null_or_data	0x0	-	-	0x31B	-
encoding_tree_1	2863	0x23470F0	handler_value	-	-	-	0xEBA7A0	0x0
encoding_tree_1	2864	0x2347100	key_handler	0xA1C	10	28	0xEBA280	-
encoding_tree_1	2865	0x2347110	null_or_data	0x0	-	-	0x51D	-
encoding_tree_1	2866	0x2347120	handler_value	-	-	-	0xEBBF50	0x0
encoding_tree_1	2867	0x2347130	key_handler	0x31E	3	30	0xEBC3F0	-
encoding_tree_1	2868	0x2347140	null_or_data	0x0	-	-	0x51F	-
encoding_tree_1	2869	0x2347150	handler_value	-	-	-	0xEBC880	0x0
encoding_tree_1	2870	0x2347160	key_handler	0x220	2	32	0xEB76C0	-
encoding_tree_1	2871	0x2347170	null_or_data	0x0	-	-	0x321	-
encoding_tree_1	2872	0x2347180	handler_value	-	-	-	0xEB8040	0x0
encoding_tree_1	2873	0x2347190	key_handler	0x222	2	34	0xEB7B80	-
encoding_tree_1	2874	0x23471A0	null_or_data	0x0	-	-	0x323	-
encoding_tree_1	2875	0x23471B0	handler_value	-	-	-	0xEB89A0	0x0
encoding_tree_1	2876	0x23471C0	key_handler	0x224	2	36	0xEB84F0	-
encoding_tree_1	2878	0x23471E0	key_handler	0x500	5	0	0xF7F5E0	-
encoding_tree_1	2879	0x23471F0	null_or_data	0x0	-	-	0x501	-
encoding_tree_1	2880	0x2347200	handler_value	-	-	-	0xF7DB50	0x0
encoding_tree_1	2881	0x2347210	key_handler	0x502	5	2	0x1068FC0	-
encoding_tree_1	2882	0x2347220	null_or_data	0x0	-	-	0x503	-
encoding_tree_1	2883	0x2347230	handler_value	-	-	-	0xF80760	0x0
encoding_tree_1	2884	0x2347240	key_handler	0x304	3	4	0xF7E810	-
encoding_tree_1	2885	0x2347250	null_or_data	0x0	-	-	0x305	-
encoding_tree_1	2886	0x2347260	handler_value	-	-	-	0xF7ECB0	0x0
encoding_tree_1	2887	0x2347270	key_handler	0x506	5	6	0xF80340	-
encoding_tree_1	2888	0x2347280	null_or_data	0x0	-	-	0x507	-
encoding_tree_1	2889	0x2347290	handler_value	-	-	-	0x10693E0	0x0
encoding_tree_1	2890	0x23472A0	key_handler	0x308	3	8	0xF7F150	-
encoding_tree_1	2891	0x23472B0	null_or_data	0x0	-	-	0x309	-
encoding_tree_1	2892	0x23472C0	handler_value	-	-	-	0xF7FA50	0x0
encoding_tree_1	2893	0x23472D0	key_handler	0x50A	5	10	0xF7FED0	-
encoding_tree_1	2894	0x23472E0	null_or_data	0x0	-	-	0x50B	-
encoding_tree_1	2895	0x23472F0	handler_value	-	-	-	0xF7CEB0	0x0
encoding_tree_1	2896	0x2347300	key_handler	0x60C	6	12	0xF7D2E0	-
encoding_tree_1	2897	0x2347310	null_or_data	0x0	-	-	0x50D	-
encoding_tree_1	2898	0x2347320	handler_value	-	-	-	0xF7D730	0x0
encoding_tree_1	2899	0x2347330	key_handler	0x60E	6	14	0xF7E3C0	-
encoding_tree_1	2900	0x2347340	null_or_data	0x0	-	-	0x50F	-
encoding_tree_1	2901	0x2347350	handler_value	-	-	-	0xF7DFA0	0x0
encoding_tree_1	2902	0x2347360	key_handler	0x700	7	0	0xEF3DA0	-
encoding_tree_1	2903	0x2347370	null_or_data	0x0	-	-	0x701	-
encoding_tree_1	2904	0x2347380	handler_value	-	-	-	0xEF3900	0x0
encoding_tree_1	2905	0x2347390	key_handler	0x702	7	2	0xEF4260	-
encoding_tree_1	2906	0x23473A0	null_or_data	0x0	-	-	0x503	-
encoding_tree_1	2907	0x23473B0	handler_value	-	-	-	0xEF5540	0x0
encoding_tree_1	2908	0x23473C0	key_handler	0x704	7	4	0xEF4BC0	-
encoding_tree_1	2909	0x23473D0	null_or_data	0x0	-	-	0x705	-
encoding_tree_1	2910	0x23473E0	handler_value	-	-	-	0xEF4720	0x0
encoding_tree_1	2911	0x23473F0	key_handler	0x506	5	6	0xEF5990	-
encoding_tree_1	2912	0x2347400	null_or_data	0x0	-	-	0x707	-
encoding_tree_1	2913	0x2347410	handler_value	-	-	-	0xEF5080	0x0
encoding_tree_1	2914	0x2347420	key_handler	0x500	5	0	0xEF6A50	-
encoding_tree_1	2915	0x2347430	null_or_data	0x0	-	-	0x501	-
encoding_tree_1	2916	0x2347440	handler_value	-	-	-	0x1803F10	0x0
encoding_tree_1	2917	0x2347450	key_handler	0x502	5	2	0x17B2A90	-
encoding_tree_1	2920	0x2347480	key_handler	0x300	3	0	0xF9A700	-
encoding_tree_1	2921	0x2347490	null_or_data	0x0	-	-	0x601	-
encoding_tree_1	2922	0x23474A0	handler_value	-	-	-	0x1804740	0x0
encoding_tree_1	2923	0x23474B0	key_handler	0x602	6	2	0x17D8290	-
encoding_tree_1	2924	0x23474C0	null_or_data	0x0	-	-	0x603	-
encoding_tree_1	2925	0x23474D0	handler_value	-	-	-	0xF9AB60	0x0
encoding_tree_1	2926	0x23474E0	key_handler	0x700	7	0	0x10726A0	-
encoding_tree_1	2927	0x23474F0	null_or_data	0x0	-	-	0x701	-
encoding_tree_1	2928	0x2347500	handler_value	-	-	-	0x10786F0	0x0
encoding_tree_1	2929	0x2347510	key_handler	0x702	7	2	0xEEFA70	-
encoding_tree_1	2930	0x2347520	null_or_data	0x0	-	-	0x703	-
encoding_tree_1	2931	0x2347530	handler_value	-	-	-	0xEEFF30	0x0
encoding_tree_1	2932	0x2347540	key_handler	0x500	5	0	0xEEE570	-
encoding_tree_1	2933	0x2347550	null_or_data	0x0	-	-	0x601	-
encoding_tree_1	2934	0x2347560	handler_value	-	-	-	0xEEE990	0x0
encoding_tree_1	2935	0x2347570	key_handler	0x502	5	2	0xEEEDE0	-
encoding_tree_1	2936	0x2347580	null_or_data	0x0	-	-	0x603	-
encoding_tree_1	2937	0x2347590	handler_value	-	-	-	0xEEF620	0x0
encoding_tree_1	2938	0x23475A0	key_handler	0x504	5	4	0xEEF200	-
encoding_tree_1	2940	0x23475C0	key_handler	0x500	5	0	0xEF5DE0	-
encoding_tree_1	2941	0x23475D0	null_or_data	0x0	-	-	0x501	-
encoding_tree_1	2942	0x23475E0	handler_value	-	-	-	0x17B0730	0x0
encoding_tree_1	2944	0x2347600	key_handler	0x700	7	0	0x10766B0	-
encoding_tree_1	2945	0x2347610	null_or_data	0x0	-	-	0x701	-
encoding_tree_1	2946	0x2347620	handler_value	-	-	-	0x107ECE0	0x0
encoding_tree_1	2947	0x2347630	key_handler	0x702	7	2	0x107B6D0	-
encoding_tree_1	2948	0x2347640	null_or_data	0x0	-	-	0x703	-
encoding_tree_1	2949	0x2347650	handler_value	-	-	-	0x1084880	0x0
encoding_tree_1	2950	0x2347660	key_handler	0x704	7	4	0xEED170	-
encoding_tree_1	2951	0x2347670	null_or_data	0x0	-	-	0x705	-
encoding_tree_1	2952	0x2347680	handler_value	-	-	-	0xEED640	0x0
encoding_tree_1	2953	0x2347690	key_handler	0x706	7	6	0x17AF780	-
encoding_tree_1	2954	0x23476A0	null_or_data	0x0	-	-	0x707	-
encoding_tree_1	2955	0x23476B0	handler_value	-	-	-	0xEEE040	0x0
encoding_tree_1	2956	0x23476C0	key_handler	0x200	2	0	0xFDD8D0	-
encoding_tree_1	2958	0x23476E0	key_handler	0xA00	10	0	0xFDDCA0	-
encoding_tree_1	2960	0x2347700	key_handler	0x500	5	0	0xEEBB20	-
encoding_tree_1	2961	0x2347710	null_or_data	0x0	-	-	0x301	-
encoding_tree_1	2962	0x2347720	handler_value	-	-	-	0xEEBF90	0x0
encoding_tree_1	2963	0x2347730	key_handler	0x502	5	2	0xEEC420	-
encoding_tree_1	2964	0x2347740	null_or_data	0x0	-	-	0x303	-
encoding_tree_1	2965	0x2347750	handler_value	-	-	-	0xEECCF0	0x0
encoding_tree_1	2966	0x2347760	key_handler	0x504	5	4	0xEEC890	-
encoding_tree_1	2968	0x2347780	key_handler	0x500	5	0	0xF1B4D0	-
encoding_tree_1	2969	0x2347790	null_or_data	0x0	-	-	0x301	-
encoding_tree_1	2970	0x23477A0	handler_value	-	-	-	0xF1BDB0	0x0
encoding_tree_1	2971	0x23477B0	key_handler	0x502	5	2	0xF1B940	-
encoding_tree_1	2972	0x23477C0	null_or_data	0x0	-	-	0x303	-
encoding_tree_1	2973	0x23477D0	handler_value	-	-	-	0xF1CF50	0x0
encoding_tree_1	2974	0x23477E0	key_handler	0x504	5	4	0xF1CAF0	-
encoding_tree_1	2975	0x23477F0	null_or_data	0x0	-	-	0x505	-
encoding_tree_1	2976	0x2347800	handler_value	-	-	-	0xF1C690	0x0
encoding_tree_1	2977	0x2347810	key_handler	0x506	5	6	0x106BED0	-
encoding_tree_1	2978	0x2347820	null_or_data	0x0	-	-	0x507	-
encoding_tree_1	2979	0x2347830	handler_value	-	-	-	0xF1C240	0x0
encoding_tree_1	2980	0x2347840	key_handler	0x508	5	8	0xF1D3D0	-
encoding_tree_1	3355	0x2348FB0	key_handler	0x200	2	0	0xEA7440	-
encoding_tree_1	3357	0x2348FD0	key_handler	0x200	2	0	0xEA6FE0	-
encoding_tree_1	3359	0x2348FF0	key_handler	0x200	2	0	0xEA6B80	-
encoding_tree_1	3361	0x2349010	key_handler	0x500	5	0	0xEA6710	-
encoding_tree_1	3364	0x2349040	key_handler	0x500	5	0	0xE46790	-
encoding_tree_1	3365	0x2349050	null_or_data	0x0	-	-	0x201	-
encoding_tree_1	3366	0x2349060	handler_value	-	-	-	0xE46320	0x0
encoding_tree_1	3367	0x2349070	key_handler	0x502	5	2	0xE46C90	-
encoding_tree_1	3369	0x2349090	key_handler	0x200	2	0	0xE445E0	-
encoding_tree_1	3371	0x23490B0	key_handler	0x500	5	0	0x1C07CB0	-
encoding_tree_1	3374	0x23490E0	key_handler	0x500	5	0	0xEB2630	-
encoding_tree_1	3375	0x23490F0	null_or_data	0x0	-	-	0x501	-
encoding_tree_1	3376	0x2349100	handler_value	-	-	-	0xEB1C00	0x0
encoding_tree_1	3377	0x2349110	key_handler	0x702	7	2	0xEB2AE0	-
encoding_tree_1	3378	0x2349120	null_or_data	0x0	-	-	0x703	-
encoding_tree_1	3379	0x2349130	handler_value	-	-	-	0xEB20E0	0x0
encoding_tree_1	3380	0x2349140	key_handler	0x500	5	0	0xEAB320	-
encoding_tree_1	3382	0x2349160	key_handler	0x500	5	0	0xEAAE30	-
encoding_tree_1	3384	0x2349180	key_handler	0x500	5	0	0x17A9B70	-
encoding_tree_1	3385	0x2349190	null_or_data	0x0	-	-	0x501	-
encoding_tree_1	3386	0x23491A0	handler_value	-	-	-	0x17A96B0	0x0
encoding_tree_1	3388	0x23491C0	key_handler	0x500	5	0	0xEAA0C0	-
encoding_tree_1	3389	0x23491D0	null_or_data	0x0	-	-	0x601	-
encoding_tree_1	3390	0x23491E0	handler_value	-	-	-	0xEA9C20	0x0
encoding_tree_1	3391	0x23491F0	key_handler	0x202	2	2	0xEA97C0	-
encoding_tree_1	3394	0x2349220	key_handler	0x200	2	0	0xEA5BB0	-
encoding_tree_1	3395	0x2349230	null_or_data	0x0	-	-	0xA01	-
encoding_tree_1	3396	0x2349240	handler_value	-	-	-	0xEA5000	0x0
encoding_tree_1	3398	0x2349260	key_handler	0x1300	19	0	0xEA3C80	-
encoding_tree_1	3399	0x2349270	null_or_data	0x0	-	-	0x1301	-
encoding_tree_1	3400	0x2349280	handler_value	-	-	-	0xEA2EB0	0x0
encoding_tree_1	3402	0x23492A0	key_handler	0xA00	10	0	0xEA1B50	-
encoding_tree_1	3403	0x23492B0	null_or_data	0x0	-	-	0xA01	-
encoding_tree_1	3404	0x23492C0	handler_value	-	-	-	0xEA0EB0	0x0
encoding_tree_1	3406	0x23492E0	key_handler	0x1300	19	0	0xE9EC60	-
encoding_tree_1	3407	0x23492F0	null_or_data	0x0	-	-	0x1301	-
encoding_tree_1	3408	0x2349300	handler_value	-	-	-	0xE9F300	0x0
encoding_tree_1	3409	0x2349310	key_handler	0x1302	19	2	0xE9D6C0	-
encoding_tree_1	3410	0x2349320	null_or_data	0x0	-	-	0x1303	-
encoding_tree_1	3411	0x2349330	handler_value	-	-	-	0xE9C8B0	0x0
encoding_tree_1	3412	0x2349340	key_handler	0x1300	19	0	0x17A6E00	-
encoding_tree_1	3413	0x2349350	null_or_data	0x0	-	-	0x1301	-
encoding_tree_1	3414	0x2349360	handler_value	-	-	-	0x17A7BD0	0x0
encoding_tree_1	3415	0x2349370	key_handler	0x1302	19	2	0x17A82C0	-
encoding_tree_1	3416	0x2349380	null_or_data	0x0	-	-	0x1303	-
encoding_tree_1	3417	0x2349390	handler_value	-	-	-	0x17A74D0	0x0
encoding_tree_1	3418	0x23493A0	key_handler	0x1300	19	0	0x17A5240	-
encoding_tree_1	3419	0x23493B0	null_or_data	0x0	-	-	0x1301	-
encoding_tree_1	3420	0x23493C0	handler_value	-	-	-	0x17A5FF0	0x0
encoding_tree_1	3421	0x23493D0	key_handler	0x1302	19	2	0x17A66E0	-
encoding_tree_1	3422	0x23493E0	null_or_data	0x0	-	-	0x1303	-
encoding_tree_1	3423	0x23493F0	handler_value	-	-	-	0x17A5900	0x0
encoding_tree_1	3424	0x2349400	key_handler	0x300	3	0	0xE8FFF0	-
encoding_tree_1	3425	0x2349410	null_or_data	0x0	-	-	0x301	-
encoding_tree_1	3426	0x2349420	handler_value	-	-	-	0xE91170	0x0
encoding_tree_1	3427	0x2349430	key_handler	0x502	5	2	0xE916C0	-
encoding_tree_1	3428	0x2349440	null_or_data	0x0	-	-	0x503	-
encoding_tree_1	3429	0x2349450	handler_value	-	-	-	0x17A3D80	0x0
encoding_tree_1	3430	0x2349460	key_handler	0x304	3	4	0xE91B60	-
encoding_tree_1	3431	0x2349470	null_or_data	0x0	-	-	0x305	-
encoding_tree_1	3432	0x2349480	handler_value	-	-	-	0xE90BB0	0x0
encoding_tree_1	3433	0x2349490	key_handler	0x306	3	6	0xE90600	-
encoding_tree_1	3434	0x23494A0	null_or_data	0x0	-	-	0x307	-
encoding_tree_1	3435	0x23494B0	handler_value	-	-	-	0xE92110	0x0
encoding_tree_1	3436	0x23494C0	key_handler	0x308	3	8	0xE926A0	-
encoding_tree_1	3437	0x23494D0	null_or_data	0x0	-	-	0x309	-
encoding_tree_1	3438	0x23494E0	handler_value	-	-	-	0xE92C20	0x0
encoding_tree_1	3440	0x2349500	key_handler	0x1300	19	0	0xE8D950	-
encoding_tree_1	3441	0x2349510	null_or_data	0x0	-	-	0x1301	-
encoding_tree_1	3442	0x2349520	handler_value	-	-	-	0xE8DF80	0x0
encoding_tree_1	3443	0x2349530	key_handler	0x1302	19	2	0xE8F340	-
encoding_tree_1	3444	0x2349540	null_or_data	0x0	-	-	0x1303	-
encoding_tree_1	3445	0x2349550	handler_value	-	-	-	0xE8F980	0x0
encoding_tree_1	3446	0x2349560	key_handler	0x1300	19	0	0xE8BF10	-
encoding_tree_1	3447	0x2349570	null_or_data	0x0	-	-	0x1301	-
encoding_tree_1	3448	0x2349580	handler_value	-	-	-	0xE8C570	0x0
encoding_tree_1	3450	0x23495A0	key_handler	0x1300	19	0	0xE873F0	-
encoding_tree_1	3451	0x23495B0	null_or_data	0x0	-	-	0x1301	-
encoding_tree_1	3452	0x23495C0	handler_value	-	-	-	0xE87A40	0x0
encoding_tree_1	3453	0x23495D0	key_handler	0x1302	19	2	0xE88E40	-
encoding_tree_1	3454	0x23495E0	null_or_data	0x0	-	-	0x1303	-
encoding_tree_1	3455	0x23495F0	handler_value	-	-	-	0xE89490	0x0
encoding_tree_1	3456	0x2349600	key_handler	0x1300	19	0	0xE858D0	-
encoding_tree_1	3457	0x2349610	null_or_data	0x0	-	-	0x1301	-
encoding_tree_1	3458	0x2349620	handler_value	-	-	-	0xE85F90	0x0
encoding_tree_1	3459	0x2349630	key_handler	0x2502	37	2	0xE83CA0	-
encoding_tree_1	3460	0x2349640	null_or_data	0x0	-	-	0x2503	-
encoding_tree_1	3461	0x2349650	handler_value	-	-	-	0xE84350	0x0
encoding_tree_1	3462	0x2349660	key_handler	0x300	3	0	0xE82370	-
encoding_tree_1	3463	0x2349670	null_or_data	0x0	-	-	0x301	-
encoding_tree_1	3464	0x2349680	handler_value	-	-	-	0xE81E50	0x0
encoding_tree_1	3465	0x2349690	key_handler	0x302	3	2	0xE828C0	-
encoding_tree_1	3468	0x23496C0	key_handler	0x300	3	0	0xE80880	-
encoding_tree_1	3469	0x23496D0	null_or_data	0x0	-	-	0x301	-
encoding_tree_1	3470	0x23496E0	handler_value	-	-	-	0xE80DD0	0x0
encoding_tree_1	3471	0x23496F0	key_handler	0x302	3	2	0xE818A0	-
encoding_tree_1	3472	0x2349700	null_or_data	0x0	-	-	0x303	-
encoding_tree_1	3473	0x2349710	handler_value	-	-	-	0xE81320	0x0
encoding_tree_1	3474	0x2349720	key_handler	0x1900	25	0	0x17A3640	-
encoding_tree_1	3475	0x2349730	null_or_data	0x0	-	-	0x1901	-
encoding_tree_1	3476	0x2349740	handler_value	-	-	-	0x17A2820	0x0
encoding_tree_1	3477	0x2349750	key_handler	0x1902	25	2	0x17A2F30	-
encoding_tree_1	3478	0x2349760	null_or_data	0x0	-	-	0x1903	-
encoding_tree_1	3479	0x2349770	handler_value	-	-	-	0x17A2130	0x0
encoding_tree_1	3480	0x2349780	key_handler	0x1904	25	4	0x17A0080	-
encoding_tree_1	3481	0x2349790	null_or_data	0x0	-	-	0x1905	-
encoding_tree_1	3482	0x23497A0	handler_value	-	-	-	0x17A06D0	0x0
encoding_tree_1	3483	0x23497B0	key_handler	0x1906	25	6	0x17A1A60	-
encoding_tree_1	3484	0x23497C0	null_or_data	0x0	-	-	0x1907	-
encoding_tree_1	3485	0x23497D0	handler_value	-	-	-	0x17A0D20	0x0
encoding_tree_1	3486	0x23497E0	key_handler	0x1908	25	8	0x17A13C0	-
encoding_tree_1	3488	0x2349800	key_handler	0x1900	25	0	0x179B020	-
encoding_tree_1	3489	0x2349810	null_or_data	0x0	-	-	0x1901	-
encoding_tree_1	3490	0x2349820	handler_value	-	-	-	0x179B640	0x0
encoding_tree_1	3491	0x2349830	key_handler	0x1902	25	2	0x179FA10	-
encoding_tree_1	3492	0x2349840	null_or_data	0x0	-	-	0x1903	-
encoding_tree_1	3493	0x2349850	handler_value	-	-	-	0x179E750	0x0
encoding_tree_1	3494	0x2349860	key_handler	0x1904	25	4	0x179F3C0	-
encoding_tree_1	3495	0x2349870	null_or_data	0x0	-	-	0x1905	-
encoding_tree_1	3496	0x2349880	handler_value	-	-	-	0x179ED70	0x0
encoding_tree_1	3497	0x2349890	key_handler	0x306	3	6	0x179E150	-
encoding_tree_1	3498	0x23498A0	null_or_data	0x0	-	-	0x307	-
encoding_tree_1	3499	0x23498B0	handler_value	-	-	-	0x179CFE0	0x0
encoding_tree_1	3500	0x23498C0	key_handler	0x308	3	8	0x179DB70	-
encoding_tree_1	3501	0x23498D0	null_or_data	0x0	-	-	0x309	-
encoding_tree_1	3502	0x23498E0	handler_value	-	-	-	0x179D590	0x0
encoding_tree_1	3503	0x23498F0	key_handler	0x190A	25	10	0x179C940	-
encoding_tree_1	3504	0x2349900	null_or_data	0x0	-	-	0x190B	-
encoding_tree_1	3505	0x2349910	handler_value	-	-	-	0x179BC60	0x0
encoding_tree_1	3506	0x2349920	key_handler	0x190C	25	12	0x179C2D0	-
encoding_tree_1	3508	0x2349940	key_handler	0x200	2	0	0xE7DE90	-
encoding_tree_1	3510	0x2349960	key_handler	0x500	5	0	0xE7DA00	-
encoding_tree_1	3512	0x2349980	key_handler	0xA00	10	0	0x1C0C620	-
encoding_tree_1	3514	0x23499A0	key_handler	0x200	2	0	0xE7CFA0	-
encoding_tree_1	3516	0x23499C0	key_handler	0x200	2	0	0xE7CB30	-
encoding_tree_1	3518	0x23499E0	key_handler	0x700	7	0	0xE7C190	-
encoding_tree_1	3519	0x23499F0	null_or_data	0x0	-	-	0x501	-
encoding_tree_1	3520	0x2349A00	handler_value	-	-	-	0xE7C680	0x0
encoding_tree_1	3521	0x2349A10	key_handler	0x502	5	2	0xE7AEA0	-
encoding_tree_1	3522	0x2349A20	null_or_data	0x0	-	-	0x503	-
encoding_tree_1	3523	0x2349A30	handler_value	-	-	-	0xE7B830	0x0
encoding_tree_1	3524	0x2349A40	key_handler	0x604	6	4	0xE7B350	-
encoding_tree_1	3525	0x2349A50	null_or_data	0x0	-	-	0x505	-
encoding_tree_1	3526	0x2349A60	handler_value	-	-	-	0xE7BCE0	0x0
encoding_tree_1	3528	0x2349A80	key_handler	0x700	7	0	0xE7A3A0	-
encoding_tree_1	3529	0x2349A90	null_or_data	0x0	-	-	0x701	-
encoding_tree_1	3530	0x2349AA0	handler_value	-	-	-	0xE7A920	0x0
encoding_tree_1	3531	0x2349AB0	key_handler	0x702	7	2	0xE798A0	-
encoding_tree_1	3532	0x2349AC0	null_or_data	0x0	-	-	0x703	-
encoding_tree_1	3533	0x2349AD0	handler_value	-	-	-	0xE79E20	0x0
encoding_tree_1	3534	0x2349AE0	key_handler	0x500	5	0	0xE793D0	-
encoding_tree_1	3536	0x2349B00	key_handler	0x2200	34	0	0x17A4660	-
encoding_tree_1	3537	0x2349B10	null_or_data	0x0	-	-	0x501	-
encoding_tree_1	3538	0x2349B20	handler_value	-	-	-	0x17A4C40	0x0
encoding_tree_1	3539	0x2349B30	key_handler	0x502	5	2	0x17A41F0	-
encoding_tree_1	3541	0x2349B50	key_handler	0x500	5	0	0xE766E0	-
encoding_tree_1	3544	0x2349B80	key_handler	0x500	5	0	0xE75D40	-
encoding_tree_1	3545	0x2349B90	null_or_data	0x0	-	-	0x301	-
encoding_tree_1	3546	0x2349BA0	handler_value	-	-	-	0xE75350	0x0
encoding_tree_1	3547	0x2349BB0	key_handler	0x502	5	2	0xE74E80	-
encoding_tree_1	3548	0x2349BC0	null_or_data	0x0	-	-	0x503	-
encoding_tree_1	3549	0x2349BD0	handler_value	-	-	-	0xE75870	0x0
encoding_tree_1	3550	0x2349BE0	key_handler	0x504	5	4	0xE76210	-
encoding_tree_1	3552	0x2349C00	key_handler	0x600	6	0	0xE73F10	-
encoding_tree_1	3553	0x2349C10	null_or_data	0x0	-	-	0x501	-
encoding_tree_1	3554	0x2349C20	handler_value	-	-	-	0xE739D0	0x0
encoding_tree_1	3555	0x2349C30	key_handler	0x502	5	2	0xE74490	-
encoding_tree_1	3556	0x2349C40	null_or_data	0x0	-	-	0x503	-
encoding_tree_1	3557	0x2349C50	handler_value	-	-	-	0xE749D0	0x0
encoding_tree_1	3558	0x2349C60	key_handler	0x500	5	0	0xE70F50	-
encoding_tree_1	3560	0x2349C80	key_handler	0x1000	16	0	0xE6F740	-
encoding_tree_1	3561	0x2349C90	null_or_data	0x0	-	-	0x201	-
encoding_tree_1	3562	0x2349CA0	handler_value	-	-	-	0xE6F290	0x0
encoding_tree_1	3563	0x2349CB0	key_handler	0x202	2	2	0xE6FC40	-
encoding_tree_1	3564	0x2349CC0	null_or_data	0x0	-	-	0x1003	-
encoding_tree_1	3565	0x2349CD0	handler_value	-	-	-	0xE705A0	0x0
encoding_tree_1	3566	0x2349CE0	key_handler	0x204	2	4	0xE700F0	-
encoding_tree_1	3567	0x2349CF0	null_or_data	0x0	-	-	0x205	-
encoding_tree_1	3568	0x2349D00	handler_value	-	-	-	0xE70AA0	0x0
encoding_tree_1	3570	0x2349D20	key_handler	0x500	5	0	0xE6BDD0	-
encoding_tree_1	3571	0x2349D30	null_or_data	0x0	-	-	0x501	-
encoding_tree_1	3572	0x2349D40	handler_value	-	-	-	0xE6C270	0x0
encoding_tree_1	3573	0x2349D50	key_handler	0x200	2	0	0xE6B970	-
encoding_tree_1	3575	0x2349D70	null_or_data	0x0	-	-	0xE6B470	-
encoding_tree_1	3578	0x2349DA0	key_handler	0x300	3	0	0x1798970	-
encoding_tree_1	3579	0x2349DB0	null_or_data	0x0	-	-	0x301	-
encoding_tree_1	3580	0x2349DC0	handler_value	-	-	-	0x17983F0	0x0
encoding_tree_1	3582	0x2349DE0	key_handler	0x300	3	0	0xE69E80	-
encoding_tree_1	3583	0x2349DF0	null_or_data	0x0	-	-	0x301	-
encoding_tree_1	3584	0x2349E00	handler_value	-	-	-	0xE69960	0x0
encoding_tree_1	3585	0x2349E10	key_handler	0x302	3	2	0xE6A3D0	-
encoding_tree_1	3588	0x2349E40	key_handler	0x300	3	0	0xE683A0	-
encoding_tree_1	3589	0x2349E50	null_or_data	0x0	-	-	0x301	-
encoding_tree_1	3590	0x2349E60	handler_value	-	-	-	0xE688F0	0x0
encoding_tree_1	3591	0x2349E70	key_handler	0x302	3	2	0xE693B0	-
encoding_tree_1	3592	0x2349E80	null_or_data	0x0	-	-	0x303	-
encoding_tree_1	3593	0x2349E90	handler_value	-	-	-	0xE68E40	0x0
encoding_tree_1	3594	0x2349EA0	key_handler	0x1900	25	0	0x1797C70	-
encoding_tree_1	3595	0x2349EB0	null_or_data	0x0	-	-	0x1901	-
encoding_tree_1	3596	0x2349EC0	handler_value	-	-	-	0x1796DB0	0x0
encoding_tree_1	3597	0x2349ED0	key_handler	0x1902	25	2	0x1797510	-
encoding_tree_1	3598	0x2349EE0	null_or_data	0x0	-	-	0x1903	-
encoding_tree_1	3599	0x2349EF0	handler_value	-	-	-	0x1796670	0x0
encoding_tree_1	3600	0x2349F00	key_handler	0x1904	25	4	0xE661E0	-
encoding_tree_1	3601	0x2349F10	null_or_data	0x0	-	-	0x1905	-
encoding_tree_1	3602	0x2349F20	handler_value	-	-	-	0xE66860	0x0
encoding_tree_1	3603	0x2349F30	key_handler	0x1906	25	6	0xE67CA0	-
encoding_tree_1	3604	0x2349F40	null_or_data	0x0	-	-	0x1907	-
encoding_tree_1	3605	0x2349F50	handler_value	-	-	-	0xE66EE0	0x0
encoding_tree_1	3606	0x2349F60	key_handler	0x1908	25	8	0xE675C0	-
encoding_tree_1	3608	0x2349F80	key_handler	0x300	3	0	0xE65180	-
encoding_tree_1	3609	0x2349F90	null_or_data	0x0	-	-	0x301	-
encoding_tree_1	3610	0x2349FA0	handler_value	-	-	-	0xE64C00	0x0
encoding_tree_1	3611	0x2349FB0	key_handler	0x302	3	2	0xE65700	-
encoding_tree_1	3612	0x2349FC0	null_or_data	0x0	-	-	0x303	-
encoding_tree_1	3613	0x2349FD0	handler_value	-	-	-	0xE65C70	0x0
encoding_tree_1	3614	0x2349FE0	key_handler	0x500	5	0	0xE64780	-
encoding_tree_1	3616	0x234A000	null_or_data	0x0	-	-	0xE641F0	-
encoding_tree_1	3618	0x234A020	null_or_data	0x0	-	-	0xE63C60	-
encoding_tree_1	3620	0x234A040	null_or_data	0x0	-	-	0xE61B40	-
encoding_tree_1	3621	0x234A050	null_or_data	0x0	-	-	0x1601	-
encoding_tree_1	3622	0x234A060	handler_value	-	-	-	0xE62B40	0x0
encoding_tree_1	3623	0x234A070	key_handler	0x1202	18	2	0xE625D0	-
encoding_tree_1	3624	0x234A080	null_or_data	0x0	-	-	0x1203	-
encoding_tree_1	3625	0x234A090	handler_value	-	-	-	0xE62070	0x0
encoding_tree_1	3626	0x234A0A0	key_handler	0x1604	22	4	0xE63690	-
encoding_tree_1	3627	0x234A0B0	null_or_data	0x0	-	-	0x1205	-
encoding_tree_1	3628	0x234A0C0	handler_value	-	-	-	0xE63100	0x0
encoding_tree_1	3630	0x234A0E0	key_handler	0x300	3	0	0x1794670	-
encoding_tree_1	3631	0x234A0F0	null_or_data	0x0	-	-	0x201	-
encoding_tree_1	3632	0x234A100	handler_value	-	-	-	0x1794150	0x0
encoding_tree_1	3633	0x234A110	key_handler	0x202	2	2	0x1794BE0	-
encoding_tree_1	3636	0x234A140	key_handler	0x1300	19	0	0x1793460	-
encoding_tree_1	3637	0x234A150	null_or_data	0x0	-	-	0x1301	-
encoding_tree_1	3638	0x234A160	handler_value	-	-	-	0x1793A80	0x0
encoding_tree_1	3640	0x234A180	key_handler	0x300	3	0	0x17960F0	-
encoding_tree_1	3641	0x234A190	null_or_data	0x0	-	-	0x301	-
encoding_tree_1	3642	0x234A1A0	handler_value	-	-	-	0x1795B70	0x0
encoding_tree_1	3643	0x234A1B0	key_handler	0x302	3	2	0x17955D0	-
encoding_tree_1	3645	0x234A1D0	key_handler	0xB00	11	0	0x1795100	-
encoding_tree_1	3647	0x234A1F0	key_handler	0xB00	11	0	0xE5E2F0	-
encoding_tree_1	3650	0x234A220	key_handler	0x1300	19	0	0xE6DCD0	-
encoding_tree_1	3651	0x234A230	null_or_data	0x0	-	-	0x1302	-
encoding_tree_1	3652	0x234A240	handler_value	-	-	-	0x1798F10	0x0
encoding_tree_1	3654	0x234A260	key_handler	0x1900	25	0	0xE71A50	-
encoding_tree_1	3655	0x234A270	null_or_data	0x0	-	-	0x501	-
encoding_tree_1	3656	0x234A280	handler_value	-	-	-	0xE71420	0x0
encoding_tree_1	3657	0x234A290	key_handler	0x502	5	2	0xE72070	-
encoding_tree_1	3658	0x234A2A0	null_or_data	0x0	-	-	0x1903	-
encoding_tree_1	3659	0x234A2B0	handler_value	-	-	-	0x1C0B920	0x0
encoding_tree_1	3660	0x234A2C0	key_handler	0x504	5	4	0x1C0B280	-
encoding_tree_1	3661	0x234A2D0	null_or_data	0x0	-	-	0x505	-
encoding_tree_1	3662	0x234A2E0	handler_value	-	-	-	0x1C0BF80	0x0
encoding_tree_1	3663	0x234A2F0	key_handler	0xD06	13	6	0xE72CF0	-
encoding_tree_1	3664	0x234A300	null_or_data	0x0	-	-	0x507	-
encoding_tree_1	3665	0x234A310	handler_value	-	-	-	0xE726A0	0x0
encoding_tree_1	3666	0x234A320	key_handler	0x508	5	8	0xE73380	-
encoding_tree_1	3668	0x234A340	key_handler	0x1900	25	0	0xE49950	-
encoding_tree_1	3669	0x234A350	null_or_data	0x0	-	-	0x1901	-
encoding_tree_1	3670	0x234A360	handler_value	-	-	-	0xE4AD00	0x0
encoding_tree_1	3671	0x234A370	key_handler	0x1302	19	2	0xE4A670	-
encoding_tree_1	3672	0x234A380	null_or_data	0x0	-	-	0x1303	-
encoding_tree_1	3673	0x234A390	handler_value	-	-	-	0xE4B390	0x0
encoding_tree_1	3674	0x234A3A0	key_handler	0x1304	19	4	0xE49FE0	-
encoding_tree_1	3675	0x234A3B0	null_or_data	0x0	-	-	0x1905	-
encoding_tree_1	3676	0x234A3C0	handler_value	-	-	-	0x1C097F0	0x0
encoding_tree_1	3677	0x234A3D0	key_handler	0x1906	25	6	0x1C08930	-
encoding_tree_1	3678	0x234A3E0	null_or_data	0x0	-	-	0x1307	-
encoding_tree_1	3679	0x234A3F0	handler_value	-	-	-	0x1C081B0	0x0
encoding_tree_1	3680	0x234A400	key_handler	0x1308	19	8	0x1C09070	-
encoding_tree_1	3681	0x234A410	null_or_data	0x0	-	-	0x1309	-
encoding_tree_1	3682	0x234A420	handler_value	-	-	-	0x1C09F30	0x0
encoding_tree_1	3683	0x234A430	key_handler	0xD0A	13	10	0xE501D0	-
encoding_tree_1	3684	0x234A440	null_or_data	0x0	-	-	0xD0B	-
encoding_tree_1	3685	0x234A450	handler_value	-	-	-	0xE51650	0x0
encoding_tree_1	3686	0x234A460	key_handler	0x130C	19	12	0xE50FA0	-
encoding_tree_1	3687	0x234A470	null_or_data	0x0	-	-	0x130D	-
encoding_tree_1	3688	0x234A480	handler_value	-	-	-	0xE51D70	0x0
encoding_tree_1	3689	0x234A490	key_handler	0x130E	19	14	0xE508F0	-
encoding_tree_1	3690	0x234A4A0	null_or_data	0x0	-	-	0xD0F	-
encoding_tree_1	3691	0x234A4B0	handler_value	-	-	-	0xE52420	0x0
encoding_tree_1	3692	0x234A4C0	key_handler	0xD10	13	16	0xE53970	-
encoding_tree_1	3693	0x234A4D0	null_or_data	0x0	-	-	0x1311	-
encoding_tree_1	3694	0x234A4E0	handler_value	-	-	-	0xE53280	0x0
encoding_tree_1	3695	0x234A4F0	key_handler	0x1312	19	18	0xE540D0	-
encoding_tree_1	3696	0x234A500	null_or_data	0x0	-	-	0x1313	-
encoding_tree_1	3697	0x234A510	handler_value	-	-	-	0xE52B90	0x0
encoding_tree_1	3698	0x234A520	key_handler	0x2314	35	20	0xE4C150	-
encoding_tree_1	3699	0x234A530	null_or_data	0x0	-	-	0x2315	-
encoding_tree_1	3700	0x234A540	handler_value	-	-	-	0xE4F330	0x0
encoding_tree_1	3701	0x234A550	key_handler	0x1316	19	22	0xE4EC00	-
encoding_tree_1	3702	0x234A560	null_or_data	0x0	-	-	0x1317	-
encoding_tree_1	3703	0x234A570	handler_value	-	-	-	0xE4FAA0	0x0
encoding_tree_1	3704	0x234A580	key_handler	0x1318	19	24	0xE4E4D0	-
encoding_tree_1	3705	0x234A590	null_or_data	0x0	-	-	0x2319	-
encoding_tree_1	3706	0x234A5A0	handler_value	-	-	-	0xE4BA20	0x0
encoding_tree_1	3707	0x234A5B0	key_handler	0x231A	35	26	0xE4D6B0	-
encoding_tree_1	3708	0x234A5C0	null_or_data	0x0	-	-	0x131B	-
encoding_tree_1	3709	0x234A5D0	handler_value	-	-	-	0xE4CFC0	0x0
encoding_tree_1	3710	0x234A5E0	key_handler	0x131C	19	28	0xE4DDE0	-
encoding_tree_1	3711	0x234A5F0	null_or_data	0x0	-	-	0x131D	-
encoding_tree_1	3712	0x234A600	handler_value	-	-	-	0xE4C8D0	0x0
encoding_tree_1	3713	0x234A610	key_handler	0x1900	25	0	0x17A9060	-
encoding_tree_1	3715	0x234A630	key_handler	0x1900	25	0	0x17A89E0	-
encoding_tree_1	3718	0x234A660	key_handler	0xA00	10	0	0xE5D550	-
encoding_tree_1	3719	0x234A670	null_or_data	0x0	-	-	0xA01	-
encoding_tree_1	3720	0x234A680	handler_value	-	-	-	0xE5DC20	0x0
encoding_tree_1	3721	0x234A690	key_handler	0xA02	10	2	0xE5C930	-
encoding_tree_1	3722	0x234A6A0	null_or_data	0x0	-	-	0xA03	-
encoding_tree_1	3723	0x234A6B0	handler_value	-	-	-	0xE5CF40	0x0
encoding_tree_1	3724	0x234A6C0	key_handler	0x200	2	0	0xE59C00	-
encoding_tree_1	3726	0x234A6E0	key_handler	0xA00	10	0	0x1C0AC90	-
encoding_tree_1	3728	0x234A700	key_handler	0xA00	10	0	0x1C0A6B0	-
encoding_tree_1	3730	0x234A720	key_handler	0x500	5	0	0xE58A40	-
encoding_tree_1	3732	0x234A740	key_handler	0x1300	19	0	0x1790F00	-
encoding_tree_1	3733	0x234A750	null_or_data	0x0	-	-	0x1301	-
encoding_tree_1	3734	0x234A760	handler_value	-	-	-	0x1791BA0	0x0
encoding_tree_1	3735	0x234A770	key_handler	0x1302	19	2	0x17921E0	-
encoding_tree_1	3736	0x234A780	null_or_data	0x0	-	-	0xA03	-
encoding_tree_1	3737	0x234A790	handler_value	-	-	-	0x1791550	0x0
encoding_tree_1	3738	0x234A7A0	key_handler	0x200	2	0	0x17855F0	-
encoding_tree_1	3740	0x234A7C0	key_handler	0x100	1	0	0xEA7880	-
encoding_tree_1	3741	0x234A7D0	null_or_data	0x0	-	-	0x1501	-
encoding_tree_1	3742	0x234A7E0	handler_value	-	-	-	0xEA7DB0	0x0
encoding_tree_1	3744	0x234A800	key_handler	0x500	5	0	0x178DB90	-
encoding_tree_1	3745	0x234A810	null_or_data	0x0	-	-	0x501	-
encoding_tree_1	3746	0x234A820	handler_value	-	-	-	0x178E060	0x0
encoding_tree_1	3747	0x234A830	key_handler	0x502	5	2	0x178E530	-
encoding_tree_1	3749	0x234A850	key_handler	0x500	5	0	0xE48AD0	-
encoding_tree_1	3751	0x234A870	key_handler	0x200	2	0	0xE48690	-
encoding_tree_1	3753	0x234A890	key_handler	0x500	5	0	0xE48210	-
encoding_tree_1	3756	0x234A8C0	key_handler	0x500	5	0	0xE47830	-
encoding_tree_1	3757	0x234A8D0	null_or_data	0x0	-	-	0x501	-
encoding_tree_1	3758	0x234A8E0	handler_value	-	-	-	0xE47D20	0x0
encoding_tree_1	3759	0x234A8F0	key_handler	0x200	2	0	0xE23480	-
encoding_tree_1	3761	0x234A910	key_handler	0xA00	10	0	0xE47180	-
encoding_tree_1	3763	0x234A930	key_handler	0x300	3	0	0xE45D60	-
encoding_tree_1	3765	0x234A950	key_handler	0x500	5	0	0xE458C0	-
encoding_tree_1	3768	0x234A980	key_handler	0x200	2	0	0xE44A20	-
encoding_tree_1	3769	0x234A990	null_or_data	0x0	-	-	0x201	-
encoding_tree_1	3770	0x234A9A0	handler_value	-	-	-	0xE453E0	0x0
encoding_tree_1	3771	0x234A9B0	key_handler	0x202	2	2	0xE44F00	-
encoding_tree_1	3774	0x234A9E0	key_handler	0x500	5	0	0xE44170	-
encoding_tree_1	3775	0x234A9F0	null_or_data	0x0	-	-	0x501	-
encoding_tree_1	3776	0x234AA00	handler_value	-	-	-	0xE43350	0x0
encoding_tree_1	3777	0x234AA10	key_handler	0x502	5	2	0xE43CE0	-
encoding_tree_1	3780	0x234AA40	key_handler	0x500	5	0	0xE42EE0	-
encoding_tree_1	3781	0x234AA50	null_or_data	0x0	-	-	0x501	-
encoding_tree_1	3782	0x234AA60	handler_value	-	-	-	0xE42A40	0x0
encoding_tree_1	3783	0x234AA70	key_handler	0x502	5	2	0xE420A0	-
encoding_tree_1	3784	0x234AA80	null_or_data	0x0	-	-	0x603	-
encoding_tree_1	3785	0x234AA90	handler_value	-	-	-	0xE41BA0	0x0
encoding_tree_1	3786	0x234AAA0	key_handler	0x604	6	4	0xE42540	-
encoding_tree_1	3788	0x234AAC0	key_handler	0x500	5	0	0xE3F8E0	-
encoding_tree_1	3789	0x234AAD0	null_or_data	0x0	-	-	0x601	-
encoding_tree_1	3790	0x234AAE0	handler_value	-	-	-	0xE406C0	0x0
encoding_tree_1	3791	0x234AAF0	key_handler	0x602	6	2	0x1787EF0	-
encoding_tree_1	3792	0x234AB00	null_or_data	0x0	-	-	0x303	-
encoding_tree_1	3793	0x234AB10	handler_value	-	-	-	0x17893D0	0x0
encoding_tree_1	3794	0x234AB20	key_handler	0x304	3	4	0x1786930	-
encoding_tree_1	3795	0x234AB30	null_or_data	0x0	-	-	0x505	-
encoding_tree_1	3796	0x234AB40	handler_value	-	-	-	0xE41180	0x0
encoding_tree_1	3797	0x234AB50	key_handler	0x506	5	6	0x17889B0	-
encoding_tree_1	3798	0x234AB60	null_or_data	0x0	-	-	0x507	-
encoding_tree_1	3799	0x234AB70	handler_value	-	-	-	0x1789F50	0x0
encoding_tree_1	3800	0x234AB80	key_handler	0x508	5	8	0x1787470	-
encoding_tree_1	3801	0x234AB90	null_or_data	0x0	-	-	0x609	-
encoding_tree_1	3802	0x234ABA0	handler_value	-	-	-	0xE40C20	0x0
encoding_tree_1	3803	0x234ABB0	key_handler	0x60A	6	10	0x1788450	-
encoding_tree_1	3804	0x234ABC0	null_or_data	0x0	-	-	0x30B	-
encoding_tree_1	3805	0x234ABD0	handler_value	-	-	-	0x1789990	0x0
encoding_tree_1	3806	0x234ABE0	key_handler	0x30C	3	12	0x1786ED0	-
encoding_tree_1	3807	0x234ABF0	null_or_data	0x0	-	-	0x50D	-
encoding_tree_1	3808	0x234AC00	handler_value	-	-	-	0xE41690	0x0
encoding_tree_1	3809	0x234AC10	key_handler	0x50E	5	14	0x1788EC0	-
encoding_tree_1	3810	0x234AC20	null_or_data	0x0	-	-	0x50F	-
encoding_tree_1	3811	0x234AC30	handler_value	-	-	-	0x178A4A0	0x0
encoding_tree_1	3812	0x234AC40	key_handler	0x510	5	16	0x17879B0	-
encoding_tree_1	3813	0x234AC50	null_or_data	0x0	-	-	0x511	-
encoding_tree_1	3814	0x234AC60	handler_value	-	-	-	0x1786490	0x0
encoding_tree_1	3815	0x234AC70	key_handler	0x512	5	18	0x178B570	-
encoding_tree_1	3816	0x234AC80	null_or_data	0x0	-	-	0x313	-
encoding_tree_1	3817	0x234AC90	handler_value	-	-	-	0x178A9F0	0x0
encoding_tree_1	3818	0x234ACA0	key_handler	0x514	5	20	0x178D190	-
encoding_tree_1	3819	0x234ACB0	null_or_data	0x0	-	-	0x315	-
encoding_tree_1	3820	0x234ACC0	handler_value	-	-	-	0x178C040	0x0
encoding_tree_1	3821	0x234ACD0	key_handler	0x516	5	22	0x1785FF0	-
encoding_tree_1	3822	0x234ACE0	null_or_data	0x0	-	-	0x319	-
encoding_tree_1	3823	0x234ACF0	handler_value	-	-	-	0x178AFC0	0x0
encoding_tree_1	3824	0x234AD00	key_handler	0x31A	3	26	0x178BA70	-
encoding_tree_1	3825	0x234AD10	null_or_data	0x0	-	-	0x31B	-
encoding_tree_1	3826	0x234AD20	handler_value	-	-	-	0x178CBE0	0x0
encoding_tree_1	3827	0x234AD30	key_handler	0x31C	3	28	0x178C610	-
encoding_tree_1	3830	0x234AD60	key_handler	0x700	7	0	0xE3CE00	-
encoding_tree_1	3831	0x234AD70	null_or_data	0x0	-	-	0x701	-
encoding_tree_1	3832	0x234AD80	handler_value	-	-	-	0xE3D360	0x0
encoding_tree_1	3833	0x234AD90	key_handler	0x702	7	2	0xE3D8E0	-
encoding_tree_1	3834	0x234ADA0	null_or_data	0x0	-	-	0x703	-
encoding_tree_1	3835	0x234ADB0	handler_value	-	-	-	0xE3DE60	0x0
encoding_tree_1	3836	0x234ADC0	key_handler	0x704	7	4	0xE3E3C0	-
encoding_tree_1	3837	0x234ADD0	null_or_data	0x0	-	-	0x705	-
encoding_tree_1	3838	0x234ADE0	handler_value	-	-	-	0xE3E940	0x0
encoding_tree_1	3839	0x234ADF0	key_handler	0x506	5	6	0xE3EEC0	-
encoding_tree_1	3840	0x234AE00	null_or_data	0x0	-	-	0x507	-
encoding_tree_1	3841	0x234AE10	handler_value	-	-	-	0xE3F3D0	0x0
encoding_tree_1	3842	0x234AE20	key_handler	0x200	2	0	0xE8A6A0	-
encoding_tree_1	3843	0x234AE30	null_or_data	0x0	-	-	0xA01	-
encoding_tree_1	3844	0x234AE40	handler_value	-	-	-	0xE8ABE0	0x0
encoding_tree_1	3846	0x234AE60	key_handler	0x700	7	0	0xE3B770	-
encoding_tree_1	3847	0x234AE70	null_or_data	0x0	-	-	0x701	-
encoding_tree_1	3848	0x234AE80	handler_value	-	-	-	0x1785A30	0x0
encoding_tree_1	3849	0x234AE90	key_handler	0x702	7	2	0xE3BCD0	-
encoding_tree_1	3850	0x234AEA0	null_or_data	0x0	-	-	0x703	-
encoding_tree_1	3851	0x234AEB0	handler_value	-	-	-	0xE3C820	0x0
encoding_tree_1	3852	0x234AEC0	key_handler	0x500	5	0	0xE3AE30	-
encoding_tree_1	3853	0x234AED0	null_or_data	0x0	-	-	0x501	-
encoding_tree_1	3854	0x234AEE0	handler_value	-	-	-	0xE3B2D0	0x0
encoding_tree_1	3856	0x234AF00	key_handler	0x500	5	0	0xE37DF0	-
encoding_tree_1	3857	0x234AF10	null_or_data	0x0	-	-	0x501	-
encoding_tree_1	3858	0x234AF20	handler_value	-	-	-	0xE38750	0x0
encoding_tree_1	3859	0x234AF30	key_handler	0x502	5	2	0xE382C0	-
encoding_tree_1	3860	0x234AF40	null_or_data	0x0	-	-	0x703	-
encoding_tree_1	3861	0x234AF50	handler_value	-	-	-	0xE39FD0	0x0
encoding_tree_1	3862	0x234AF60	key_handler	0x504	5	4	0xE3A4D0	-
encoding_tree_1	3863	0x234AF70	null_or_data	0x0	-	-	0x505	-
encoding_tree_1	3864	0x234AF80	handler_value	-	-	-	0xE3A980	0x0
encoding_tree_1	3865	0x234AF90	key_handler	0x606	6	6	0xE39100	-
encoding_tree_1	3866	0x234AFA0	null_or_data	0x0	-	-	0x507	-
encoding_tree_1	3867	0x234AFB0	handler_value	-	-	-	0xE38C20	0x0
encoding_tree_1	3868	0x234AFC0	key_handler	0x508	5	8	0xE39620	-
encoding_tree_1	3869	0x234AFD0	null_or_data	0x0	-	-	0x509	-
encoding_tree_1	3870	0x234AFE0	handler_value	-	-	-	0xE39B00	0x0
encoding_tree_1	3872	0x234B000	key_handler	0xB00	11	0	0xE31410	-
encoding_tree_1	3873	0x234B010	null_or_data	0x0	-	-	0x501	-
encoding_tree_1	3874	0x234B020	handler_value	-	-	-	0xE30540	0x0
encoding_tree_1	3875	0x234B030	key_handler	0xB02	11	2	0xE2F650	-
encoding_tree_1	3876	0x234B040	null_or_data	0x0	-	-	0x503	-
encoding_tree_1	3877	0x234B050	handler_value	-	-	-	0xE2E7C0	0x0
encoding_tree_1	3878	0x234B060	key_handler	0x4	0	4	0xE35BA0	-
encoding_tree_1	3879	0x234B070	null_or_data	0x0	-	-	0x505	-
encoding_tree_1	3880	0x234B080	handler_value	-	-	-	0xE350F0	0x0
encoding_tree_1	3881	0x234B090	key_handler	0x6	0	6	0xE345F0	-
encoding_tree_1	3882	0x234B0A0	null_or_data	0x0	-	-	0x507	-
encoding_tree_1	3883	0x234B0B0	handler_value	-	-	-	0xE33B80	0x0
encoding_tree_1	3884	0x234B0C0	key_handler	0x8	0	8	0xE36110	-
encoding_tree_1	3885	0x234B0D0	null_or_data	0x0	-	-	0x509	-
encoding_tree_1	3886	0x234B0E0	handler_value	-	-	-	0xE35630	0x0
encoding_tree_1	3887	0x234B0F0	key_handler	0xA	0	10	0xE34B50	-
encoding_tree_1	3888	0x234B100	null_or_data	0x0	-	-	0x50B	-
encoding_tree_1	3889	0x234B110	handler_value	-	-	-	0xE340A0	0x0
encoding_tree_1	3890	0x234B120	key_handler	0xC	0	12	0xE31910	-
encoding_tree_1	3891	0x234B130	null_or_data	0x0	-	-	0x50D	-
encoding_tree_1	3892	0x234B140	handler_value	-	-	-	0xE30A00	0x0
encoding_tree_1	3893	0x234B150	key_handler	0xE	0	14	0xE2FB50	-
encoding_tree_1	3894	0x234B160	null_or_data	0x0	-	-	0x50F	-
encoding_tree_1	3895	0x234B170	handler_value	-	-	-	0xE2EC60	0x0
encoding_tree_1	3896	0x234B180	key_handler	0x510	5	16	0xE336E0	-
encoding_tree_1	3897	0x234B190	null_or_data	0x0	-	-	0x511	-
encoding_tree_1	3898	0x234B1A0	handler_value	-	-	-	0xE31E50	0x0
encoding_tree_1	3899	0x234B1B0	key_handler	0xB12	11	18	0xE30F10	-
encoding_tree_1	3900	0x234B1C0	null_or_data	0x0	-	-	0x513	-
encoding_tree_1	3901	0x234B1D0	handler_value	-	-	-	0xE30080	0x0
encoding_tree_1	3902	0x234B1E0	key_handler	0xB14	11	20	0xE2F150	-
encoding_tree_1	3903	0x234B1F0	null_or_data	0x0	-	-	0x515	-
encoding_tree_1	3904	0x234B200	handler_value	-	-	-	0xE2E320	0x0
encoding_tree_1	3905	0x234B210	key_handler	0xB16	11	22	0xE331B0	-
encoding_tree_1	3906	0x234B220	null_or_data	0x0	-	-	0x517	-
encoding_tree_1	3907	0x234B230	handler_value	-	-	-	0xE32CC0	0x0
encoding_tree_1	3908	0x234B240	key_handler	0xB18	11	24	0xE32790	-
encoding_tree_1	3909	0x234B250	null_or_data	0x0	-	-	0x519	-
encoding_tree_1	3910	0x234B260	handler_value	-	-	-	0xE322C0	0x0
encoding_tree_1	3912	0x234B280	key_handler	0x500	5	0	0xE2D520	-
encoding_tree_1	3913	0x234B290	null_or_data	0x0	-	-	0x501	-
encoding_tree_1	3914	0x234B2A0	handler_value	-	-	-	0xE2DE70	0x0
encoding_tree_1	3915	0x234B2B0	key_handler	0x502	5	2	0xE2D9E0	-
encoding_tree_1	3918	0x234B2E0	key_handler	0x1900	25	0	0xE2CE80	-
encoding_tree_1	3919	0x234B2F0	null_or_data	0x0	-	-	0x1901	-
encoding_tree_1	3920	0x234B300	handler_value	-	-	-	0xE2C7E0	0x0
encoding_tree_1	3921	0x234B310	key_handler	0x1902	25	2	0xE2ACC0	-
encoding_tree_1	3922	0x234B320	null_or_data	0x0	-	-	0x1903	-
encoding_tree_1	3923	0x234B330	handler_value	-	-	-	0xE2A630	0x0
encoding_tree_1	3924	0x234B340	key_handler	0x1904	25	4	0xE2B350	-
encoding_tree_1	3925	0x234B350	null_or_data	0x0	-	-	0x1905	-
encoding_tree_1	3926	0x234B360	handler_value	-	-	-	0xE2BA20	0x0
encoding_tree_1	3927	0x234B370	key_handler	0x1906	25	6	0xE2C0F0	-
encoding_tree_1	3928	0x234B380	null_or_data	0x0	-	-	0x1907	-
encoding_tree_1	3929	0x234B390	handler_value	-	-	-	0xE28B10	0x0
encoding_tree_1	3930	0x234B3A0	key_handler	0x1908	25	8	0xE28480	-
encoding_tree_1	3931	0x234B3B0	null_or_data	0x0	-	-	0x1909	-
encoding_tree_1	3932	0x234B3C0	handler_value	-	-	-	0xE291A0	0x0
encoding_tree_1	3933	0x234B3D0	key_handler	0x190A	25	10	0xE29870	-
encoding_tree_1	3934	0x234B3E0	null_or_data	0x0	-	-	0x190B	-
encoding_tree_1	3935	0x234B3F0	handler_value	-	-	-	0xE29F40	0x0
encoding_tree_1	3936	0x234B400	key_handler	0x500	5	0	0xE27F80	-
encoding_tree_1	3937	0x234B410	null_or_data	0x0	-	-	0x1201	-
encoding_tree_1	3938	0x234B420	handler_value	-	-	-	0xE269B0	0x0
encoding_tree_1	3939	0x234B430	key_handler	0x1202	18	2	0xE27A00	-
encoding_tree_1	3940	0x234B440	null_or_data	0x0	-	-	0x1203	-
encoding_tree_1	3941	0x234B450	handler_value	-	-	-	0xE26460	0x0
encoding_tree_1	3942	0x234B460	key_handler	0x1204	18	4	0xE27480	-
encoding_tree_1	3943	0x234B470	null_or_data	0x0	-	-	0x1205	-
encoding_tree_1	3944	0x234B480	handler_value	-	-	-	0xE26F00	0x0
encoding_tree_1	3946	0x234B4A0	key_handler	0x500	5	0	0xE25F30	-
encoding_tree_1	3947	0x234B4B0	null_or_data	0x0	-	-	0x1201	-
encoding_tree_1	3948	0x234B4C0	handler_value	-	-	-	0xE248A0	0x0
encoding_tree_1	3949	0x234B4D0	key_handler	0x1202	18	2	0xE25980	-
encoding_tree_1	3950	0x234B4E0	null_or_data	0x0	-	-	0x1203	-
encoding_tree_1	3951	0x234B4F0	handler_value	-	-	-	0xE24320	0x0
encoding_tree_1	3952	0x234B500	key_handler	0x1204	18	4	0xE253D0	-
encoding_tree_1	3953	0x234B510	null_or_data	0x0	-	-	0x1205	-
encoding_tree_1	3954	0x234B520	handler_value	-	-	-	0xE24E20	0x0
encoding_tree_1	3956	0x234B540	null_or_data	0x0	-	-	0xE23DF0	-
encoding_tree_1	3957	0x234B550	null_or_data	0x0	-	-	0x1	-
encoding_tree_1	3958	0x234B560	handler_value	-	-	-	0xE238C0	0x0
encoding_tree_1	3960	0x234B580	key_handler	0x200	2	0	0x176CEB0	-
encoding_tree_1	3961	0x234B590	null_or_data	0x0	-	-	0x301	-
encoding_tree_1	3962	0x234B5A0	handler_value	-	-	-	0x176D420	0x0
encoding_tree_1	3963	0x234B5B0	key_handler	0x202	2	2	0x176DFD0	-
encoding_tree_1	3964	0x234B5C0	null_or_data	0x0	-	-	0x303	-
encoding_tree_1	3965	0x234B5D0	handler_value	-	-	-	0x176D9F0	0x0
encoding_tree_1	3966	0x234B5E0	key_handler	0x204	2	4	0x176E540	-
encoding_tree_1	3968	0x234B600	key_handler	0x200	2	0	0x1769230	-
encoding_tree_1	3969	0x234B610	null_or_data	0x0	-	-	0x201	-
encoding_tree_1	3970	0x234B620	handler_value	-	-	-	0x176A1C0	0x0
encoding_tree_1	3971	0x234B630	key_handler	0x302	3	2	0x1769740	-
encoding_tree_1	3972	0x234B640	null_or_data	0x0	-	-	0x203	-
encoding_tree_1	3973	0x234B650	handler_value	-	-	-	0x1769CB0	0x0
encoding_tree_1	3974	0x234B660	key_handler	0x204	2	4	0x1767820	-
encoding_tree_1	3975	0x234B670	null_or_data	0x0	-	-	0x305	-
encoding_tree_1	3976	0x234B680	handler_value	-	-	-	0x17687B0	0x0
encoding_tree_1	3977	0x234B690	key_handler	0x206	2	6	0x1768D20	-
encoding_tree_1	3978	0x234B6A0	null_or_data	0x0	-	-	0x307	-
encoding_tree_1	3979	0x234B6B0	handler_value	-	-	-	0x1767D30	0x0
encoding_tree_1	3980	0x234B6C0	key_handler	0x208	2	8	0x17682A0	-
encoding_tree_1	3982	0x234B6E0	key_handler	0xA00	10	0	0x17354B0	-
encoding_tree_1	3983	0x234B6F0	null_or_data	0x0	-	-	0xA01	-
encoding_tree_1	3984	0x234B700	handler_value	-	-	-	0x1736520	0x0
encoding_tree_1	3985	0x234B710	key_handler	0x302	3	2	0x1735F90	-
encoding_tree_1	3986	0x234B720	null_or_data	0x0	-	-	0x303	-
encoding_tree_1	3987	0x234B730	handler_value	-	-	-	0x1737100	0x0
encoding_tree_1	3988	0x234B740	key_handler	0xA04	10	4	0x1735A20	-
encoding_tree_1	3989	0x234B750	null_or_data	0x0	-	-	0xA05	-
encoding_tree_1	3990	0x234B760	handler_value	-	-	-	0x1736B10	0x0
encoding_tree_1	3992	0x234B780	key_handler	0x300	3	0	0x17557B0	-
encoding_tree_1	3993	0x234B790	null_or_data	0x0	-	-	0xA01	-
encoding_tree_1	3994	0x234B7A0	handler_value	-	-	-	0x1755DD0	0x0
encoding_tree_1	3995	0x234B7B0	key_handler	0xA02	10	2	0x17551D0	-
encoding_tree_1	3996	0x234B7C0	null_or_data	0x0	-	-	0x303	-
encoding_tree_1	3997	0x234B7D0	handler_value	-	-	-	0x1752E50	0x0
encoding_tree_1	3998	0x234B7E0	key_handler	0x304	3	4	0x1753A10	-
encoding_tree_1	3999	0x234B7F0	null_or_data	0x0	-	-	0xA05	-
encoding_tree_1	4000	0x234B800	handler_value	-	-	-	0x17528A0	0x0
encoding_tree_1	4001	0x234B810	key_handler	0xA06	10	6	0x1754010	-
encoding_tree_1	4002	0x234B820	null_or_data	0x0	-	-	0xA07	-
encoding_tree_1	4003	0x234B830	handler_value	-	-	-	0x1753460	0x0
encoding_tree_1	4004	0x234B840	key_handler	0x308	3	8	0x1756990	-
encoding_tree_1	4005	0x234B850	null_or_data	0x0	-	-	0xA09	-
encoding_tree_1	4006	0x234B860	handler_value	-	-	-	0x17563B0	0x0
encoding_tree_1	4007	0x234B870	key_handler	0x30A	3	10	0x17575A0	-
encoding_tree_1	4008	0x234B880	null_or_data	0x0	-	-	0xA0B	-
encoding_tree_1	4009	0x234B890	handler_value	-	-	-	0x1757BD0	0x0
encoding_tree_1	4010	0x234B8A0	key_handler	0xA0C	10	12	0x1756FC0	-
encoding_tree_1	4011	0x234B8B0	null_or_data	0x0	-	-	0x30D	-
encoding_tree_1	4012	0x234B8C0	handler_value	-	-	-	0x1754BA0	0x0
encoding_tree_1	4013	0x234B8D0	key_handler	0xA0E	10	14	0x17545C0	-
encoding_tree_1	4016	0x234B900	key_handler	0x300	3	0	0xD86B60	-
encoding_tree_1	4017	0x234B910	null_or_data	0x0	-	-	0xA01	-
encoding_tree_1	4018	0x234B920	handler_value	-	-	-	0xD864D0	0x0
encoding_tree_1	4019	0x234B930	key_handler	0xA02	10	2	0xD871C0	-
encoding_tree_1	4020	0x234B940	null_or_data	0x0	-	-	0xD03	-
encoding_tree_1	4021	0x234B950	handler_value	-	-	-	0xD87F20	0x0
encoding_tree_1	4022	0x234B960	key_handler	0x1304	19	4	0xD87850	-
encoding_tree_1	4023	0x234B970	null_or_data	0x0	-	-	0x1305	-
encoding_tree_1	4024	0x234B980	handler_value	-	-	-	0xD88630	0x0
encoding_tree_1	4025	0x234B990	key_handler	0x21C	2	28	0xD88D00	-
encoding_tree_1	4026	0x234B9A0	null_or_data	0x0	-	-	0x31D	-
encoding_tree_1	4027	0x234B9B0	handler_value	-	-	-	0xD89210	0x0
encoding_tree_1	4028	0x234B9C0	key_handler	0x21E	2	30	0xD89780	-
encoding_tree_1	4030	0x234B9E0	key_handler	0x500	5	0	0xE09FF0	-
encoding_tree_1	4032	0x234BA00	key_handler	0x500	5	0	0xDF11F0	-
encoding_tree_1	4033	0x234BA10	null_or_data	0x0	-	-	0x1E01	-
encoding_tree_1	4034	0x234BA20	handler_value	-	-	-	0xDF1660	0x0
encoding_tree_1	4036	0x234BA40	key_handler	0x500	5	0	0xD0BFB0	-
encoding_tree_1	4037	0x234BA50	null_or_data	0x0	-	-	0x303	-
encoding_tree_1	4038	0x234BA60	handler_value	-	-	-	0xD0CA50	0x0
encoding_tree_1	4039	0x234BA70	key_handler	0x304	3	4	0xD0C4A0	-
encoding_tree_1	4042	0x234BAA0	key_handler	0xA00	10	0	0x1776320	-
encoding_tree_1	4043	0x234BAB0	null_or_data	0x0	-	-	0x1301	-
encoding_tree_1	4044	0x234BAC0	handler_value	-	-	-	0x17768D0	0x0
encoding_tree_1	4045	0x234BAD0	key_handler	0x502	5	2	0x1776EA0	-
encoding_tree_1	4046	0x234BAE0	null_or_data	0x0	-	-	0x503	-
encoding_tree_1	4047	0x234BAF0	handler_value	-	-	-	0x1777430	0x0
encoding_tree_1	4048	0x234BB00	key_handler	0x504	5	4	0x1774360	-
encoding_tree_1	4049	0x234BB10	null_or_data	0x0	-	-	0x2205	-
encoding_tree_1	4050	0x234BB20	handler_value	-	-	-	0x1775300	0x0
encoding_tree_1	4051	0x234BB30	key_handler	0x506	5	6	0x17748C0	-
encoding_tree_1	4052	0x234BB40	null_or_data	0x0	-	-	0x507	-
encoding_tree_1	4053	0x234BB50	handler_value	-	-	-	0x1775880	0x0
encoding_tree_1	4054	0x234BB60	key_handler	0x508	5	8	0x1774DE0	-
encoding_tree_1	4055	0x234BB70	null_or_data	0x0	-	-	0x509	-
encoding_tree_1	4056	0x234BB80	handler_value	-	-	-	0x1775DD0	0x0
encoding_tree_1	4057	0x234BB90	key_handler	0xA0A	10	10	0x1782CD0	-
encoding_tree_1	4058	0x234BBA0	null_or_data	0x0	-	-	0xA0B	-
encoding_tree_1	4059	0x234BBB0	handler_value	-	-	-	0x1782630	0x0
encoding_tree_1	4060	0x234BBC0	key_handler	0xA0C	10	12	0x1783A10	-
encoding_tree_1	4061	0x234BBD0	null_or_data	0x0	-	-	0xA0D	-
encoding_tree_1	4062	0x234BBE0	handler_value	-	-	-	0x1783370	0x0
encoding_tree_1	4063	0x234BBF0	key_handler	0xA0E	10	14	0x177DC00	-
encoding_tree_1	4064	0x234BC00	null_or_data	0x0	-	-	0xA0F	-
encoding_tree_1	4065	0x234BC10	handler_value	-	-	-	0x177D560	0x0
encoding_tree_1	4066	0x234BC20	key_handler	0xA10	10	16	0x177E940	-
encoding_tree_1	4067	0x234BC30	null_or_data	0x0	-	-	0xA11	-
encoding_tree_1	4068	0x234BC40	handler_value	-	-	-	0x177E2A0	0x0
encoding_tree_1	4069	0x234BC50	key_handler	0x1312	19	18	0x1C068A0	-
encoding_tree_1	4070	0x234BC60	null_or_data	0x0	-	-	0x1313	-
encoding_tree_1	4071	0x234BC70	handler_value	-	-	-	0x1C061F0	0x0
encoding_tree_1	4072	0x234BC80	key_handler	0x1314	19	20	0x1C07600	-
encoding_tree_1	4073	0x234BC90	null_or_data	0x0	-	-	0x1315	-
encoding_tree_1	4074	0x234BCA0	handler_value	-	-	-	0x1C06F50	0x0
encoding_tree_1	4075	0x234BCB0	key_handler	0x2216	34	22	0x1778580	-
encoding_tree_1	4076	0x234BCC0	null_or_data	0x0	-	-	0x2217	-
encoding_tree_1	4077	0x234BCD0	handler_value	-	-	-	0x17779F0	0x0
encoding_tree_1	4078	0x234BCE0	key_handler	0x518	5	24	0x1778B60	-
encoding_tree_1	4079	0x234BCF0	null_or_data	0x0	-	-	0x519	-
encoding_tree_1	4080	0x234BD00	handler_value	-	-	-	0x1777FA0	0x0
encoding_tree_1	4081	0x234BD10	key_handler	0x191A	25	26	0x1779160	-
encoding_tree_1	4082	0x234BD20	null_or_data	0x0	-	-	0x191B	-
encoding_tree_1	4083	0x234BD30	handler_value	-	-	-	0x1779750	0x0
encoding_tree_1	4084	0x234BD40	key_handler	0x131C	19	28	0x177AB60	-
encoding_tree_1	4085	0x234BD50	null_or_data	0x0	-	-	0x131D	-
encoding_tree_1	4086	0x234BD60	handler_value	-	-	-	0x177A3F0	0x0
encoding_tree_1	4087	0x234BD70	key_handler	0xA1E	10	30	0x177B2F0	-
encoding_tree_1	4088	0x234BD80	null_or_data	0x0	-	-	0xA1F	-
encoding_tree_1	4089	0x234BD90	handler_value	-	-	-	0x1779D40	0x0
encoding_tree_1	4090	0x234BDA0	key_handler	0x1320	19	32	0x17811D0	-
encoding_tree_1	4091	0x234BDB0	null_or_data	0x0	-	-	0x1321	-
encoding_tree_1	4092	0x234BDC0	handler_value	-	-	-	0x1780AA0	0x0
encoding_tree_1	4093	0x234BDD0	key_handler	0xA22	10	34	0x1781F90	-
encoding_tree_1	4094	0x234BDE0	null_or_data	0x0	-	-	0xA23	-
encoding_tree_1	4095	0x234BDF0	handler_value	-	-	-	0x1781920	0x0
encoding_tree_1	4096	0x234BE00	key_handler	0x1325	19	37	0x177C100	-
encoding_tree_1	4097	0x234BE10	null_or_data	0x0	-	-	0x1326	-
encoding_tree_1	4098	0x234BE20	handler_value	-	-	-	0x177B9D0	0x0
encoding_tree_1	4099	0x234BE30	key_handler	0xA27	10	39	0x177CEC0	-
encoding_tree_1	4100	0x234BE40	null_or_data	0x0	-	-	0xA28	-
encoding_tree_1	4101	0x234BE50	handler_value	-	-	-	0x177C850	0x0
encoding_tree_1	4102	0x234BE60	key_handler	0x329	3	41	0x1772B70	-
encoding_tree_1	4103	0x234BE70	null_or_data	0x0	-	-	0x212A	-
encoding_tree_1	4104	0x234BE80	handler_value	-	-	-	0x1773120	0x0
encoding_tree_1	4105	0x234BE90	key_handler	0x212B	33	43	0x16DFDE0	-
encoding_tree_1	4106	0x234BEA0	null_or_data	0x0	-	-	0x192C	-
encoding_tree_1	4107	0x234BEB0	handler_value	-	-	-	0x16DF770	0x0
encoding_tree_1	4108	0x234BEC0	key_handler	0x62D	6	45	0x17840B0	-
encoding_tree_1	4109	0x234BED0	null_or_data	0x0	-	-	0x62E	-
encoding_tree_1	4110	0x234BEE0	handler_value	-	-	-	0x1784640	0x0
encoding_tree_1	4111	0x234BEF0	key_handler	0x32F	3	47	0x1773770	-
encoding_tree_1	4112	0x234BF00	null_or_data	0x0	-	-	0x2130	-
encoding_tree_1	4113	0x234BF10	handler_value	-	-	-	0x1773D20	0x0
encoding_tree_1	4114	0x234BF20	key_handler	0x531	5	49	0x1771E20	-
encoding_tree_1	4115	0x234BF30	null_or_data	0x0	-	-	0x532	-
encoding_tree_1	4116	0x234BF40	handler_value	-	-	-	0x1772290	0x0
encoding_tree_1	4117	0x234BF50	key_handler	0x533	5	51	0x1772700	-
encoding_tree_1	4120	0x234BF80	key_handler	0x500	5	0	0xD22060	-
encoding_tree_1	4121	0x234BF90	null_or_data	0x0	-	-	0x501	-
encoding_tree_1	4122	0x234BFA0	handler_value	-	-	-	0xD21BF0	0x0
encoding_tree_1	4124	0x234BFC0	key_handler	0xA00	10	0	0xE0A930	-
encoding_tree_1	4125	0x234BFD0	null_or_data	0x0	-	-	0x301	-
encoding_tree_1	4126	0x234BFE0	handler_value	-	-	-	0xE0B3E0	0x0
encoding_tree_1	4127	0x234BFF0	key_handler	0xA02	10	2	0xE0BEA0	-
encoding_tree_1	4128	0x234C000	null_or_data	0x0	-	-	0x303	-
encoding_tree_1	4129	0x234C010	handler_value	-	-	-	0xE0AE60	0x0
encoding_tree_1	4130	0x234C020	key_handler	0xA04	10	4	0xE0B970	-
encoding_tree_1	4132	0x234C040	key_handler	0x300	3	0	0x1771230	-
encoding_tree_1	4133	0x234C050	null_or_data	0x0	-	-	0x301	-
encoding_tree_1	4134	0x234C060	handler_value	-	-	-	0x1771810	0x0
encoding_tree_1	4135	0x234C070	key_handler	0x302	3	2	0xE01F30	-
encoding_tree_1	4136	0x234C080	null_or_data	0x0	-	-	0x303	-
encoding_tree_1	4137	0x234C090	handler_value	-	-	-	0xE02510	0x0
encoding_tree_1	4138	0x234C0A0	key_handler	0x500	5	0	0xDCB560	-
encoding_tree_1	4139	0x234C0B0	null_or_data	0x0	-	-	0x201	-
encoding_tree_1	4140	0x234C0C0	handler_value	-	-	-	0xDCBA70	0x0
encoding_tree_1	4141	0x234C0D0	key_handler	0x502	5	2	0xDCA620	-
encoding_tree_1	4142	0x234C0E0	null_or_data	0x0	-	-	0x203	-
encoding_tree_1	4143	0x234C0F0	handler_value	-	-	-	0xDCB030	0x0
encoding_tree_1	4144	0x234C100	key_handler	0x504	5	4	0xDCAB10	-
encoding_tree_1	4146	0x234C120	key_handler	0x1900	25	0	0xD9BA90	-
encoding_tree_1	4147	0x234C130	null_or_data	0x0	-	-	0x1901	-
encoding_tree_1	4148	0x234C140	handler_value	-	-	-	0xD9B440	0x0
encoding_tree_1	4149	0x234C150	key_handler	0x1902	25	2	0xD9ADF0	-
encoding_tree_1	4150	0x234C160	null_or_data	0x0	-	-	0x1903	-
encoding_tree_1	4151	0x234C170	handler_value	-	-	-	0xD9A7A0	0x0
encoding_tree_1	4152	0x234C180	key_handler	0x1904	25	4	0x17671D0	-
encoding_tree_1	4153	0x234C190	null_or_data	0x0	-	-	0x1905	-
encoding_tree_1	4154	0x234C1A0	handler_value	-	-	-	0x1766B80	0x0
encoding_tree_1	4155	0x234C1B0	key_handler	0x1906	25	6	0xD9A150	-
encoding_tree_1	4156	0x234C1C0	null_or_data	0x0	-	-	0x1907	-
encoding_tree_1	4157	0x234C1D0	handler_value	-	-	-	0xD99B00	0x0
encoding_tree_1	4158	0x234C1E0	key_handler	0x1908	25	8	0xD994B0	-
encoding_tree_1	4159	0x234C1F0	null_or_data	0x0	-	-	0x1909	-
encoding_tree_1	4160	0x234C200	handler_value	-	-	-	0xD98E60	0x0
encoding_tree_1	4161	0x234C210	key_handler	0x190A	25	10	0x1766530	-
encoding_tree_1	4162	0x234C220	null_or_data	0x0	-	-	0x190B	-
encoding_tree_1	4163	0x234C230	handler_value	-	-	-	0x1765EE0	0x0
encoding_tree_1	4164	0x234C240	key_handler	0x190C	25	12	0xD9E610	-
encoding_tree_1	4165	0x234C250	null_or_data	0x0	-	-	0x190D	-
encoding_tree_1	4166	0x234C260	handler_value	-	-	-	0xD9F270	0x0
encoding_tree_1	4167	0x234C270	key_handler	0x190E	25	14	0xD9EC30	-
encoding_tree_1	4168	0x234C280	null_or_data	0x0	-	-	0x190F	-
encoding_tree_1	4169	0x234C290	handler_value	-	-	-	0xD9C0D0	0x0
encoding_tree_1	4170	0x234C2A0	key_handler	0x1910	25	16	0xD9CD30	-
encoding_tree_1	4171	0x234C2B0	null_or_data	0x0	-	-	0x1911	-
encoding_tree_1	4172	0x234C2C0	handler_value	-	-	-	0xD9C6F0	0x0
encoding_tree_1	4173	0x234C2D0	key_handler	0x1912	25	18	0xD9F8B0	-
encoding_tree_1	4174	0x234C2E0	null_or_data	0x0	-	-	0x1913	-
encoding_tree_1	4175	0x234C2F0	handler_value	-	-	-	0xDA0510	0x0
encoding_tree_1	4176	0x234C300	key_handler	0x1914	25	20	0xD9FED0	-
encoding_tree_1	4177	0x234C310	null_or_data	0x0	-	-	0x1915	-
encoding_tree_1	4178	0x234C320	handler_value	-	-	-	0xD9D370	0x0
encoding_tree_1	4179	0x234C330	key_handler	0x1916	25	22	0xD9DFD0	-
encoding_tree_1	4180	0x234C340	null_or_data	0x0	-	-	0x1917	-
encoding_tree_1	4181	0x234C350	handler_value	-	-	-	0xD9D990	0x0
encoding_tree_1	4182	0x234C360	key_handler	0x1918	25	24	0xDA1D90	-
encoding_tree_1	4183	0x234C370	null_or_data	0x0	-	-	0x1919	-
encoding_tree_1	4184	0x234C380	handler_value	-	-	-	0xDA29B0	0x0
encoding_tree_1	4185	0x234C390	key_handler	0x191A	25	26	0xDA2390	-
encoding_tree_1	4186	0x234C3A0	null_or_data	0x0	-	-	0x191B	-
encoding_tree_1	4187	0x234C3B0	handler_value	-	-	-	0xDA0B50	0x0
encoding_tree_1	4188	0x234C3C0	key_handler	0x191C	25	28	0xDA1770	-
encoding_tree_1	4189	0x234C3D0	null_or_data	0x0	-	-	0x191D	-
encoding_tree_1	4190	0x234C3E0	handler_value	-	-	-	0xDA1150	0x0
encoding_tree_1	4192	0x234C400	key_handler	0x500	5	0	0xC6A200	-
encoding_tree_1	4193	0x234C410	null_or_data	0x0	-	-	0x501	-
encoding_tree_1	4194	0x234C420	handler_value	-	-	-	0xC6A6C0	0x0
encoding_tree_1	4195	0x234C430	key_handler	0x500	5	0	0xD90F90	-
encoding_tree_1	4198	0x234C460	key_handler	0x300	3	0	0xD32C30	-
encoding_tree_1	4199	0x234C470	null_or_data	0x0	-	-	0x301	-
encoding_tree_1	4200	0x234C480	handler_value	-	-	-	0xD33200	0x0
encoding_tree_1	4202	0x234C4A0	key_handler	0x1300	19	0	0xD8A470	-
encoding_tree_1	4203	0x234C4B0	null_or_data	0x0	-	-	0x1302	-
encoding_tree_1	4204	0x234C4C0	handler_value	-	-	-	0xD89C90	0x0
encoding_tree_1	4205	0x234C4D0	key_handler	0x1304	19	4	0xD8B2E0	-
encoding_tree_1	4206	0x234C4E0	null_or_data	0x0	-	-	0x1306	-
encoding_tree_1	4207	0x234C4F0	handler_value	-	-	-	0xD8AB60	0x0
encoding_tree_1	4208	0x234C500	key_handler	0x1308	19	8	0xD8B9A0	-
encoding_tree_1	4210	0x234C520	key_handler	0x500	5	0	0xCC1280	-
encoding_tree_1	4211	0x234C530	null_or_data	0x0	-	-	0x501	-
encoding_tree_1	4212	0x234C540	handler_value	-	-	-	0xCC0DE0	0x0
encoding_tree_1	4214	0x234C560	key_handler	0x500	5	0	0x1739EF0	-
encoding_tree_1	4215	0x234C570	null_or_data	0x0	-	-	0x501	-
encoding_tree_1	4216	0x234C580	handler_value	-	-	-	0x1739A50	0x0
encoding_tree_1	4217	0x234C590	key_handler	0x502	5	2	0x173A390	-
encoding_tree_1	4218	0x234C5A0	null_or_data	0x0	-	-	0x503	-
encoding_tree_1	4219	0x234C5B0	handler_value	-	-	-	0x173AD30	0x0
encoding_tree_1	4220	0x234C5C0	key_handler	0x2204	34	4	0x173B200	-
encoding_tree_1	4221	0x234C5D0	null_or_data	0x0	-	-	0x2205	-
encoding_tree_1	4222	0x234C5E0	handler_value	-	-	-	0x173B780	0x0
encoding_tree_1	4223	0x234C5F0	key_handler	0x506	5	6	0x173A860	-
encoding_tree_1	4226	0x234C620	key_handler	0xB00	11	0	0xE059E0	-
encoding_tree_1	4227	0x234C630	null_or_data	0x0	-	-	0x501	-
encoding_tree_1	4228	0x234C640	handler_value	-	-	-	0xE05F00	0x0
encoding_tree_1	4229	0x234C650	key_handler	0x502	5	2	0xE06470	-
encoding_tree_1	4230	0x234C660	null_or_data	0x0	-	-	0x603	-
encoding_tree_1	4231	0x234C670	handler_value	-	-	-	0xE04A40	0x0
encoding_tree_1	4232	0x234C680	key_handler	0x504	5	4	0xE04F60	-
encoding_tree_1	4233	0x234C690	null_or_data	0x0	-	-	0x505	-
encoding_tree_1	4234	0x234C6A0	handler_value	-	-	-	0xE054A0	0x0
encoding_tree_1	4236	0x234C6C0	key_handler	0xB00	11	0	0xDF2B00	-
encoding_tree_1	4237	0x234C6D0	null_or_data	0x0	-	-	0x501	-
encoding_tree_1	4238	0x234C6E0	handler_value	-	-	-	0xDF3020	0x0
encoding_tree_1	4239	0x234C6F0	key_handler	0x502	5	2	0xDF3590	-
encoding_tree_1	4240	0x234C700	null_or_data	0x0	-	-	0x603	-
encoding_tree_1	4241	0x234C710	handler_value	-	-	-	0xDF1B60	0x0
encoding_tree_1	4242	0x234C720	key_handler	0x504	5	4	0xDF2080	-
encoding_tree_1	4243	0x234C730	null_or_data	0x0	-	-	0x505	-
encoding_tree_1	4244	0x234C740	handler_value	-	-	-	0xDF25C0	0x0
encoding_tree_1	4246	0x234C760	key_handler	0xB00	11	0	0xCC2BE0	-
encoding_tree_1	4247	0x234C770	null_or_data	0x0	-	-	0x501	-
encoding_tree_1	4248	0x234C780	handler_value	-	-	-	0xCC3130	0x0
encoding_tree_1	4249	0x234C790	key_handler	0x502	5	2	0xCC36D0	-
encoding_tree_1	4250	0x234C7A0	null_or_data	0x0	-	-	0x603	-
encoding_tree_1	4251	0x234C7B0	handler_value	-	-	-	0xCC1BB0	0x0
encoding_tree_1	4252	0x234C7C0	key_handler	0x504	5	4	0xCC2100	-
encoding_tree_1	4253	0x234C7D0	null_or_data	0x0	-	-	0x505	-
encoding_tree_1	4254	0x234C7E0	handler_value	-	-	-	0xCC2670	0x0
encoding_tree_1	4256	0x234C800	key_handler	0xB00	11	0	0xDED500	-
encoding_tree_1	4257	0x234C810	null_or_data	0x0	-	-	0x501	-
encoding_tree_1	4258	0x234C820	handler_value	-	-	-	0xDEDA50	0x0
encoding_tree_1	4259	0x234C830	key_handler	0x502	5	2	0xDEDFF0	-
encoding_tree_1	4260	0x234C840	null_or_data	0x0	-	-	0x603	-
encoding_tree_1	4261	0x234C850	handler_value	-	-	-	0xDEC4D0	0x0
encoding_tree_1	4262	0x234C860	key_handler	0x504	5	4	0xDECA20	-
encoding_tree_1	4263	0x234C870	null_or_data	0x0	-	-	0x505	-
encoding_tree_1	4264	0x234C880	handler_value	-	-	-	0xDECF90	0x0
encoding_tree_1	4266	0x234C8A0	key_handler	0xB00	11	0	0xD41B80	-
encoding_tree_1	4267	0x234C8B0	null_or_data	0x0	-	-	0x501	-
encoding_tree_1	4268	0x234C8C0	handler_value	-	-	-	0xD420A0	0x0
encoding_tree_1	4269	0x234C8D0	key_handler	0x502	5	2	0xD42610	-
encoding_tree_1	4270	0x234C8E0	null_or_data	0x0	-	-	0x603	-
encoding_tree_1	4271	0x234C8F0	handler_value	-	-	-	0xD40BE0	0x0
encoding_tree_1	4272	0x234C900	key_handler	0x504	5	4	0xD41100	-
encoding_tree_1	4273	0x234C910	null_or_data	0x0	-	-	0x505	-
encoding_tree_1	4274	0x234C920	handler_value	-	-	-	0xD41640	0x0
encoding_tree_1	4276	0x234C940	key_handler	0xB00	11	0	0xD0DF80	-
encoding_tree_1	4277	0x234C950	null_or_data	0x0	-	-	0x501	-
encoding_tree_1	4278	0x234C960	handler_value	-	-	-	0xD0E4A0	0x0
encoding_tree_1	4279	0x234C970	key_handler	0x502	5	2	0xD0EA10	-
encoding_tree_1	4280	0x234C980	null_or_data	0x0	-	-	0x603	-
encoding_tree_1	4281	0x234C990	handler_value	-	-	-	0xD0CFE0	0x0
encoding_tree_1	4282	0x234C9A0	key_handler	0x504	5	4	0xD0D500	-
encoding_tree_1	4283	0x234C9B0	null_or_data	0x0	-	-	0x505	-
encoding_tree_1	4284	0x234C9C0	handler_value	-	-	-	0xD0DA40	0x0
encoding_tree_1	4285	0x234C9D0	key_handler	0xD06	13	6	0x1C05C40	-
encoding_tree_1	4286	0x234C9E0	null_or_data	0x0	-	-	0x507	-
encoding_tree_1	4287	0x234C9F0	handler_value	-	-	-	0x1C051C0	0x0
encoding_tree_1	4288	0x234CA00	key_handler	0x508	5	8	0x1C05700	-
encoding_tree_1	4290	0x234CA20	key_handler	0xB00	11	0	0xDC7C70	-
encoding_tree_1	4291	0x234CA30	null_or_data	0x0	-	-	0x501	-
encoding_tree_1	4292	0x234CA40	handler_value	-	-	-	0xDC8190	0x0
encoding_tree_1	4293	0x234CA50	key_handler	0x502	5	2	0xDC8700	-
encoding_tree_1	4294	0x234CA60	null_or_data	0x0	-	-	0x603	-
encoding_tree_1	4295	0x234CA70	handler_value	-	-	-	0xDC5D20	0x0
encoding_tree_1	4296	0x234CA80	key_handler	0x504	5	4	0xDC6770	-
encoding_tree_1	4297	0x234CA90	null_or_data	0x0	-	-	0x505	-
encoding_tree_1	4298	0x234CAA0	handler_value	-	-	-	0xDC71F0	0x0
encoding_tree_1	4299	0x234CAB0	key_handler	0x706	7	6	0xDC6240	-
encoding_tree_1	4300	0x234CAC0	null_or_data	0x0	-	-	0x507	-
encoding_tree_1	4301	0x234CAD0	handler_value	-	-	-	0xDC6CB0	0x0
encoding_tree_1	4302	0x234CAE0	key_handler	0x508	5	8	0xDC7730	-
encoding_tree_1	4304	0x234CB00	key_handler	0xB00	11	0	0xDB8490	-
encoding_tree_1	4305	0x234CB10	null_or_data	0x0	-	-	0x501	-
encoding_tree_1	4306	0x234CB20	handler_value	-	-	-	0xDB89B0	0x0
encoding_tree_1	4307	0x234CB30	key_handler	0x502	5	2	0xDB8F20	-
encoding_tree_1	4308	0x234CB40	null_or_data	0x0	-	-	0x603	-
encoding_tree_1	4309	0x234CB50	handler_value	-	-	-	0xDB6540	0x0
encoding_tree_1	4310	0x234CB60	key_handler	0x504	5	4	0xDB6F90	-
encoding_tree_1	4311	0x234CB70	null_or_data	0x0	-	-	0x505	-
encoding_tree_1	4312	0x234CB80	handler_value	-	-	-	0xDB7A10	0x0
encoding_tree_1	4313	0x234CB90	key_handler	0x706	7	6	0xDB6A60	-
encoding_tree_1	4314	0x234CBA0	null_or_data	0x0	-	-	0x507	-
encoding_tree_1	4315	0x234CBB0	handler_value	-	-	-	0xDB74D0	0x0
encoding_tree_1	4316	0x234CBC0	key_handler	0x508	5	8	0xDB7F50	-
encoding_tree_1	4318	0x234CBE0	key_handler	0x300	3	0	0xC92210	-
encoding_tree_1	4319	0x234CBF0	null_or_data	0x0	-	-	0x301	-
encoding_tree_1	4320	0x234CC00	handler_value	-	-	-	0xC8CDD0	0x0
encoding_tree_1	4321	0x234CC10	key_handler	0x302	3	2	0xC8D3D0	-
encoding_tree_1	4322	0x234CC20	null_or_data	0x0	-	-	0x303	-
encoding_tree_1	4323	0x234CC30	handler_value	-	-	-	0xC92800	0x0
encoding_tree_1	4324	0x234CC40	key_handler	0x304	3	4	0xC8DA00	-
encoding_tree_1	4325	0x234CC50	null_or_data	0x0	-	-	0x1905	-
encoding_tree_1	4326	0x234CC60	handler_value	-	-	-	0xC8E030	0x0
encoding_tree_1	4327	0x234CC70	key_handler	0x306	3	6	0xC90A40	-
encoding_tree_1	4328	0x234CC80	null_or_data	0x0	-	-	0x307	-
encoding_tree_1	4329	0x234CC90	handler_value	-	-	-	0xC91610	0x0
encoding_tree_1	4330	0x234CCA0	key_handler	0x308	3	8	0xC91020	-
encoding_tree_1	4331	0x234CCB0	null_or_data	0x0	-	-	0x1909	-
encoding_tree_1	4332	0x234CCC0	handler_value	-	-	-	0xC91C00	0x0
encoding_tree_1	4333	0x234CCD0	key_handler	0x30A	3	10	0xC8A320	-
encoding_tree_1	4334	0x234CCE0	null_or_data	0x0	-	-	0x30B	-
encoding_tree_1	4335	0x234CCF0	handler_value	-	-	-	0xC8BB80	0x0
encoding_tree_1	4336	0x234CD00	key_handler	0x30C	3	12	0xC8AF40	-
encoding_tree_1	4337	0x234CD10	null_or_data	0x0	-	-	0x190D	-
encoding_tree_1	4338	0x234CD20	handler_value	-	-	-	0xC8A900	0x0
encoding_tree_1	4339	0x234CD30	key_handler	0x190E	25	14	0xC8C170	-
encoding_tree_1	4340	0x234CD40	null_or_data	0x0	-	-	0x190F	-
encoding_tree_1	4341	0x234CD50	handler_value	-	-	-	0xC8B530	0x0
encoding_tree_1	4342	0x234CD60	key_handler	0x1910	25	16	0xC8C7C0	-
encoding_tree_1	4343	0x234CD70	null_or_data	0x0	-	-	0x1911	-
encoding_tree_1	4344	0x234CD80	handler_value	-	-	-	0xC9C380	0x0
encoding_tree_1	4345	0x234CD90	key_handler	0x1912	25	18	0xC985B0	-
encoding_tree_1	4346	0x234CDA0	null_or_data	0x0	-	-	0x1913	-
encoding_tree_1	4347	0x234CDB0	handler_value	-	-	-	0xC98C00	0x0
encoding_tree_1	4348	0x234CDC0	key_handler	0x1914	25	20	0xC9AB00	-
encoding_tree_1	4349	0x234CDD0	null_or_data	0x0	-	-	0x1915	-
encoding_tree_1	4350	0x234CDE0	handler_value	-	-	-	0xC9B720	0x0
encoding_tree_1	4351	0x234CDF0	key_handler	0x1916	25	22	0xC9B100	-
encoding_tree_1	4352	0x234CE00	null_or_data	0x0	-	-	0x1917	-
encoding_tree_1	4353	0x234CE10	handler_value	-	-	-	0xC9BD40	0x0
encoding_tree_1	4354	0x234CE20	key_handler	0x1918	25	24	0xC959F0	-
encoding_tree_1	4355	0x234CE30	null_or_data	0x0	-	-	0x1919	-
encoding_tree_1	4356	0x234CE40	handler_value	-	-	-	0xC972E0	0x0
encoding_tree_1	4357	0x234CE50	key_handler	0x191A	25	26	0xC96650	-
encoding_tree_1	4358	0x234CE60	null_or_data	0x0	-	-	0x191B	-
encoding_tree_1	4359	0x234CE70	handler_value	-	-	-	0xC95FF0	0x0
encoding_tree_1	4360	0x234CE80	key_handler	0x191C	25	28	0xC97900	-
encoding_tree_1	4361	0x234CE90	null_or_data	0x0	-	-	0x191D	-
encoding_tree_1	4362	0x234CEA0	handler_value	-	-	-	0xC96C70	0x0
encoding_tree_1	4363	0x234CEB0	key_handler	0x191E	25	30	0xC97F70	-
encoding_tree_1	4364	0x234CEC0	null_or_data	0x0	-	-	0x191F	-
encoding_tree_1	4365	0x234CED0	handler_value	-	-	-	0xC99280	0x0
encoding_tree_1	4366	0x234CEE0	key_handler	0x1920	25	32	0xC99EA0	-
encoding_tree_1	4367	0x234CEF0	null_or_data	0x0	-	-	0x1921	-
encoding_tree_1	4368	0x234CF00	handler_value	-	-	-	0xC99880	0x0
encoding_tree_1	4369	0x234CF10	key_handler	0x1922	25	34	0xC9A4C0	-
encoding_tree_1	4370	0x234CF20	null_or_data	0x0	-	-	0x1923	-
encoding_tree_1	4371	0x234CF30	handler_value	-	-	-	0xC92E30	0x0
encoding_tree_1	4372	0x234CF40	key_handler	0x1924	25	36	0xC94720	-
encoding_tree_1	4373	0x234CF50	null_or_data	0x0	-	-	0x1925	-
encoding_tree_1	4374	0x234CF60	handler_value	-	-	-	0xC93A90	0x0
encoding_tree_1	4375	0x234CF70	key_handler	0x1926	25	38	0xC93430	-
encoding_tree_1	4376	0x234CF80	null_or_data	0x0	-	-	0x1927	-
encoding_tree_1	4377	0x234CF90	handler_value	-	-	-	0xC94D40	0x0
encoding_tree_1	4378	0x234CFA0	key_handler	0x1928	25	40	0xC940B0	-
encoding_tree_1	4379	0x234CFB0	null_or_data	0x0	-	-	0x1929	-
encoding_tree_1	4380	0x234CFC0	handler_value	-	-	-	0xC953B0	0x0
encoding_tree_1	4381	0x234CFD0	key_handler	0x32A	3	42	0xC8E6B0	-
encoding_tree_1	4382	0x234CFE0	null_or_data	0x0	-	-	0x32B	-
encoding_tree_1	4383	0x234CFF0	handler_value	-	-	-	0xC8F280	0x0
encoding_tree_1	4384	0x234D000	key_handler	0x32C	3	44	0xC8EC90	-
encoding_tree_1	4385	0x234D010	null_or_data	0x0	-	-	0x192D	-
encoding_tree_1	4386	0x234D020	handler_value	-	-	-	0xC8F870	0x0
encoding_tree_1	4387	0x234D030	key_handler	0x32E	3	46	0xC86030	-
encoding_tree_1	4388	0x234D040	null_or_data	0x0	-	-	0x32F	-
encoding_tree_1	4389	0x234D050	handler_value	-	-	-	0xC86C00	0x0
encoding_tree_1	4390	0x234D060	key_handler	0x330	3	48	0xC86610	-
encoding_tree_1	4391	0x234D070	null_or_data	0x0	-	-	0x1931	-
encoding_tree_1	4392	0x234D080	handler_value	-	-	-	0xC87DB0	0x0
encoding_tree_1	4393	0x234D090	key_handler	0x1932	25	50	0xC88A40	-
encoding_tree_1	4394	0x234D0A0	null_or_data	0x0	-	-	0x1933	-
encoding_tree_1	4395	0x234D0B0	handler_value	-	-	-	0xC883F0	0x0
encoding_tree_1	4396	0x234D0C0	key_handler	0x1934	25	52	0xC89D10	-
encoding_tree_1	4397	0x234D0D0	null_or_data	0x0	-	-	0x335	-
encoding_tree_1	4398	0x234D0E0	handler_value	-	-	-	0xC90460	0x0
encoding_tree_1	4399	0x234D0F0	key_handler	0x336	3	54	0xC8FE80	-
encoding_tree_1	4400	0x234D100	null_or_data	0x0	-	-	0x337	-
encoding_tree_1	4401	0x234D110	handler_value	-	-	-	0xC877D0	0x0
encoding_tree_1	4402	0x234D120	key_handler	0x338	3	56	0xC871F0	-
encoding_tree_1	4403	0x234D130	null_or_data	0x0	-	-	0x1939	-
encoding_tree_1	4404	0x234D140	handler_value	-	-	-	0xC896D0	0x0
encoding_tree_1	4405	0x234D150	key_handler	0x193A	25	58	0xC89090	-
encoding_tree_1	4406	0x234D160	null_or_data	0x0	-	-	0x193B	-
encoding_tree_1	4407	0x234D170	handler_value	-	-	-	0xC9E120	0x0
encoding_tree_1	4408	0x234D180	key_handler	0x33C	3	60	0xC9CF80	-
encoding_tree_1	4409	0x234D190	null_or_data	0x0	-	-	0x193D	-
encoding_tree_1	4410	0x234D1A0	handler_value	-	-	-	0x1737D00	0x0
encoding_tree_1	4411	0x234D1B0	key_handler	0x193E	25	62	0xC9E750	-
encoding_tree_1	4412	0x234D1C0	null_or_data	0x0	-	-	0x33F	-
encoding_tree_1	4413	0x234D1D0	handler_value	-	-	-	0x1737710	0x0
encoding_tree_1	4414	0x234D1E0	key_handler	0x340	3	64	0xC9D540	-
encoding_tree_1	4415	0x234D1F0	null_or_data	0x0	-	-	0x1941	-
encoding_tree_1	4416	0x234D200	handler_value	-	-	-	0xC9DB30	0x0
encoding_tree_1	4417	0x234D210	key_handler	0x1942	25	66	0xC9F960	-
encoding_tree_1	4418	0x234D220	null_or_data	0x0	-	-	0x343	-
encoding_tree_1	4419	0x234D230	handler_value	-	-	-	0xC9C9D0	0x0
encoding_tree_1	4420	0x234D240	key_handler	0x344	3	68	0xC9EDB0	-
encoding_tree_1	4421	0x234D250	null_or_data	0x0	-	-	0x1945	-
encoding_tree_1	4422	0x234D260	handler_value	-	-	-	0xC9FF90	0x0
encoding_tree_1	4423	0x234D270	key_handler	0x346	3	70	0xC9F390	-
encoding_tree_1	4426	0x234D2A0	key_handler	0x1900	25	0	0x176B090	-
encoding_tree_1	4427	0x234D2B0	null_or_data	0x0	-	-	0x1901	-
encoding_tree_1	4428	0x234D2C0	handler_value	-	-	-	0x176B700	0x0
encoding_tree_1	4429	0x234D2D0	key_handler	0x1902	25	2	0xDB9AC0	-
encoding_tree_1	4430	0x234D2E0	null_or_data	0x0	-	-	0x1903	-
encoding_tree_1	4431	0x234D2F0	handler_value	-	-	-	0xDB9490	0x0
encoding_tree_1	4432	0x234D300	key_handler	0x1904	25	4	0xDBD210	-
encoding_tree_1	4433	0x234D310	null_or_data	0x0	-	-	0x1905	-
encoding_tree_1	4434	0x234D320	handler_value	-	-	-	0xDBEA50	0x0
encoding_tree_1	4435	0x234D330	key_handler	0x1906	25	6	0xDBDE20	-
encoding_tree_1	4436	0x234D340	null_or_data	0x0	-	-	0x1907	-
encoding_tree_1	4437	0x234D350	handler_value	-	-	-	0xDBF090	0x0
encoding_tree_1	4438	0x234D360	key_handler	0x1908	25	8	0xDC20D0	-
encoding_tree_1	4439	0x234D370	null_or_data	0x0	-	-	0x1909	-
encoding_tree_1	4440	0x234D380	handler_value	-	-	-	0xDC0F30	0x0
encoding_tree_1	4441	0x234D390	key_handler	0x190A	25	10	0xDC1AE0	-
encoding_tree_1	4442	0x234D3A0	null_or_data	0x0	-	-	0x190B	-
encoding_tree_1	4443	0x234D3B0	handler_value	-	-	-	0xDC14F0	0x0
encoding_tree_1	4444	0x234D3C0	key_handler	0x190C	25	12	0xDBCC50	-
encoding_tree_1	4445	0x234D3D0	null_or_data	0x0	-	-	0x190D	-
encoding_tree_1	4446	0x234D3E0	handler_value	-	-	-	0xDBE460	0x0
encoding_tree_1	4447	0x234D3F0	key_handler	0x190E	25	14	0xDBD830	-
encoding_tree_1	4448	0x234D400	null_or_data	0x0	-	-	0x190F	-
encoding_tree_1	4449	0x234D410	handler_value	-	-	-	0xDBB360	0x0
encoding_tree_1	4450	0x234D420	key_handler	0x1910	25	16	0xDBBFC0	-
encoding_tree_1	4451	0x234D430	null_or_data	0x0	-	-	0x1911	-
encoding_tree_1	4452	0x234D440	handler_value	-	-	-	0xDBB980	0x0
encoding_tree_1	4453	0x234D450	key_handler	0x1912	25	18	0xDBC600	-
encoding_tree_1	4454	0x234D460	null_or_data	0x0	-	-	0x1913	-
encoding_tree_1	4455	0x234D470	handler_value	-	-	-	0xDC08E0	0x0
encoding_tree_1	4456	0x234D480	key_handler	0x1914	25	20	0xDBF6A0	-
encoding_tree_1	4457	0x234D490	null_or_data	0x0	-	-	0x1915	-
encoding_tree_1	4458	0x234D4A0	handler_value	-	-	-	0xDC02C0	0x0
encoding_tree_1	4459	0x234D4B0	key_handler	0x1916	25	22	0xDBFCA0	-
encoding_tree_1	4460	0x234D4C0	null_or_data	0x0	-	-	0x1917	-
encoding_tree_1	4461	0x234D4D0	handler_value	-	-	-	0xDBA120	0x0
encoding_tree_1	4462	0x234D4E0	key_handler	0x1918	25	24	0xDBAD40	-
encoding_tree_1	4463	0x234D4F0	null_or_data	0x0	-	-	0x1919	-
encoding_tree_1	4464	0x234D500	handler_value	-	-	-	0xDBA720	0x0
encoding_tree_1	4466	0x234D520	key_handler	0x500	5	0	0xE0C3D0	-
encoding_tree_1	4467	0x234D530	null_or_data	0x0	-	-	0x501	-
encoding_tree_1	4468	0x234D540	handler_value	-	-	-	0xE0C8F0	0x0
encoding_tree_1	4469	0x234D550	key_handler	0x306	3	6	0xE0D3F0	-
encoding_tree_1	4470	0x234D560	null_or_data	0x0	-	-	0x307	-
encoding_tree_1	4471	0x234D570	handler_value	-	-	-	0xE0CE10	0x0
encoding_tree_1	4472	0x234D580	key_handler	0xA00	10	0	0xDE41B0	-
encoding_tree_1	4473	0x234D590	null_or_data	0x0	-	-	0x1201	-
encoding_tree_1	4474	0x234D5A0	handler_value	-	-	-	0xDE4C40	0x0
encoding_tree_1	4475	0x234D5B0	key_handler	0xA02	10	2	0xDE46E0	-
encoding_tree_1	4476	0x234D5C0	null_or_data	0x0	-	-	0x1203	-
encoding_tree_1	4477	0x234D5D0	handler_value	-	-	-	0xDE51D0	0x0
encoding_tree_1	4478	0x234D5E0	key_handler	0x30C	3	12	0xDE5D70	-
encoding_tree_1	4479	0x234D5F0	null_or_data	0x0	-	-	0x30D	-
encoding_tree_1	4480	0x234D600	handler_value	-	-	-	0xDE5770	0x0
encoding_tree_1	4481	0x234D610	key_handler	0x160E	22	14	0xDE7560	-
encoding_tree_1	4482	0x234D620	null_or_data	0x0	-	-	0x160F	-
encoding_tree_1	4483	0x234D630	handler_value	-	-	-	0xDE6F20	0x0
encoding_tree_1	4484	0x234D640	key_handler	0x310	3	16	0xDE6930	-
encoding_tree_1	4485	0x234D650	null_or_data	0x0	-	-	0x311	-
encoding_tree_1	4486	0x234D660	handler_value	-	-	-	0xDE6340	0x0
encoding_tree_1	4487	0x234D670	key_handler	0x1612	22	18	0xDE8200	-
encoding_tree_1	4488	0x234D680	null_or_data	0x0	-	-	0x1613	-
encoding_tree_1	4489	0x234D690	handler_value	-	-	-	0xDE7B90	0x0
encoding_tree_1	4490	0x234D6A0	key_handler	0x500	5	0	0xD601B0	-
encoding_tree_1	4491	0x234D6B0	null_or_data	0x0	-	-	0x303	-
encoding_tree_1	4492	0x234D6C0	handler_value	-	-	-	0xD61830	0x0
encoding_tree_1	4493	0x234D6D0	key_handler	0x304	3	4	0xD61240	-
encoding_tree_1	4494	0x234D6E0	null_or_data	0x0	-	-	0x505	-
encoding_tree_1	4495	0x234D6F0	handler_value	-	-	-	0xD5FCB0	0x0
encoding_tree_1	4496	0x234D700	key_handler	0x308	3	8	0xD60C90	-
encoding_tree_1	4497	0x234D710	null_or_data	0x0	-	-	0x309	-
encoding_tree_1	4498	0x234D720	handler_value	-	-	-	0xD606C0	0x0
encoding_tree_1	4500	0x234D740	key_handler	0x500	5	0	0xD11850	-
encoding_tree_1	4501	0x234D750	null_or_data	0x0	-	-	0x501	-
encoding_tree_1	4502	0x234D760	handler_value	-	-	-	0xD14990	0x0
encoding_tree_1	4503	0x234D770	key_handler	0x502	5	2	0xD10A10	-
encoding_tree_1	4504	0x234D780	null_or_data	0x0	-	-	0x503	-
encoding_tree_1	4505	0x234D790	handler_value	-	-	-	0xD10540	0x0
encoding_tree_1	4506	0x234D7A0	key_handler	0x504	5	4	0xD10EB0	-
encoding_tree_1	4507	0x234D7B0	null_or_data	0x0	-	-	0x505	-
encoding_tree_1	4508	0x234D7C0	handler_value	-	-	-	0xD11380	0x0
encoding_tree_1	4509	0x234D7D0	key_handler	0x506	5	6	0xD14020	-
encoding_tree_1	4510	0x234D7E0	null_or_data	0x0	-	-	0x507	-
encoding_tree_1	4511	0x234D7F0	handler_value	-	-	-	0xD11CF0	0x0
encoding_tree_1	4512	0x234D800	key_handler	0x508	5	8	0xD144F0	-
encoding_tree_1	4513	0x234D810	null_or_data	0x0	-	-	0x509	-
encoding_tree_1	4514	0x234D820	handler_value	-	-	-	0xD13620	0x0
encoding_tree_1	4515	0x234D830	key_handler	0xB0A	11	10	0xD12690	-
encoding_tree_1	4516	0x234D840	null_or_data	0x0	-	-	0x50B	-
encoding_tree_1	4517	0x234D850	handler_value	-	-	-	0xD12190	0x0
encoding_tree_1	4518	0x234D860	key_handler	0x50C	5	12	0xD13150	-
encoding_tree_1	4519	0x234D870	null_or_data	0x0	-	-	0x50D	-
encoding_tree_1	4520	0x234D880	handler_value	-	-	-	0xD13AF0	0x0
encoding_tree_1	4521	0x234D890	key_handler	0x50E	5	14	0xD12C20	-
encoding_tree_1	4523	0x234D8B0	key_handler	0x300	3	0	0x1761ED0	-
encoding_tree_1	4526	0x234D8E0	key_handler	0x500	5	0	0xCAF0A0	-
encoding_tree_1	4527	0x234D8F0	null_or_data	0x0	-	-	0x1E02	-
encoding_tree_1	4528	0x234D900	handler_value	-	-	-	0xCAF5A0	0x0
encoding_tree_1	4529	0x234D910	key_handler	0x503	5	3	0xCAFB30	-
encoding_tree_1	4530	0x234D920	null_or_data	0x0	-	-	0x1E05	-
encoding_tree_1	4531	0x234D930	handler_value	-	-	-	0xCB0030	0x0
encoding_tree_1	4532	0x234D940	key_handler	0x506	5	6	0xCA2990	-
encoding_tree_1	4533	0x234D950	null_or_data	0x0	-	-	0xB07	-
encoding_tree_1	4534	0x234D960	handler_value	-	-	-	0xCA19C0	0x0
encoding_tree_1	4535	0x234D970	key_handler	0x508	5	8	0xCA1F10	-
encoding_tree_1	4536	0x234D980	null_or_data	0x0	-	-	0xB09	-
encoding_tree_1	4537	0x234D990	handler_value	-	-	-	0xCA2430	0x0
encoding_tree_1	4538	0x234D9A0	key_handler	0x30E	3	14	0xCA3410	-
encoding_tree_1	4539	0x234D9B0	null_or_data	0x0	-	-	0x160F	-
encoding_tree_1	4540	0x234D9C0	handler_value	-	-	-	0xCA3FA0	0x0
encoding_tree_1	4541	0x234D9D0	key_handler	0x310	3	16	0xCA4B50	-
encoding_tree_1	4542	0x234D9E0	null_or_data	0x0	-	-	0x1611	-
encoding_tree_1	4543	0x234D9F0	handler_value	-	-	-	0xCA5700	0x0
encoding_tree_1	4544	0x234DA00	key_handler	0x212	2	18	0xCA6F50	-
encoding_tree_1	4545	0x234DA10	null_or_data	0x0	-	-	0x1213	-
encoding_tree_1	4546	0x234DA20	handler_value	-	-	-	0xCA8820	0x0
encoding_tree_1	4547	0x234DA30	key_handler	0x214	2	20	0xCAA090	-
encoding_tree_1	4548	0x234DA40	null_or_data	0x0	-	-	0x1215	-
encoding_tree_1	4549	0x234DA50	handler_value	-	-	-	0xCAB9D0	0x0
encoding_tree_1	4550	0x234DA60	key_handler	0x31A	3	26	0xCA6360	-
encoding_tree_1	4551	0x234DA70	null_or_data	0x0	-	-	0x161B	-
encoding_tree_1	4552	0x234DA80	handler_value	-	-	-	0xCA7B80	0x0
encoding_tree_1	4553	0x234DA90	key_handler	0x31C	3	28	0xCA9480	-
encoding_tree_1	4554	0x234DAA0	null_or_data	0x0	-	-	0x161D	-
encoding_tree_1	4555	0x234DAB0	handler_value	-	-	-	0xCAAD00	0x0
encoding_tree_1	4556	0x234DAC0	key_handler	0x21E	2	30	0xCA69A0	-
encoding_tree_1	4557	0x234DAD0	null_or_data	0x0	-	-	0x121F	-
encoding_tree_1	4558	0x234DAE0	handler_value	-	-	-	0xCA8220	0x0
encoding_tree_1	4559	0x234DAF0	key_handler	0x220	2	32	0xCA9AE0	-
encoding_tree_1	4560	0x234DB00	null_or_data	0x0	-	-	0x1221	-
encoding_tree_1	4561	0x234DB10	handler_value	-	-	-	0xCAB3B0	0x0
encoding_tree_1	4562	0x234DB20	key_handler	0x326	3	38	0xCA5D10	-
encoding_tree_1	4563	0x234DB30	null_or_data	0x0	-	-	0x1627	-
encoding_tree_1	4564	0x234DB40	handler_value	-	-	-	0xCA74E0	0x0
encoding_tree_1	4565	0x234DB50	key_handler	0x328	3	40	0xCA8E20	-
encoding_tree_1	4566	0x234DB60	null_or_data	0x0	-	-	0x1629	-
encoding_tree_1	4567	0x234DB70	handler_value	-	-	-	0xCAA640	0x0
encoding_tree_1	4568	0x234DB80	key_handler	0x52A	5	42	0xCA14F0	-
encoding_tree_1	4569	0x234DB90	null_or_data	0x0	-	-	0xB2B	-
encoding_tree_1	4570	0x234DBA0	handler_value	-	-	-	0xCA05B0	0x0
encoding_tree_1	4571	0x234DBB0	key_handler	0x52C	5	44	0xCA0AD0	-
encoding_tree_1	4572	0x234DBC0	null_or_data	0x0	-	-	0xB2D	-
encoding_tree_1	4573	0x234DBD0	handler_value	-	-	-	0xCA0FC0	0x0
encoding_tree_1	4574	0x234DBE0	key_handler	0x332	3	50	0xCA2E90	-
encoding_tree_1	4575	0x234DBF0	null_or_data	0x0	-	-	0x1633	-
encoding_tree_1	4576	0x234DC00	handler_value	-	-	-	0xCA39C0	0x0
encoding_tree_1	4577	0x234DC10	key_handler	0x334	3	52	0xCA45B0	-
encoding_tree_1	4578	0x234DC20	null_or_data	0x0	-	-	0x1635	-
encoding_tree_1	4579	0x234DC30	handler_value	-	-	-	0xCA5120	0x0
encoding_tree_1	4580	0x234DC40	key_handler	0x536	5	54	0xCABFE0	-
encoding_tree_1	4581	0x234DC50	null_or_data	0x0	-	-	0x537	-
encoding_tree_1	4582	0x234DC60	handler_value	-	-	-	0xCADFD0	0x0
encoding_tree_1	4583	0x234DC70	key_handler	0x538	5	56	0xCADA30	-
encoding_tree_1	4584	0x234DC80	null_or_data	0x0	-	-	0x639	-
encoding_tree_1	4585	0x234DC90	handler_value	-	-	-	0xCAEAF0	0x0
encoding_tree_1	4586	0x234DCA0	key_handler	0x33A	3	58	0xCAE510	-
encoding_tree_1	4587	0x234DCB0	null_or_data	0x0	-	-	0x53B	-
encoding_tree_1	4588	0x234DCC0	handler_value	-	-	-	0xCAC480	0x0
encoding_tree_1	4589	0x234DCD0	key_handler	0x53C	5	60	0xCAD4C0	-
encoding_tree_1	4590	0x234DCE0	null_or_data	0x0	-	-	0x63D	-
encoding_tree_1	4591	0x234DCF0	handler_value	-	-	-	0xCACF40	0x0
encoding_tree_1	4592	0x234DD00	key_handler	0x33E	3	62	0xCAC990	-
encoding_tree_1	4594	0x234DD20	key_handler	0x500	5	0	0xE0A490	-
encoding_tree_1	4596	0x234DD40	key_handler	0xA00	10	0	0xDC8C70	-
encoding_tree_1	4597	0x234DD50	null_or_data	0x0	-	-	0x301	-
encoding_tree_1	4598	0x234DD60	handler_value	-	-	-	0xDC96C0	0x0
encoding_tree_1	4599	0x234DD70	key_handler	0xA02	10	2	0xDCA120	-
encoding_tree_1	4600	0x234DD80	null_or_data	0x0	-	-	0x303	-
encoding_tree_1	4601	0x234DD90	handler_value	-	-	-	0xDC9170	0x0
encoding_tree_1	4602	0x234DDA0	key_handler	0xA04	10	4	0xDC9C20	-
encoding_tree_1	4604	0x234DDC0	key_handler	0x1E00	30	0	0x17850C0	-
encoding_tree_1	4605	0x234DDD0	null_or_data	0x0	-	-	0x501	-
encoding_tree_1	4606	0x234DDE0	handler_value	-	-	-	0x1784BD0	0x0
encoding_tree_1	4608	0x234DE00	key_handler	0x200	2	0	0xC7C710	-
encoding_tree_1	4609	0x234DE10	null_or_data	0x0	-	-	0x301	-
encoding_tree_1	4610	0x234DE20	handler_value	-	-	-	0xC7D190	0x0
encoding_tree_1	4611	0x234DE30	key_handler	0x202	2	2	0xC7D740	-
encoding_tree_1	4612	0x234DE40	null_or_data	0x0	-	-	0x303	-
encoding_tree_1	4613	0x234DE50	handler_value	-	-	-	0xC7C1A0	0x0
encoding_tree_1	4614	0x234DE60	key_handler	0x204	2	4	0xC7CC50	-
encoding_tree_1	4616	0x234DE80	key_handler	0x200	2	0	0xC7AC30	-
encoding_tree_1	4617	0x234DE90	null_or_data	0x0	-	-	0x301	-
encoding_tree_1	4618	0x234DEA0	handler_value	-	-	-	0xC7B6B0	0x0
encoding_tree_1	4619	0x234DEB0	key_handler	0x202	2	2	0xC7BC60	-
encoding_tree_1	4620	0x234DEC0	null_or_data	0x0	-	-	0x303	-
encoding_tree_1	4621	0x234DED0	handler_value	-	-	-	0xC7A6C0	0x0
encoding_tree_1	4622	0x234DEE0	key_handler	0x204	2	4	0xC7B170	-
encoding_tree_1	4624	0x234DF00	key_handler	0x2300	35	0	0xD84690	-
encoding_tree_1	4625	0x234DF10	null_or_data	0x0	-	-	0x1301	-
encoding_tree_1	4626	0x234DF20	handler_value	-	-	-	0xD83F40	0x0
encoding_tree_1	4627	0x234DF30	key_handler	0x1302	19	2	0xD84DF0	-
encoding_tree_1	4628	0x234DF40	null_or_data	0x0	-	-	0x203	-
encoding_tree_1	4629	0x234DF50	handler_value	-	-	-	0xD85540	0x0
encoding_tree_1	4630	0x234DF60	key_handler	0x304	3	4	0xD85A50	-
encoding_tree_1	4631	0x234DF70	null_or_data	0x0	-	-	0x205	-
encoding_tree_1	4632	0x234DF80	handler_value	-	-	-	0xD85FC0	0x0
encoding_tree_1	4633	0x234DF90	key_handler	0x306	3	6	0x1762440	-
encoding_tree_1	4634	0x234DFA0	null_or_data	0x0	-	-	0xA07	-
encoding_tree_1	4635	0x234DFB0	handler_value	-	-	-	0x1763150	0x0
encoding_tree_1	4636	0x234DFC0	key_handler	0xA08	10	8	0x1762AC0	-
encoding_tree_1	4638	0x234DFE0	key_handler	0xA00	10	0	0xE09040	-
encoding_tree_1	4640	0x234E000	key_handler	0x1300	19	0	0xE089A0	-
encoding_tree_1	4642	0x234E020	key_handler	0xA00	10	0	0xE07D10	-
encoding_tree_1	4643	0x234E030	null_or_data	0x0	-	-	0xA01	-
encoding_tree_1	4644	0x234E040	handler_value	-	-	-	0xE08370	0x0
encoding_tree_1	4646	0x234E060	key_handler	0x500	5	0	0xE04410	-
encoding_tree_1	4647	0x234E070	null_or_data	0x0	-	-	0x1301	-
encoding_tree_1	4648	0x234E080	handler_value	-	-	-	0xE03DD0	0x0
encoding_tree_1	4650	0x234E0A0	key_handler	0x1300	19	0	0xE03170	-
encoding_tree_1	4651	0x234E0B0	null_or_data	0x0	-	-	0x1301	-
encoding_tree_1	4652	0x234E0C0	handler_value	-	-	-	0xE037A0	0x0
encoding_tree_1	4654	0x234E0E0	key_handler	0x2300	35	0	0xD691F0	-
encoding_tree_1	4655	0x234E0F0	null_or_data	0x0	-	-	0x1301	-
encoding_tree_1	4656	0x234E100	handler_value	-	-	-	0xD68AA0	0x0
encoding_tree_1	4657	0x234E110	key_handler	0x1302	19	2	0xD69950	-
encoding_tree_1	4658	0x234E120	null_or_data	0x0	-	-	0x203	-
encoding_tree_1	4659	0x234E130	handler_value	-	-	-	0xD6A0A0	0x0
encoding_tree_1	4660	0x234E140	key_handler	0x304	3	4	0xD6A5B0	-
encoding_tree_1	4661	0x234E150	null_or_data	0x0	-	-	0x205	-
encoding_tree_1	4662	0x234E160	handler_value	-	-	-	0xD6AB20	0x0
encoding_tree_1	4663	0x234E170	key_handler	0x306	3	6	0x1760080	-
encoding_tree_1	4664	0x234E180	null_or_data	0x0	-	-	0xA07	-
encoding_tree_1	4665	0x234E190	handler_value	-	-	-	0x1760D90	0x0
encoding_tree_1	4666	0x234E1A0	key_handler	0xA08	10	8	0x1760700	-
encoding_tree_1	4668	0x234E1C0	key_handler	0x1300	19	0	0xE02B20	-
encoding_tree_1	4670	0x234E1E0	key_handler	0x500	5	0	0xD5CEA0	-
encoding_tree_1	4671	0x234E1F0	null_or_data	0x0	-	-	0x501	-
encoding_tree_1	4672	0x234E200	handler_value	-	-	-	0xD5E360	0x0
encoding_tree_1	4673	0x234E210	key_handler	0x502	5	2	0xD5C440	-
encoding_tree_1	4674	0x234E220	null_or_data	0x0	-	-	0x503	-
encoding_tree_1	4675	0x234E230	handler_value	-	-	-	0xD5D900	0x0
encoding_tree_1	4676	0x234E240	key_handler	0x504	5	4	0xD5ED90	-
encoding_tree_1	4677	0x234E250	null_or_data	0x0	-	-	0x505	-
encoding_tree_1	4678	0x234E260	handler_value	-	-	-	0xD5F7A0	0x0
encoding_tree_1	4679	0x234E270	key_handler	0x506	5	6	0xD5E890	-
encoding_tree_1	4680	0x234E280	null_or_data	0x0	-	-	0x507	-
encoding_tree_1	4681	0x234E290	handler_value	-	-	-	0xD5F290	0x0
encoding_tree_1	4682	0x234E2A0	key_handler	0x508	5	8	0xD5C970	-
encoding_tree_1	4683	0x234E2B0	null_or_data	0x0	-	-	0x509	-
encoding_tree_1	4684	0x234E2C0	handler_value	-	-	-	0xD5DE30	0x0
encoding_tree_1	4685	0x234E2D0	key_handler	0x50A	5	10	0xD5BF10	-
encoding_tree_1	4686	0x234E2E0	null_or_data	0x0	-	-	0x50B	-
encoding_tree_1	4687	0x234E2F0	handler_value	-	-	-	0xD5D3D0	0x0
encoding_tree_1	4688	0x234E300	key_handler	0x1900	25	0	0x1770520	-
encoding_tree_1	4689	0x234E310	null_or_data	0x0	-	-	0x1901	-
encoding_tree_1	4690	0x234E320	handler_value	-	-	-	0x1770B90	0x0
encoding_tree_1	4691	0x234E330	key_handler	0x302	3	2	0xDF91B0	-
encoding_tree_1	4692	0x234E340	null_or_data	0x0	-	-	0x303	-
encoding_tree_1	4693	0x234E350	handler_value	-	-	-	0xDF8BC0	0x0
encoding_tree_1	4694	0x234E360	key_handler	0x1904	25	4	0xDF97C0	-
encoding_tree_1	4695	0x234E370	null_or_data	0x0	-	-	0x1905	-
encoding_tree_1	4696	0x234E380	handler_value	-	-	-	0xDFBB30	0x0
encoding_tree_1	4697	0x234E390	key_handler	0x1906	25	6	0xDFA940	-
encoding_tree_1	4698	0x234E3A0	null_or_data	0x0	-	-	0x1907	-
encoding_tree_1	4699	0x234E3B0	handler_value	-	-	-	0xDFCD20	0x0
encoding_tree_1	4700	0x234E3C0	key_handler	0x1908	25	8	0xDFE5B0	-
encoding_tree_1	4701	0x234E3D0	null_or_data	0x0	-	-	0x1909	-
encoding_tree_1	4702	0x234E3E0	handler_value	-	-	-	0xDFD370	0x0
encoding_tree_1	4703	0x234E3F0	key_handler	0x190A	25	10	0xDFDF90	-
encoding_tree_1	4704	0x234E400	null_or_data	0x0	-	-	0x190B	-
encoding_tree_1	4705	0x234E410	handler_value	-	-	-	0xDFD970	0x0
encoding_tree_1	4706	0x234E420	key_handler	0x190C	25	12	0xDF9DC0	-
encoding_tree_1	4707	0x234E430	null_or_data	0x0	-	-	0x190D	-
encoding_tree_1	4708	0x234E440	handler_value	-	-	-	0xDFC150	0x0
encoding_tree_1	4709	0x234E450	key_handler	0x190E	25	14	0xDFAF60	-
encoding_tree_1	4710	0x234E460	null_or_data	0x0	-	-	0x30F	-
encoding_tree_1	4711	0x234E470	handler_value	-	-	-	0xDFF1B0	0x0
encoding_tree_1	4712	0x234E480	key_handler	0x310	3	16	0xDFF780	-
encoding_tree_1	4713	0x234E490	null_or_data	0x0	-	-	0x311	-
encoding_tree_1	4714	0x234E4A0	handler_value	-	-	-	0xDFEC00	0x0
encoding_tree_1	4715	0x234E4B0	key_handler	0x312	3	18	0xDF3B00	-
encoding_tree_1	4716	0x234E4C0	null_or_data	0x0	-	-	0x313	-
encoding_tree_1	4717	0x234E4D0	handler_value	-	-	-	0xDF4690	0x0
encoding_tree_1	4718	0x234E4E0	key_handler	0x314	3	20	0xDF40B0	-
encoding_tree_1	4719	0x234E4F0	null_or_data	0x0	-	-	0x1915	-
encoding_tree_1	4720	0x234E500	handler_value	-	-	-	0xDF6E10	0x0
encoding_tree_1	4721	0x234E510	key_handler	0x1916	25	22	0xDF85A0	-
encoding_tree_1	4722	0x234E520	null_or_data	0x0	-	-	0x317	-
encoding_tree_1	4723	0x234E530	handler_value	-	-	-	0xDF7430	0x0
encoding_tree_1	4724	0x234E540	key_handler	0x318	3	24	0xDF7FC0	-
encoding_tree_1	4725	0x234E550	null_or_data	0x0	-	-	0x319	-
encoding_tree_1	4726	0x234E560	handler_value	-	-	-	0xDF79E0	0x0
encoding_tree_1	4727	0x234E570	key_handler	0x31A	3	26	0xE007D0	-
encoding_tree_1	4728	0x234E580	null_or_data	0x0	-	-	0x191B	-
encoding_tree_1	4729	0x234E590	handler_value	-	-	-	0xE01910	0x0
encoding_tree_1	4730	0x234E5A0	key_handler	0x31C	3	28	0xDFFD00	-
encoding_tree_1	4731	0x234E5B0	null_or_data	0x0	-	-	0x31D	-
encoding_tree_1	4732	0x234E5C0	handler_value	-	-	-	0xE00D80	0x0
encoding_tree_1	4733	0x234E5D0	key_handler	0x31E	3	30	0xDF4C70	-
encoding_tree_1	4734	0x234E5E0	null_or_data	0x0	-	-	0x31F	-
encoding_tree_1	4735	0x234E5F0	handler_value	-	-	-	0xDF5800	0x0
encoding_tree_1	4736	0x234E600	key_handler	0x320	3	32	0xDF5220	-
encoding_tree_1	4737	0x234E610	null_or_data	0x0	-	-	0x321	-
encoding_tree_1	4738	0x234E620	handler_value	-	-	-	0xDFA3C0	0x0
encoding_tree_1	4739	0x234E630	key_handler	0x322	3	34	0xDFC770	-
encoding_tree_1	4740	0x234E640	null_or_data	0x0	-	-	0x323	-
encoding_tree_1	4741	0x234E650	handler_value	-	-	-	0xDFB580	0x0
encoding_tree_1	4742	0x234E660	key_handler	0x324	3	36	0xE00250	-
encoding_tree_1	4743	0x234E670	null_or_data	0x0	-	-	0x325	-
encoding_tree_1	4744	0x234E680	handler_value	-	-	-	0xE01330	0x0
encoding_tree_1	4745	0x234E690	key_handler	0x326	3	38	0xDF5DE0	-
encoding_tree_1	4746	0x234E6A0	null_or_data	0x0	-	-	0x327	-
encoding_tree_1	4747	0x234E6B0	handler_value	-	-	-	0xDF68A0	0x0
encoding_tree_1	4748	0x234E6C0	key_handler	0x328	3	40	0xDF6330	-
encoding_tree_1	4749	0x234E6D0	null_or_data	0x0	-	-	0x1929	-
encoding_tree_1	4750	0x234E6E0	handler_value	-	-	-	0x176FE60	0x0
encoding_tree_1	4751	0x234E6F0	key_handler	0x192A	25	42	0x176F7D0	-
encoding_tree_1	4752	0x234E700	null_or_data	0x0	-	-	0x192B	-
encoding_tree_1	4753	0x234E710	handler_value	-	-	-	0x176F140	0x0
encoding_tree_1	4754	0x234E720	key_handler	0x192C	25	44	0x176EAB0	-
encoding_tree_1	4756	0x234E740	key_handler	0x500	5	0	0xDEAB30	-
encoding_tree_1	4757	0x234E750	null_or_data	0x0	-	-	0x301	-
encoding_tree_1	4758	0x234E760	handler_value	-	-	-	0xDEB030	0x0
encoding_tree_1	4759	0x234E770	key_handler	0x502	5	2	0xDEB580	-
encoding_tree_1	4760	0x234E780	null_or_data	0x0	-	-	0x303	-
encoding_tree_1	4761	0x234E790	handler_value	-	-	-	0xDEBF80	0x0
encoding_tree_1	4762	0x234E7A0	key_handler	0x504	5	4	0xDEBA80	-
encoding_tree_1	4764	0x234E7C0	key_handler	0x500	5	0	0xDE8840	-
encoding_tree_1	4765	0x234E7D0	null_or_data	0x0	-	-	0x301	-
encoding_tree_1	4766	0x234E7E0	handler_value	-	-	-	0xDE8D10	0x0
encoding_tree_1	4767	0x234E7F0	key_handler	0x302	3	2	0xDE9700	-
encoding_tree_1	4768	0x234E800	null_or_data	0x0	-	-	0x503	-
encoding_tree_1	4769	0x234E810	handler_value	-	-	-	0xDE9230	0x0
encoding_tree_1	4770	0x234E820	key_handler	0x304	3	4	0xDEA0F0	-
encoding_tree_1	4771	0x234E830	null_or_data	0x0	-	-	0x305	-
encoding_tree_1	4772	0x234E840	handler_value	-	-	-	0xDEA610	0x0
encoding_tree_1	4773	0x234E850	key_handler	0x506	5	6	0xDE9C20	-
encoding_tree_1	4776	0x234E880	key_handler	0x200	2	0	0xDE1490	-
encoding_tree_1	4777	0x234E890	null_or_data	0x0	-	-	0x301	-
encoding_tree_1	4778	0x234E8A0	handler_value	-	-	-	0xDE1A00	0x0
encoding_tree_1	4779	0x234E8B0	key_handler	0x202	2	2	0xDE25B0	-
encoding_tree_1	4780	0x234E8C0	null_or_data	0x0	-	-	0x303	-
encoding_tree_1	4781	0x234E8D0	handler_value	-	-	-	0xDE1FD0	0x0
encoding_tree_1	4782	0x234E8E0	key_handler	0x304	3	4	0xDE3BD0	-
encoding_tree_1	4783	0x234E8F0	null_or_data	0x0	-	-	0x205	-
encoding_tree_1	4784	0x234E900	handler_value	-	-	-	0xDE2B20	0x0
encoding_tree_1	4785	0x234E910	key_handler	0x306	3	6	0xDE3600	-
encoding_tree_1	4786	0x234E920	null_or_data	0x0	-	-	0x207	-
encoding_tree_1	4787	0x234E930	handler_value	-	-	-	0xDE3090	0x0
encoding_tree_1	4788	0x234E940	key_handler	0x500	5	0	0xDDFAF0	-
encoding_tree_1	4789	0x234E950	null_or_data	0x0	-	-	0x301	-
encoding_tree_1	4790	0x234E960	handler_value	-	-	-	0xDDFFF0	0x0
encoding_tree_1	4791	0x234E970	key_handler	0x502	5	2	0xDE0540	-
encoding_tree_1	4792	0x234E980	null_or_data	0x0	-	-	0x303	-
encoding_tree_1	4793	0x234E990	handler_value	-	-	-	0xDE0F40	0x0
encoding_tree_1	4794	0x234E9A0	key_handler	0x504	5	4	0xDE0A40	-
encoding_tree_1	4796	0x234E9C0	key_handler	0x700	7	0	0xDC5280	-
encoding_tree_1	4797	0x234E9D0	null_or_data	0x0	-	-	0x701	-
encoding_tree_1	4798	0x234E9E0	handler_value	-	-	-	0xDC57D0	0x0
encoding_tree_1	4799	0x234E9F0	key_handler	0x702	7	2	0xDC47E0	-
encoding_tree_1	4800	0x234EA00	null_or_data	0x0	-	-	0x703	-
encoding_tree_1	4801	0x234EA10	handler_value	-	-	-	0xDC4D30	0x0
encoding_tree_1	4802	0x234EA20	key_handler	0x500	5	0	0xDC26E0	-
encoding_tree_1	4803	0x234EA30	null_or_data	0x0	-	-	0x303	-
encoding_tree_1	4804	0x234EA40	handler_value	-	-	-	0xDC36B0	0x0
encoding_tree_1	4805	0x234EA50	key_handler	0x304	3	4	0xDC30E0	-
encoding_tree_1	4806	0x234EA60	null_or_data	0x0	-	-	0x505	-
encoding_tree_1	4807	0x234EA70	handler_value	-	-	-	0x176BDA0	0x0
encoding_tree_1	4808	0x234EA80	key_handler	0x306	3	6	0x176C2D0	-
encoding_tree_1	4809	0x234EA90	null_or_data	0x0	-	-	0x307	-
encoding_tree_1	4810	0x234EAA0	handler_value	-	-	-	0x176C8B0	0x0
encoding_tree_1	4811	0x234EAB0	key_handler	0x508	5	8	0xDC2BE0	-
encoding_tree_1	4812	0x234EAC0	null_or_data	0x0	-	-	0x30B	-
encoding_tree_1	4813	0x234EAD0	handler_value	-	-	-	0xDC4230	0x0
encoding_tree_1	4814	0x234EAE0	key_handler	0x30C	3	12	0xDC3C60	-
encoding_tree_1	4816	0x234EB00	key_handler	0x300	3	0	0xD224D0	-
encoding_tree_1	4817	0x234EB10	null_or_data	0x0	-	-	0x301	-
encoding_tree_1	4818	0x234EB20	handler_value	-	-	-	0xD22F20	0x0
encoding_tree_1	4819	0x234EB30	key_handler	0x302	3	2	0xD229F0	-
encoding_tree_1	4822	0x234EB60	key_handler	0x200	2	0	0xDB40A0	-
encoding_tree_1	4823	0x234EB70	null_or_data	0x0	-	-	0x301	-
encoding_tree_1	4824	0x234EB80	handler_value	-	-	-	0xDB5030	0x0
encoding_tree_1	4825	0x234EB90	key_handler	0x202	2	2	0xDB55A0	-
encoding_tree_1	4826	0x234EBA0	null_or_data	0x0	-	-	0x303	-
encoding_tree_1	4827	0x234EBB0	handler_value	-	-	-	0xDB45B0	0x0
encoding_tree_1	4828	0x234EBC0	key_handler	0x204	2	4	0xDB4B20	-
encoding_tree_1	4829	0x234EBD0	null_or_data	0x0	-	-	0x305	-
encoding_tree_1	4830	0x234EBE0	handler_value	-	-	-	0xDB5FC0	0x0
encoding_tree_1	4831	0x234EBF0	key_handler	0x206	2	6	0xDB5AB0	-
encoding_tree_1	4834	0x234EC20	key_handler	0x500	5	0	0xDB1E30	-
encoding_tree_1	4835	0x234EC30	null_or_data	0x0	-	-	0x601	-
encoding_tree_1	4836	0x234EC40	handler_value	-	-	-	0xDB2300	0x0
encoding_tree_1	4837	0x234EC50	key_handler	0x502	5	2	0xDB27F0	-
encoding_tree_1	4838	0x234EC60	null_or_data	0x0	-	-	0x603	-
encoding_tree_1	4839	0x234EC70	handler_value	-	-	-	0xDB31B0	0x0
encoding_tree_1	4840	0x234EC80	key_handler	0x504	5	4	0xDB2CD0	-
encoding_tree_1	4842	0x234ECA0	key_handler	0xB00	11	0	0xDB1960	-
encoding_tree_1	4844	0x234ECC0	key_handler	0x200	2	0	0xDA43F0	-
encoding_tree_1	4846	0x234ECE0	key_handler	0x500	5	0	0xDA3F40	-
encoding_tree_1	4847	0x234ECF0	null_or_data	0x0	-	-	0x501	-
encoding_tree_1	4848	0x234ED00	handler_value	-	-	-	0xDA2FD0	0x0
encoding_tree_1	4849	0x234ED10	key_handler	0x602	6	2	0xDA34E0	-
encoding_tree_1	4850	0x234ED20	null_or_data	0x0	-	-	0x503	-
encoding_tree_1	4851	0x234ED30	handler_value	-	-	-	0xDA3A30	0x0
encoding_tree_1	4852	0x234ED40	key_handler	0x500	5	0	0xDA58A0	-
encoding_tree_1	4853	0x234ED50	null_or_data	0x0	-	-	0x301	-
encoding_tree_1	4854	0x234ED60	handler_value	-	-	-	0xDA5D90	0x0
encoding_tree_1	4855	0x234ED70	key_handler	0x502	5	2	0xDA62B0	-
encoding_tree_1	4856	0x234ED80	null_or_data	0x0	-	-	0x303	-
encoding_tree_1	4857	0x234ED90	handler_value	-	-	-	0xDA8140	0x0
encoding_tree_1	4858	0x234EDA0	key_handler	0x504	5	4	0xDA7C50	-
encoding_tree_1	4859	0x234EDB0	null_or_data	0x0	-	-	0x205	-
encoding_tree_1	4860	0x234EDC0	handler_value	-	-	-	0xDA4820	0x0
encoding_tree_1	4861	0x234EDD0	key_handler	0x306	3	6	0xDA4D90	-
encoding_tree_1	4862	0x234EDE0	null_or_data	0x0	-	-	0x207	-
encoding_tree_1	4863	0x234EDF0	handler_value	-	-	-	0xDA5330	0x0
encoding_tree_1	4864	0x234EE00	key_handler	0x308	3	8	0xDA76B0	-
encoding_tree_1	4865	0x234EE10	null_or_data	0x0	-	-	0x209	-
encoding_tree_1	4866	0x234EE20	handler_value	-	-	-	0xDA7140	0x0
encoding_tree_1	4867	0x234EE30	key_handler	0x50A	5	10	0xDA6C70	-
encoding_tree_1	4868	0x234EE40	null_or_data	0x0	-	-	0x50B	-
encoding_tree_1	4869	0x234EE50	handler_value	-	-	-	0xDA67A0	0x0
encoding_tree_1	4870	0x234EE60	key_handler	0x50C	5	12	0xDA8660	-
encoding_tree_1	4872	0x234EE80	key_handler	0xA00	10	0	0xD43D10	-
encoding_tree_1	4873	0x234EE90	null_or_data	0x0	-	-	0x301	-
encoding_tree_1	4874	0x234EEA0	handler_value	-	-	-	0xD44240	0x0
encoding_tree_1	4875	0x234EEB0	key_handler	0xA02	10	2	0xD447D0	-
encoding_tree_1	4876	0x234EEC0	null_or_data	0x0	-	-	0x303	-
encoding_tree_1	4877	0x234EED0	handler_value	-	-	-	0xD47560	0x0
encoding_tree_1	4878	0x234EEE0	key_handler	0xA04	10	4	0xD47020	-
encoding_tree_1	4879	0x234EEF0	null_or_data	0x0	-	-	0xA05	-
encoding_tree_1	4880	0x234EF00	handler_value	-	-	-	0xD42B80	0x0
encoding_tree_1	4881	0x234EF10	key_handler	0x306	3	6	0xD43140	-
encoding_tree_1	4882	0x234EF20	null_or_data	0x0	-	-	0xA07	-
encoding_tree_1	4883	0x234EF30	handler_value	-	-	-	0xD43750	0x0
encoding_tree_1	4884	0x234EF40	key_handler	0x308	3	8	0xD46A10	-
encoding_tree_1	4885	0x234EF50	null_or_data	0x0	-	-	0xA09	-
encoding_tree_1	4886	0x234EF60	handler_value	-	-	-	0xD46450	0x0
encoding_tree_1	4887	0x234EF70	key_handler	0xA0A	10	10	0xD44D10	-
encoding_tree_1	4888	0x234EF80	null_or_data	0x0	-	-	0xA0B	-
encoding_tree_1	4889	0x234EF90	handler_value	-	-	-	0xD4A990	0x0
encoding_tree_1	4890	0x234EFA0	key_handler	0xA0C	10	12	0xD49210	-
encoding_tree_1	4891	0x234EFB0	null_or_data	0x0	-	-	0xA0D	-
encoding_tree_1	4892	0x234EFC0	handler_value	-	-	-	0xD4B590	0x0
encoding_tree_1	4893	0x234EFD0	key_handler	0xA0E	10	14	0xD4BBA0	-
encoding_tree_1	4894	0x234EFE0	null_or_data	0x0	-	-	0xA0F	-
encoding_tree_1	4895	0x234EFF0	handler_value	-	-	-	0xD458B0	0x0
encoding_tree_1	4896	0x234F000	key_handler	0xA10	10	16	0xD4AF90	-
encoding_tree_1	4897	0x234F010	null_or_data	0x0	-	-	0xA11	-
encoding_tree_1	4898	0x234F020	handler_value	-	-	-	0xD49810	0x0
encoding_tree_1	4899	0x234F030	key_handler	0xA12	10	18	0xD47AF0	-
encoding_tree_1	4900	0x234F040	null_or_data	0x0	-	-	0xA13	-
encoding_tree_1	4901	0x234F050	handler_value	-	-	-	0xD4D910	0x0
encoding_tree_1	4902	0x234F060	key_handler	0xA14	10	20	0xD4CD50	-
encoding_tree_1	4903	0x234F070	null_or_data	0x0	-	-	0xA15	-
encoding_tree_1	4904	0x234F080	handler_value	-	-	-	0xD4E4D0	0x0
encoding_tree_1	4905	0x234F090	key_handler	0xA16	10	22	0xD45EA0	-
encoding_tree_1	4906	0x234F0A0	null_or_data	0x0	-	-	0xA17	-
encoding_tree_1	4907	0x234F0B0	handler_value	-	-	-	0xD49E10	0x0
encoding_tree_1	4908	0x234F0C0	key_handler	0xA18	10	24	0xD48690	-
encoding_tree_1	4909	0x234F0D0	null_or_data	0x0	-	-	0xA19	-
encoding_tree_1	4910	0x234F0E0	handler_value	-	-	-	0xD4C1B0	0x0
encoding_tree_1	4911	0x234F0F0	key_handler	0xA1A	10	26	0xD4C780	-
encoding_tree_1	4912	0x234F100	null_or_data	0x0	-	-	0xA1B	-
encoding_tree_1	4913	0x234F110	handler_value	-	-	-	0xD45300	0x0
encoding_tree_1	4914	0x234F120	key_handler	0xA1C	10	28	0xD480E0	-
encoding_tree_1	4915	0x234F130	null_or_data	0x0	-	-	0xA1D	-
encoding_tree_1	4916	0x234F140	handler_value	-	-	-	0xD4DF10	0x0
encoding_tree_1	4917	0x234F150	key_handler	0xA1E	10	30	0xD4D350	-
encoding_tree_1	4918	0x234F160	null_or_data	0x0	-	-	0xA1F	-
encoding_tree_1	4919	0x234F170	handler_value	-	-	-	0xD4A3D0	0x0
encoding_tree_1	4920	0x234F180	key_handler	0xA20	10	32	0xD48C50	-
encoding_tree_1	4921	0x234F190	null_or_data	0x0	-	-	0xA21	-
encoding_tree_1	4922	0x234F1A0	handler_value	-	-	-	0xD4EAE0	0x0
encoding_tree_1	4924	0x234F1C0	key_handler	0x200	2	0	0xE1BDF0	-
encoding_tree_1	4925	0x234F1D0	null_or_data	0x0	-	-	0xA01	-
encoding_tree_1	4926	0x234F1E0	handler_value	-	-	-	0xE1E090	0x0
encoding_tree_1	4927	0x234F1F0	key_handler	0x302	3	2	0xE1C890	-
encoding_tree_1	4928	0x234F200	null_or_data	0x0	-	-	0x303	-
encoding_tree_1	4929	0x234F210	handler_value	-	-	-	0xE1EBD0	0x0
encoding_tree_1	4930	0x234F220	key_handler	0x204	2	4	0xE1C340	-
encoding_tree_1	4931	0x234F230	null_or_data	0x0	-	-	0xA05	-
encoding_tree_1	4932	0x234F240	handler_value	-	-	-	0xE1E630	0x0
encoding_tree_1	4933	0x234F250	key_handler	0x306	3	6	0xE20D60	-
encoding_tree_1	4934	0x234F260	null_or_data	0x0	-	-	0x307	-
encoding_tree_1	4935	0x234F270	handler_value	-	-	-	0xE224E0	0x0
encoding_tree_1	4936	0x234F280	key_handler	0x208	2	8	0xE20230	-
encoding_tree_1	4937	0x234F290	null_or_data	0x0	-	-	0xA09	-
encoding_tree_1	4938	0x234F2A0	handler_value	-	-	-	0xE218F0	0x0
encoding_tree_1	4939	0x234F2B0	key_handler	0xA0A	10	10	0xE1AC50	-
encoding_tree_1	4940	0x234F2C0	null_or_data	0x0	-	-	0xA0B	-
encoding_tree_1	4941	0x234F2D0	handler_value	-	-	-	0xE1CDF0	0x0
encoding_tree_1	4942	0x234F2E0	key_handler	0x30C	3	12	0xE1B810	-
encoding_tree_1	4943	0x234F2F0	null_or_data	0x0	-	-	0x30D	-
encoding_tree_1	4944	0x234F300	handler_value	-	-	-	0xE1DA50	0x0
encoding_tree_1	4945	0x234F310	key_handler	0xA0E	10	14	0xE1B230	-
encoding_tree_1	4946	0x234F320	null_or_data	0x0	-	-	0xA0F	-
encoding_tree_1	4947	0x234F330	handler_value	-	-	-	0xE1D420	0x0
encoding_tree_1	4948	0x234F340	key_handler	0x310	3	16	0xE20780	-
encoding_tree_1	4949	0x234F350	null_or_data	0x0	-	-	0x311	-
encoding_tree_1	4950	0x234F360	handler_value	-	-	-	0xE21EA0	0x0
encoding_tree_1	4951	0x234F370	key_handler	0xA12	10	18	0xE1FC50	-
encoding_tree_1	4952	0x234F380	null_or_data	0x0	-	-	0xA13	-
encoding_tree_1	4953	0x234F390	handler_value	-	-	-	0xE212C0	0x0
encoding_tree_1	4954	0x234F3A0	key_handler	0x214	2	20	0xE1F6F0	-
encoding_tree_1	4955	0x234F3B0	null_or_data	0x0	-	-	0x215	-
encoding_tree_1	4956	0x234F3C0	handler_value	-	-	-	0xE1F190	0x0
encoding_tree_1	4957	0x234F3D0	key_handler	0x216	2	22	0xE22AA0	-
encoding_tree_1	4960	0x234F400	key_handler	0x200	2	0	0xDAA750	-
encoding_tree_1	4961	0x234F410	null_or_data	0x0	-	-	0xA01	-
encoding_tree_1	4962	0x234F420	handler_value	-	-	-	0xDAC9F0	0x0
encoding_tree_1	4963	0x234F430	key_handler	0x302	3	2	0xDAB1F0	-
encoding_tree_1	4964	0x234F440	null_or_data	0x0	-	-	0x303	-
encoding_tree_1	4965	0x234F450	handler_value	-	-	-	0xDAD530	0x0
encoding_tree_1	4966	0x234F460	key_handler	0x204	2	4	0xDAACA0	-
encoding_tree_1	4967	0x234F470	null_or_data	0x0	-	-	0xA05	-
encoding_tree_1	4968	0x234F480	handler_value	-	-	-	0xDACF90	0x0
encoding_tree_1	4969	0x234F490	key_handler	0x306	3	6	0xDAF6C0	-
encoding_tree_1	4970	0x234F4A0	null_or_data	0x0	-	-	0x307	-
encoding_tree_1	4971	0x234F4B0	handler_value	-	-	-	0xDB0E40	0x0
encoding_tree_1	4972	0x234F4C0	key_handler	0x208	2	8	0xDAEB90	-
encoding_tree_1	4973	0x234F4D0	null_or_data	0x0	-	-	0xA09	-
encoding_tree_1	4974	0x234F4E0	handler_value	-	-	-	0xDB0250	0x0
encoding_tree_1	4975	0x234F4F0	key_handler	0xA0A	10	10	0xDA95B0	-
encoding_tree_1	4976	0x234F500	null_or_data	0x0	-	-	0xA0B	-
encoding_tree_1	4977	0x234F510	handler_value	-	-	-	0xDAB750	0x0
encoding_tree_1	4978	0x234F520	key_handler	0x30C	3	12	0xDAA170	-
encoding_tree_1	4979	0x234F530	null_or_data	0x0	-	-	0x30D	-
encoding_tree_1	4980	0x234F540	handler_value	-	-	-	0xDAC3B0	0x0
encoding_tree_1	4981	0x234F550	key_handler	0xA0E	10	14	0xDA9B90	-
encoding_tree_1	4982	0x234F560	null_or_data	0x0	-	-	0xA0F	-
encoding_tree_1	4983	0x234F570	handler_value	-	-	-	0xDABD80	0x0
encoding_tree_1	4984	0x234F580	key_handler	0x310	3	16	0xDAF0E0	-
encoding_tree_1	4985	0x234F590	null_or_data	0x0	-	-	0x311	-
encoding_tree_1	4986	0x234F5A0	handler_value	-	-	-	0xDB0800	0x0
encoding_tree_1	4987	0x234F5B0	key_handler	0xA12	10	18	0xDAE5B0	-
encoding_tree_1	4988	0x234F5C0	null_or_data	0x0	-	-	0xA13	-
encoding_tree_1	4989	0x234F5D0	handler_value	-	-	-	0xDAFC20	0x0
encoding_tree_1	4990	0x234F5E0	key_handler	0x214	2	20	0xDAE050	-
encoding_tree_1	4991	0x234F5F0	null_or_data	0x0	-	-	0x215	-
encoding_tree_1	4992	0x234F600	handler_value	-	-	-	0xDADAF0	0x0
encoding_tree_1	4993	0x234F610	key_handler	0x216	2	22	0xDB1400	-
encoding_tree_1	4996	0x234F640	key_handler	0x200	2	0	0xC7EE20	-
encoding_tree_1	4997	0x234F650	null_or_data	0x0	-	-	0xA01	-
encoding_tree_1	4998	0x234F660	handler_value	-	-	-	0xC810C0	0x0
encoding_tree_1	4999	0x234F670	key_handler	0x302	3	2	0xC7F8C0	-
encoding_tree_1	5000	0x234F680	null_or_data	0x0	-	-	0x303	-
encoding_tree_1	5001	0x234F690	handler_value	-	-	-	0xC81C00	0x0
encoding_tree_1	5002	0x234F6A0	key_handler	0x204	2	4	0xC7F370	-
encoding_tree_1	5003	0x234F6B0	null_or_data	0x0	-	-	0xA05	-
encoding_tree_1	5004	0x234F6C0	handler_value	-	-	-	0xC81660	0x0
encoding_tree_1	5005	0x234F6D0	key_handler	0x306	3	6	0xC83D90	-
encoding_tree_1	5006	0x234F6E0	null_or_data	0x0	-	-	0x307	-
encoding_tree_1	5007	0x234F6F0	handler_value	-	-	-	0xC85510	0x0
encoding_tree_1	5008	0x234F700	key_handler	0x208	2	8	0xC83260	-
encoding_tree_1	5009	0x234F710	null_or_data	0x0	-	-	0xA09	-
encoding_tree_1	5010	0x234F720	handler_value	-	-	-	0xC84920	0x0
encoding_tree_1	5011	0x234F730	key_handler	0xA0A	10	10	0xC7DC80	-
encoding_tree_1	5012	0x234F740	null_or_data	0x0	-	-	0xA0B	-
encoding_tree_1	5013	0x234F750	handler_value	-	-	-	0xC7FE20	0x0
encoding_tree_1	5014	0x234F760	key_handler	0x30C	3	12	0xC7E840	-
encoding_tree_1	5015	0x234F770	null_or_data	0x0	-	-	0x30D	-
encoding_tree_1	5016	0x234F780	handler_value	-	-	-	0xC80A80	0x0
encoding_tree_1	5017	0x234F790	key_handler	0xA0E	10	14	0xC7E260	-
encoding_tree_1	5018	0x234F7A0	null_or_data	0x0	-	-	0xA0F	-
encoding_tree_1	5019	0x234F7B0	handler_value	-	-	-	0xC80450	0x0
encoding_tree_1	5020	0x234F7C0	key_handler	0x310	3	16	0xC837B0	-
encoding_tree_1	5021	0x234F7D0	null_or_data	0x0	-	-	0x311	-
encoding_tree_1	5022	0x234F7E0	handler_value	-	-	-	0xC84ED0	0x0
encoding_tree_1	5023	0x234F7F0	key_handler	0xA12	10	18	0xC82C80	-
encoding_tree_1	5024	0x234F800	null_or_data	0x0	-	-	0xA13	-
encoding_tree_1	5025	0x234F810	handler_value	-	-	-	0xC842F0	0x0
encoding_tree_1	5026	0x234F820	key_handler	0x214	2	20	0xC82720	-
encoding_tree_1	5027	0x234F830	null_or_data	0x0	-	-	0x215	-
encoding_tree_1	5028	0x234F840	handler_value	-	-	-	0xC821C0	0x0
encoding_tree_1	5029	0x234F850	key_handler	0x216	2	22	0xC85AD0	-
encoding_tree_1	5032	0x234F880	key_handler	0x900	9	0	0xD40240	-
encoding_tree_1	5033	0x234F890	null_or_data	0x0	-	-	0x901	-
encoding_tree_1	5034	0x234F8A0	handler_value	-	-	-	0xD40710	0x0
encoding_tree_1	5036	0x234F8C0	key_handler	0xA00	10	0	0xD38E20	-
encoding_tree_1	5037	0x234F8D0	null_or_data	0x0	-	-	0x301	-
encoding_tree_1	5038	0x234F8E0	handler_value	-	-	-	0xD3A0A0	0x0
encoding_tree_1	5039	0x234F8F0	key_handler	0x302	3	2	0xD39A60	-
encoding_tree_1	5040	0x234F900	null_or_data	0x0	-	-	0xA03	-
encoding_tree_1	5041	0x234F910	handler_value	-	-	-	0xD39440	0x0
encoding_tree_1	5042	0x234F920	key_handler	0x304	3	4	0xD3B950	-
encoding_tree_1	5043	0x234F930	null_or_data	0x0	-	-	0x305	-
encoding_tree_1	5044	0x234F940	handler_value	-	-	-	0xD3BF90	0x0
encoding_tree_1	5045	0x234F950	key_handler	0xA06	10	6	0xD3B320	-
encoding_tree_1	5046	0x234F960	null_or_data	0x0	-	-	0xA07	-
encoding_tree_1	5047	0x234F970	handler_value	-	-	-	0xD3D730	0x0
encoding_tree_1	5048	0x234F980	key_handler	0x308	3	8	0xD3E3B0	-
encoding_tree_1	5049	0x234F990	null_or_data	0x0	-	-	0xA09	-
encoding_tree_1	5050	0x234F9A0	handler_value	-	-	-	0xD3DD70	0x0
encoding_tree_1	5051	0x234F9B0	key_handler	0x30A	3	10	0xD3FBF0	-
encoding_tree_1	5052	0x234F9C0	null_or_data	0x0	-	-	0xA0B	-
encoding_tree_1	5053	0x234F9D0	handler_value	-	-	-	0xD3F5A0	0x0
encoding_tree_1	5054	0x234F9E0	key_handler	0xA0C	10	12	0xD348B0	-
encoding_tree_1	5055	0x234F9F0	null_or_data	0x0	-	-	0x30D	-
encoding_tree_1	5056	0x234FA00	handler_value	-	-	-	0xD359B0	0x0
encoding_tree_1	5057	0x234FA10	key_handler	0x30E	3	14	0xD353F0	-
encoding_tree_1	5058	0x234FA20	null_or_data	0x0	-	-	0xA0F	-
encoding_tree_1	5059	0x234FA30	handler_value	-	-	-	0xD34E50	0x0
encoding_tree_1	5060	0x234FA40	key_handler	0x310	3	16	0xD37060	-
encoding_tree_1	5061	0x234FA50	null_or_data	0x0	-	-	0x311	-
encoding_tree_1	5062	0x234FA60	handler_value	-	-	-	0xD37620	0x0
encoding_tree_1	5063	0x234FA70	key_handler	0xA12	10	18	0xD36AB0	-
encoding_tree_1	5064	0x234FA80	null_or_data	0x0	-	-	0xA13	-
encoding_tree_1	5065	0x234FA90	handler_value	-	-	-	0xD3C5E0	0x0
encoding_tree_1	5066	0x234FAA0	key_handler	0x314	3	20	0xD3D160	-
encoding_tree_1	5067	0x234FAB0	null_or_data	0x0	-	-	0xA15	-
encoding_tree_1	5068	0x234FAC0	handler_value	-	-	-	0xD3CBA0	0x0
encoding_tree_1	5069	0x234FAD0	key_handler	0x316	3	22	0xD3EFD0	-
encoding_tree_1	5070	0x234FAE0	null_or_data	0x0	-	-	0xA17	-
encoding_tree_1	5071	0x234FAF0	handler_value	-	-	-	0xD3EA00	0x0
encoding_tree_1	5072	0x234FB00	key_handler	0xA18	10	24	0xD37BF0	-
encoding_tree_1	5073	0x234FB10	null_or_data	0x0	-	-	0x319	-
encoding_tree_1	5074	0x234FB20	handler_value	-	-	-	0xD38810	0x0
encoding_tree_1	5075	0x234FB30	key_handler	0xA1A	10	26	0xD38200	-
encoding_tree_1	5076	0x234FB40	null_or_data	0x0	-	-	0x31B	-
encoding_tree_1	5077	0x234FB50	handler_value	-	-	-	0xD3AD00	0x0
encoding_tree_1	5078	0x234FB60	key_handler	0xA1C	10	28	0xD3A6E0	-
encoding_tree_1	5079	0x234FB70	null_or_data	0x0	-	-	0xA1D	-
encoding_tree_1	5080	0x234FB80	handler_value	-	-	-	0xD337F0	0x0
encoding_tree_1	5081	0x234FB90	key_handler	0x31E	3	30	0xD34310	-
encoding_tree_1	5082	0x234FBA0	null_or_data	0x0	-	-	0xA1F	-
encoding_tree_1	5083	0x234FBB0	handler_value	-	-	-	0xD33D80	0x0
encoding_tree_1	5084	0x234FBC0	key_handler	0x320	3	32	0xD36510	-
encoding_tree_1	5085	0x234FBD0	null_or_data	0x0	-	-	0xA21	-
encoding_tree_1	5086	0x234FBE0	handler_value	-	-	-	0xD35F70	0x0
encoding_tree_1	5087	0x234FBF0	key_handler	0x500	5	0	0xE23000	-
encoding_tree_1	5090	0x234FC20	key_handler	0x500	5	0	0xCCEA80	-
encoding_tree_1	5091	0x234FC30	null_or_data	0x0	-	-	0x501	-
encoding_tree_1	5092	0x234FC40	handler_value	-	-	-	0xCC79C0	0x0
encoding_tree_1	5093	0x234FC50	key_handler	0x1302	19	2	0x173D2E0	-
encoding_tree_1	5094	0x234FC60	null_or_data	0x0	-	-	0x503	-
encoding_tree_1	5095	0x234FC70	handler_value	-	-	-	0x173C620	0x0
encoding_tree_1	5096	0x234FC80	key_handler	0x1304	19	4	0x1741C60	-
encoding_tree_1	5097	0x234FC90	null_or_data	0x0	-	-	0x507	-
encoding_tree_1	5098	0x234FCA0	handler_value	-	-	-	0x1741660	0x0
encoding_tree_1	5099	0x234FCB0	key_handler	0x508	5	8	0xCCF940	-
encoding_tree_1	5100	0x234FCC0	null_or_data	0x0	-	-	0x509	-
encoding_tree_1	5101	0x234FCD0	handler_value	-	-	-	0xCCFE40	0x0
encoding_tree_1	5102	0x234FCE0	key_handler	0x50A	5	10	0xCD0370	-
encoding_tree_1	5103	0x234FCF0	null_or_data	0x0	-	-	0x130D	-
encoding_tree_1	5104	0x234FD00	handler_value	-	-	-	0x173F460	0x0
encoding_tree_1	5105	0x234FD10	key_handler	0x130E	19	14	0x173EDF0	-
encoding_tree_1	5106	0x234FD20	null_or_data	0x0	-	-	0x130F	-
encoding_tree_1	5107	0x234FD30	handler_value	-	-	-	0xCC91E0	0x0
encoding_tree_1	5108	0x234FD40	key_handler	0x1312	19	18	0x1740200	-
encoding_tree_1	5109	0x234FD50	null_or_data	0x0	-	-	0x1313	-
encoding_tree_1	5110	0x234FD60	handler_value	-	-	-	0x173FB30	0x0
encoding_tree_1	5111	0x234FD70	key_handler	0x1314	19	20	0xCC8B00	-
encoding_tree_1	5112	0x234FD80	null_or_data	0x0	-	-	0x515	-
encoding_tree_1	5113	0x234FD90	handler_value	-	-	-	0xCCEF50	0x0
encoding_tree_1	5114	0x234FDA0	key_handler	0x516	5	22	0xCCF450	-
encoding_tree_1	5115	0x234FDB0	null_or_data	0x0	-	-	0x517	-
encoding_tree_1	5116	0x234FDC0	handler_value	-	-	-	0xCC47B0	0x0
encoding_tree_1	5117	0x234FDD0	key_handler	0x1A18	26	24	0xCC6A50	-
encoding_tree_1	5118	0x234FDE0	null_or_data	0x0	-	-	0x2619	-
encoding_tree_1	5119	0x234FDF0	handler_value	-	-	-	0xCC71F0	0x0
encoding_tree_1	5120	0x234FE00	key_handler	0x1A1A	26	26	0xCC53D0	-
encoding_tree_1	5121	0x234FE10	null_or_data	0x0	-	-	0x1A1B	-
encoding_tree_1	5122	0x234FE20	handler_value	-	-	-	0xCC4C50	0x0
encoding_tree_1	5123	0x234FE30	key_handler	0x1A1C	26	28	0xCC62D0	-
encoding_tree_1	5124	0x234FE40	null_or_data	0x0	-	-	0x1A1D	-
encoding_tree_1	5125	0x234FE50	handler_value	-	-	-	0xCC5B50	0x0
encoding_tree_1	5126	0x234FE60	key_handler	0x31E	3	30	0xCC3C70	-
encoding_tree_1	5127	0x234FE70	null_or_data	0x0	-	-	0x31F	-
encoding_tree_1	5128	0x234FE80	handler_value	-	-	-	0xCC4210	0x0
encoding_tree_1	5129	0x234FE90	key_handler	0x520	5	32	0xCCE0F0	-
encoding_tree_1	5130	0x234FEA0	null_or_data	0x0	-	-	0x521	-
encoding_tree_1	5131	0x234FEB0	handler_value	-	-	-	0xCCE5C0	0x0
encoding_tree_1	5132	0x234FEC0	key_handler	0x1322	19	34	0xCCA660	-
encoding_tree_1	5133	0x234FED0	null_or_data	0x0	-	-	0x1323	-
encoding_tree_1	5134	0x234FEE0	handler_value	-	-	-	0xCC9910	0x0
encoding_tree_1	5135	0x234FEF0	key_handler	0x1324	19	36	0x1740F90	-
encoding_tree_1	5136	0x234FF00	null_or_data	0x0	-	-	0x1326	-
encoding_tree_1	5137	0x234FF10	handler_value	-	-	-	0x1740900	0x0
encoding_tree_1	5138	0x234FF20	key_handler	0x1328	19	40	0xCC9FB0	-
encoding_tree_1	5139	0x234FF30	null_or_data	0x0	-	-	0x1329	-
encoding_tree_1	5140	0x234FF40	handler_value	-	-	-	0x173D960	0x0
encoding_tree_1	5141	0x234FF50	key_handler	0x132A	19	42	0x173CC50	-
encoding_tree_1	5142	0x234FF60	null_or_data	0x0	-	-	0x1331	-
encoding_tree_1	5143	0x234FF70	handler_value	-	-	-	0x173E6F0	0x0
encoding_tree_1	5144	0x234FF80	key_handler	0x1332	19	50	0x173E040	-
encoding_tree_1	5146	0x234FFA0	key_handler	0x1900	25	0	0xD283E0	-
encoding_tree_1	5147	0x234FFB0	null_or_data	0x0	-	-	0x1901	-
encoding_tree_1	5148	0x234FFC0	handler_value	-	-	-	0xD270E0	0x0
encoding_tree_1	5149	0x234FFD0	key_handler	0x1902	25	2	0xD27D80	-
encoding_tree_1	5150	0x234FFE0	null_or_data	0x0	-	-	0x1903	-
encoding_tree_1	5151	0x234FFF0	handler_value	-	-	-	0xD27720	0x0
encoding_tree_1	5152	0x2350000	key_handler	0x304	3	4	0xD30F80	-
encoding_tree_1	5153	0x2350010	null_or_data	0x0	-	-	0x305	-
encoding_tree_1	5154	0x2350020	handler_value	-	-	-	0xD314F0	0x0
encoding_tree_1	5155	0x2350030	key_handler	0x306	3	6	0xD30A00	-
encoding_tree_1	5156	0x2350040	null_or_data	0x0	-	-	0x307	-
encoding_tree_1	5157	0x2350050	handler_value	-	-	-	0xD30490	0x0
encoding_tree_1	5158	0x2350060	key_handler	0x1908	25	8	0xD2DC60	-
encoding_tree_1	5159	0x2350070	null_or_data	0x0	-	-	0x1909	-
encoding_tree_1	5160	0x2350080	handler_value	-	-	-	0xD2C8E0	0x0
encoding_tree_1	5161	0x2350090	key_handler	0x190A	25	10	0xD2D5D0	-
encoding_tree_1	5162	0x23500A0	null_or_data	0x0	-	-	0x190B	-
encoding_tree_1	5163	0x23500B0	handler_value	-	-	-	0xD2CF40	0x0
encoding_tree_1	5164	0x23500C0	key_handler	0x190C	25	12	0xD28A60	-
encoding_tree_1	5165	0x23500D0	null_or_data	0x0	-	-	0x190D	-
encoding_tree_1	5166	0x23500E0	handler_value	-	-	-	0xD2AF70	0x0
encoding_tree_1	5167	0x23500F0	key_handler	0x190E	25	14	0xD29CB0	-
encoding_tree_1	5168	0x2350100	null_or_data	0x0	-	-	0x190F	-
encoding_tree_1	5169	0x2350110	handler_value	-	-	-	0xD2C230	0x0
encoding_tree_1	5170	0x2350120	key_handler	0x1910	25	16	0xD290A0	-
encoding_tree_1	5171	0x2350130	null_or_data	0x0	-	-	0x1911	-
encoding_tree_1	5172	0x2350140	handler_value	-	-	-	0xD2B5D0	0x0
encoding_tree_1	5173	0x2350150	key_handler	0x1912	25	18	0xD2A310	-
encoding_tree_1	5174	0x2350160	null_or_data	0x0	-	-	0x313	-
encoding_tree_1	5175	0x2350170	handler_value	-	-	-	0xD2E8B0	0x0
encoding_tree_1	5176	0x2350180	key_handler	0x314	3	20	0xD2EE90	-
encoding_tree_1	5177	0x2350190	null_or_data	0x0	-	-	0x315	-
encoding_tree_1	5178	0x23501A0	handler_value	-	-	-	0xD2E310	0x0
encoding_tree_1	5179	0x23501B0	key_handler	0x316	3	22	0xD23450	-
encoding_tree_1	5180	0x23501C0	null_or_data	0x0	-	-	0x317	-
encoding_tree_1	5181	0x23501D0	handler_value	-	-	-	0xD24070	0x0
encoding_tree_1	5182	0x23501E0	key_handler	0x318	3	24	0xD23A50	-
encoding_tree_1	5183	0x23501F0	null_or_data	0x0	-	-	0x1919	-
encoding_tree_1	5184	0x2350200	handler_value	-	-	-	0xD26A50	0x0
encoding_tree_1	5185	0x2350210	key_handler	0x31A	3	26	0xD2FEE0	-
encoding_tree_1	5186	0x2350220	null_or_data	0x0	-	-	0x191B	-
encoding_tree_1	5187	0x2350230	handler_value	-	-	-	0xD32600	0x0
encoding_tree_1	5188	0x2350240	key_handler	0x31C	3	28	0xD2F410	-
encoding_tree_1	5189	0x2350250	null_or_data	0x0	-	-	0x31D	-
encoding_tree_1	5190	0x2350260	handler_value	-	-	-	0xD31A70	0x0
encoding_tree_1	5191	0x2350270	key_handler	0x191E	25	30	0xD24690	-
encoding_tree_1	5192	0x2350280	null_or_data	0x0	-	-	0x191F	-
encoding_tree_1	5193	0x2350290	handler_value	-	-	-	0xD25330	0x0
encoding_tree_1	5194	0x23502A0	key_handler	0x1920	25	32	0xD24CD0	-
encoding_tree_1	5195	0x23502B0	null_or_data	0x0	-	-	0x321	-
encoding_tree_1	5196	0x23502C0	handler_value	-	-	-	0xD29700	0x0
encoding_tree_1	5197	0x23502D0	key_handler	0x322	3	34	0xD2BC60	-
encoding_tree_1	5198	0x23502E0	null_or_data	0x0	-	-	0x323	-
encoding_tree_1	5199	0x23502F0	handler_value	-	-	-	0xD2A9A0	0x0
encoding_tree_1	5200	0x2350300	key_handler	0x324	3	36	0xD2F960	-
encoding_tree_1	5201	0x2350310	null_or_data	0x0	-	-	0x325	-
encoding_tree_1	5202	0x2350320	handler_value	-	-	-	0xD32020	0x0
encoding_tree_1	5203	0x2350330	key_handler	0x326	3	38	0xD25990	-
encoding_tree_1	5204	0x2350340	null_or_data	0x0	-	-	0x327	-
encoding_tree_1	5205	0x2350350	handler_value	-	-	-	0xD264B0	0x0
encoding_tree_1	5206	0x2350360	key_handler	0x328	3	40	0xD25F10	-
encoding_tree_1	5207	0x2350370	null_or_data	0x0	-	-	0x192A	-
encoding_tree_1	5208	0x2350380	handler_value	-	-	-	0x175F240	0x0
encoding_tree_1	5209	0x2350390	key_handler	0x192B	25	43	0x175EB30	-
encoding_tree_1	5210	0x23503A0	null_or_data	0x0	-	-	0x192C	-
encoding_tree_1	5211	0x23503B0	handler_value	-	-	-	0x175F950	0x0
encoding_tree_1	5212	0x23503C0	key_handler	0x192D	25	45	0x175E420	-
encoding_tree_1	5214	0x23503E0	key_handler	0xB00	11	0	0xDA9080	-
encoding_tree_1	5215	0x23503F0	null_or_data	0x0	-	-	0xB02	-
encoding_tree_1	5216	0x2350400	handler_value	-	-	-	0xDA8B30	0x0
encoding_tree_1	5218	0x2350420	key_handler	0xA00	10	0	0xD56D50	-
encoding_tree_1	5219	0x2350430	null_or_data	0x0	-	-	0xA01	-
encoding_tree_1	5220	0x2350440	handler_value	-	-	-	0xD57F70	0x0
encoding_tree_1	5221	0x2350450	key_handler	0x302	3	2	0xD57340	-
encoding_tree_1	5222	0x2350460	null_or_data	0x0	-	-	0xA03	-
encoding_tree_1	5223	0x2350470	handler_value	-	-	-	0xD57980	0x0
encoding_tree_1	5224	0x2350480	key_handler	0xA04	10	4	0xD521A0	-
encoding_tree_1	5225	0x2350490	null_or_data	0x0	-	-	0xA05	-
encoding_tree_1	5226	0x23504A0	handler_value	-	-	-	0xD53240	0x0
encoding_tree_1	5227	0x23504B0	key_handler	0x306	3	6	0xD52710	-
encoding_tree_1	5228	0x23504C0	null_or_data	0x0	-	-	0xA07	-
encoding_tree_1	5229	0x23504D0	handler_value	-	-	-	0xD52CD0	0x0
encoding_tree_1	5230	0x23504E0	key_handler	0xA08	10	8	0xD537B0	-
encoding_tree_1	5231	0x23504F0	null_or_data	0x0	-	-	0x309	-
encoding_tree_1	5232	0x2350500	handler_value	-	-	-	0xD54980	0x0
encoding_tree_1	5233	0x2350510	key_handler	0xA0A	10	10	0xD54F70	-
encoding_tree_1	5234	0x2350520	null_or_data	0x0	-	-	0x30B	-
encoding_tree_1	5235	0x2350530	handler_value	-	-	-	0xD53D80	0x0
encoding_tree_1	5236	0x2350540	key_handler	0xA0C	10	12	0xD543B0	-
encoding_tree_1	5237	0x2350550	null_or_data	0x0	-	-	0x30D	-
encoding_tree_1	5238	0x2350560	handler_value	-	-	-	0xD59B90	0x0
encoding_tree_1	5239	0x2350570	key_handler	0x30E	3	14	0xD5A1C0	-
encoding_tree_1	5240	0x2350580	null_or_data	0x0	-	-	0xA0F	-
encoding_tree_1	5241	0x2350590	handler_value	-	-	-	0xD595C0	0x0
encoding_tree_1	5242	0x23505A0	key_handler	0x210	2	16	0xD4F620	-
encoding_tree_1	5243	0x23505B0	null_or_data	0x0	-	-	0x311	-
encoding_tree_1	5244	0x23505C0	handler_value	-	-	-	0xD4F0B0	0x0
encoding_tree_1	5245	0x23505D0	key_handler	0x212	2	18	0xD50650	-
encoding_tree_1	5246	0x23505E0	null_or_data	0x0	-	-	0x313	-
encoding_tree_1	5247	0x23505F0	handler_value	-	-	-	0xD4FB60	0x0
encoding_tree_1	5248	0x2350600	key_handler	0x214	2	20	0xD50110	-
encoding_tree_1	5249	0x2350610	null_or_data	0x0	-	-	0x315	-
encoding_tree_1	5250	0x2350620	handler_value	-	-	-	0xD58AA0	0x0
encoding_tree_1	5251	0x2350630	key_handler	0x316	3	22	0xD59050	-
encoding_tree_1	5252	0x2350640	null_or_data	0x0	-	-	0x217	-
encoding_tree_1	5253	0x2350650	handler_value	-	-	-	0xD58560	0x0
encoding_tree_1	5254	0x2350660	key_handler	0xA18	10	24	0xD55540	-
encoding_tree_1	5255	0x2350670	null_or_data	0x0	-	-	0xA19	-
encoding_tree_1	5256	0x2350680	handler_value	-	-	-	0xD56760	0x0
encoding_tree_1	5257	0x2350690	key_handler	0x31A	3	26	0xD55B30	-
encoding_tree_1	5258	0x23506A0	null_or_data	0x0	-	-	0xA1B	-
encoding_tree_1	5259	0x23506B0	handler_value	-	-	-	0xD56170	0x0
encoding_tree_1	5260	0x23506C0	key_handler	0x31C	3	28	0xD5B8D0	-
encoding_tree_1	5261	0x23506D0	null_or_data	0x0	-	-	0xA1D	-
encoding_tree_1	5262	0x23506E0	handler_value	-	-	-	0xD5B2E0	0x0
encoding_tree_1	5263	0x23506F0	key_handler	0xA1E	10	30	0xD50B90	-
encoding_tree_1	5264	0x2350700	null_or_data	0x0	-	-	0xA1F	-
encoding_tree_1	5265	0x2350710	handler_value	-	-	-	0xD51C30	0x0
encoding_tree_1	5266	0x2350720	key_handler	0x320	3	32	0xD51100	-
encoding_tree_1	5267	0x2350730	null_or_data	0x0	-	-	0xA21	-
encoding_tree_1	5268	0x2350740	handler_value	-	-	-	0xD516C0	0x0
encoding_tree_1	5269	0x2350750	key_handler	0x322	3	34	0xD5AD20	-
encoding_tree_1	5270	0x2350760	null_or_data	0x0	-	-	0xA23	-
encoding_tree_1	5271	0x2350770	handler_value	-	-	-	0xD5A7B0	0x0
encoding_tree_1	5272	0x2350780	key_handler	0x200	2	0	0xD0A4E0	-
encoding_tree_1	5273	0x2350790	null_or_data	0x0	-	-	0x201	-
encoding_tree_1	5274	0x23507A0	handler_value	-	-	-	0xD0AFC0	0x0
encoding_tree_1	5275	0x23507B0	key_handler	0x202	2	2	0xD09F70	-
encoding_tree_1	5276	0x23507C0	null_or_data	0x0	-	-	0x203	-
encoding_tree_1	5277	0x23507D0	handler_value	-	-	-	0xD0AA50	0x0
encoding_tree_1	5278	0x23507E0	key_handler	0x200	2	0	0xD0B530	-
encoding_tree_1	5279	0x23507F0	null_or_data	0x0	-	-	0x201	-
encoding_tree_1	5280	0x2350800	handler_value	-	-	-	0xD0BA70	0x0
encoding_tree_1	5282	0x2350820	key_handler	0x2700	39	0	0xC7A000	-
encoding_tree_1	5283	0x2350830	null_or_data	0x0	-	-	0xA01	-
encoding_tree_1	5284	0x2350840	handler_value	-	-	-	0xC79970	0x0
encoding_tree_1	5285	0x2350850	key_handler	0x702	7	2	0xC77280	-
encoding_tree_1	5286	0x2350860	null_or_data	0x0	-	-	0xA03	-
encoding_tree_1	5287	0x2350870	handler_value	-	-	-	0xC76CC0	0x0
encoding_tree_1	5288	0x2350880	key_handler	0xA04	10	4	0xC77860	-
encoding_tree_1	5289	0x2350890	null_or_data	0x0	-	-	0x305	-
encoding_tree_1	5290	0x23508A0	handler_value	-	-	-	0xC78580	0x0
encoding_tree_1	5291	0x23508B0	key_handler	0xA06	10	6	0xC77EF0	-
encoding_tree_1	5292	0x23508C0	null_or_data	0x0	-	-	0x307	-
encoding_tree_1	5293	0x23508D0	handler_value	-	-	-	0xC792C0	0x0
encoding_tree_1	5294	0x23508E0	key_handler	0xA08	10	8	0xC78C30	-
encoding_tree_1	5295	0x23508F0	null_or_data	0x0	-	-	0xA09	-
encoding_tree_1	5296	0x2350900	handler_value	-	-	-	0xC74FC0	0x0
encoding_tree_1	5297	0x2350910	key_handler	0x30A	3	10	0xC75B40	-
encoding_tree_1	5298	0x2350920	null_or_data	0x0	-	-	0xA0B	-
encoding_tree_1	5299	0x2350930	handler_value	-	-	-	0xC75580	0x0
encoding_tree_1	5300	0x2350940	key_handler	0x30C	3	12	0xC766E0	-
encoding_tree_1	5301	0x2350950	null_or_data	0x0	-	-	0xA0D	-
encoding_tree_1	5302	0x2350960	handler_value	-	-	-	0xC76120	0x0
encoding_tree_1	5304	0x2350980	key_handler	0x500	5	0	0xC693D0	-
encoding_tree_1	5305	0x2350990	null_or_data	0x0	-	-	0x601	-
encoding_tree_1	5306	0x23509A0	handler_value	-	-	-	0xC69D10	0x0
encoding_tree_1	5307	0x23509B0	key_handler	0x502	5	2	0xC69870	-
encoding_tree_1	5310	0x23509E0	key_handler	0x1900	25	0	0xD7C5E0	-
encoding_tree_1	5311	0x23509F0	null_or_data	0x0	-	-	0x1901	-
encoding_tree_1	5312	0x2350A00	handler_value	-	-	-	0xD7CC30	0x0
encoding_tree_1	5313	0x2350A10	key_handler	0x1902	25	2	0xD73520	-
encoding_tree_1	5314	0x2350A20	null_or_data	0x0	-	-	0x1903	-
encoding_tree_1	5315	0x2350A30	handler_value	-	-	-	0xD76090	0x0
encoding_tree_1	5316	0x2350A40	key_handler	0x1904	25	4	0xD766D0	-
encoding_tree_1	5317	0x2350A50	null_or_data	0x0	-	-	0x1905	-
encoding_tree_1	5318	0x2350A60	handler_value	-	-	-	0xD73B60	0x0
encoding_tree_1	5319	0x2350A70	key_handler	0x1906	25	6	0xD70B60	-
encoding_tree_1	5320	0x2350A80	null_or_data	0x0	-	-	0x1907	-
encoding_tree_1	5321	0x2350A90	handler_value	-	-	-	0xD6D6A0	0x0
encoding_tree_1	5322	0x2350AA0	key_handler	0x1908	25	8	0xD6E250	-
encoding_tree_1	5323	0x2350AB0	null_or_data	0x0	-	-	0x1909	-
encoding_tree_1	5324	0x2350AC0	handler_value	-	-	-	0xD71710	0x0
encoding_tree_1	5325	0x2350AD0	key_handler	0x190A	25	10	0xD71120	-
encoding_tree_1	5326	0x2350AE0	null_or_data	0x0	-	-	0x190B	-
encoding_tree_1	5327	0x2350AF0	handler_value	-	-	-	0xD71D00	0x0
encoding_tree_1	5328	0x2350B00	key_handler	0x190C	25	12	0xD6DC60	-
encoding_tree_1	5329	0x2350B10	null_or_data	0x0	-	-	0x190D	-
encoding_tree_1	5330	0x2350B20	handler_value	-	-	-	0xD6E840	0x0
encoding_tree_1	5331	0x2350B30	key_handler	0x190E	25	14	0xD72880	-
encoding_tree_1	5332	0x2350B40	null_or_data	0x0	-	-	0x190F	-
encoding_tree_1	5333	0x2350B50	handler_value	-	-	-	0xD753F0	0x0
encoding_tree_1	5334	0x2350B60	key_handler	0x1910	25	16	0xD75A30	-
encoding_tree_1	5335	0x2350B70	null_or_data	0x0	-	-	0x1911	-
encoding_tree_1	5336	0x2350B80	handler_value	-	-	-	0xD72EC0	0x0
encoding_tree_1	5337	0x2350B90	key_handler	0x1912	25	18	0xD6F3C0	-
encoding_tree_1	5338	0x2350BA0	null_or_data	0x0	-	-	0x1913	-
encoding_tree_1	5339	0x2350BB0	handler_value	-	-	-	0xD6BF00	0x0
encoding_tree_1	5340	0x2350BC0	key_handler	0x1914	25	20	0xD6CAB0	-
encoding_tree_1	5341	0x2350BD0	null_or_data	0x0	-	-	0x1915	-
encoding_tree_1	5342	0x2350BE0	handler_value	-	-	-	0xD6FF70	0x0
encoding_tree_1	5343	0x2350BF0	key_handler	0x1916	25	22	0xD6F980	-
encoding_tree_1	5344	0x2350C00	null_or_data	0x0	-	-	0x1917	-
encoding_tree_1	5345	0x2350C10	handler_value	-	-	-	0xD70560	0x0
encoding_tree_1	5346	0x2350C20	key_handler	0x1918	25	24	0xD6C4C0	-
encoding_tree_1	5347	0x2350C30	null_or_data	0x0	-	-	0x1919	-
encoding_tree_1	5348	0x2350C40	handler_value	-	-	-	0xD6D0A0	0x0
encoding_tree_1	5349	0x2350C50	key_handler	0x191A	25	26	0xD74DD0	-
encoding_tree_1	5350	0x2350C60	null_or_data	0x0	-	-	0x51B	-
encoding_tree_1	5351	0x2350C70	handler_value	-	-	-	0xD6BA00	0x0
encoding_tree_1	5352	0x2350C80	key_handler	0x51C	5	28	0xD6B030	-
encoding_tree_1	5353	0x2350C90	null_or_data	0x0	-	-	0x191D	-
encoding_tree_1	5354	0x2350CA0	handler_value	-	-	-	0xD741C0	0x0
encoding_tree_1	5355	0x2350CB0	key_handler	0x191E	25	30	0xD747B0	-
encoding_tree_1	5356	0x2350CC0	null_or_data	0x0	-	-	0x31F	-
encoding_tree_1	5357	0x2350CD0	handler_value	-	-	-	0xD6EE40	0x0
encoding_tree_1	5358	0x2350CE0	key_handler	0x520	5	32	0xD6B530	-
encoding_tree_1	5359	0x2350CF0	null_or_data	0x0	-	-	0x1921	-
encoding_tree_1	5360	0x2350D00	handler_value	-	-	-	0xD7A660	0x0
encoding_tree_1	5361	0x2350D10	key_handler	0x1922	25	34	0xD78690	-
encoding_tree_1	5362	0x2350D20	null_or_data	0x0	-	-	0x1923	-
encoding_tree_1	5363	0x2350D30	handler_value	-	-	-	0xD76D30	0x0
encoding_tree_1	5364	0x2350D40	key_handler	0x1924	25	36	0xD77A10	-
encoding_tree_1	5365	0x2350D50	null_or_data	0x0	-	-	0x1925	-
encoding_tree_1	5366	0x2350D60	handler_value	-	-	-	0xD7AC90	0x0
encoding_tree_1	5367	0x2350D70	key_handler	0x1926	25	38	0xD78CD0	-
encoding_tree_1	5368	0x2350D80	null_or_data	0x0	-	-	0x1927	-
encoding_tree_1	5369	0x2350D90	handler_value	-	-	-	0xD79310	0x0
encoding_tree_1	5370	0x2350DA0	key_handler	0x2128	33	40	0xD79FB0	-
encoding_tree_1	5371	0x2350DB0	null_or_data	0x0	-	-	0x1929	-
encoding_tree_1	5372	0x2350DC0	handler_value	-	-	-	0xD79960	0x0
encoding_tree_1	5373	0x2350DD0	key_handler	0x192A	25	42	0xD7B2C0	-
encoding_tree_1	5374	0x2350DE0	null_or_data	0x0	-	-	0x212B	-
encoding_tree_1	5375	0x2350DF0	handler_value	-	-	-	0xD7BF40	0x0
encoding_tree_1	5376	0x2350E00	key_handler	0x192C	25	44	0xD7B900	-
encoding_tree_1	5377	0x2350E10	null_or_data	0x0	-	-	0x192D	-
encoding_tree_1	5378	0x2350E20	handler_value	-	-	-	0xD773A0	0x0
encoding_tree_1	5379	0x2350E30	key_handler	0x192E	25	46	0xD78050	-
encoding_tree_1	5380	0x2350E40	null_or_data	0x0	-	-	0x32F	-
encoding_tree_1	5381	0x2350E50	handler_value	-	-	-	0xD72300	0x0
encoding_tree_1	5382	0x2350E60	key_handler	0x530	5	48	0x1761420	-
encoding_tree_1	5383	0x2350E70	null_or_data	0x0	-	-	0x331	-
encoding_tree_1	5384	0x2350E80	handler_value	-	-	-	0x1761920	0x0
encoding_tree_1	5386	0x2350EA0	key_handler	0x1900	25	0	0xDCC680	-
encoding_tree_1	5387	0x2350EB0	null_or_data	0x0	-	-	0x1301	-
encoding_tree_1	5388	0x2350EC0	handler_value	-	-	-	0xDCBFD0	0x0
encoding_tree_1	5389	0x2350ED0	key_handler	0x1302	19	2	0xDCCD10	-
encoding_tree_1	5390	0x2350EE0	null_or_data	0x0	-	-	0x303	-
encoding_tree_1	5391	0x2350EF0	handler_value	-	-	-	0xDCD9D0	0x0
encoding_tree_1	5392	0x2350F00	key_handler	0x504	5	4	0xDCD3C0	-
encoding_tree_1	5393	0x2350F10	null_or_data	0x0	-	-	0x505	-
encoding_tree_1	5394	0x2350F20	handler_value	-	-	-	0xDCDFE0	0x0
encoding_tree_1	5395	0x2350F30	key_handler	0x2306	35	6	0xDCED10	-
encoding_tree_1	5396	0x2350F40	null_or_data	0x0	-	-	0x1307	-
encoding_tree_1	5397	0x2350F50	handler_value	-	-	-	0xDCE5F0	0x0
encoding_tree_1	5398	0x2350F60	key_handler	0x1308	19	8	0xDCF450	-
encoding_tree_1	5400	0x2350F80	key_handler	0x300	3	0	0xDF05D0	-
encoding_tree_1	5401	0x2350F90	null_or_data	0x0	-	-	0x201	-
encoding_tree_1	5402	0x2350FA0	handler_value	-	-	-	0xDEFFB0	0x0
encoding_tree_1	5403	0x2350FB0	key_handler	0x202	2	2	0xDF0BD0	-
encoding_tree_1	5404	0x2350FC0	null_or_data	0x0	-	-	0x203	-
encoding_tree_1	5405	0x2350FD0	handler_value	-	-	-	0xDEE590	0x0
encoding_tree_1	5406	0x2350FE0	key_handler	0x304	3	4	0xDEEAA0	-
encoding_tree_1	5407	0x2350FF0	null_or_data	0x0	-	-	0x205	-
encoding_tree_1	5408	0x2351000	handler_value	-	-	-	0xDEF010	0x0
encoding_tree_1	5409	0x2351010	key_handler	0x306	3	6	0xDEFA40	-
encoding_tree_1	5410	0x2351020	null_or_data	0x0	-	-	0x207	-
encoding_tree_1	5411	0x2351030	handler_value	-	-	-	0xDEF520	0x0
encoding_tree_1	5412	0x2351040	key_handler	0x1900	25	0	0xE069E0	-
encoding_tree_1	5413	0x2351050	null_or_data	0x0	-	-	0x1901	-
encoding_tree_1	5414	0x2351060	handler_value	-	-	-	0xE076A0	0x0
encoding_tree_1	5415	0x2351070	key_handler	0x1902	25	2	0xE07030	-
encoding_tree_1	5418	0x23510A0	key_handler	0xA00	10	0	0xD82F40	-
encoding_tree_1	5419	0x23510B0	null_or_data	0x0	-	-	0x301	-
encoding_tree_1	5420	0x23510C0	handler_value	-	-	-	0xD83480	0x0
encoding_tree_1	5421	0x23510D0	key_handler	0xA02	10	2	0xD83A00	-
encoding_tree_1	5422	0x23510E0	null_or_data	0x0	-	-	0x303	-
encoding_tree_1	5423	0x23510F0	handler_value	-	-	-	0xD7EB70	0x0
encoding_tree_1	5424	0x2351100	key_handler	0xA04	10	4	0xD7E510	-
encoding_tree_1	5425	0x2351110	null_or_data	0x0	-	-	0xA05	-
encoding_tree_1	5426	0x2351120	handler_value	-	-	-	0xD7F1A0	0x0
encoding_tree_1	5427	0x2351130	key_handler	0x306	3	6	0xD7D8C0	-
encoding_tree_1	5428	0x2351140	null_or_data	0x0	-	-	0x507	-
encoding_tree_1	5429	0x2351150	handler_value	-	-	-	0xD7D290	0x0
encoding_tree_1	5430	0x2351160	key_handler	0x508	5	8	0xD7DEE0	-
encoding_tree_1	5431	0x2351170	null_or_data	0x0	-	-	0xD09	-
encoding_tree_1	5432	0x2351180	handler_value	-	-	-	0xD81250	0x0
encoding_tree_1	5433	0x2351190	key_handler	0x130A	19	10	0xD80BA0	-
encoding_tree_1	5434	0x23511A0	null_or_data	0x0	-	-	0x130B	-
encoding_tree_1	5435	0x23511B0	handler_value	-	-	-	0xD81940	0x0
encoding_tree_1	5436	0x23511C0	key_handler	0xD0C	13	12	0xD7FE70	-
encoding_tree_1	5437	0x23511D0	null_or_data	0x0	-	-	0x50D	-
encoding_tree_1	5438	0x23511E0	handler_value	-	-	-	0xD7F800	0x0
encoding_tree_1	5439	0x23511F0	key_handler	0x50E	5	14	0xD80530	-
encoding_tree_1	5440	0x2351200	null_or_data	0x0	-	-	0x50F	-
encoding_tree_1	5441	0x2351210	handler_value	-	-	-	0xD81FF0	0x0
encoding_tree_1	5442	0x2351220	key_handler	0x310	3	16	0xD824F0	-
encoding_tree_1	5443	0x2351230	null_or_data	0x0	-	-	0x511	-
encoding_tree_1	5444	0x2351240	handler_value	-	-	-	0xD82A40	0x0
encoding_tree_1	5446	0x2351260	key_handler	0xA00	10	0	0xD67AA0	-
encoding_tree_1	5447	0x2351270	null_or_data	0x0	-	-	0x301	-
encoding_tree_1	5448	0x2351280	handler_value	-	-	-	0xD67FE0	0x0
encoding_tree_1	5449	0x2351290	key_handler	0xA02	10	2	0xD68560	-
encoding_tree_1	5450	0x23512A0	null_or_data	0x0	-	-	0x303	-
encoding_tree_1	5451	0x23512B0	handler_value	-	-	-	0xD636D0	0x0
encoding_tree_1	5452	0x23512C0	key_handler	0xA04	10	4	0xD63070	-
encoding_tree_1	5453	0x23512D0	null_or_data	0x0	-	-	0xA05	-
encoding_tree_1	5454	0x23512E0	handler_value	-	-	-	0xD63D00	0x0
encoding_tree_1	5455	0x23512F0	key_handler	0x306	3	6	0xD62420	-
encoding_tree_1	5456	0x2351300	null_or_data	0x0	-	-	0x507	-
encoding_tree_1	5457	0x2351310	handler_value	-	-	-	0xD61DF0	0x0
encoding_tree_1	5458	0x2351320	key_handler	0x508	5	8	0xD62A40	-
encoding_tree_1	5459	0x2351330	null_or_data	0x0	-	-	0xD09	-
encoding_tree_1	5460	0x2351340	handler_value	-	-	-	0xD65DB0	0x0
encoding_tree_1	5461	0x2351350	key_handler	0x130A	19	10	0xD65700	-
encoding_tree_1	5462	0x2351360	null_or_data	0x0	-	-	0x130B	-
encoding_tree_1	5463	0x2351370	handler_value	-	-	-	0xD664A0	0x0
encoding_tree_1	5464	0x2351380	key_handler	0xD0C	13	12	0xD649D0	-
encoding_tree_1	5465	0x2351390	null_or_data	0x0	-	-	0x50D	-
encoding_tree_1	5466	0x23513A0	handler_value	-	-	-	0xD64360	0x0
encoding_tree_1	5467	0x23513B0	key_handler	0x50E	5	14	0xD65090	-
encoding_tree_1	5468	0x23513C0	null_or_data	0x0	-	-	0x50F	-
encoding_tree_1	5469	0x23513D0	handler_value	-	-	-	0xD66B50	0x0
encoding_tree_1	5470	0x23513E0	key_handler	0x310	3	16	0xD67050	-
encoding_tree_1	5471	0x23513F0	null_or_data	0x0	-	-	0x511	-
encoding_tree_1	5472	0x2351400	handler_value	-	-	-	0xD675A0	0x0
encoding_tree_1	5474	0x2351420	key_handler	0x500	5	0	0xCB05C0	-
encoding_tree_1	5475	0x2351430	null_or_data	0x0	-	-	0x301	-
encoding_tree_1	5476	0x2351440	handler_value	-	-	-	0xCB0AE0	0x0
encoding_tree_1	5477	0x2351450	key_handler	0x502	5	2	0xCB1030	-
encoding_tree_1	5478	0x2351460	null_or_data	0x0	-	-	0x303	-
encoding_tree_1	5479	0x2351470	handler_value	-	-	-	0xCB1A70	0x0
encoding_tree_1	5480	0x2351480	key_handler	0x504	5	4	0xCB1550	-
encoding_tree_1	5482	0x23514A0	key_handler	0x300	3	0	0xD0F9C0	-
encoding_tree_1	5483	0x23514B0	null_or_data	0x0	-	-	0x501	-
encoding_tree_1	5484	0x23514C0	handler_value	-	-	-	0xD0F400	0x0
encoding_tree_1	5485	0x23514D0	key_handler	0x502	5	2	0xD0FF80	-
encoding_tree_1	5488	0x2351500	key_handler	0x200	2	0	0xCD0D60	-
encoding_tree_1	5489	0x2351510	null_or_data	0x0	-	-	0x501	-
encoding_tree_1	5490	0x2351520	handler_value	-	-	-	0xCD0890	0x0
encoding_tree_1	5491	0x2351530	key_handler	0x2	0	2	0xCD12A0	-
encoding_tree_1	5494	0x2351560	key_handler	0xB00	11	0	0xCF9A30	-
encoding_tree_1	5495	0x2351570	null_or_data	0x0	-	-	0x2201	-
encoding_tree_1	5496	0x2351580	handler_value	-	-	-	0xCF9490	0x0
encoding_tree_1	5497	0x2351590	key_handler	0x2202	34	2	0xCF9FA0	-
encoding_tree_1	5498	0x23515A0	null_or_data	0x0	-	-	0xB03	-
encoding_tree_1	5499	0x23515B0	handler_value	-	-	-	0xCD28B0	0x0
encoding_tree_1	5500	0x23515C0	key_handler	0x2204	34	4	0xCDAF50	-
encoding_tree_1	5501	0x23515D0	null_or_data	0x0	-	-	0x2205	-
encoding_tree_1	5502	0x23515E0	handler_value	-	-	-	0xCDC6D0	0x0
encoding_tree_1	5503	0x23515F0	key_handler	0x306	3	6	0xCD44A0	-
encoding_tree_1	5504	0x2351600	null_or_data	0x0	-	-	0x507	-
encoding_tree_1	5505	0x2351610	handler_value	-	-	-	0xCD6BA0	0x0
encoding_tree_1	5506	0x2351620	key_handler	0x508	5	8	0xCD76C0	-
encoding_tree_1	5507	0x2351630	null_or_data	0x0	-	-	0x709	-
encoding_tree_1	5508	0x2351640	handler_value	-	-	-	0xCD5560	0x0
encoding_tree_1	5509	0x2351650	key_handler	0x50A	5	10	0xCD8770	-
encoding_tree_1	5510	0x2351660	null_or_data	0x0	-	-	0x50B	-
encoding_tree_1	5511	0x2351670	handler_value	-	-	-	0xCD9820	0x0
encoding_tree_1	5512	0x2351680	key_handler	0x50C	5	12	0x1747360	-
encoding_tree_1	5513	0x2351690	null_or_data	0x0	-	-	0x190D	-
encoding_tree_1	5514	0x23516A0	handler_value	-	-	-	0x1748640	0x0
encoding_tree_1	5515	0x23516B0	key_handler	0x50E	5	14	0x1748CC0	-
encoding_tree_1	5516	0x23516C0	null_or_data	0x0	-	-	0x190F	-
encoding_tree_1	5517	0x23516D0	handler_value	-	-	-	0x1747990	0x0
encoding_tree_1	5518	0x23516E0	key_handler	0x510	5	16	0x1748010	-
encoding_tree_1	5519	0x23516F0	null_or_data	0x0	-	-	0x511	-
encoding_tree_1	5520	0x2351700	handler_value	-	-	-	0x17453D0	0x0
encoding_tree_1	5521	0x2351710	key_handler	0x1912	25	18	0x17466B0	-
encoding_tree_1	5522	0x2351720	null_or_data	0x0	-	-	0x513	-
encoding_tree_1	5523	0x2351730	handler_value	-	-	-	0x1746D30	0x0
encoding_tree_1	5524	0x2351740	key_handler	0x1914	25	20	0x1745A00	-
encoding_tree_1	5525	0x2351750	null_or_data	0x0	-	-	0x515	-
encoding_tree_1	5526	0x2351760	handler_value	-	-	-	0x1746080	0x0
encoding_tree_1	5527	0x2351770	key_handler	0x516	5	22	0x1743330	-
encoding_tree_1	5528	0x2351780	null_or_data	0x0	-	-	0x317	-
encoding_tree_1	5529	0x2351790	handler_value	-	-	-	0x1743870	0x0
encoding_tree_1	5530	0x23517A0	key_handler	0x518	5	24	0x1743E10	-
encoding_tree_1	5531	0x23517B0	null_or_data	0x0	-	-	0x1919	-
encoding_tree_1	5532	0x23517C0	handler_value	-	-	-	0xCE0B00	0x0
encoding_tree_1	5533	0x23517D0	key_handler	0x51A	5	26	0xCE0520	-
encoding_tree_1	5534	0x23517E0	null_or_data	0x0	-	-	0x191B	-
encoding_tree_1	5535	0x23517F0	handler_value	-	-	-	0xCE1710	0x0
encoding_tree_1	5536	0x2351800	key_handler	0x51C	5	28	0xCE1D40	-
encoding_tree_1	5537	0x2351810	null_or_data	0x0	-	-	0x51D	-
encoding_tree_1	5538	0x2351820	handler_value	-	-	-	0xCE1130	0x0
encoding_tree_1	5539	0x2351830	key_handler	0x51E	5	30	0xCE7020	-
encoding_tree_1	5540	0x2351840	null_or_data	0x0	-	-	0x51F	-
encoding_tree_1	5541	0x2351850	handler_value	-	-	-	0xCE7560	0x0
encoding_tree_1	5542	0x2351860	key_handler	0x520	5	32	0xCE7AA0	-
encoding_tree_1	5543	0x2351870	null_or_data	0x0	-	-	0x521	-
encoding_tree_1	5544	0x2351880	handler_value	-	-	-	0xCE8A40	0x0
encoding_tree_1	5545	0x2351890	key_handler	0x522	5	34	0xCE8F40	-
encoding_tree_1	5546	0x23518A0	null_or_data	0x0	-	-	0x523	-
encoding_tree_1	5547	0x23518B0	handler_value	-	-	-	0xCE9F00	0x0
encoding_tree_1	5548	0x23518C0	key_handler	0x524	5	36	0xCFE910	-
encoding_tree_1	5549	0x23518D0	null_or_data	0x0	-	-	0x525	-
encoding_tree_1	5550	0x23518E0	handler_value	-	-	-	0xCFEE50	0x0
encoding_tree_1	5551	0x23518F0	key_handler	0x626	6	38	0xCE84F0	-
encoding_tree_1	5552	0x2351900	null_or_data	0x0	-	-	0x727	-
encoding_tree_1	5553	0x2351910	handler_value	-	-	-	0xCE99A0	0x0
encoding_tree_1	5554	0x2351920	key_handler	0x628	6	40	0xCE7FA0	-
encoding_tree_1	5555	0x2351930	null_or_data	0x0	-	-	0x729	-
encoding_tree_1	5556	0x2351940	handler_value	-	-	-	0xCE9440	0x0
encoding_tree_1	5557	0x2351950	key_handler	0xB2A	11	42	0xCD2320	-
encoding_tree_1	5558	0x2351960	null_or_data	0x0	-	-	0x222B	-
encoding_tree_1	5559	0x2351970	handler_value	-	-	-	0xCDA970	0x0
encoding_tree_1	5560	0x2351980	key_handler	0x222C	34	44	0xCDC0F0	-
encoding_tree_1	5561	0x2351990	null_or_data	0x0	-	-	0xB2D	-
encoding_tree_1	5562	0x23519A0	handler_value	-	-	-	0xCF8980	0x0
encoding_tree_1	5563	0x23519B0	key_handler	0x222E	34	46	0xCF83E0	-
encoding_tree_1	5564	0x23519C0	null_or_data	0x0	-	-	0x222F	-
encoding_tree_1	5565	0x23519D0	handler_value	-	-	-	0xCF8EF0	0x0
encoding_tree_1	5566	0x23519E0	key_handler	0x330	3	48	0xCD3F00	-
encoding_tree_1	5567	0x23519F0	null_or_data	0x0	-	-	0x531	-
encoding_tree_1	5568	0x2351A00	handler_value	-	-	-	0xCD6610	0x0
encoding_tree_1	5569	0x2351A10	key_handler	0x532	5	50	0xCD7130	-
encoding_tree_1	5570	0x2351A20	null_or_data	0x0	-	-	0x733	-
encoding_tree_1	5571	0x2351A30	handler_value	-	-	-	0xCD4A40	0x0
encoding_tree_1	5572	0x2351A40	key_handler	0x534	5	52	0xCD7C50	-
encoding_tree_1	5573	0x2351A50	null_or_data	0x0	-	-	0x535	-
encoding_tree_1	5574	0x2351A60	handler_value	-	-	-	0xCD8D00	0x0
encoding_tree_1	5575	0x2351A70	key_handler	0x536	5	54	0x1744350	-
encoding_tree_1	5576	0x2351A80	null_or_data	0x0	-	-	0x337	-
encoding_tree_1	5577	0x2351A90	handler_value	-	-	-	0x17448B0	0x0
encoding_tree_1	5578	0x2351AA0	key_handler	0x538	5	56	0x1744E70	-
encoding_tree_1	5579	0x2351AB0	null_or_data	0x0	-	-	0x539	-
encoding_tree_1	5580	0x2351AC0	handler_value	-	-	-	0xCE41C0	0x0
encoding_tree_1	5581	0x2351AD0	key_handler	0x33A	3	58	0xCE4730	-
encoding_tree_1	5582	0x2351AE0	null_or_data	0x0	-	-	0x53B	-
encoding_tree_1	5583	0x2351AF0	handler_value	-	-	-	0xCE4D00	0x0
encoding_tree_1	5584	0x2351B00	key_handler	0x53C	5	60	0x17581B0	-
encoding_tree_1	5585	0x2351B10	null_or_data	0x0	-	-	0xB3D	-
encoding_tree_1	5586	0x2351B20	handler_value	-	-	-	0xCD1D90	0x0
encoding_tree_1	5587	0x2351B30	key_handler	0x223E	34	62	0xCDA390	-
encoding_tree_1	5588	0x2351B40	null_or_data	0x0	-	-	0x223F	-
encoding_tree_1	5589	0x2351B50	handler_value	-	-	-	0xCDBB10	0x0
encoding_tree_1	5590	0x2351B60	key_handler	0xB40	11	64	0xCFC600	-
encoding_tree_1	5591	0x2351B70	null_or_data	0x0	-	-	0x541	-
encoding_tree_1	5592	0x2351B80	handler_value	-	-	-	0xCFDCF0	0x0
encoding_tree_1	5593	0x2351B90	key_handler	0x542	5	66	0xCFE300	-
encoding_tree_1	5594	0x2351BA0	null_or_data	0x0	-	-	0xB43	-
encoding_tree_1	5595	0x2351BB0	handler_value	-	-	-	0xCD1800	0x0
encoding_tree_1	5596	0x2351BC0	key_handler	0x2244	34	68	0xCD9DB0	-
encoding_tree_1	5597	0x2351BD0	null_or_data	0x0	-	-	0x2245	-
encoding_tree_1	5598	0x2351BE0	handler_value	-	-	-	0xCDB530	0x0
encoding_tree_1	5599	0x2351BF0	key_handler	0x1946	25	70	0xCFAAB0	-
encoding_tree_1	5600	0x2351C00	null_or_data	0x0	-	-	0x2247	-
encoding_tree_1	5601	0x2351C10	handler_value	-	-	-	0xCFA540	0x0
encoding_tree_1	5602	0x2351C20	key_handler	0x2248	34	72	0xCFB030	-
encoding_tree_1	5603	0x2351C30	null_or_data	0x0	-	-	0x749	-
encoding_tree_1	5604	0x2351C40	handler_value	-	-	-	0xCD4FD0	0x0
encoding_tree_1	5605	0x2351C50	key_handler	0x54A	5	74	0xCD81E0	-
encoding_tree_1	5606	0x2351C60	null_or_data	0x0	-	-	0x54B	-
encoding_tree_1	5607	0x2351C70	handler_value	-	-	-	0xCD9290	0x0
encoding_tree_1	5608	0x2351C80	key_handler	0x54C	5	76	0xCFFE10	-
encoding_tree_1	5609	0x2351C90	null_or_data	0x0	-	-	0x54D	-
encoding_tree_1	5610	0x2351CA0	handler_value	-	-	-	0xD00340	0x0
encoding_tree_1	5611	0x2351CB0	key_handler	0x34E	3	78	0xD00E10	-
encoding_tree_1	5612	0x2351CC0	null_or_data	0x0	-	-	0x34F	-
encoding_tree_1	5613	0x2351CD0	handler_value	-	-	-	0xD00870	0x0
encoding_tree_1	5614	0x2351CE0	key_handler	0xB50	11	80	0xCD33D0	-
encoding_tree_1	5615	0x2351CF0	null_or_data	0x0	-	-	0x2251	-
encoding_tree_1	5616	0x2351D00	handler_value	-	-	-	0xCDD290	0x0
encoding_tree_1	5617	0x2351D10	key_handler	0x2252	34	82	0xCDDE50	-
encoding_tree_1	5618	0x2351D20	null_or_data	0x0	-	-	0xB53	-
encoding_tree_1	5619	0x2351D30	handler_value	-	-	-	0xCD2E40	0x0
encoding_tree_1	5620	0x2351D40	key_handler	0x2254	34	84	0xCDCCB0	-
encoding_tree_1	5621	0x2351D50	null_or_data	0x0	-	-	0x2255	-
encoding_tree_1	5622	0x2351D60	handler_value	-	-	-	0xCDD870	0x0
encoding_tree_1	5623	0x2351D70	key_handler	0x356	3	86	0xCD3960	-
encoding_tree_1	5624	0x2351D80	null_or_data	0x0	-	-	0x557	-
encoding_tree_1	5625	0x2351D90	handler_value	-	-	-	0xCD5AF0	0x0
encoding_tree_1	5626	0x2351DA0	key_handler	0x558	5	88	0xCD6080	-
encoding_tree_1	5627	0x2351DB0	null_or_data	0x0	-	-	0x1759	-
encoding_tree_1	5628	0x2351DC0	handler_value	-	-	-	0xCFBB10	0x0
encoding_tree_1	5629	0x2351DD0	key_handler	0x225A	34	90	0xCFB5A0	-
encoding_tree_1	5630	0x2351DE0	null_or_data	0x0	-	-	0x225B	-
encoding_tree_1	5631	0x2351DF0	handler_value	-	-	-	0xCFC090	0x0
encoding_tree_1	5632	0x2351E00	key_handler	0x55C	5	92	0xCEA400	-
encoding_tree_1	5633	0x2351E10	null_or_data	0x0	-	-	0x55D	-
encoding_tree_1	5634	0x2351E20	handler_value	-	-	-	0xCEA940	0x0
encoding_tree_1	5635	0x2351E30	key_handler	0x55E	5	94	0xCEAE80	-
encoding_tree_1	5636	0x2351E40	null_or_data	0x0	-	-	0x55F	-
encoding_tree_1	5637	0x2351E50	handler_value	-	-	-	0xCEBE20	0x0
encoding_tree_1	5638	0x2351E60	key_handler	0x560	5	96	0xCEC320	-
encoding_tree_1	5639	0x2351E70	null_or_data	0x0	-	-	0x561	-
encoding_tree_1	5640	0x2351E80	handler_value	-	-	-	0xCED2E0	0x0
encoding_tree_1	5641	0x2351E90	key_handler	0x562	5	98	0xCFF390	-
encoding_tree_1	5642	0x2351EA0	null_or_data	0x0	-	-	0x563	-
encoding_tree_1	5643	0x2351EB0	handler_value	-	-	-	0xCFF8D0	0x0
encoding_tree_1	5644	0x2351EC0	key_handler	0x664	6	100	0xCEB8D0	-
encoding_tree_1	5645	0x2351ED0	null_or_data	0x0	-	-	0x765	-
encoding_tree_1	5646	0x2351EE0	handler_value	-	-	-	0xCECD80	0x0
encoding_tree_1	5647	0x2351EF0	key_handler	0x666	6	102	0xCEB380	-
encoding_tree_1	5648	0x2351F00	null_or_data	0x0	-	-	0x767	-
encoding_tree_1	5649	0x2351F10	handler_value	-	-	-	0xCEC820	0x0
encoding_tree_1	5650	0x2351F20	key_handler	0x368	3	104	0xCDF9B0	-
encoding_tree_1	5651	0x2351F30	null_or_data	0x0	-	-	0x569	-
encoding_tree_1	5652	0x2351F40	handler_value	-	-	-	0xCDF420	0x0
encoding_tree_1	5653	0x2351F50	key_handler	0x56A	5	106	0xCDFF90	-
encoding_tree_1	5654	0x2351F60	null_or_data	0x0	-	-	0x36B	-
encoding_tree_1	5655	0x2351F70	handler_value	-	-	-	0x174D340	0x0
encoding_tree_1	5656	0x2351F80	key_handler	0xA6C	10	108	0x174CD60	-
encoding_tree_1	5657	0x2351F90	null_or_data	0x0	-	-	0x36D	-
encoding_tree_1	5658	0x2351FA0	handler_value	-	-	-	0x174DF50	0x0
encoding_tree_1	5659	0x2351FB0	key_handler	0xA6E	10	110	0x174E580	-
encoding_tree_1	5660	0x2351FC0	null_or_data	0x0	-	-	0xA6F	-
encoding_tree_1	5661	0x2351FD0	handler_value	-	-	-	0x174D970	0x0
encoding_tree_1	5662	0x2351FE0	key_handler	0x570	5	112	0x174B0A0	-
encoding_tree_1	5663	0x2351FF0	null_or_data	0x0	-	-	0x1971	-
encoding_tree_1	5664	0x2352000	handler_value	-	-	-	0x174C1D0	0x0
encoding_tree_1	5665	0x2352010	key_handler	0x572	5	114	0x174C7C0	-
encoding_tree_1	5666	0x2352020	null_or_data	0x0	-	-	0x1973	-
encoding_tree_1	5667	0x2352030	handler_value	-	-	-	0x174B640	0x0
encoding_tree_1	5668	0x2352040	key_handler	0x574	5	116	0x174BC30	-
encoding_tree_1	5669	0x2352050	null_or_data	0x0	-	-	0x1975	-
encoding_tree_1	5670	0x2352060	handler_value	-	-	-	0xCE2920	0x0
encoding_tree_1	5671	0x2352070	key_handler	0x1376	19	118	0xCE2320	-
encoding_tree_1	5672	0x2352080	null_or_data	0x0	-	-	0x1977	-
encoding_tree_1	5673	0x2352090	handler_value	-	-	-	0xCE3570	0x0
encoding_tree_1	5674	0x23520A0	key_handler	0x1378	19	120	0xCE3BC0	-
encoding_tree_1	5675	0x23520B0	null_or_data	0x0	-	-	0x1379	-
encoding_tree_1	5676	0x23520C0	handler_value	-	-	-	0xCE2F70	0x0
encoding_tree_1	5677	0x23520D0	key_handler	0x57F	5	127	0xD013B0	-
encoding_tree_1	5678	0x23520E0	null_or_data	0x0	-	-	0x680	-
encoding_tree_1	5679	0x23520F0	handler_value	-	-	-	0xD018B0	0x0
encoding_tree_1	5680	0x2352100	key_handler	0x581	5	129	0xD01E00	-
encoding_tree_1	5681	0x2352110	null_or_data	0x0	-	-	0x582	-
encoding_tree_1	5682	0x2352120	handler_value	-	-	-	0xD02300	0x0
encoding_tree_1	5683	0x2352130	key_handler	0x383	3	131	0xD02830	-
encoding_tree_1	5684	0x2352140	null_or_data	0x0	-	-	0x584	-
encoding_tree_1	5685	0x2352150	handler_value	-	-	-	0xD02DB0	0x0
encoding_tree_1	5686	0x2352160	key_handler	0xA85	10	133	0xD05600	-
encoding_tree_1	5687	0x2352170	null_or_data	0x0	-	-	0x386	-
encoding_tree_1	5688	0x2352180	handler_value	-	-	-	0xD05BC0	0x0
encoding_tree_1	5689	0x2352190	key_handler	0xA87	10	135	0xD061D0	-
encoding_tree_1	5690	0x23521A0	null_or_data	0x0	-	-	0xA88	-
encoding_tree_1	5691	0x23521B0	handler_value	-	-	-	0xD04470	0x0
encoding_tree_1	5692	0x23521C0	key_handler	0x389	3	137	0xD04A30	-
encoding_tree_1	5693	0x23521D0	null_or_data	0x0	-	-	0xA8A	-
encoding_tree_1	5694	0x23521E0	handler_value	-	-	-	0xD05040	0x0
encoding_tree_1	5695	0x23521F0	key_handler	0xB8B	11	139	0xCF3630	-
encoding_tree_1	5696	0x2352200	null_or_data	0x0	-	-	0x228C	-
encoding_tree_1	5697	0x2352210	handler_value	-	-	-	0xCF3020	0x0
encoding_tree_1	5698	0x2352220	key_handler	0x228D	34	141	0xCF3BF0	-
encoding_tree_1	5699	0x2352230	null_or_data	0x0	-	-	0xB8E	-
encoding_tree_1	5700	0x2352240	handler_value	-	-	-	0xCF2450	0x0
encoding_tree_1	5701	0x2352250	key_handler	0x228F	34	143	0xCF1E40	-
encoding_tree_1	5702	0x2352260	null_or_data	0x0	-	-	0x2290	-
encoding_tree_1	5703	0x2352270	handler_value	-	-	-	0xCF2A10	0x0
encoding_tree_1	5704	0x2352280	key_handler	0x391	3	145	0xCF47C0	-
encoding_tree_1	5705	0x2352290	null_or_data	0x0	-	-	0x2292	-
encoding_tree_1	5706	0x23522A0	handler_value	-	-	-	0xCF4200	0x0
encoding_tree_1	5707	0x23522B0	key_handler	0x2293	34	147	0xCF4D90	-
encoding_tree_1	5708	0x23522C0	null_or_data	0x0	-	-	0x794	-
encoding_tree_1	5709	0x23522D0	handler_value	-	-	-	0xCF5910	0x0
encoding_tree_1	5710	0x23522E0	key_handler	0x2295	34	149	0xCF5350	-
encoding_tree_1	5711	0x23522F0	null_or_data	0x0	-	-	0x2296	-
encoding_tree_1	5712	0x2352300	handler_value	-	-	-	0xCF5EE0	0x0
encoding_tree_1	5713	0x2352310	key_handler	0x397	3	151	0xCF6AC0	-
encoding_tree_1	5714	0x2352320	null_or_data	0x0	-	-	0xA98	-
encoding_tree_1	5715	0x2352330	handler_value	-	-	-	0xCF64A0	0x0
encoding_tree_1	5716	0x2352340	key_handler	0x399	3	153	0xCF7750	-
encoding_tree_1	5717	0x2352350	null_or_data	0x0	-	-	0xA9A	-
encoding_tree_1	5718	0x2352360	handler_value	-	-	-	0xCF7DC0	0x0
encoding_tree_1	5719	0x2352370	key_handler	0xA9B	10	155	0xCF7130	-
encoding_tree_1	5720	0x2352380	null_or_data	0x0	-	-	0xA9C	-
encoding_tree_1	5721	0x2352390	handler_value	-	-	-	0xD032E0	0x0
encoding_tree_1	5722	0x23523A0	key_handler	0x39D	3	157	0xD038A0	-
encoding_tree_1	5723	0x23523B0	null_or_data	0x0	-	-	0xA9E	-
encoding_tree_1	5724	0x23523C0	handler_value	-	-	-	0xD03EB0	0x0
encoding_tree_1	5725	0x23523D0	key_handler	0xB9F	11	159	0xCEEFD0	-
encoding_tree_1	5726	0x23523E0	null_or_data	0x0	-	-	0x22A0	-
encoding_tree_1	5727	0x23523F0	handler_value	-	-	-	0xCEE9C0	0x0
encoding_tree_1	5728	0x2352400	key_handler	0x22A1	34	161	0xCEF590	-
encoding_tree_1	5729	0x2352410	null_or_data	0x0	-	-	0xBA2	-
encoding_tree_1	5730	0x2352420	handler_value	-	-	-	0xCEDDF0	0x0
encoding_tree_1	5731	0x2352430	key_handler	0x22A3	34	163	0xCED7E0	-
encoding_tree_1	5732	0x2352440	null_or_data	0x0	-	-	0x22A4	-
encoding_tree_1	5733	0x2352450	handler_value	-	-	-	0xCEE3B0	0x0
encoding_tree_1	5734	0x2352460	key_handler	0x3A5	3	165	0xCF0160	-
encoding_tree_1	5735	0x2352470	null_or_data	0x0	-	-	0x22A6	-
encoding_tree_1	5736	0x2352480	handler_value	-	-	-	0xCEFBA0	0x0
encoding_tree_1	5737	0x2352490	key_handler	0x22A7	34	167	0xCF0730	-
encoding_tree_1	5738	0x23524A0	null_or_data	0x0	-	-	0x7A8	-
encoding_tree_1	5739	0x23524B0	handler_value	-	-	-	0xCF12B0	0x0
encoding_tree_1	5740	0x23524C0	key_handler	0x22A9	34	169	0xCF0CF0	-
encoding_tree_1	5741	0x23524D0	null_or_data	0x0	-	-	0x22AA	-
encoding_tree_1	5742	0x23524E0	handler_value	-	-	-	0xCF1880	0x0
encoding_tree_1	5743	0x23524F0	key_handler	0x5AB	5	171	0x174EB60	-
encoding_tree_1	5744	0x2352500	null_or_data	0x0	-	-	0x19AC	-
encoding_tree_1	5745	0x2352510	handler_value	-	-	-	0x174FDB0	0x0
encoding_tree_1	5746	0x2352520	key_handler	0x5AD	5	173	0x1750400	-
encoding_tree_1	5747	0x2352530	null_or_data	0x0	-	-	0x19AE	-
encoding_tree_1	5748	0x2352540	handler_value	-	-	-	0x174F160	0x0
encoding_tree_1	5749	0x2352550	key_handler	0x5AF	5	175	0x174F7B0	-
encoding_tree_1	5750	0x2352560	null_or_data	0x0	-	-	0x19B0	-
encoding_tree_1	5751	0x2352570	handler_value	-	-	-	0x1751000	0x0
encoding_tree_1	5752	0x2352580	key_handler	0x13B1	19	177	0x1750A00	-
encoding_tree_1	5753	0x2352590	null_or_data	0x0	-	-	0x19B2	-
encoding_tree_1	5754	0x23525A0	handler_value	-	-	-	0x1751C50	0x0
encoding_tree_1	5755	0x23525B0	key_handler	0x13B3	19	179	0x17522A0	-
encoding_tree_1	5756	0x23525C0	null_or_data	0x0	-	-	0x13B4	-
encoding_tree_1	5757	0x23525D0	handler_value	-	-	-	0x1751650	0x0
encoding_tree_1	5758	0x23525E0	key_handler	0x6B5	6	181	0x1742810	-
encoding_tree_1	5759	0x23525F0	null_or_data	0x0	-	-	0x5B6	-
encoding_tree_1	5760	0x2352600	handler_value	-	-	-	0x17422B0	0x0
encoding_tree_1	5761	0x2352610	key_handler	0x5B7	5	183	0x1742DD0	-
encoding_tree_1	5762	0x2352620	null_or_data	0x0	-	-	0x3B8	-
encoding_tree_1	5763	0x2352630	handler_value	-	-	-	0xCFD160	0x0
encoding_tree_1	5764	0x2352640	key_handler	0x3B9	3	185	0xCFD740	-
encoding_tree_1	5765	0x2352650	null_or_data	0x0	-	-	0x5BA	-
encoding_tree_1	5766	0x2352660	handler_value	-	-	-	0xCFCBC0	0x0
encoding_tree_1	5767	0x2352670	key_handler	0x3BB	3	187	0xD06CC0	-
encoding_tree_1	5768	0x2352680	null_or_data	0x0	-	-	0x5BC	-
encoding_tree_1	5769	0x2352690	handler_value	-	-	-	0xD06790	0x0
encoding_tree_1	5770	0x23526A0	key_handler	0x5BD	5	189	0x17492F0	-
encoding_tree_1	5771	0x23526B0	null_or_data	0x0	-	-	0x19BE	-
encoding_tree_1	5772	0x23526C0	handler_value	-	-	-	0x174A4B0	0x0
encoding_tree_1	5773	0x23526D0	key_handler	0x5BF	5	191	0x174AAD0	-
encoding_tree_1	5774	0x23526E0	null_or_data	0x0	-	-	0x19C0	-
encoding_tree_1	5775	0x23526F0	handler_value	-	-	-	0x17498C0	0x0
encoding_tree_1	5776	0x2352700	key_handler	0x5C1	5	193	0x1749EE0	-
encoding_tree_1	5778	0x2352720	key_handler	0x500	5	0	0xD0EF80	-
encoding_tree_1	5780	0x2352740	key_handler	0xA00	10	0	0xDDE920	-
encoding_tree_1	5781	0x2352750	null_or_data	0x0	-	-	0xA01	-
encoding_tree_1	5782	0x2352760	handler_value	-	-	-	0xDDEF10	0x0
encoding_tree_1	5783	0x2352770	key_handler	0xA02	10	2	0xDDF500	-
encoding_tree_1	5784	0x2352780	null_or_data	0x0	-	-	0x503	-
encoding_tree_1	5785	0x2352790	handler_value	-	-	-	0xDCFB70	0x0
encoding_tree_1	5786	0x23527A0	key_handler	0x504	5	4	0xDD00B0	-
encoding_tree_1	5787	0x23527B0	null_or_data	0x0	-	-	0x705	-
encoding_tree_1	5788	0x23527C0	handler_value	-	-	-	0xDD0C40	0x0
encoding_tree_1	5789	0x23527D0	key_handler	0x1306	19	6	0xDD0600	-
encoding_tree_1	5790	0x23527E0	null_or_data	0x0	-	-	0x1307	-
encoding_tree_1	5791	0x23527F0	handler_value	-	-	-	0xDD1280	0x0
encoding_tree_1	5792	0x2352800	key_handler	0x1908	25	8	0xDD3060	-
encoding_tree_1	5793	0x2352810	null_or_data	0x0	-	-	0x1309	-
encoding_tree_1	5794	0x2352820	handler_value	-	-	-	0xDD2A00	0x0
encoding_tree_1	5795	0x2352830	key_handler	0x130A	19	10	0xDD36C0	-
encoding_tree_1	5796	0x2352840	null_or_data	0x0	-	-	0x70B	-
encoding_tree_1	5797	0x2352850	handler_value	-	-	-	0xDD1E80	0x0
encoding_tree_1	5798	0x2352860	key_handler	0x50C	5	12	0xDD18C0	-
encoding_tree_1	5799	0x2352870	null_or_data	0x0	-	-	0x50D	-
encoding_tree_1	5800	0x2352880	handler_value	-	-	-	0xDD2440	0x0
encoding_tree_1	5801	0x2352890	key_handler	0x30E	3	14	0xDD4300	-
encoding_tree_1	5802	0x23528A0	null_or_data	0x0	-	-	0x50F	-
encoding_tree_1	5803	0x23528B0	handler_value	-	-	-	0xDD3D20	0x0
encoding_tree_1	5804	0x23528C0	key_handler	0x510	5	16	0xDD48F0	-
encoding_tree_1	5805	0x23528D0	null_or_data	0x0	-	-	0x2311	-
encoding_tree_1	5806	0x23528E0	handler_value	-	-	-	0xDD55F0	0x0
encoding_tree_1	5807	0x23528F0	key_handler	0x1312	19	18	0xDD4ED0	-
encoding_tree_1	5808	0x2352900	null_or_data	0x0	-	-	0x1313	-
encoding_tree_1	5809	0x2352910	handler_value	-	-	-	0xDD5D50	0x0
encoding_tree_1	5810	0x2352920	key_handler	0x2314	35	20	0xDD6B20	-
encoding_tree_1	5811	0x2352930	null_or_data	0x0	-	-	0x1315	-
encoding_tree_1	5812	0x2352940	handler_value	-	-	-	0xDD6470	0x0
encoding_tree_1	5813	0x2352950	key_handler	0x1316	19	22	0xDD71E0	-
encoding_tree_1	5814	0x2352960	null_or_data	0x0	-	-	0xA17	-
encoding_tree_1	5815	0x2352970	handler_value	-	-	-	0xDD7890	0x0
encoding_tree_1	5816	0x2352980	key_handler	0x318	3	24	0xDD7E20	-
encoding_tree_1	5817	0x2352990	null_or_data	0x0	-	-	0xA19	-
encoding_tree_1	5818	0x23529A0	handler_value	-	-	-	0xDD8400	0x0
encoding_tree_1	5819	0x23529B0	key_handler	0x31A	3	26	0xDD9E50	-
encoding_tree_1	5820	0x23529C0	null_or_data	0x0	-	-	0xA1B	-
encoding_tree_1	5821	0x23529D0	handler_value	-	-	-	0xDD98C0	0x0
encoding_tree_1	5822	0x23529E0	key_handler	0xA1C	10	28	0xDDAE70	-
encoding_tree_1	5823	0x23529F0	null_or_data	0x0	-	-	0x31D	-
encoding_tree_1	5824	0x2352A00	handler_value	-	-	-	0xDDB480	0x0
encoding_tree_1	5825	0x2352A10	key_handler	0xA1E	10	30	0xDDBAE0	-
encoding_tree_1	5826	0x2352A20	null_or_data	0x0	-	-	0x31F	-
encoding_tree_1	5827	0x2352A30	handler_value	-	-	-	0xDDD790	0x0
encoding_tree_1	5828	0x2352A40	key_handler	0xA20	10	32	0xDDD180	-
encoding_tree_1	5829	0x2352A50	null_or_data	0x0	-	-	0x521	-
encoding_tree_1	5830	0x2352A60	handler_value	-	-	-	0xDD8990	0x0
encoding_tree_1	5831	0x2352A70	key_handler	0x322	3	34	0xDD8E80	-
encoding_tree_1	5832	0x2352A80	null_or_data	0x0	-	-	0x523	-
encoding_tree_1	5833	0x2352A90	handler_value	-	-	-	0xDD93D0	0x0
encoding_tree_1	5834	0x2352AA0	key_handler	0x324	3	36	0xDDA920	-
encoding_tree_1	5835	0x2352AB0	null_or_data	0x0	-	-	0x525	-
encoding_tree_1	5836	0x2352AC0	handler_value	-	-	-	0xDDA430	0x0
encoding_tree_1	5837	0x2352AD0	key_handler	0x226	2	38	0xDDC0F0	-
encoding_tree_1	5838	0x2352AE0	null_or_data	0x0	-	-	0x327	-
encoding_tree_1	5839	0x2352AF0	handler_value	-	-	-	0xDDC650	0x0
encoding_tree_1	5840	0x2352B00	key_handler	0x228	2	40	0xDDCC20	-
encoding_tree_1	5841	0x2352B10	null_or_data	0x0	-	-	0x329	-
encoding_tree_1	5842	0x2352B20	handler_value	-	-	-	0xDDE350	0x0
encoding_tree_1	5843	0x2352B30	key_handler	0x22A	2	42	0xDDDDF0	-
encoding_tree_1	5846	0x2352B60	key_handler	0x500	5	0	0x1764B60	-
encoding_tree_1	5847	0x2352B70	null_or_data	0x0	-	-	0x1901	-
encoding_tree_1	5848	0x2352B80	handler_value	-	-	-	0x17651F0	0x0
encoding_tree_1	5849	0x2352B90	key_handler	0x502	5	2	0x1765850	-
encoding_tree_1	5850	0x2352BA0	null_or_data	0x0	-	-	0x1903	-
encoding_tree_1	5851	0x2352BB0	handler_value	-	-	-	0xD92C10	0x0
encoding_tree_1	5852	0x2352BC0	key_handler	0x504	5	4	0xD925F0	-
encoding_tree_1	5853	0x2352BD0	null_or_data	0x0	-	-	0x505	-
encoding_tree_1	5854	0x2352BE0	handler_value	-	-	-	0xD93230	0x0
encoding_tree_1	5855	0x2352BF0	key_handler	0x1906	25	6	0x1763E70	-
encoding_tree_1	5856	0x2352C00	null_or_data	0x0	-	-	0x507	-
encoding_tree_1	5857	0x2352C10	handler_value	-	-	-	0x17637E0	0x0
encoding_tree_1	5858	0x2352C20	key_handler	0x508	5	8	0x17644D0	-
encoding_tree_1	5859	0x2352C30	null_or_data	0x0	-	-	0x709	-
encoding_tree_1	5860	0x2352C40	handler_value	-	-	-	0xD91A60	0x0
encoding_tree_1	5861	0x2352C50	key_handler	0x50A	5	10	0xD91490	-
encoding_tree_1	5862	0x2352C60	null_or_data	0x0	-	-	0x50B	-
encoding_tree_1	5863	0x2352C70	handler_value	-	-	-	0xD92020	0x0
encoding_tree_1	5864	0x2352C80	key_handler	0xD0C	13	12	0xD93EA0	-
encoding_tree_1	5865	0x2352C90	null_or_data	0x0	-	-	0x50D	-
encoding_tree_1	5866	0x2352CA0	handler_value	-	-	-	0xD93850	0x0
encoding_tree_1	5867	0x2352CB0	key_handler	0x50E	5	14	0xD94530	-
encoding_tree_1	5868	0x2352CC0	null_or_data	0x0	-	-	0x50F	-
encoding_tree_1	5869	0x2352CD0	handler_value	-	-	-	0xD94B80	0x0
encoding_tree_1	5870	0x2352CE0	key_handler	0x310	3	16	0xD95080	-
encoding_tree_1	5871	0x2352CF0	null_or_data	0x0	-	-	0x511	-
encoding_tree_1	5872	0x2352D00	handler_value	-	-	-	0xD955D0	0x0
encoding_tree_1	5873	0x2352D10	key_handler	0x512	5	18	0xD95AD0	-
encoding_tree_1	5874	0x2352D20	null_or_data	0x0	-	-	0x313	-
encoding_tree_1	5875	0x2352D30	handler_value	-	-	-	0xD95FD0	0x0
encoding_tree_1	5876	0x2352D40	key_handler	0x514	5	20	0xD96520	-
encoding_tree_1	5877	0x2352D50	null_or_data	0x0	-	-	0x315	-
encoding_tree_1	5878	0x2352D60	handler_value	-	-	-	0xD97EA0	0x0
encoding_tree_1	5879	0x2352D70	key_handler	0x516	5	22	0xD979A0	-
encoding_tree_1	5880	0x2352D80	null_or_data	0x0	-	-	0x217	-
encoding_tree_1	5881	0x2352D90	handler_value	-	-	-	0xD96A20	0x0
encoding_tree_1	5882	0x2352DA0	key_handler	0x318	3	24	0xD96F30	-
encoding_tree_1	5883	0x2352DB0	null_or_data	0x0	-	-	0x219	-
encoding_tree_1	5884	0x2352DC0	handler_value	-	-	-	0xD97490	0x0
encoding_tree_1	5885	0x2352DD0	key_handler	0x31A	3	26	0xD98900	-
encoding_tree_1	5886	0x2352DE0	null_or_data	0x0	-	-	0x21B	-
encoding_tree_1	5887	0x2352DF0	handler_value	-	-	-	0xD983F0	0x0
encoding_tree_1	5888	0x2352E00	key_handler	0x600	6	0	0xCB9DD0	-
encoding_tree_1	5889	0x2352E10	null_or_data	0x0	-	-	0x601	-
encoding_tree_1	5890	0x2352E20	handler_value	-	-	-	0xCBA2F0	0x0
encoding_tree_1	5891	0x2352E30	key_handler	0x502	5	2	0xCBB780	-
encoding_tree_1	5892	0x2352E40	null_or_data	0x0	-	-	0x503	-
encoding_tree_1	5893	0x2352E50	handler_value	-	-	-	0xCBBCF0	0x0
encoding_tree_1	5894	0x2352E60	key_handler	0x2204	34	4	0x1738920	-
encoding_tree_1	5895	0x2352E70	null_or_data	0x0	-	-	0x507	-
encoding_tree_1	5896	0x2352E80	handler_value	-	-	-	0xCBD380	0x0
encoding_tree_1	5897	0x2352E90	key_handler	0x1308	19	8	0xCBD9B0	-
encoding_tree_1	5898	0x2352EA0	null_or_data	0x0	-	-	0x509	-
encoding_tree_1	5899	0x2352EB0	handler_value	-	-	-	0x1738F30	0x0
encoding_tree_1	5900	0x2352EC0	key_handler	0x60A	6	10	0xCBA810	-
encoding_tree_1	5901	0x2352ED0	null_or_data	0x0	-	-	0x60B	-
encoding_tree_1	5902	0x2352EE0	handler_value	-	-	-	0xCB98B0	0x0
encoding_tree_1	5903	0x2352EF0	key_handler	0x60C	6	12	0xCB9390	-
encoding_tree_1	5904	0x2352F00	null_or_data	0x0	-	-	0x60D	-
encoding_tree_1	5905	0x2352F10	handler_value	-	-	-	0xCBAD30	0x0
encoding_tree_1	5906	0x2352F20	key_handler	0x50E	5	14	0xCBB280	-
encoding_tree_1	5907	0x2352F30	null_or_data	0x0	-	-	0x50F	-
encoding_tree_1	5908	0x2352F40	handler_value	-	-	-	0xCBC2B0	0x0
encoding_tree_1	5910	0x2352F60	key_handler	0x1300	19	0	0x175B250	-
encoding_tree_1	5911	0x2352F70	null_or_data	0x0	-	-	0x1301	-
encoding_tree_1	5912	0x2352F80	handler_value	-	-	-	0x175B940	0x0
encoding_tree_1	5913	0x2352F90	key_handler	0x1302	19	2	0x175AB50	-
encoding_tree_1	5914	0x2352FA0	null_or_data	0x0	-	-	0x1903	-
encoding_tree_1	5915	0x2352FB0	handler_value	-	-	-	0xD16DE0	0x0
encoding_tree_1	5916	0x2352FC0	key_handler	0x1904	25	4	0xD18190	-
encoding_tree_1	5917	0x2352FD0	null_or_data	0x0	-	-	0x1305	-
encoding_tree_1	5918	0x2352FE0	handler_value	-	-	-	0xD17B00	0x0
encoding_tree_1	5919	0x2352FF0	key_handler	0x1306	19	6	0xD18820	-
encoding_tree_1	5920	0x2353000	null_or_data	0x0	-	-	0x1307	-
encoding_tree_1	5921	0x2353010	handler_value	-	-	-	0xD17470	0x0
encoding_tree_1	5922	0x2353020	key_handler	0x1908	25	8	0x1759CA0	-
encoding_tree_1	5923	0x2353030	null_or_data	0x0	-	-	0x1909	-
encoding_tree_1	5924	0x2353040	handler_value	-	-	-	0x1758DF0	0x0
encoding_tree_1	5925	0x2353050	key_handler	0x130A	19	10	0x1758680	-
encoding_tree_1	5926	0x2353060	null_or_data	0x0	-	-	0x130B	-
encoding_tree_1	5927	0x2353070	handler_value	-	-	-	0x1759530	0x0
encoding_tree_1	5928	0x2353080	key_handler	0x130C	19	12	0x175A3E0	-
encoding_tree_1	5929	0x2353090	null_or_data	0x0	-	-	0x70D	-
encoding_tree_1	5930	0x23530A0	handler_value	-	-	-	0xD14E30	0x0
encoding_tree_1	5931	0x23530B0	key_handler	0x70E	7	14	0xD16140	-
encoding_tree_1	5932	0x23530C0	null_or_data	0x0	-	-	0xA0F	-
encoding_tree_1	5933	0x23530D0	handler_value	-	-	-	0xD15AE0	0x0
encoding_tree_1	5934	0x23530E0	key_handler	0xA10	10	16	0xD16780	-
encoding_tree_1	5935	0x23530F0	null_or_data	0x0	-	-	0xA11	-
encoding_tree_1	5936	0x2353100	handler_value	-	-	-	0xD15480	0x0
encoding_tree_1	5937	0x2353110	key_handler	0xD12	13	18	0xD1D610	-
encoding_tree_1	5938	0x2353120	null_or_data	0x0	-	-	0xD13	-
encoding_tree_1	5939	0x2353130	handler_value	-	-	-	0xD1EA90	0x0
encoding_tree_1	5940	0x2353140	key_handler	0x1314	19	20	0xD1E3E0	-
encoding_tree_1	5941	0x2353150	null_or_data	0x0	-	-	0x1315	-
encoding_tree_1	5942	0x2353160	handler_value	-	-	-	0xD1F1B0	0x0
encoding_tree_1	5943	0x2353170	key_handler	0x1316	19	22	0xD1DD30	-
encoding_tree_1	5944	0x2353180	null_or_data	0x0	-	-	0xD17	-
encoding_tree_1	5945	0x2353190	handler_value	-	-	-	0xD1F860	0x0
encoding_tree_1	5946	0x23531A0	key_handler	0xD18	13	24	0xD20DA0	-
encoding_tree_1	5947	0x23531B0	null_or_data	0x0	-	-	0x1319	-
encoding_tree_1	5948	0x23531C0	handler_value	-	-	-	0xD206B0	0x0
encoding_tree_1	5949	0x23531D0	key_handler	0x131A	19	26	0xD21500	-
encoding_tree_1	5950	0x23531E0	null_or_data	0x0	-	-	0x131B	-
encoding_tree_1	5951	0x23531F0	handler_value	-	-	-	0xD1FFC0	0x0
encoding_tree_1	5952	0x2353200	key_handler	0x231C	35	28	0xD195E0	-
encoding_tree_1	5953	0x2353210	null_or_data	0x0	-	-	0x231D	-
encoding_tree_1	5954	0x2353220	handler_value	-	-	-	0xD1C770	0x0
encoding_tree_1	5955	0x2353230	key_handler	0x131E	19	30	0xD1C040	-
encoding_tree_1	5956	0x2353240	null_or_data	0x0	-	-	0x131F	-
encoding_tree_1	5957	0x2353250	handler_value	-	-	-	0xD1CEE0	0x0
encoding_tree_1	5958	0x2353260	key_handler	0x1320	19	32	0xD1B910	-
encoding_tree_1	5959	0x2353270	null_or_data	0x0	-	-	0x2321	-
encoding_tree_1	5960	0x2353280	handler_value	-	-	-	0xD18EB0	0x0
encoding_tree_1	5961	0x2353290	key_handler	0x2322	35	34	0xD1AB10	-
encoding_tree_1	5962	0x23532A0	null_or_data	0x0	-	-	0x1323	-
encoding_tree_1	5963	0x23532B0	handler_value	-	-	-	0xD1A430	0x0
encoding_tree_1	5964	0x23532C0	key_handler	0x1324	19	36	0xD1B230	-
encoding_tree_1	5965	0x23532D0	null_or_data	0x0	-	-	0x1325	-
encoding_tree_1	5966	0x23532E0	handler_value	-	-	-	0xD19D50	0x0
encoding_tree_1	5967	0x23532F0	key_handler	0x1326	19	38	0x175C750	-
encoding_tree_1	5968	0x2353300	null_or_data	0x0	-	-	0x1927	-
encoding_tree_1	5969	0x2353310	handler_value	-	-	-	0x175C040	0x0
encoding_tree_1	5970	0x2353320	key_handler	0x1328	19	40	0x175DCE0	-
encoding_tree_1	5971	0x2353330	null_or_data	0x0	-	-	0x1929	-
encoding_tree_1	5972	0x2353340	handler_value	-	-	-	0x175CE90	0x0
encoding_tree_1	5973	0x2353350	key_handler	0x132A	19	42	0x175D5A0	-
encoding_tree_1	5976	0x2353380	key_handler	0x700	7	0	0xC72B10	-
encoding_tree_1	5977	0x2353390	null_or_data	0x0	-	-	0xA01	-
encoding_tree_1	5978	0x23533A0	handler_value	-	-	-	0xC72530	0x0
encoding_tree_1	5979	0x23533B0	key_handler	0x502	5	2	0x17347D0	-
encoding_tree_1	5980	0x23533C0	null_or_data	0x0	-	-	0x303	-
encoding_tree_1	5981	0x23533D0	handler_value	-	-	-	0x17341B0	0x0
encoding_tree_1	5982	0x23533E0	key_handler	0x504	5	4	0x1734E40	-
encoding_tree_1	5983	0x23533F0	null_or_data	0x0	-	-	0x705	-
encoding_tree_1	5984	0x2353400	handler_value	-	-	-	0xC70270	0x0
encoding_tree_1	5985	0x2353410	key_handler	0x206	2	6	0xC6FD20	-
encoding_tree_1	5986	0x2353420	null_or_data	0x0	-	-	0x307	-
encoding_tree_1	5987	0x2353430	handler_value	-	-	-	0xC6C300	0x0
encoding_tree_1	5988	0x2353440	key_handler	0x508	5	8	0xC6BCE0	-
encoding_tree_1	5989	0x2353450	null_or_data	0x0	-	-	0x509	-
encoding_tree_1	5990	0x2353460	handler_value	-	-	-	0xC6C920	0x0
encoding_tree_1	5991	0x2353470	key_handler	0x50A	5	10	0x17334F0	-
encoding_tree_1	5992	0x2353480	null_or_data	0x0	-	-	0x50B	-
encoding_tree_1	5993	0x2353490	handler_value	-	-	-	0x1733B50	0x0
encoding_tree_1	5994	0x23534A0	key_handler	0x190C	25	12	0x1732E90	-
encoding_tree_1	5995	0x23534B0	null_or_data	0x0	-	-	0x50D	-
encoding_tree_1	5996	0x23534C0	handler_value	-	-	-	0x1732170	0x0
encoding_tree_1	5997	0x23534D0	key_handler	0x50E	5	14	0x1732800	-
encoding_tree_1	5998	0x23534E0	null_or_data	0x0	-	-	0x70F	-
encoding_tree_1	5999	0x23534F0	handler_value	-	-	-	0xC6B720	0x0
encoding_tree_1	6000	0x2353500	key_handler	0x510	5	16	0xC6AB80	-
encoding_tree_1	6001	0x2353510	null_or_data	0x0	-	-	0x511	-
encoding_tree_1	6002	0x2353520	handler_value	-	-	-	0xC6B150	0x0
encoding_tree_1	6003	0x2353530	key_handler	0xD12	13	18	0xC6D590	-
encoding_tree_1	6004	0x2353540	null_or_data	0x0	-	-	0x513	-
encoding_tree_1	6005	0x2353550	handler_value	-	-	-	0xC6CF40	0x0
encoding_tree_1	6006	0x2353560	key_handler	0x514	5	20	0xC6DC20	-
encoding_tree_1	6007	0x2353570	null_or_data	0x0	-	-	0x515	-
encoding_tree_1	6008	0x2353580	handler_value	-	-	-	0xC730F0	0x0
encoding_tree_1	6009	0x2353590	key_handler	0x316	3	22	0xC735F0	-
encoding_tree_1	6010	0x23535A0	null_or_data	0x0	-	-	0x517	-
encoding_tree_1	6011	0x23535B0	handler_value	-	-	-	0xC73B10	0x0
encoding_tree_1	6012	0x23535C0	key_handler	0xA18	10	24	0xC707D0	-
encoding_tree_1	6013	0x23535D0	null_or_data	0x0	-	-	0x319	-
encoding_tree_1	6014	0x23535E0	handler_value	-	-	-	0xC71390	0x0
encoding_tree_1	6015	0x23535F0	key_handler	0xA1A	10	26	0xC70DB0	-
encoding_tree_1	6016	0x2353600	null_or_data	0x0	-	-	0x31B	-
encoding_tree_1	6017	0x2353610	handler_value	-	-	-	0xC71F50	0x0
encoding_tree_1	6018	0x2353620	key_handler	0xA1C	10	28	0xC71970	-
encoding_tree_1	6019	0x2353630	null_or_data	0x0	-	-	0x51D	-
encoding_tree_1	6020	0x2353640	handler_value	-	-	-	0xC74010	0x0
encoding_tree_1	6021	0x2353650	key_handler	0x31E	3	30	0xC74540	-
encoding_tree_1	6022	0x2353660	null_or_data	0x0	-	-	0x51F	-
encoding_tree_1	6023	0x2353670	handler_value	-	-	-	0xC74A90	0x0
encoding_tree_1	6024	0x2353680	key_handler	0x220	2	32	0xC6E270	-
encoding_tree_1	6025	0x2353690	null_or_data	0x0	-	-	0x321	-
encoding_tree_1	6026	0x23536A0	handler_value	-	-	-	0xC6ED10	0x0
encoding_tree_1	6027	0x23536B0	key_handler	0x222	2	34	0xC6E7C0	-
encoding_tree_1	6028	0x23536C0	null_or_data	0x0	-	-	0x323	-
encoding_tree_1	6029	0x23536D0	handler_value	-	-	-	0xC6F7C0	0x0
encoding_tree_1	6030	0x23536E0	key_handler	0x224	2	36	0xC6F270	-
encoding_tree_1	6032	0x2353700	key_handler	0x500	5	0	0xD8EDB0	-
encoding_tree_1	6033	0x2353710	null_or_data	0x0	-	-	0x501	-
encoding_tree_1	6034	0x2353720	handler_value	-	-	-	0xD8CF40	0x0
encoding_tree_1	6035	0x2353730	key_handler	0x502	5	2	0xD90190	-
encoding_tree_1	6036	0x2353740	null_or_data	0x0	-	-	0x503	-
encoding_tree_1	6037	0x2353750	handler_value	-	-	-	0xD90630	0x0
encoding_tree_1	6038	0x2353760	key_handler	0x304	3	4	0xD8DDA0	-
encoding_tree_1	6039	0x2353770	null_or_data	0x0	-	-	0x305	-
encoding_tree_1	6040	0x2353780	handler_value	-	-	-	0xD8E300	0x0
encoding_tree_1	6041	0x2353790	key_handler	0x506	5	6	0xD8FCF0	-
encoding_tree_1	6042	0x23537A0	null_or_data	0x0	-	-	0x507	-
encoding_tree_1	6043	0x23537B0	handler_value	-	-	-	0xD90AE0	0x0
encoding_tree_1	6044	0x23537C0	key_handler	0x308	3	8	0xD8E860	-
encoding_tree_1	6045	0x23537D0	null_or_data	0x0	-	-	0x309	-
encoding_tree_1	6046	0x23537E0	handler_value	-	-	-	0xD8F290	0x0
encoding_tree_1	6047	0x23537F0	key_handler	0x50A	5	10	0xD8F7F0	-
encoding_tree_1	6048	0x2353800	null_or_data	0x0	-	-	0x50B	-
encoding_tree_1	6049	0x2353810	handler_value	-	-	-	0xD8C110	0x0
encoding_tree_1	6050	0x2353820	key_handler	0x60C	6	12	0xD8C5B0	-
encoding_tree_1	6051	0x2353830	null_or_data	0x0	-	-	0x50D	-
encoding_tree_1	6052	0x2353840	handler_value	-	-	-	0xD8CAA0	0x0
encoding_tree_1	6053	0x2353850	key_handler	0x60E	6	14	0xD8D8A0	-
encoding_tree_1	6054	0x2353860	null_or_data	0x0	-	-	0x50F	-
encoding_tree_1	6055	0x2353870	handler_value	-	-	-	0xD8D400	0x0
encoding_tree_1	6056	0x2353880	key_handler	0x700	7	0	0xCBE550	-
encoding_tree_1	6057	0x2353890	null_or_data	0x0	-	-	0x701	-
encoding_tree_1	6058	0x23538A0	handler_value	-	-	-	0xCBE030	0x0
encoding_tree_1	6059	0x23538B0	key_handler	0x702	7	2	0xCBEAA0	-
encoding_tree_1	6060	0x23538C0	null_or_data	0x0	-	-	0x503	-
encoding_tree_1	6061	0x23538D0	handler_value	-	-	-	0xCBFFB0	0x0
encoding_tree_1	6062	0x23538E0	key_handler	0x704	7	4	0xCBF510	-
encoding_tree_1	6063	0x23538F0	null_or_data	0x0	-	-	0x705	-
encoding_tree_1	6064	0x2353900	handler_value	-	-	-	0xCBEFF0	0x0
encoding_tree_1	6065	0x2353910	key_handler	0x506	5	6	0xCC0480	-
encoding_tree_1	6066	0x2353920	null_or_data	0x0	-	-	0x707	-
encoding_tree_1	6067	0x2353930	handler_value	-	-	-	0xCBFA60	0x0
encoding_tree_1	6068	0x2353940	key_handler	0x500	5	0	0xCC1720	-
encoding_tree_1	6069	0x2353950	null_or_data	0x0	-	-	0x501	-
encoding_tree_1	6070	0x2353960	handler_value	-	-	-	0x173C1A0	0x0
encoding_tree_1	6071	0x2353970	key_handler	0x502	5	2	0x173BD20	-
encoding_tree_1	6074	0x23539A0	key_handler	0x300	3	0	0xDB36B0	-
encoding_tree_1	6075	0x23539B0	null_or_data	0x0	-	-	0x601	-
encoding_tree_1	6076	0x23539C0	handler_value	-	-	-	0x176ABB0	0x0
encoding_tree_1	6077	0x23539D0	key_handler	0x602	6	2	0x176A6D0	-
encoding_tree_1	6078	0x23539E0	null_or_data	0x0	-	-	0x603	-
encoding_tree_1	6079	0x23539F0	handler_value	-	-	-	0xDB3BC0	0x0
encoding_tree_1	6080	0x2353A00	key_handler	0x700	7	0	0xCB8340	-
encoding_tree_1	6081	0x2353A10	null_or_data	0x0	-	-	0x701	-
encoding_tree_1	6082	0x2353A20	handler_value	-	-	-	0xCB8E10	0x0
encoding_tree_1	6083	0x2353A30	key_handler	0x702	7	2	0xCB7DF0	-
encoding_tree_1	6084	0x2353A40	null_or_data	0x0	-	-	0x703	-
encoding_tree_1	6085	0x2353A50	handler_value	-	-	-	0xCB8890	0x0
encoding_tree_1	6086	0x2353A60	key_handler	0x500	5	0	0xCB6620	-
encoding_tree_1	6087	0x2353A70	null_or_data	0x0	-	-	0x601	-
encoding_tree_1	6088	0x2353A80	handler_value	-	-	-	0xCB6AC0	0x0
encoding_tree_1	6089	0x2353A90	key_handler	0x502	5	2	0xCB6FB0	-
encoding_tree_1	6090	0x2353AA0	null_or_data	0x0	-	-	0x603	-
encoding_tree_1	6091	0x2353AB0	handler_value	-	-	-	0xCB78F0	0x0
encoding_tree_1	6092	0x2353AC0	key_handler	0x504	5	4	0xCB7450	-
encoding_tree_1	6094	0x2353AE0	key_handler	0x500	5	0	0xCC0950	-
encoding_tree_1	6095	0x2353AF0	null_or_data	0x0	-	-	0x501	-
encoding_tree_1	6096	0x2353B00	handler_value	-	-	-	0x1739590	0x0
encoding_tree_1	6098	0x2353B20	key_handler	0x700	7	0	0xCB4460	-
encoding_tree_1	6099	0x2353B30	null_or_data	0x0	-	-	0x701	-
encoding_tree_1	6100	0x2353B40	handler_value	-	-	-	0xCB49B0	0x0
encoding_tree_1	6101	0x2353B50	key_handler	0x702	7	2	0xCB5AC0	-
encoding_tree_1	6102	0x2353B60	null_or_data	0x0	-	-	0x703	-
encoding_tree_1	6103	0x2353B70	handler_value	-	-	-	0xCB6050	0x0
encoding_tree_1	6104	0x2353B80	key_handler	0x704	7	4	0xCB3960	-
encoding_tree_1	6105	0x2353B90	null_or_data	0x0	-	-	0x705	-
encoding_tree_1	6106	0x2353BA0	handler_value	-	-	-	0xCB3EB0	0x0
encoding_tree_1	6107	0x2353BB0	key_handler	0x706	7	6	0x1738360	-
encoding_tree_1	6108	0x2353BC0	null_or_data	0x0	-	-	0x707	-
encoding_tree_1	6109	0x2353BD0	handler_value	-	-	-	0xCB54F0	0x0
encoding_tree_1	6110	0x2353BE0	key_handler	0x200	2	0	0xE096A0	-
encoding_tree_1	6112	0x2353C00	key_handler	0xA00	10	0	0xE09AD0	-
encoding_tree_1	6114	0x2353C20	key_handler	0x500	5	0	0xCB1FC0	-
encoding_tree_1	6115	0x2353C30	null_or_data	0x0	-	-	0x301	-
encoding_tree_1	6116	0x2353C40	handler_value	-	-	-	0xCB24C0	0x0
encoding_tree_1	6117	0x2353C50	key_handler	0x502	5	2	0xCB2A10	-
encoding_tree_1	6118	0x2353C60	null_or_data	0x0	-	-	0x303	-
encoding_tree_1	6119	0x2353C70	handler_value	-	-	-	0xCB3410	0x0
encoding_tree_1	6120	0x2353C80	key_handler	0x504	5	4	0xCB2F10	-
encoding_tree_1	6122	0x2353CA0	key_handler	0x500	5	0	0xD07240	-
encoding_tree_1	6123	0x2353CB0	null_or_data	0x0	-	-	0x301	-
encoding_tree_1	6124	0x2353CC0	handler_value	-	-	-	0xD07C30	0x0
encoding_tree_1	6125	0x2353CD0	key_handler	0x502	5	2	0xD07730	-
encoding_tree_1	6126	0x2353CE0	null_or_data	0x0	-	-	0x303	-
encoding_tree_1	6127	0x2353CF0	handler_value	-	-	-	0xD09050	0x0
encoding_tree_1	6128	0x2353D00	key_handler	0x504	5	4	0xD08B50	-
encoding_tree_1	6129	0x2353D10	null_or_data	0x0	-	-	0x505	-
encoding_tree_1	6130	0x2353D20	handler_value	-	-	-	0xD08650	0x0
encoding_tree_1	6131	0x2353D30	key_handler	0x506	5	6	0xD09A70	-
encoding_tree_1	6132	0x2353D40	null_or_data	0x0	-	-	0x507	-
encoding_tree_1	6133	0x2353D50	handler_value	-	-	-	0xD08180	0x0
encoding_tree_1	6134	0x2353D60	key_handler	0x508	5	8	0xD095A0	-
encoding_tree_1	6135	0x2353D70	null_or_data	0x0	-	-	0x139A8F8	-
encoding_tree_1	6136	0x2353D80	key_handler	0x139A938	80297	56	0x139A8D0	-
encoding_tree_1	6137	0x2353D90	key_handler	0x139A8F8	80296	248	0x139A950	-
encoding_tree_1	6138	0x2353DA0	key_handler	0x139A9A8	80297	168	0x139A990	-
encoding_tree_1	6139	0x2353DB0	key_handler	0x139A970	80297	112	0x139F6D0	-
encoding_tree_1	6140	0x2353DC0	key_handler	0x139F730	80375	48	0x139F768	-
encoding_tree_1	6141	0x2353DD0	key_handler	0x139F780	80375	128	0x139F780	-
encoding_tree_1	6142	0x2353DE0	key_handler	0x139F780	80375	128	0x139F780	-
encoding_tree_1	6143	0x2353DF0	key_handler	0x139F780	80375	128	0x139F780	-
encoding_tree_2	311	0x235E170	key_handler	0x200	2	0	0x105CD50	-
encoding_tree_2	313	0x235E190	key_handler	0x200	2	0	0x105C960	-
encoding_tree_2	315	0x235E1B0	key_handler	0x200	2	0	0x105C570	-
encoding_tree_2	317	0x235E1D0	key_handler	0x500	5	0	0x105C180	-
encoding_tree_2	320	0x235E200	key_handler	0x1900	25	0	0x15E5960	-
encoding_tree_2	321	0x235E210	null_or_data	0x0	-	-	0x1901	-
encoding_tree_2	322	0x235E220	handler_value	-	-	-	0x15B98E0	0x0
encoding_tree_2	323	0x235E230	key_handler	0x1902	25	2	0x15B9E20	-
encoding_tree_2	324	0x235E240	null_or_data	0x0	-	-	0x1903	-
encoding_tree_2	325	0x235E250	handler_value	-	-	-	0x15BA3A0	0x0
encoding_tree_2	326	0x235E260	key_handler	0x1904	25	4	0x15BA920	-
encoding_tree_2	327	0x235E270	null_or_data	0x0	-	-	0x1905	-
encoding_tree_2	328	0x235E280	handler_value	-	-	-	0x15E5EA0	0x0
encoding_tree_2	329	0x235E290	key_handler	0x1906	25	6	0x15B82E0	-
encoding_tree_2	330	0x235E2A0	null_or_data	0x0	-	-	0x1907	-
encoding_tree_2	331	0x235E2B0	handler_value	-	-	-	0x15B8830	0x0
encoding_tree_2	332	0x235E2C0	key_handler	0x1908	25	8	0x15B8DB0	-
encoding_tree_2	333	0x235E2D0	null_or_data	0x0	-	-	0x1909	-
encoding_tree_2	334	0x235E2E0	handler_value	-	-	-	0x15B9330	0x0
encoding_tree_2	336	0x235E300	key_handler	0x200	2	0	0x15A0530	-
encoding_tree_2	337	0x235E310	null_or_data	0x0	-	-	0x201	-
encoding_tree_2	338	0x235E320	handler_value	-	-	-	0x15A0A10	0x0
encoding_tree_2	340	0x235E340	key_handler	0x500	5	0	0x100D280	-
encoding_tree_2	341	0x235E350	null_or_data	0x0	-	-	0x201	-
encoding_tree_2	342	0x235E360	handler_value	-	-	-	0x100CE80	0x0
encoding_tree_2	343	0x235E370	key_handler	0x502	5	2	0x100D6E0	-
encoding_tree_2	346	0x235E3A0	key_handler	0xD00	13	0	0x159B0F0	-
encoding_tree_2	347	0x235E3B0	null_or_data	0x0	-	-	0x1301	-
encoding_tree_2	348	0x235E3C0	handler_value	-	-	-	0x159AAF0	0x0
encoding_tree_2	349	0x235E3D0	key_handler	0x1302	19	2	0x159B6C0	-
encoding_tree_2	350	0x235E3E0	null_or_data	0x0	-	-	0x2303	-
encoding_tree_2	351	0x235E3F0	handler_value	-	-	-	0x159C340	0x0
encoding_tree_2	352	0x235E400	key_handler	0x1304	19	4	0x159BCC0	-
encoding_tree_2	353	0x235E410	null_or_data	0x0	-	-	0x1305	-
encoding_tree_2	354	0x235E420	handler_value	-	-	-	0x159C970	0x0
encoding_tree_2	356	0x235E440	null_or_data	0x0	-	-	0x1598A40	-
encoding_tree_2	357	0x235E450	null_or_data	0x0	-	-	0x501	-
encoding_tree_2	358	0x235E460	handler_value	-	-	-	0x15984D0	0x0
encoding_tree_2	359	0x235E470	key_handler	0x502	5	2	0x1598F30	-
encoding_tree_2	360	0x235E480	null_or_data	0x0	-	-	0xD03	-
encoding_tree_2	361	0x235E490	handler_value	-	-	-	0x15979D0	0x0
encoding_tree_2	362	0x235E4A0	key_handler	0x504	5	4	0x1597430	-
encoding_tree_2	363	0x235E4B0	null_or_data	0x0	-	-	0x505	-
encoding_tree_2	364	0x235E4C0	handler_value	-	-	-	0x1597F40	0x0
encoding_tree_2	366	0x235E4E0	key_handler	0x600	6	0	0x15E3B90	-
encoding_tree_2	367	0x235E4F0	null_or_data	0x0	-	-	0x501	-
encoding_tree_2	368	0x235E500	handler_value	-	-	-	0x15E7F20	0x0
encoding_tree_2	369	0x235E510	key_handler	0x502	5	2	0x15E83E0	-
encoding_tree_2	370	0x235E520	null_or_data	0x0	-	-	0xB03	-
encoding_tree_2	371	0x235E530	handler_value	-	-	-	0x1590190	0x0
encoding_tree_2	372	0x235E540	key_handler	0x504	5	4	0x1590620	-
encoding_tree_2	373	0x235E550	null_or_data	0x0	-	-	0x505	-
encoding_tree_2	374	0x235E560	handler_value	-	-	-	0x1590B10	0x0
encoding_tree_2	375	0x235E570	key_handler	0x606	6	6	0x15E4020	-
encoding_tree_2	376	0x235E580	null_or_data	0x0	-	-	0x507	-
encoding_tree_2	377	0x235E590	handler_value	-	-	-	0x15E88A0	0x0
encoding_tree_2	378	0x235E5A0	key_handler	0x508	5	8	0x15E8D60	-
encoding_tree_2	379	0x235E5B0	null_or_data	0x0	-	-	0x609	-
encoding_tree_2	380	0x235E5C0	handler_value	-	-	-	0x1591E40	0x0
encoding_tree_2	381	0x235E5D0	key_handler	0xB0A	11	10	0x15919B0	-
encoding_tree_2	382	0x235E5E0	null_or_data	0x0	-	-	0x50B	-
encoding_tree_2	383	0x235E5F0	handler_value	-	-	-	0x1591000	0x0
encoding_tree_2	384	0x235E600	key_handler	0x50C	5	12	0x15914F0	-
encoding_tree_2	385	0x235E610	null_or_data	0x0	-	-	0x50D	-
encoding_tree_2	386	0x235E620	handler_value	-	-	-	0x15922D0	0x0
encoding_tree_2	387	0x235E630	key_handler	0x50E	5	14	0x15927C0	-
encoding_tree_2	389	0x235E650	key_handler	0x200	2	0	0x100B450	-
encoding_tree_2	392	0x235E680	key_handler	0x1900	25	0	0x15A99D0	-
encoding_tree_2	393	0x235E690	null_or_data	0x0	-	-	0x1901	-
encoding_tree_2	394	0x235E6A0	handler_value	-	-	-	0x15A9F10	0x0
encoding_tree_2	395	0x235E6B0	key_handler	0x1902	25	2	0x15AA450	-
encoding_tree_2	396	0x235E6C0	null_or_data	0x0	-	-	0x1903	-
encoding_tree_2	397	0x235E6D0	handler_value	-	-	-	0x15A89F0	0x0
encoding_tree_2	398	0x235E6E0	key_handler	0x1904	25	4	0x15A8F30	-
encoding_tree_2	399	0x235E6F0	null_or_data	0x0	-	-	0x1905	-
encoding_tree_2	400	0x235E700	handler_value	-	-	-	0x15A9470	0x0
encoding_tree_2	402	0x235E720	key_handler	0x500	5	0	0x1066870	-
encoding_tree_2	403	0x235E730	null_or_data	0x0	-	-	0x501	-
encoding_tree_2	404	0x235E740	handler_value	-	-	-	0x1065F60	0x0
encoding_tree_2	405	0x235E750	key_handler	0x702	7	2	0x1066CA0	-
encoding_tree_2	406	0x235E760	null_or_data	0x0	-	-	0x703	-
encoding_tree_2	407	0x235E770	handler_value	-	-	-	0x10663B0	0x0
encoding_tree_2	408	0x235E780	key_handler	0x500	5	0	0x1060450	-
encoding_tree_2	410	0x235E7A0	key_handler	0x500	5	0	0x105FFE0	-
encoding_tree_2	412	0x235E7C0	key_handler	0x900	9	0	0x15AF340	-
encoding_tree_2	413	0x235E7D0	null_or_data	0x0	-	-	0x201	-
encoding_tree_2	414	0x235E7E0	handler_value	-	-	-	0x15AEF40	0x0
encoding_tree_2	416	0x235E800	key_handler	0x502	5	2	0x15B7E70	-
encoding_tree_2	417	0x235E810	null_or_data	0x0	-	-	0x503	-
encoding_tree_2	418	0x235E820	handler_value	-	-	-	0x15B7A20	0x0
encoding_tree_2	420	0x235E840	key_handler	0x500	5	0	0x1803930	-
encoding_tree_2	421	0x235E850	null_or_data	0x0	-	-	0x501	-
encoding_tree_2	422	0x235E860	handler_value	-	-	-	0x1803500	0x0
encoding_tree_2	424	0x235E880	key_handler	0x500	5	0	0x105F3F0	-
encoding_tree_2	425	0x235E890	null_or_data	0x0	-	-	0x601	-
encoding_tree_2	426	0x235E8A0	handler_value	-	-	-	0x105EFE0	0x0
encoding_tree_2	427	0x235E8B0	key_handler	0x202	2	2	0x105EBF0	-
encoding_tree_2	430	0x235E8E0	key_handler	0xB00	11	0	0x15D7840	-
encoding_tree_2	431	0x235E8F0	null_or_data	0x0	-	-	0xB01	-
encoding_tree_2	432	0x235E900	handler_value	-	-	-	0x15D80E0	0x0
encoding_tree_2	433	0x235E910	key_handler	0x502	5	2	0x15D73F0	-
encoding_tree_2	434	0x235E920	null_or_data	0x0	-	-	0x503	-
encoding_tree_2	435	0x235E930	handler_value	-	-	-	0x15D7CB0	0x0
encoding_tree_2	436	0x235E940	key_handler	0x300	3	0	0x15D6B40	-
encoding_tree_2	437	0x235E950	null_or_data	0x0	-	-	0x501	-
encoding_tree_2	438	0x235E960	handler_value	-	-	-	0x15D6FA0	0x0
encoding_tree_2	440	0x235E980	key_handler	0x300	3	0	0x15D30A0	-
encoding_tree_2	441	0x235E990	null_or_data	0x0	-	-	0x501	-
encoding_tree_2	442	0x235E9A0	handler_value	-	-	-	0x15D3530	0x0
encoding_tree_2	443	0x235E9B0	key_handler	0xB02	11	2	0x15D2C10	-
encoding_tree_2	444	0x235E9C0	null_or_data	0x0	-	-	0x2203	-
encoding_tree_2	445	0x235E9D0	handler_value	-	-	-	0x15D39F0	0x0
encoding_tree_2	446	0x235E9E0	key_handler	0x300	3	0	0x15D9350	-
encoding_tree_2	447	0x235E9F0	null_or_data	0x0	-	-	0x201	-
encoding_tree_2	448	0x235EA00	handler_value	-	-	-	0x15D8EA0	0x0
encoding_tree_2	449	0x235EA10	key_handler	0x200	2	0	0x15D62F0	-
encoding_tree_2	452	0x235EA40	key_handler	0x500	5	0	0x15D89E0	-
encoding_tree_2	453	0x235EA50	null_or_data	0x0	-	-	0x301	-
encoding_tree_2	454	0x235EA60	handler_value	-	-	-	0x15D8530	0x0
encoding_tree_2	456	0x235EA80	key_handler	0x200	2	0	0x15BB2A0	-
encoding_tree_2	457	0x235EA90	null_or_data	0x0	-	-	0x201	-
encoding_tree_2	458	0x235EAA0	handler_value	-	-	-	0x15BBB90	0x0
encoding_tree_2	459	0x235EAB0	key_handler	0x302	3	2	0x15BB710	-
encoding_tree_2	460	0x235EAC0	null_or_data	0x0	-	-	0x703	-
encoding_tree_2	461	0x235EAD0	handler_value	-	-	-	0x15BC490	0x0
encoding_tree_2	462	0x235EAE0	key_handler	0x204	2	4	0x15BC000	-
encoding_tree_2	463	0x235EAF0	null_or_data	0x0	-	-	0x205	-
encoding_tree_2	464	0x235EB00	handler_value	-	-	-	0x15BC970	0x0
encoding_tree_2	466	0x235EB20	key_handler	0x500	5	0	0x15D2190	-
encoding_tree_2	467	0x235EB30	null_or_data	0x0	-	-	0x1301	-
encoding_tree_2	468	0x235EB40	handler_value	-	-	-	0x15D26B0	0x0
encoding_tree_2	470	0x235EB60	key_handler	0x500	5	0	0x15D1670	-
encoding_tree_2	471	0x235EB70	null_or_data	0x0	-	-	0x1301	-
encoding_tree_2	472	0x235EB80	handler_value	-	-	-	0x15D1BE0	0x0
encoding_tree_2	474	0x235EBA0	key_handler	0x200	2	0	0x105B7C0	-
encoding_tree_2	475	0x235EBB0	null_or_data	0x0	-	-	0xA01	-
encoding_tree_2	476	0x235EBC0	handler_value	-	-	-	0x105ADF0	0x0
encoding_tree_2	477	0x235EBD0	key_handler	0xA05	10	5	0x15D11A0	-
encoding_tree_2	480	0x235EC00	key_handler	0x1300	19	0	0x15D0030	-
encoding_tree_2	481	0x235EC10	null_or_data	0x0	-	-	0x1301	-
encoding_tree_2	482	0x235EC20	handler_value	-	-	-	0x15D0BD0	0x0
encoding_tree_2	483	0x235EC30	key_handler	0x1305	19	5	0x15D05F0	-
encoding_tree_2	486	0x235EC60	key_handler	0xA00	10	0	0x15CCFF0	-
encoding_tree_2	487	0x235EC70	null_or_data	0x0	-	-	0xA01	-
encoding_tree_2	488	0x235EC80	handler_value	-	-	-	0x15CDA40	0x0
encoding_tree_2	489	0x235EC90	key_handler	0xA05	10	5	0x15CD510	-
encoding_tree_2	492	0x235ECC0	key_handler	0x1300	19	0	0x15CABB0	-
encoding_tree_2	493	0x235ECD0	null_or_data	0x0	-	-	0x1301	-
encoding_tree_2	494	0x235ECE0	handler_value	-	-	-	0x15CBD90	0x0
encoding_tree_2	495	0x235ECF0	key_handler	0x1302	19	2	0x15CC9D0	-
encoding_tree_2	496	0x235ED00	null_or_data	0x0	-	-	0x1303	-
encoding_tree_2	497	0x235ED10	handler_value	-	-	-	0x15CB790	0x0
encoding_tree_2	498	0x235ED20	key_handler	0x130A	19	10	0x15CB190	-
encoding_tree_2	499	0x235ED30	null_or_data	0x0	-	-	0x130B	-
encoding_tree_2	500	0x235ED40	handler_value	-	-	-	0x15CC3A0	0x0
encoding_tree_2	502	0x235ED60	key_handler	0x1300	19	0	0x15C8690	-
encoding_tree_2	503	0x235ED70	null_or_data	0x0	-	-	0x1301	-
encoding_tree_2	504	0x235ED80	handler_value	-	-	-	0x15C98F0	0x0
encoding_tree_2	505	0x235ED90	key_handler	0x1302	19	2	0x15CA570	-
encoding_tree_2	506	0x235EDA0	null_or_data	0x0	-	-	0x1303	-
encoding_tree_2	507	0x235EDB0	handler_value	-	-	-	0x15C92D0	0x0
encoding_tree_2	508	0x235EDC0	key_handler	0x130A	19	10	0x15C8CA0	-
encoding_tree_2	509	0x235EDD0	null_or_data	0x0	-	-	0x130B	-
encoding_tree_2	510	0x235EDE0	handler_value	-	-	-	0x15C9F20	0x0
encoding_tree_2	512	0x235EE00	key_handler	0x1300	19	0	0x15C6170	-
encoding_tree_2	513	0x235EE10	null_or_data	0x0	-	-	0x1301	-
encoding_tree_2	514	0x235EE20	handler_value	-	-	-	0x15C73D0	0x0
encoding_tree_2	515	0x235EE30	key_handler	0x1302	19	2	0x15C8050	-
encoding_tree_2	516	0x235EE40	null_or_data	0x0	-	-	0x1303	-
encoding_tree_2	517	0x235EE50	handler_value	-	-	-	0x15C6DB0	0x0
encoding_tree_2	518	0x235EE60	key_handler	0x130A	19	10	0x15C6780	-
encoding_tree_2	519	0x235EE70	null_or_data	0x0	-	-	0x130B	-
encoding_tree_2	520	0x235EE80	handler_value	-	-	-	0x15C7A00	0x0
encoding_tree_2	522	0x235EEA0	key_handler	0x300	3	0	0x1049300	-
encoding_tree_2	523	0x235EEB0	null_or_data	0x0	-	-	0x301	-
encoding_tree_2	524	0x235EEC0	handler_value	-	-	-	0x104A1C0	0x0
encoding_tree_2	525	0x235EED0	key_handler	0x502	5	2	0x104A640	-
encoding_tree_2	526	0x235EEE0	null_or_data	0x0	-	-	0x503	-
encoding_tree_2	527	0x235EEF0	handler_value	-	-	-	0x17FE910	0x0
encoding_tree_2	528	0x235EF00	key_handler	0x304	3	4	0x104AA60	-
encoding_tree_2	529	0x235EF10	null_or_data	0x0	-	-	0x305	-
encoding_tree_2	530	0x235EF20	handler_value	-	-	-	0x1049CE0	0x0
encoding_tree_2	531	0x235EF30	key_handler	0x306	3	6	0x1049820	-
encoding_tree_2	532	0x235EF40	null_or_data	0x0	-	-	0x307	-
encoding_tree_2	533	0x235EF50	handler_value	-	-	-	0x104AF20	0x0
encoding_tree_2	534	0x235EF60	key_handler	0x308	3	8	0x104B3E0	-
encoding_tree_2	535	0x235EF70	null_or_data	0x0	-	-	0x309	-
encoding_tree_2	536	0x235EF80	handler_value	-	-	-	0x104B880	0x0
encoding_tree_2	538	0x235EFA0	key_handler	0x1300	19	0	0x15C3F50	-
encoding_tree_2	539	0x235EFB0	null_or_data	0x0	-	-	0x1301	-
encoding_tree_2	540	0x235EFC0	handler_value	-	-	-	0x15C4500	0x0
encoding_tree_2	541	0x235EFD0	key_handler	0x1302	19	2	0x15C50A0	-
encoding_tree_2	542	0x235EFE0	null_or_data	0x0	-	-	0x1303	-
encoding_tree_2	543	0x235EFF0	handler_value	-	-	-	0x15C5620	0x0
encoding_tree_2	544	0x235F000	key_handler	0x1308	19	8	0x15C4AE0	-
encoding_tree_2	545	0x235F010	null_or_data	0x0	-	-	0x1309	-
encoding_tree_2	546	0x235F020	handler_value	-	-	-	0x15C5BD0	0x0
encoding_tree_2	548	0x235F040	key_handler	0x2500	37	0	0x15C2D90	-
encoding_tree_2	549	0x235F050	null_or_data	0x0	-	-	0x2501	-
encoding_tree_2	550	0x235F060	handler_value	-	-	-	0x15C3360	0x0
encoding_tree_2	551	0x235F070	key_handler	0x2504	37	4	0x15C3960	-
encoding_tree_2	554	0x235F0A0	key_handler	0x300	3	0	0x159E7E0	-
encoding_tree_2	555	0x235F0B0	null_or_data	0x0	-	-	0x201	-
encoding_tree_2	556	0x235F0C0	handler_value	-	-	-	0x159DEB0	0x0
encoding_tree_2	557	0x235F0D0	key_handler	0x202	2	2	0x159E350	-
encoding_tree_2	558	0x235F0E0	null_or_data	0x0	-	-	0x303	-
encoding_tree_2	559	0x235F0F0	handler_value	-	-	-	0x159FB20	0x0
encoding_tree_2	560	0x235F100	key_handler	0xA04	10	4	0x159F110	-
encoding_tree_2	561	0x235F110	null_or_data	0x0	-	-	0xA05	-
encoding_tree_2	562	0x235F120	handler_value	-	-	-	0x159F620	0x0
encoding_tree_2	563	0x235F130	key_handler	0x30C	3	12	0x159EC60	-
encoding_tree_2	564	0x235F140	null_or_data	0x0	-	-	0x30F	-
encoding_tree_2	565	0x235F150	handler_value	-	-	-	0x15A0010	0x0
encoding_tree_2	566	0x235F160	key_handler	0x1300	19	0	0x15BFBE0	-
encoding_tree_2	567	0x235F170	null_or_data	0x0	-	-	0x1301	-
encoding_tree_2	568	0x235F180	handler_value	-	-	-	0x15C01A0	0x0
encoding_tree_2	569	0x235F190	key_handler	0x1302	19	2	0x15C0D70	-
encoding_tree_2	570	0x235F1A0	null_or_data	0x0	-	-	0x1303	-
encoding_tree_2	571	0x235F1B0	handler_value	-	-	-	0x15C1310	0x0
encoding_tree_2	572	0x235F1C0	key_handler	0x1308	19	8	0x15C0790	-
encoding_tree_2	573	0x235F1D0	null_or_data	0x0	-	-	0x1309	-
encoding_tree_2	574	0x235F1E0	handler_value	-	-	-	0x15C18E0	0x0
encoding_tree_2	576	0x235F200	key_handler	0x1300	19	0	0x15BE9C0	-
encoding_tree_2	577	0x235F210	null_or_data	0x0	-	-	0x1301	-
encoding_tree_2	578	0x235F220	handler_value	-	-	-	0x15BEFB0	0x0
encoding_tree_2	579	0x235F230	key_handler	0x2502	37	2	0x15BD770	-
encoding_tree_2	580	0x235F240	null_or_data	0x0	-	-	0x2503	-
encoding_tree_2	581	0x235F250	handler_value	-	-	-	0x15BDD70	0x0
encoding_tree_2	582	0x235F260	key_handler	0x1308	19	8	0x15BF5D0	-
encoding_tree_2	583	0x235F270	null_or_data	0x0	-	-	0x2509	-
encoding_tree_2	584	0x235F280	handler_value	-	-	-	0x15BE3A0	0x0
encoding_tree_2	586	0x235F2A0	key_handler	0x300	3	0	0x15BD2B0	-
encoding_tree_2	587	0x235F2B0	null_or_data	0x0	-	-	0x301	-
encoding_tree_2	588	0x235F2C0	handler_value	-	-	-	0x15BCE00	0x0
encoding_tree_2	590	0x235F2E0	key_handler	0x300	3	0	0x103D770	-
encoding_tree_2	591	0x235F2F0	null_or_data	0x0	-	-	0x301	-
encoding_tree_2	592	0x235F300	handler_value	-	-	-	0x103D310	0x0
encoding_tree_2	593	0x235F310	key_handler	0x302	3	2	0x103DBF0	-
encoding_tree_2	596	0x235F340	key_handler	0x300	3	0	0x103C530	-
encoding_tree_2	597	0x235F350	null_or_data	0x0	-	-	0x301	-
encoding_tree_2	598	0x235F360	handler_value	-	-	-	0x106D090	0x0
encoding_tree_2	599	0x235F370	key_handler	0x302	3	2	0x103CE50	-
encoding_tree_2	600	0x235F380	null_or_data	0x0	-	-	0x303	-
encoding_tree_2	601	0x235F390	handler_value	-	-	-	0x103C9B0	0x0
encoding_tree_2	602	0x235F3A0	key_handler	0x1900	25	0	0x17FE300	-
encoding_tree_2	603	0x235F3B0	null_or_data	0x0	-	-	0x1901	-
encoding_tree_2	604	0x235F3C0	handler_value	-	-	-	0x17FD720	0x0
encoding_tree_2	605	0x235F3D0	key_handler	0x1902	25	2	0x17FDD10	-
encoding_tree_2	606	0x235F3E0	null_or_data	0x0	-	-	0x1903	-
encoding_tree_2	607	0x235F3F0	handler_value	-	-	-	0x17FD150	0x0
encoding_tree_2	608	0x235F400	key_handler	0x1904	25	4	0x17FBB50	-
encoding_tree_2	609	0x235F410	null_or_data	0x0	-	-	0x1905	-
encoding_tree_2	610	0x235F420	handler_value	-	-	-	0x180B1A0	0x0
encoding_tree_2	611	0x235F430	key_handler	0x1906	25	6	0x17FCBA0	-
encoding_tree_2	612	0x235F440	null_or_data	0x0	-	-	0x1907	-
encoding_tree_2	613	0x235F450	handler_value	-	-	-	0x17FC0A0	0x0
encoding_tree_2	614	0x235F460	key_handler	0x1908	25	8	0x17FC620	-
encoding_tree_2	616	0x235F480	key_handler	0x1900	25	0	0x17F8730	-
encoding_tree_2	617	0x235F490	null_or_data	0x0	-	-	0x1901	-
encoding_tree_2	618	0x235F4A0	handler_value	-	-	-	0x180A200	0x0
encoding_tree_2	619	0x235F4B0	key_handler	0x1902	25	2	0x17FB5E0	-
encoding_tree_2	620	0x235F4C0	null_or_data	0x0	-	-	0x1903	-
encoding_tree_2	621	0x235F4D0	handler_value	-	-	-	0x17FAB60	0x0
encoding_tree_2	622	0x235F4E0	key_handler	0x1904	25	4	0x180B6F0	-
encoding_tree_2	623	0x235F4F0	null_or_data	0x0	-	-	0x1905	-
encoding_tree_2	624	0x235F500	handler_value	-	-	-	0x17FB090	0x0
encoding_tree_2	625	0x235F510	key_handler	0x306	3	6	0x17FA650	-
encoding_tree_2	626	0x235F520	null_or_data	0x0	-	-	0x307	-
encoding_tree_2	627	0x235F530	handler_value	-	-	-	0x17F9C90	0x0
encoding_tree_2	628	0x235F540	key_handler	0x308	3	8	0x1809800	-
encoding_tree_2	629	0x235F550	null_or_data	0x0	-	-	0x309	-
encoding_tree_2	630	0x235F560	handler_value	-	-	-	0x17FA160	0x0
encoding_tree_2	631	0x235F570	key_handler	0x190A	25	10	0x17F9710	-
encoding_tree_2	632	0x235F580	null_or_data	0x0	-	-	0x190B	-
encoding_tree_2	633	0x235F590	handler_value	-	-	-	0x17F8C50	0x0
encoding_tree_2	634	0x235F5A0	key_handler	0x190C	25	12	0x17F91B0	-
encoding_tree_2	636	0x235F5C0	key_handler	0x200	2	0	0x15E96F0	-
encoding_tree_2	637	0x235F5D0	null_or_data	0x0	-	-	0x301	-
encoding_tree_2	638	0x235F5E0	handler_value	-	-	-	0x15EB9C0	0x0
encoding_tree_2	639	0x235F5F0	key_handler	0x202	2	2	0x15E9220	-
encoding_tree_2	640	0x235F600	null_or_data	0x0	-	-	0x303	-
encoding_tree_2	641	0x235F610	handler_value	-	-	-	0x15EB4D0	0x0
encoding_tree_2	642	0x235F620	key_handler	0x204	2	4	0x15D5E20	-
encoding_tree_2	643	0x235F630	null_or_data	0x0	-	-	0x305	-
encoding_tree_2	644	0x235F640	handler_value	-	-	-	0x15D5930	0x0
encoding_tree_2	645	0x235F650	key_handler	0x200	2	0	0x103A6D0	-
encoding_tree_2	647	0x235F670	key_handler	0x500	5	0	0x103A2C0	-
encoding_tree_2	649	0x235F690	key_handler	0x500	5	0	0x158E630	-
encoding_tree_2	651	0x235F6B0	key_handler	0x200	2	0	0x10399A0	-
encoding_tree_2	653	0x235F6D0	key_handler	0x200	2	0	0x10395A0	-
encoding_tree_2	655	0x235F6F0	key_handler	0x200	2	0	0x15BAED0	-
encoding_tree_2	658	0x235F720	key_handler	0x700	7	0	0x1038D00	-
encoding_tree_2	659	0x235F730	null_or_data	0x0	-	-	0x501	-
encoding_tree_2	660	0x235F740	handler_value	-	-	-	0x1039180	0x0
encoding_tree_2	661	0x235F750	key_handler	0x502	5	2	0x1037C40	-
encoding_tree_2	662	0x235F760	null_or_data	0x0	-	-	0x503	-
encoding_tree_2	663	0x235F770	handler_value	-	-	-	0x10384C0	0x0
encoding_tree_2	664	0x235F780	key_handler	0x604	6	4	0x1038070	-
encoding_tree_2	665	0x235F790	null_or_data	0x0	-	-	0x505	-
encoding_tree_2	666	0x235F7A0	handler_value	-	-	-	0x10388E0	0x0
encoding_tree_2	668	0x235F7C0	key_handler	0x700	7	0	0x10790B0	-
encoding_tree_2	669	0x235F7D0	null_or_data	0x0	-	-	0x701	-
encoding_tree_2	670	0x235F7E0	handler_value	-	-	-	0x1078BD0	0x0
encoding_tree_2	671	0x235F7F0	key_handler	0x702	7	2	0x1037280	-
encoding_tree_2	672	0x235F800	null_or_data	0x0	-	-	0x703	-
encoding_tree_2	673	0x235F810	handler_value	-	-	-	0x1037760	0x0
encoding_tree_2	674	0x235F820	key_handler	0x500	5	0	0x1036E30	-
encoding_tree_2	676	0x235F840	key_handler	0x200	2	0	0x15D4420	-
encoding_tree_2	677	0x235F850	null_or_data	0x0	-	-	0x301	-
encoding_tree_2	678	0x235F860	handler_value	-	-	-	0x15D3EE0	0x0
encoding_tree_2	679	0x235F870	key_handler	0xA02	10	2	0x15D4F20	-
encoding_tree_2	680	0x235F880	null_or_data	0x0	-	-	0x303	-
encoding_tree_2	681	0x235F890	handler_value	-	-	-	0x15D49A0	0x0
encoding_tree_2	682	0x235F8A0	key_handler	0x500	5	0	0x15B6D30	-
encoding_tree_2	684	0x235F8C0	key_handler	0x300	3	0	0x15DDE10	-
encoding_tree_2	685	0x235F8D0	null_or_data	0x0	-	-	0x301	-
encoding_tree_2	686	0x235F8E0	handler_value	-	-	-	0x15B5ED0	0x0
encoding_tree_2	687	0x235F8F0	key_handler	0x302	3	2	0x15B6370	-
encoding_tree_2	688	0x235F900	null_or_data	0x0	-	-	0x303	-
encoding_tree_2	689	0x235F910	handler_value	-	-	-	0x15B6850	0x0
encoding_tree_2	690	0x235F920	key_handler	0x1300	19	0	0x15B30D0	-
encoding_tree_2	691	0x235F930	null_or_data	0x0	-	-	0x1301	-
encoding_tree_2	692	0x235F940	handler_value	-	-	-	0x15B3700	0x0
encoding_tree_2	694	0x235F960	key_handler	0xA00	10	0	0x15B4670	-
encoding_tree_2	695	0x235F970	null_or_data	0x0	-	-	0x1301	-
encoding_tree_2	696	0x235F980	handler_value	-	-	-	0x15B4BE0	0x0
encoding_tree_2	697	0x235F990	key_handler	0x1302	19	2	0x15B5210	-
encoding_tree_2	698	0x235F9A0	null_or_data	0x0	-	-	0x1303	-
encoding_tree_2	699	0x235F9B0	handler_value	-	-	-	0x15B5820	0x0
encoding_tree_2	700	0x235F9C0	key_handler	0x500	5	0	0x158F7A0	-
encoding_tree_2	702	0x235F9E0	null_or_data	0x0	-	-	0x15CFBF0	-
encoding_tree_2	704	0x235FA00	key_handler	0x500	5	0	0x1034740	-
encoding_tree_2	706	0x235FA20	key_handler	0x500	5	0	0x15CF800	-
encoding_tree_2	708	0x235FA40	key_handler	0x500	5	0	0x1075910	-
encoding_tree_2	709	0x235FA50	null_or_data	0x0	-	-	0x301	-
encoding_tree_2	710	0x235FA60	handler_value	-	-	-	0x1033EA0	0x0
encoding_tree_2	711	0x235FA70	key_handler	0x502	5	2	0x1033A60	-
encoding_tree_2	712	0x235FA80	null_or_data	0x0	-	-	0x503	-
encoding_tree_2	713	0x235FA90	handler_value	-	-	-	0x1034300	0x0
encoding_tree_2	714	0x235FAA0	key_handler	0x504	5	4	0x10754D0	-
encoding_tree_2	716	0x235FAC0	key_handler	0x200	2	0	0x15CF400	-
encoding_tree_2	718	0x235FAE0	key_handler	0x600	6	0	0x15B2810	-
encoding_tree_2	719	0x235FAF0	null_or_data	0x0	-	-	0x501	-
encoding_tree_2	720	0x235FB00	handler_value	-	-	-	0x15B23C0	0x0
encoding_tree_2	721	0x235FB10	key_handler	0x502	5	2	0x15B2C80	-
encoding_tree_2	724	0x235FB40	key_handler	0x600	6	0	0x1032CF0	-
encoding_tree_2	725	0x235FB50	null_or_data	0x0	-	-	0x501	-
encoding_tree_2	726	0x235FB60	handler_value	-	-	-	0x1032860	0x0
encoding_tree_2	727	0x235FB70	key_handler	0x502	5	2	0x10331A0	-
encoding_tree_2	728	0x235FB80	null_or_data	0x0	-	-	0x503	-
encoding_tree_2	729	0x235FB90	handler_value	-	-	-	0x1033630	0x0
encoding_tree_2	730	0x235FBA0	key_handler	0x502	5	2	0x15AFC20	-
encoding_tree_2	731	0x235FBB0	null_or_data	0x0	-	-	0x503	-
encoding_tree_2	732	0x235FBC0	handler_value	-	-	-	0x15B00A0	0x0
encoding_tree_2	733	0x235FBD0	key_handler	0xB04	11	4	0x15B0520	-
encoding_tree_2	734	0x235FBE0	null_or_data	0x0	-	-	0x505	-
encoding_tree_2	735	0x235FBF0	handler_value	-	-	-	0x15B0990	0x0
encoding_tree_2	736	0x235FC00	key_handler	0x506	5	6	0x15B0E60	-
encoding_tree_2	737	0x235FC10	null_or_data	0x0	-	-	0x70A	-
encoding_tree_2	738	0x235FC20	handler_value	-	-	-	0x15AF7A0	0x0
encoding_tree_2	739	0x235FC30	key_handler	0x500	5	0	0x1030350	-
encoding_tree_2	742	0x235FC60	key_handler	0x1000	16	0	0x102F240	-
encoding_tree_2	743	0x235FC70	null_or_data	0x0	-	-	0x201	-
encoding_tree_2	744	0x235FC80	handler_value	-	-	-	0x102EE00	0x0
encoding_tree_2	745	0x235FC90	key_handler	0x202	2	2	0x102F690	-
encoding_tree_2	746	0x235FCA0	null_or_data	0x0	-	-	0x1003	-
encoding_tree_2	747	0x235FCB0	handler_value	-	-	-	0x102FF00	0x0
encoding_tree_2	748	0x235FCC0	key_handler	0x204	2	4	0x102FAC0	-
encoding_tree_2	749	0x235FCD0	null_or_data	0x0	-	-	0x205	-
encoding_tree_2	750	0x235FCE0	handler_value	-	-	-	0x1067F30	0x0
encoding_tree_2	751	0x235FCF0	key_handler	0x506	5	6	0x15AE270	-
encoding_tree_2	752	0x235FD00	null_or_data	0x0	-	-	0x507	-
encoding_tree_2	753	0x235FD10	handler_value	-	-	-	0x15AE6A0	0x0
encoding_tree_2	754	0x235FD20	key_handler	0x708	7	8	0x15AEAC0	-
encoding_tree_2	756	0x235FD40	key_handler	0x500	5	0	0x102BFD0	-
encoding_tree_2	757	0x235FD50	null_or_data	0x0	-	-	0x501	-
encoding_tree_2	758	0x235FD60	handler_value	-	-	-	0x102C3F0	0x0
encoding_tree_2	760	0x235FD80	key_handler	0x1200	18	0	0x15CEF80	-
encoding_tree_2	761	0x235FD90	null_or_data	0x0	-	-	0x2001	-
encoding_tree_2	762	0x235FDA0	handler_value	-	-	-	0x15CEB20	0x0
encoding_tree_2	763	0x235FDB0	key_handler	0x200	2	0	0x15CE750	-
encoding_tree_2	765	0x235FDD0	key_handler	0x200	2	0	0x15CE360	-
encoding_tree_2	767	0x235FDF0	key_handler	0x300	3	0	0x158E1B0	-
encoding_tree_2	769	0x235FE10	key_handler	0x200	2	0	0x102BBE0	-
encoding_tree_2	771	0x235FE30	null_or_data	0x0	-	-	0x102B780	-
encoding_tree_2	774	0x235FE60	key_handler	0x300	3	0	0x17F6C50	-
encoding_tree_2	775	0x235FE70	null_or_data	0x0	-	-	0x301	-
encoding_tree_2	776	0x235FE80	handler_value	-	-	-	0x17F67B0	0x0
encoding_tree_2	778	0x235FEA0	key_handler	0x300	3	0	0x102A4F0	-
encoding_tree_2	779	0x235FEB0	null_or_data	0x0	-	-	0x301	-
encoding_tree_2	780	0x235FEC0	handler_value	-	-	-	0x102A090	0x0
encoding_tree_2	781	0x235FED0	key_handler	0x302	3	2	0x102A970	-
encoding_tree_2	784	0x235FF00	key_handler	0x300	3	0	0x10292B0	-
encoding_tree_2	785	0x235FF10	null_or_data	0x0	-	-	0x301	-
encoding_tree_2	786	0x235FF20	handler_value	-	-	-	0x106CC10	0x0
encoding_tree_2	787	0x235FF30	key_handler	0x302	3	2	0x1029BD0	-
encoding_tree_2	788	0x235FF40	null_or_data	0x0	-	-	0x303	-
encoding_tree_2	789	0x235FF50	handler_value	-	-	-	0x1029730	0x0
encoding_tree_2	790	0x235FF60	key_handler	0x1A00	26	0	0x15AB5D0	-
encoding_tree_2	791	0x235FF70	null_or_data	0x0	-	-	0x1A01	-
encoding_tree_2	792	0x235FF80	handler_value	-	-	-	0x15ABC10	0x0
encoding_tree_2	793	0x235FF90	key_handler	0x1A02	26	2	0x15AC250	-
encoding_tree_2	794	0x235FFA0	null_or_data	0x0	-	-	0x1A03	-
encoding_tree_2	795	0x235FFB0	handler_value	-	-	-	0x15AC890	0x0
encoding_tree_2	796	0x235FFC0	key_handler	0x1B04	27	4	0x15ACEF0	-
encoding_tree_2	797	0x235FFD0	null_or_data	0x0	-	-	0x1A05	-
encoding_tree_2	798	0x235FFE0	handler_value	-	-	-	0x15AA9B0	0x0
encoding_tree_2	799	0x235FFF0	key_handler	0x1A06	26	6	0x15AAFC0	-
encoding_tree_2	802	0x2360020	key_handler	0x1900	25	0	0x17F6150	-
encoding_tree_2	803	0x2360030	null_or_data	0x0	-	-	0x1901	-
encoding_tree_2	804	0x2360040	handler_value	-	-	-	0x17F54D0	0x0
encoding_tree_2	805	0x2360050	key_handler	0x1902	25	2	0x17F5B10	-
encoding_tree_2	806	0x2360060	null_or_data	0x0	-	-	0x1903	-
encoding_tree_2	807	0x2360070	handler_value	-	-	-	0x17F4EC0	0x0
encoding_tree_2	808	0x2360080	key_handler	0x1904	25	4	0x1027B60	-
encoding_tree_2	809	0x2360090	null_or_data	0x0	-	-	0x1905	-
encoding_tree_2	810	0x23600A0	handler_value	-	-	-	0x1096800	0x0
encoding_tree_2	811	0x23600B0	key_handler	0x1906	25	6	0x1028CB0	-
encoding_tree_2	812	0x23600C0	null_or_data	0x0	-	-	0x1907	-
encoding_tree_2	813	0x23600D0	handler_value	-	-	-	0x10280F0	0x0
encoding_tree_2	814	0x23600E0	key_handler	0x1908	25	8	0x10286D0	-
encoding_tree_2	815	0x23600F0	null_or_data	0x0	-	-	0x1909	-
encoding_tree_2	816	0x2360100	handler_value	-	-	-	0x15A8390	0x0
encoding_tree_2	817	0x2360110	key_handler	0x190A	25	10	0x15A7710	-
encoding_tree_2	818	0x2360120	null_or_data	0x0	-	-	0x190B	-
encoding_tree_2	819	0x2360130	handler_value	-	-	-	0x15A7D50	0x0
encoding_tree_2	820	0x2360140	key_handler	0x190C	25	12	0x15A7100	-
encoding_tree_2	822	0x2360160	key_handler	0x300	3	0	0x1070F50	-
encoding_tree_2	823	0x2360170	null_or_data	0x0	-	-	0x301	-
encoding_tree_2	824	0x2360180	handler_value	-	-	-	0x1027220	0x0
encoding_tree_2	825	0x2360190	key_handler	0x302	3	2	0x10276C0	-
encoding_tree_2	826	0x23601A0	null_or_data	0x0	-	-	0x303	-
encoding_tree_2	827	0x23601B0	handler_value	-	-	-	0x1070AB0	0x0
encoding_tree_2	828	0x23601C0	key_handler	0x1900	25	0	0x15A3DB0	-
encoding_tree_2	829	0x23601D0	null_or_data	0x0	-	-	0x1901	-
encoding_tree_2	830	0x23601E0	handler_value	-	-	-	0x15E79B0	0x0
encoding_tree_2	831	0x23601F0	key_handler	0x1902	25	2	0x15A4EA0	-
encoding_tree_2	832	0x2360200	null_or_data	0x0	-	-	0x1903	-
encoding_tree_2	833	0x2360210	handler_value	-	-	-	0x15A4320	0x0
encoding_tree_2	834	0x2360220	key_handler	0x1904	25	4	0x15A48E0	-
encoding_tree_2	836	0x2360240	key_handler	0x500	5	0	0x1026E10	-
encoding_tree_2	838	0x2360260	null_or_data	0x0	-	-	0x1026950	-
encoding_tree_2	840	0x2360280	null_or_data	0x0	-	-	0x1026490	-
encoding_tree_2	842	0x23602A0	null_or_data	0x0	-	-	0x1024870	-
encoding_tree_2	843	0x23602B0	null_or_data	0x0	-	-	0x1601	-
encoding_tree_2	844	0x23602C0	handler_value	-	-	-	0x1025630	0x0
encoding_tree_2	845	0x23602D0	key_handler	0x1202	18	2	0x1025190	-
encoding_tree_2	846	0x23602E0	null_or_data	0x0	-	-	0x1203	-
encoding_tree_2	847	0x23602F0	handler_value	-	-	-	0x1024CF0	0x0
encoding_tree_2	848	0x2360300	key_handler	0x1604	22	4	0x1025FB0	-
encoding_tree_2	849	0x2360310	null_or_data	0x0	-	-	0x1205	-
encoding_tree_2	850	0x2360320	handler_value	-	-	-	0x1025AF0	0x0
encoding_tree_2	852	0x2360340	key_handler	0x300	3	0	0x15A1F60	-
encoding_tree_2	853	0x2360350	null_or_data	0x0	-	-	0xA01	-
encoding_tree_2	854	0x2360360	handler_value	-	-	-	0x15A1A40	0x0
encoding_tree_2	855	0x2360370	key_handler	0xA02	10	2	0x15A2490	-
encoding_tree_2	856	0x2360380	null_or_data	0x0	-	-	0x303	-
encoding_tree_2	857	0x2360390	handler_value	-	-	-	0x15E2C00	0x0
encoding_tree_2	858	0x23603A0	key_handler	0xA04	10	4	0x15E17A0	-
encoding_tree_2	859	0x23603B0	null_or_data	0x0	-	-	0xA05	-
encoding_tree_2	860	0x23603C0	handler_value	-	-	-	0x15E1CC0	0x0
encoding_tree_2	862	0x23603E0	key_handler	0x1300	19	0	0x15A0EF0	-
encoding_tree_2	863	0x23603F0	null_or_data	0x0	-	-	0x1301	-
encoding_tree_2	864	0x2360400	handler_value	-	-	-	0x15A1450	0x0
encoding_tree_2	866	0x2360420	key_handler	0x300	3	0	0x15A5DE0	-
encoding_tree_2	867	0x2360430	null_or_data	0x0	-	-	0x301	-
encoding_tree_2	868	0x2360440	handler_value	-	-	-	0x15A5940	0x0
encoding_tree_2	869	0x2360450	key_handler	0x302	3	2	0x15A5480	-
encoding_tree_2	870	0x2360460	null_or_data	0x0	-	-	0x303	-
encoding_tree_2	871	0x2360470	handler_value	-	-	-	0x15A6C30	0x0
encoding_tree_2	872	0x2360480	key_handler	0x304	3	4	0x15A6770	-
encoding_tree_2	873	0x2360490	null_or_data	0x0	-	-	0x305	-
encoding_tree_2	874	0x23604A0	handler_value	-	-	-	0x15A6280	0x0
encoding_tree_2	875	0x23604B0	key_handler	0xB00	11	0	0x17F3C90	-
encoding_tree_2	877	0x23604D0	key_handler	0xB00	11	0	0x10217D0	-
encoding_tree_2	880	0x2360500	key_handler	0x1300	19	0	0x15AD570	-
encoding_tree_2	881	0x2360510	null_or_data	0x0	-	-	0x1302	-
encoding_tree_2	882	0x2360520	handler_value	-	-	-	0x15ADC00	0x0
encoding_tree_2	884	0x2360540	key_handler	0x1900	25	0	0x1030D20	-
encoding_tree_2	885	0x2360550	null_or_data	0x0	-	-	0x501	-
encoding_tree_2	886	0x2360560	handler_value	-	-	-	0x10307A0	0x0
encoding_tree_2	887	0x2360570	key_handler	0x502	5	2	0x1031260	-
encoding_tree_2	888	0x2360580	null_or_data	0x0	-	-	0xD06	-
encoding_tree_2	889	0x2360590	handler_value	-	-	-	0x1031D70	0x0
encoding_tree_2	890	0x23605A0	key_handler	0x507	5	7	0x10317E0	-
encoding_tree_2	891	0x23605B0	null_or_data	0x0	-	-	0x508	-
encoding_tree_2	892	0x23605C0	handler_value	-	-	-	0x10322D0	0x0
encoding_tree_2	893	0x23605D0	key_handler	0x1909	25	9	0x15B18A0	-
encoding_tree_2	894	0x23605E0	null_or_data	0x0	-	-	0x50A	-
encoding_tree_2	895	0x23605F0	handler_value	-	-	-	0x15B1330	0x0
encoding_tree_2	896	0x2360600	key_handler	0x1900	25	0	0x100FA80	-
encoding_tree_2	897	0x2360610	null_or_data	0x0	-	-	0x1901	-
encoding_tree_2	898	0x2360620	handler_value	-	-	-	0x1010BC0	0x0
encoding_tree_2	899	0x2360630	key_handler	0x1302	19	2	0x10105E0	-
encoding_tree_2	900	0x2360640	null_or_data	0x0	-	-	0x1303	-
encoding_tree_2	901	0x2360650	handler_value	-	-	-	0x1011150	0x0
encoding_tree_2	902	0x2360660	key_handler	0x1304	19	4	0x1010010	-
encoding_tree_2	903	0x2360670	null_or_data	0x0	-	-	0xD0A	-
encoding_tree_2	904	0x2360680	handler_value	-	-	-	0x1015640	0x0
encoding_tree_2	905	0x2360690	key_handler	0xD0B	13	11	0x10167E0	-
encoding_tree_2	906	0x23606A0	null_or_data	0x0	-	-	0x130C	-
encoding_tree_2	907	0x23606B0	handler_value	-	-	-	0x1016200	0x0
encoding_tree_2	908	0x23606C0	key_handler	0x130D	19	13	0x1016DC0	-
encoding_tree_2	909	0x23606D0	null_or_data	0x0	-	-	0x130E	-
encoding_tree_2	910	0x23606E0	handler_value	-	-	-	0x1015C20	0x0
encoding_tree_2	911	0x23606F0	key_handler	0xD0F	13	15	0x10173A0	-
encoding_tree_2	912	0x2360700	null_or_data	0x0	-	-	0xD10	-
encoding_tree_2	913	0x2360710	handler_value	-	-	-	0x1018620	0x0
encoding_tree_2	914	0x2360720	key_handler	0x1311	19	17	0x1017FF0	-
encoding_tree_2	915	0x2360730	null_or_data	0x0	-	-	0x1312	-
encoding_tree_2	916	0x2360740	handler_value	-	-	-	0x1018C40	0x0
encoding_tree_2	917	0x2360750	key_handler	0x1313	19	19	0x10179D0	-
encoding_tree_2	918	0x2360760	null_or_data	0x0	-	-	0x2314	-
encoding_tree_2	919	0x2360770	handler_value	-	-	-	0x1011D30	0x0
encoding_tree_2	920	0x2360780	key_handler	0x2315	35	21	0x1014970	-
encoding_tree_2	921	0x2360790	null_or_data	0x0	-	-	0x1316	-
encoding_tree_2	922	0x23607A0	handler_value	-	-	-	0x10142E0	0x0
encoding_tree_2	923	0x23607B0	key_handler	0x1317	19	23	0x1014FC0	-
encoding_tree_2	924	0x23607C0	null_or_data	0x0	-	-	0x1318	-
encoding_tree_2	925	0x23607D0	handler_value	-	-	-	0x1013C60	0x0
encoding_tree_2	926	0x23607E0	key_handler	0x2319	35	25	0x1011720	-
encoding_tree_2	927	0x23607F0	null_or_data	0x0	-	-	0x231A	-
encoding_tree_2	928	0x2360800	handler_value	-	-	-	0x1013010	0x0
encoding_tree_2	929	0x2360810	key_handler	0x131B	19	27	0x10129D0	-
encoding_tree_2	930	0x2360820	null_or_data	0x0	-	-	0x131C	-
encoding_tree_2	931	0x2360830	handler_value	-	-	-	0x1013620	0x0
encoding_tree_2	932	0x2360840	key_handler	0x131D	19	29	0x1012390	-
encoding_tree_2	933	0x2360850	null_or_data	0x0	-	-	0x191E	-
encoding_tree_2	934	0x2360860	handler_value	-	-	-	0x1592C80	0x0
encoding_tree_2	935	0x2360870	key_handler	0x191F	25	31	0x15937C0	-
encoding_tree_2	936	0x2360880	null_or_data	0x0	-	-	0x1320	-
encoding_tree_2	937	0x2360890	handler_value	-	-	-	0x1593200	0x0
encoding_tree_2	938	0x23608A0	key_handler	0xA00	10	0	0x15B1DE0	-
encoding_tree_2	940	0x23608C0	key_handler	0xA00	10	0	0x1599F30	-
encoding_tree_2	941	0x23608D0	null_or_data	0x0	-	-	0xA01	-
encoding_tree_2	942	0x23608E0	handler_value	-	-	-	0x159A510	0x0
encoding_tree_2	943	0x23608F0	key_handler	0xA02	10	2	0x1599490	-
encoding_tree_2	944	0x2360900	null_or_data	0x0	-	-	0xA03	-
encoding_tree_2	945	0x2360910	handler_value	-	-	-	0x15999E0	0x0
encoding_tree_2	946	0x2360920	key_handler	0x500	5	0	0x15D54E0	-
encoding_tree_2	948	0x2360940	key_handler	0x200	2	0	0x101D9F0	-
encoding_tree_2	950	0x2360960	key_handler	0x500	5	0	0x1596F60	-
encoding_tree_2	952	0x2360980	key_handler	0x500	5	0	0x15CDF70	-
encoding_tree_2	954	0x23609A0	key_handler	0x1300	19	0	0x1594E60	-
encoding_tree_2	955	0x23609B0	null_or_data	0x0	-	-	0x1301	-
encoding_tree_2	956	0x23609C0	handler_value	-	-	-	0x1595EB0	0x0
encoding_tree_2	957	0x23609D0	key_handler	0x1302	19	2	0x15969C0	-
encoding_tree_2	958	0x23609E0	null_or_data	0x0	-	-	0x1303	-
encoding_tree_2	959	0x23609F0	handler_value	-	-	-	0x1595930	0x0
encoding_tree_2	960	0x2360A00	key_handler	0x130A	19	10	0x15953C0	-
encoding_tree_2	961	0x2360A10	null_or_data	0x0	-	-	0x130B	-
encoding_tree_2	962	0x2360A20	handler_value	-	-	-	0x1596430	0x0
encoding_tree_2	963	0x2360A30	key_handler	0x200	2	0	0x17E9720	-
encoding_tree_2	966	0x2360A60	key_handler	0x100	1	0	0x105D120	-
encoding_tree_2	967	0x2360A70	null_or_data	0x0	-	-	0x1501	-
encoding_tree_2	968	0x2360A80	handler_value	-	-	-	0x105D5A0	0x0
encoding_tree_2	970	0x2360AA0	key_handler	0x300	3	0	0x1594310	-
encoding_tree_2	971	0x2360AB0	null_or_data	0x0	-	-	0xA01	-
encoding_tree_2	972	0x2360AC0	handler_value	-	-	-	0x1593D40	0x0
encoding_tree_2	973	0x2360AD0	key_handler	0xA02	10	2	0x15948A0	-
encoding_tree_2	976	0x2360B00	key_handler	0x300	3	0	0x15DAB10	-
encoding_tree_2	977	0x2360B10	null_or_data	0x0	-	-	0x201	-
encoding_tree_2	978	0x2360B20	handler_value	-	-	-	0x15DA650	0x0
encoding_tree_2	979	0x2360B30	key_handler	0x202	2	2	0x15DAFE0	-
encoding_tree_2	982	0x2360B60	key_handler	0x500	5	0	0x17EEA10	-
encoding_tree_2	983	0x2360B70	null_or_data	0x0	-	-	0x501	-
encoding_tree_2	984	0x2360B80	handler_value	-	-	-	0x1808600	0x0
encoding_tree_2	986	0x2360BA0	key_handler	0x300	3	0	0x15A3340	-
encoding_tree_2	987	0x2360BB0	null_or_data	0x0	-	-	0x301	-
encoding_tree_2	988	0x2360BC0	handler_value	-	-	-	0x15A29A0	0x0
encoding_tree_2	989	0x2360BD0	key_handler	0x302	3	2	0x15A38C0	-
encoding_tree_2	990	0x2360BE0	null_or_data	0x0	-	-	0x303	-
encoding_tree_2	991	0x2360BF0	handler_value	-	-	-	0x15A2EB0	0x0
encoding_tree_2	992	0x2360C00	key_handler	0x304	3	4	0x15E6930	-
encoding_tree_2	993	0x2360C10	null_or_data	0x0	-	-	0x305	-
encoding_tree_2	994	0x2360C20	handler_value	-	-	-	0x15E0D80	0x0
encoding_tree_2	995	0x2360C30	key_handler	0x306	3	6	0x15E03B0	-
encoding_tree_2	996	0x2360C40	null_or_data	0x0	-	-	0x307	-
encoding_tree_2	997	0x2360C50	handler_value	-	-	-	0x15DBE50	0x0
encoding_tree_2	998	0x2360C60	key_handler	0x500	5	0	0x100F1E0	-
encoding_tree_2	1000	0x2360C80	key_handler	0x200	2	0	0x100EE10	-
encoding_tree_2	1002	0x2360CA0	key_handler	0x500	5	0	0x100EA00	-
encoding_tree_2	1004	0x2360CC0	key_handler	0x500	5	0	0x100E120	-
encoding_tree_2	1005	0x2360CD0	null_or_data	0x0	-	-	0x501	-
encoding_tree_2	1006	0x2360CE0	handler_value	-	-	-	0x100E590	0x0
encoding_tree_2	1008	0x2360D00	key_handler	0x200	2	0	0x15E9BC0	-
encoding_tree_2	1009	0x2360D10	null_or_data	0x0	-	-	0x201	-
encoding_tree_2	1010	0x2360D20	handler_value	-	-	-	0x15EA0A0	0x0
encoding_tree_2	1011	0x2360D30	key_handler	0x302	3	2	0x15EBEB0	-
encoding_tree_2	1012	0x2360D40	null_or_data	0x0	-	-	0x203	-
encoding_tree_2	1013	0x2360D50	handler_value	-	-	-	0x15EA580	0x0
encoding_tree_2	1014	0x2360D60	key_handler	0x204	2	4	0x15EAA60	-
encoding_tree_2	1015	0x2360D70	null_or_data	0x0	-	-	0x305	-
encoding_tree_2	1016	0x2360D80	handler_value	-	-	-	0x15EC3B0	0x0
encoding_tree_2	1017	0x2360D90	key_handler	0x206	2	6	0x159CFF0	-
encoding_tree_2	1018	0x2360DA0	null_or_data	0x0	-	-	0x207	-
encoding_tree_2	1019	0x2360DB0	handler_value	-	-	-	0x159D9D0	0x0
encoding_tree_2	1020	0x2360DC0	key_handler	0x308	3	8	0x159D4D0	-
encoding_tree_2	1022	0x2360DE0	key_handler	0x200	2	0	0xFF3540	-
encoding_tree_2	1024	0x2360E00	key_handler	0xA00	10	0	0x158FBC0	-
encoding_tree_2	1026	0x2360E20	key_handler	0x300	3	0	0x100C990	-
encoding_tree_2	1028	0x2360E40	key_handler	0x500	5	0	0x100C570	-
encoding_tree_2	1030	0x2360E60	key_handler	0x200	2	0	0x158EA80	-
encoding_tree_2	1031	0x2360E70	null_or_data	0x0	-	-	0x201	-
encoding_tree_2	1032	0x2360E80	handler_value	-	-	-	0x158F340	0x0
encoding_tree_2	1033	0x2360E90	key_handler	0x202	2	2	0x158EEE0	-
encoding_tree_2	1036	0x2360EC0	key_handler	0x500	5	0	0x100B060	-
encoding_tree_2	1037	0x2360ED0	null_or_data	0x0	-	-	0x501	-
encoding_tree_2	1038	0x2360EE0	handler_value	-	-	-	0x100A400	0x0
encoding_tree_2	1039	0x2360EF0	key_handler	0x502	5	2	0x100AC50	-
encoding_tree_2	1042	0x2360F20	key_handler	0x500	5	0	0x100A010	-
encoding_tree_2	1043	0x2360F30	null_or_data	0x0	-	-	0x501	-
encoding_tree_2	1044	0x2360F40	handler_value	-	-	-	0x1068BA0	0x0
encoding_tree_2	1045	0x2360F50	key_handler	0x502	5	2	0x1009BF0	-
encoding_tree_2	1046	0x2360F60	null_or_data	0x0	-	-	0x603	-
encoding_tree_2	1047	0x2360F70	handler_value	-	-	-	0x10097A0	0x0
encoding_tree_2	1048	0x2360F80	key_handler	0x604	6	4	0x106A090	-
encoding_tree_2	1050	0x2360FA0	key_handler	0x500	5	0	0x1008A80	-
encoding_tree_2	1051	0x2360FB0	null_or_data	0x0	-	-	0x601	-
encoding_tree_2	1052	0x2360FC0	handler_value	-	-	-	0x1008EA0	0x0
encoding_tree_2	1053	0x2360FD0	key_handler	0x602	6	2	0x17EAD80	-
encoding_tree_2	1054	0x2360FE0	null_or_data	0x0	-	-	0x303	-
encoding_tree_2	1055	0x2360FF0	handler_value	-	-	-	0x17EB680	0x0
encoding_tree_2	1056	0x2361000	key_handler	0x304	3	4	0x17EA420	-
encoding_tree_2	1057	0x2361010	null_or_data	0x0	-	-	0x505	-
encoding_tree_2	1058	0x2361020	handler_value	-	-	-	0x1009330	0x0
encoding_tree_2	1059	0x2361030	key_handler	0x506	5	6	0x17EB210	-
encoding_tree_2	1060	0x2361040	null_or_data	0x0	-	-	0x507	-
encoding_tree_2	1061	0x2361050	handler_value	-	-	-	0x17EBB50	0x0
encoding_tree_2	1062	0x2361060	key_handler	0x508	5	8	0x17EA8E0	-
encoding_tree_2	1063	0x2361070	null_or_data	0x0	-	-	0x609	-
encoding_tree_2	1064	0x2361080	handler_value	-	-	-	0x106F3B0	0x0
encoding_tree_2	1065	0x2361090	key_handler	0x60A	6	10	0x18057E0	-
encoding_tree_2	1066	0x23610A0	null_or_data	0x0	-	-	0x30B	-
encoding_tree_2	1067	0x23610B0	handler_value	-	-	-	0x1809330	0x0
encoding_tree_2	1068	0x23610C0	key_handler	0x30C	3	12	0x18077F0	-
encoding_tree_2	1069	0x23610D0	null_or_data	0x0	-	-	0x50D	-
encoding_tree_2	1070	0x23610E0	handler_value	-	-	-	0x106D990	0x0
encoding_tree_2	1071	0x23610F0	key_handler	0x50E	5	14	0x1805370	-
encoding_tree_2	1072	0x2361100	null_or_data	0x0	-	-	0x50F	-
encoding_tree_2	1073	0x2361110	handler_value	-	-	-	0x1808E80	0x0
encoding_tree_2	1074	0x2361120	key_handler	0x510	5	16	0x1807350	-
encoding_tree_2	1075	0x2361130	null_or_data	0x0	-	-	0x511	-
encoding_tree_2	1076	0x2361140	handler_value	-	-	-	0x1804320	0x0
encoding_tree_2	1077	0x2361150	key_handler	0x512	5	18	0x17EC9A0	-
encoding_tree_2	1078	0x2361160	null_or_data	0x0	-	-	0x313	-
encoding_tree_2	1079	0x2361170	handler_value	-	-	-	0x17EC000	0x0
encoding_tree_2	1080	0x2361180	key_handler	0x514	5	20	0x17EE140	-
encoding_tree_2	1081	0x2361190	null_or_data	0x0	-	-	0x315	-
encoding_tree_2	1082	0x23611A0	handler_value	-	-	-	0x17ED2D0	0x0
encoding_tree_2	1083	0x23611B0	key_handler	0x516	5	22	0x17EA000	-
encoding_tree_2	1084	0x23611C0	null_or_data	0x0	-	-	0x319	-
encoding_tree_2	1085	0x23611D0	handler_value	-	-	-	0x17EC4D0	0x0
encoding_tree_2	1086	0x23611E0	key_handler	0x31A	3	26	0x17ECE00	-
encoding_tree_2	1087	0x23611F0	null_or_data	0x0	-	-	0x31B	-
encoding_tree_2	1088	0x2361200	handler_value	-	-	-	0x17EDC70	0x0
encoding_tree_2	1089	0x2361210	key_handler	0x31C	3	28	0x17ED7A0	-
encoding_tree_2	1092	0x2361240	key_handler	0x700	7	0	0x1006480	-
encoding_tree_2	1093	0x2361250	null_or_data	0x0	-	-	0x701	-
encoding_tree_2	1094	0x2361260	handler_value	-	-	-	0x1006950	0x0
encoding_tree_2	1095	0x2361270	key_handler	0x702	7	2	0x1006E30	-
encoding_tree_2	1096	0x2361280	null_or_data	0x0	-	-	0x703	-
encoding_tree_2	1097	0x2361290	handler_value	-	-	-	0x1007310	0x0
encoding_tree_2	1098	0x23612A0	key_handler	0x704	7	4	0x10077E0	-
encoding_tree_2	1099	0x23612B0	null_or_data	0x0	-	-	0x705	-
encoding_tree_2	1100	0x23612C0	handler_value	-	-	-	0x1007CC0	0x0
encoding_tree_2	1101	0x23612D0	key_handler	0x506	5	6	0x10081A0	-
encoding_tree_2	1102	0x23612E0	null_or_data	0x0	-	-	0x507	-
encoding_tree_2	1103	0x23612F0	handler_value	-	-	-	0x1008610	0x0
encoding_tree_2	1104	0x2361300	key_handler	0x200	2	0	0x15D66E0	-
encoding_tree_2	1106	0x2361320	key_handler	0x500	5	0	0x15B7170	-
encoding_tree_2	1107	0x2361330	null_or_data	0x0	-	-	0x501	-
encoding_tree_2	1108	0x2361340	handler_value	-	-	-	0x15B75D0	0x0
encoding_tree_2	1110	0x2361360	key_handler	0xA00	10	0	0x15C1EA0	-
encoding_tree_2	1111	0x2361370	null_or_data	0x0	-	-	0xA01	-
encoding_tree_2	1112	0x2361380	handler_value	-	-	-	0x15C2380	0x0
encoding_tree_2	1113	0x2361390	key_handler	0xA04	10	4	0x15C2890	-
encoding_tree_2	1116	0x23613C0	key_handler	0x200	2	0	0x15B3DA0	-
encoding_tree_2	1117	0x23613D0	null_or_data	0x0	-	-	0x201	-
encoding_tree_2	1118	0x23613E0	handler_value	-	-	-	0x15B4210	0x0
encoding_tree_2	1120	0x2361400	key_handler	0x700	7	0	0x1005080	-
encoding_tree_2	1121	0x2361410	null_or_data	0x0	-	-	0x701	-
encoding_tree_2	1122	0x2361420	handler_value	-	-	-	0x17E9AF0	0x0
encoding_tree_2	1123	0x2361430	key_handler	0x702	7	2	0x1005550	-
encoding_tree_2	1124	0x2361440	null_or_data	0x0	-	-	0x703	-
encoding_tree_2	1125	0x2361450	handler_value	-	-	-	0x1005F50	0x0
encoding_tree_2	1126	0x2361460	key_handler	0x500	5	0	0x1004C60	-
encoding_tree_2	1127	0x2361470	null_or_data	0x0	-	-	0x501	-
encoding_tree_2	1128	0x2361480	handler_value	-	-	-	0x1067B10	0x0
encoding_tree_2	1130	0x23614A0	key_handler	0x500	5	0	0x1002180	-
encoding_tree_2	1131	0x23614B0	null_or_data	0x0	-	-	0x501	-
encoding_tree_2	1132	0x23614C0	handler_value	-	-	-	0x10029F0	0x0
encoding_tree_2	1133	0x23614D0	key_handler	0x502	5	2	0x10025D0	-
encoding_tree_2	1134	0x23614E0	null_or_data	0x0	-	-	0x703	-
encoding_tree_2	1135	0x23614F0	handler_value	-	-	-	0x1003FA0	0x0
encoding_tree_2	1136	0x2361500	key_handler	0x504	5	4	0x1004420	-
encoding_tree_2	1137	0x2361510	null_or_data	0x0	-	-	0x505	-
encoding_tree_2	1138	0x2361520	handler_value	-	-	-	0x1004840	0x0
encoding_tree_2	1139	0x2361530	key_handler	0x606	6	6	0x1003290	-
encoding_tree_2	1140	0x2361540	null_or_data	0x0	-	-	0x507	-
encoding_tree_2	1141	0x2361550	handler_value	-	-	-	0x1002E40	0x0
encoding_tree_2	1142	0x2361560	key_handler	0x508	5	8	0x1003700	-
encoding_tree_2	1143	0x2361570	null_or_data	0x0	-	-	0x509	-
encoding_tree_2	1144	0x2361580	handler_value	-	-	-	0x1003B50	0x0
encoding_tree_2	1146	0x23615A0	key_handler	0xB00	11	0	0x106A4E0	-
encoding_tree_2	1147	0x23615B0	null_or_data	0x0	-	-	0x501	-
encoding_tree_2	1148	0x23615C0	handler_value	-	-	-	0x1069800	0x0
encoding_tree_2	1149	0x23615D0	key_handler	0xB02	11	2	0x1069C40	-
encoding_tree_2	1150	0x23615E0	null_or_data	0x0	-	-	0x503	-
encoding_tree_2	1151	0x23615F0	handler_value	-	-	-	0x1068780	0x0
encoding_tree_2	1152	0x2361600	key_handler	0x4	0	4	0x10003C0	-
encoding_tree_2	1153	0x2361610	null_or_data	0x0	-	-	0x505	-
encoding_tree_2	1154	0x2361620	handler_value	-	-	-	0xFFFA60	0x0
encoding_tree_2	1155	0x2361630	key_handler	0x6	0	6	0xFFF100	-
encoding_tree_2	1156	0x2361640	null_or_data	0x0	-	-	0x507	-
encoding_tree_2	1157	0x2361650	handler_value	-	-	-	0xFFE7C0	0x0
encoding_tree_2	1158	0x2361660	key_handler	0x8	0	8	0x1000860	-
encoding_tree_2	1159	0x2361670	null_or_data	0x0	-	-	0x509	-
encoding_tree_2	1160	0x2361680	handler_value	-	-	-	0xFFFF00	0x0
encoding_tree_2	1161	0x2361690	key_handler	0xA	0	10	0xFFF5A0	-
encoding_tree_2	1162	0x23616A0	null_or_data	0x0	-	-	0x50B	-
encoding_tree_2	1163	0x23616B0	handler_value	-	-	-	0xFFEC50	0x0
encoding_tree_2	1164	0x23616C0	key_handler	0xC	0	12	0xFFC9A0	-
encoding_tree_2	1165	0x23616D0	null_or_data	0x0	-	-	0x50D	-
encoding_tree_2	1166	0x23616E0	handler_value	-	-	-	0xFFC0E0	0x0
encoding_tree_2	1167	0x23616F0	key_handler	0xE	0	14	0xFFB820	-
encoding_tree_2	1168	0x2361700	null_or_data	0x0	-	-	0x50F	-
encoding_tree_2	1169	0x2361710	handler_value	-	-	-	0xFFAF60	0x0
encoding_tree_2	1170	0x2361720	key_handler	0x510	5	16	0xFFE3A0	-
encoding_tree_2	1171	0x2361730	null_or_data	0x0	-	-	0x511	-
encoding_tree_2	1172	0x2361740	handler_value	-	-	-	0xFFCE20	0x0
encoding_tree_2	1173	0x2361750	key_handler	0xB12	11	18	0xFFC560	-
encoding_tree_2	1174	0x2361760	null_or_data	0x0	-	-	0x513	-
encoding_tree_2	1175	0x2361770	handler_value	-	-	-	0xFFBCA0	0x0
encoding_tree_2	1176	0x2361780	key_handler	0xB14	11	20	0xFFB3D0	-
encoding_tree_2	1177	0x2361790	null_or_data	0x0	-	-	0x515	-
encoding_tree_2	1178	0x23617A0	handler_value	-	-	-	0xFFAB40	0x0
encoding_tree_2	1179	0x23617B0	key_handler	0xB16	11	22	0xFFDF30	-
encoding_tree_2	1180	0x23617C0	null_or_data	0x0	-	-	0x517	-
encoding_tree_2	1181	0x23617D0	handler_value	-	-	-	0xFFDAD0	0x0
encoding_tree_2	1182	0x23617E0	key_handler	0xB18	11	24	0xFFD660	-
encoding_tree_2	1183	0x23617F0	null_or_data	0x0	-	-	0x519	-
encoding_tree_2	1184	0x2361800	handler_value	-	-	-	0xFFD210	0x0
encoding_tree_2	1186	0x2361820	key_handler	0x500	5	0	0xFF9ED0	-
encoding_tree_2	1187	0x2361830	null_or_data	0x0	-	-	0x501	-
encoding_tree_2	1188	0x2361840	handler_value	-	-	-	0xFFA720	0x0
encoding_tree_2	1189	0x2361850	key_handler	0x502	5	2	0xFFA310	-
encoding_tree_2	1192	0x2361880	key_handler	0x300	3	0	0x158B5F0	-
encoding_tree_2	1193	0x2361890	null_or_data	0x0	-	-	0x301	-
encoding_tree_2	1194	0x23618A0	handler_value	-	-	-	0x158B150	0x0
encoding_tree_2	1195	0x23618B0	key_handler	0x302	3	2	0x158BF90	-
encoding_tree_2	1196	0x23618C0	null_or_data	0x0	-	-	0x303	-
encoding_tree_2	1197	0x23618D0	handler_value	-	-	-	0x15DFA20	0x0
encoding_tree_2	1198	0x23618E0	key_handler	0x304	3	4	0x158C910	-
encoding_tree_2	1199	0x23618F0	null_or_data	0x0	-	-	0x305	-
encoding_tree_2	1200	0x2361900	handler_value	-	-	-	0x158C450	0x0
encoding_tree_2	1201	0x2361910	key_handler	0x306	3	6	0x158D2D0	-
encoding_tree_2	1202	0x2361920	null_or_data	0x0	-	-	0x307	-
encoding_tree_2	1203	0x2361930	handler_value	-	-	-	0x158CDF0	0x0
encoding_tree_2	1204	0x2361940	key_handler	0x308	3	8	0x158DCB0	-
encoding_tree_2	1205	0x2361950	null_or_data	0x0	-	-	0x309	-
encoding_tree_2	1206	0x2361960	handler_value	-	-	-	0x158D7D0	0x0
encoding_tree_2	1207	0x2361970	key_handler	0x30A	3	10	0x158BAB0	-
encoding_tree_2	1210	0x23619A0	key_handler	0x1900	25	0	0x1096270	-
encoding_tree_2	1211	0x23619B0	null_or_data	0x0	-	-	0x1901	-
encoding_tree_2	1212	0x23619C0	handler_value	-	-	-	0xFF9940	0x0
encoding_tree_2	1213	0x23619D0	key_handler	0x1902	25	2	0x1093A60	-
encoding_tree_2	1214	0x23619E0	null_or_data	0x0	-	-	0x1903	-
encoding_tree_2	1215	0x23619F0	handler_value	-	-	-	0xFF8260	0x0
encoding_tree_2	1216	0x2361A00	key_handler	0x1904	25	4	0xFF87E0	-
encoding_tree_2	1217	0x2361A10	null_or_data	0x0	-	-	0x1905	-
encoding_tree_2	1218	0x2361A20	handler_value	-	-	-	0xFF8DA0	0x0
encoding_tree_2	1219	0x2361A30	key_handler	0x1906	25	6	0xFF9360	-
encoding_tree_2	1220	0x2361A40	null_or_data	0x0	-	-	0x1907	-
encoding_tree_2	1221	0x2361A50	handler_value	-	-	-	0x10934E0	0x0
encoding_tree_2	1222	0x2361A60	key_handler	0x1908	25	8	0xFF6B80	-
encoding_tree_2	1223	0x2361A70	null_or_data	0x0	-	-	0x1909	-
encoding_tree_2	1224	0x2361A80	handler_value	-	-	-	0xFF7100	0x0
encoding_tree_2	1225	0x2361A90	key_handler	0x190A	25	10	0xFF76C0	-
encoding_tree_2	1226	0x2361AA0	null_or_data	0x0	-	-	0x190B	-
encoding_tree_2	1227	0x2361AB0	handler_value	-	-	-	0xFF7C80	0x0
encoding_tree_2	1228	0x2361AC0	key_handler	0x1900	25	0	0x15858C0	-
encoding_tree_2	1229	0x2361AD0	null_or_data	0x0	-	-	0x1901	-
encoding_tree_2	1230	0x2361AE0	handler_value	-	-	-	0x15EC8B0	0x0
encoding_tree_2	1231	0x2361AF0	key_handler	0x1902	25	2	0x1586420	-
encoding_tree_2	1232	0x2361B00	null_or_data	0x0	-	-	0x1903	-
encoding_tree_2	1233	0x2361B10	handler_value	-	-	-	0x15ECE50	0x0
encoding_tree_2	1234	0x2361B20	key_handler	0x1904	25	4	0x15EAF40	-
encoding_tree_2	1235	0x2361B30	null_or_data	0x0	-	-	0x1905	-
encoding_tree_2	1236	0x2361B40	handler_value	-	-	-	0x15ED3F0	0x0
encoding_tree_2	1237	0x2361B50	key_handler	0x1906	25	6	0x1588680	-
encoding_tree_2	1238	0x2361B60	null_or_data	0x0	-	-	0x1907	-
encoding_tree_2	1239	0x2361B70	handler_value	-	-	-	0x1588C10	0x0
encoding_tree_2	1240	0x2361B80	key_handler	0x1908	25	8	0x15E6EB0	-
encoding_tree_2	1241	0x2361B90	null_or_data	0x0	-	-	0x1909	-
encoding_tree_2	1242	0x2361BA0	handler_value	-	-	-	0x1586FA0	0x0
encoding_tree_2	1243	0x2361BB0	key_handler	0x190A	25	10	0x1587520	-
encoding_tree_2	1244	0x2361BC0	null_or_data	0x0	-	-	0x190B	-
encoding_tree_2	1245	0x2361BD0	handler_value	-	-	-	0x1587AE0	0x0
encoding_tree_2	1246	0x2361BE0	key_handler	0x190C	25	12	0x15880A0	-
encoding_tree_2	1247	0x2361BF0	null_or_data	0x0	-	-	0x190D	-
encoding_tree_2	1248	0x2361C00	handler_value	-	-	-	0x158A190	0x0
encoding_tree_2	1249	0x2361C10	key_handler	0x190E	25	14	0x15E4EE0	-
encoding_tree_2	1250	0x2361C20	null_or_data	0x0	-	-	0x190F	-
encoding_tree_2	1251	0x2361C30	handler_value	-	-	-	0x158A6B0	0x0
encoding_tree_2	1252	0x2361C40	key_handler	0x1910	25	16	0x158ABF0	-
encoding_tree_2	1253	0x2361C50	null_or_data	0x0	-	-	0x1911	-
encoding_tree_2	1254	0x2361C60	handler_value	-	-	-	0x15891D0	0x0
encoding_tree_2	1255	0x2361C70	key_handler	0x1912	25	18	0x15E5420	-
encoding_tree_2	1256	0x2361C80	null_or_data	0x0	-	-	0x1913	-
encoding_tree_2	1257	0x2361C90	handler_value	-	-	-	0x15896F0	0x0
encoding_tree_2	1258	0x2361CA0	key_handler	0x1914	25	20	0x1589C30	-
encoding_tree_2	1259	0x2361CB0	null_or_data	0x0	-	-	0x1915	-
encoding_tree_2	1260	0x2361CC0	handler_value	-	-	-	0x15E7430	0x0
encoding_tree_2	1261	0x2361CD0	key_handler	0x1916	25	22	0x1584D80	-
encoding_tree_2	1262	0x2361CE0	null_or_data	0x0	-	-	0x1917	-
encoding_tree_2	1263	0x2361CF0	handler_value	-	-	-	0x1585300	0x0
encoding_tree_2	1264	0x2361D00	key_handler	0x1918	25	24	0x1585E60	-
encoding_tree_2	1265	0x2361D10	null_or_data	0x0	-	-	0x1919	-
encoding_tree_2	1266	0x2361D20	handler_value	-	-	-	0x15869C0	0x0
encoding_tree_2	1268	0x2361D40	key_handler	0x500	5	0	0xFF6720	-
encoding_tree_2	1269	0x2361D50	null_or_data	0x0	-	-	0x1201	-
encoding_tree_2	1270	0x2361D60	handler_value	-	-	-	0xFF5960	0x0
encoding_tree_2	1271	0x2361D70	key_handler	0x1202	18	2	0xFF6280	-
encoding_tree_2	1272	0x2361D80	null_or_data	0x0	-	-	0x1203	-
encoding_tree_2	1273	0x2361D90	handler_value	-	-	-	0xFF54E0	0x0
encoding_tree_2	1274	0x2361DA0	key_handler	0x1204	18	4	0x106F840	-
encoding_tree_2	1275	0x2361DB0	null_or_data	0x0	-	-	0x1205	-
encoding_tree_2	1276	0x2361DC0	handler_value	-	-	-	0xFF5DE0	0x0
encoding_tree_2	1277	0x2361DD0	key_handler	0x300	3	0	0x15848D0	-
encoding_tree_2	1280	0x2361E00	key_handler	0x500	5	0	0xFF5050	-
encoding_tree_2	1281	0x2361E10	null_or_data	0x0	-	-	0x1201	-
encoding_tree_2	1282	0x2361E20	handler_value	-	-	-	0xFF4230	0x0
encoding_tree_2	1283	0x2361E30	key_handler	0x1202	18	2	0xFF4B90	-
encoding_tree_2	1284	0x2361E40	null_or_data	0x0	-	-	0x1203	-
encoding_tree_2	1285	0x2361E50	handler_value	-	-	-	0xFF3D90	0x0
encoding_tree_2	1286	0x2361E60	key_handler	0x1204	18	4	0x10778B0	-
encoding_tree_2	1287	0x2361E70	null_or_data	0x0	-	-	0x1205	-
encoding_tree_2	1288	0x2361E80	handler_value	-	-	-	0xFF46D0	0x0
encoding_tree_2	1290	0x2361EA0	null_or_data	0x0	-	-	0x106D510	-
encoding_tree_2	1291	0x2361EB0	null_or_data	0x0	-	-	0x1	-
encoding_tree_2	1292	0x2361EC0	handler_value	-	-	-	0xFF3910	0x0
encoding_tree_2	1294	0x2361EE0	key_handler	0x500	5	0	0x15D9810	-
encoding_tree_2	1295	0x2361EF0	null_or_data	0x0	-	-	0x501	-
encoding_tree_2	1296	0x2361F00	handler_value	-	-	-	0x15DA190	0x0
encoding_tree_2	1297	0x2361F10	key_handler	0x302	3	2	0x15D9CE0	-
encoding_tree_2	1300	0x2361F40	key_handler	0x200	2	0	0x1575340	-
encoding_tree_2	1301	0x2361F50	null_or_data	0x0	-	-	0x301	-
encoding_tree_2	1302	0x2361F60	handler_value	-	-	-	0x1575800	0x0
encoding_tree_2	1303	0x2361F70	key_handler	0x202	2	2	0x15761E0	-
encoding_tree_2	1304	0x2361F80	null_or_data	0x0	-	-	0x303	-
encoding_tree_2	1305	0x2361F90	handler_value	-	-	-	0x1575CF0	0x0
encoding_tree_2	1306	0x2361FA0	key_handler	0x204	2	4	0x15766A0	-
encoding_tree_2	1308	0x2361FC0	key_handler	0x200	2	0	0x15DCBE0	-
encoding_tree_2	1309	0x2361FD0	null_or_data	0x0	-	-	0x201	-
encoding_tree_2	1310	0x2361FE0	handler_value	-	-	-	0x15DC2E0	0x0
encoding_tree_2	1311	0x2361FF0	key_handler	0x302	3	2	0x15DD970	-
encoding_tree_2	1312	0x2362000	null_or_data	0x0	-	-	0x203	-
encoding_tree_2	1313	0x2362010	handler_value	-	-	-	0x15DC760	0x0
encoding_tree_2	1314	0x2362020	key_handler	0x204	2	4	0x1566770	-
encoding_tree_2	1315	0x2362030	null_or_data	0x0	-	-	0x305	-
encoding_tree_2	1316	0x2362040	handler_value	-	-	-	0x1567510	0x0
encoding_tree_2	1317	0x2362050	key_handler	0x206	2	6	0x15679B0	-
encoding_tree_2	1318	0x2362060	null_or_data	0x0	-	-	0x307	-
encoding_tree_2	1319	0x2362070	handler_value	-	-	-	0x1566BF0	0x0
encoding_tree_2	1320	0x2362080	key_handler	0x208	2	8	0x1567090	-
encoding_tree_2	1322	0x23620A0	key_handler	0xA00	10	0	0x152D1D0	-
encoding_tree_2	1323	0x23620B0	null_or_data	0x0	-	-	0xA01	-
encoding_tree_2	1324	0x23620C0	handler_value	-	-	-	0x152E030	0x0
encoding_tree_2	1325	0x23620D0	key_handler	0x302	3	2	0x152DB70	-
encoding_tree_2	1326	0x23620E0	null_or_data	0x0	-	-	0x303	-
encoding_tree_2	1327	0x23620F0	handler_value	-	-	-	0x152EAB0	0x0
encoding_tree_2	1328	0x2362100	key_handler	0xA04	10	4	0x152D6A0	-
encoding_tree_2	1329	0x2362110	null_or_data	0x0	-	-	0xA05	-
encoding_tree_2	1330	0x2362120	handler_value	-	-	-	0x152E570	0x0
encoding_tree_2	1332	0x2362140	key_handler	0x300	3	0	0x1536000	-
encoding_tree_2	1333	0x2362150	null_or_data	0x0	-	-	0xA01	-
encoding_tree_2	1334	0x2362160	handler_value	-	-	-	0x1536540	0x0
encoding_tree_2	1335	0x2362170	key_handler	0xA02	10	2	0x1535AE0	-
encoding_tree_2	1336	0x2362180	null_or_data	0x0	-	-	0x303	-
encoding_tree_2	1337	0x2362190	handler_value	-	-	-	0x1533C40	0x0
encoding_tree_2	1338	0x23621A0	key_handler	0x304	3	4	0x1534660	-
encoding_tree_2	1339	0x23621B0	null_or_data	0x0	-	-	0xA05	-
encoding_tree_2	1340	0x23621C0	handler_value	-	-	-	0x1533740	0x0
encoding_tree_2	1341	0x23621D0	key_handler	0xA06	10	6	0x1534B80	-
encoding_tree_2	1342	0x23621E0	null_or_data	0x0	-	-	0xA07	-
encoding_tree_2	1343	0x23621F0	handler_value	-	-	-	0x1534160	0x0
encoding_tree_2	1344	0x2362200	key_handler	0x308	3	8	0x1536F80	-
encoding_tree_2	1345	0x2362210	null_or_data	0x0	-	-	0xA09	-
encoding_tree_2	1346	0x2362220	handler_value	-	-	-	0x1536A60	0x0
encoding_tree_2	1347	0x2362230	key_handler	0x30A	3	10	0x15379E0	-
encoding_tree_2	1348	0x2362240	null_or_data	0x0	-	-	0xA0B	-
encoding_tree_2	1349	0x2362250	handler_value	-	-	-	0x1537F20	0x0
encoding_tree_2	1350	0x2362260	key_handler	0xA0C	10	12	0x15374C0	-
encoding_tree_2	1351	0x2362270	null_or_data	0x0	-	-	0x30D	-
encoding_tree_2	1352	0x2362280	handler_value	-	-	-	0x15355A0	0x0
encoding_tree_2	1353	0x2362290	key_handler	0xA0E	10	14	0x1535080	-
encoding_tree_2	1356	0x23622C0	key_handler	0x300	3	0	0xF78400	-
encoding_tree_2	1357	0x23622D0	null_or_data	0x0	-	-	0xA01	-
encoding_tree_2	1358	0x23622E0	handler_value	-	-	-	0xF77E50	0x0
encoding_tree_2	1359	0x23622F0	key_handler	0xA02	10	2	0xF78970	-
encoding_tree_2	1360	0x2362300	null_or_data	0x0	-	-	0xD03	-
encoding_tree_2	1361	0x2362310	handler_value	-	-	-	0xF79520	0x0
encoding_tree_2	1362	0x2362320	key_handler	0x1304	19	4	0xF78F20	-
encoding_tree_2	1363	0x2362330	null_or_data	0x0	-	-	0x1305	-
encoding_tree_2	1364	0x2362340	handler_value	-	-	-	0xF79AF0	0x0
encoding_tree_2	1365	0x2362350	key_handler	0x312	3	18	0x155BA10	-
encoding_tree_2	1366	0x2362360	null_or_data	0x0	-	-	0xA13	-
encoding_tree_2	1367	0x2362370	handler_value	-	-	-	0x155B500	0x0
encoding_tree_2	1368	0x2362380	key_handler	0x31A	3	26	0x15E3660	-
encoding_tree_2	1369	0x2362390	null_or_data	0x0	-	-	0xA1B	-
encoding_tree_2	1370	0x23623A0	handler_value	-	-	-	0x15E1290	0x0
encoding_tree_2	1371	0x23623B0	key_handler	0x21C	2	28	0xF7A0F0	-
encoding_tree_2	1372	0x23623C0	null_or_data	0x0	-	-	0x31D	-
encoding_tree_2	1373	0x23623D0	handler_value	-	-	-	0xF7A580	0x0
encoding_tree_2	1374	0x23623E0	key_handler	0x21E	2	30	0xF7AA30	-
encoding_tree_2	1375	0x23623F0	null_or_data	0x0	-	-	0xA1F	-
encoding_tree_2	1376	0x2362400	handler_value	-	-	-	0x15597D0	0x0
encoding_tree_2	1377	0x2362410	key_handler	0x320	3	32	0x1559CF0	-
encoding_tree_2	1378	0x2362420	null_or_data	0x0	-	-	0xA21	-
encoding_tree_2	1379	0x2362430	handler_value	-	-	-	0x155A220	0x0
encoding_tree_2	1380	0x2362440	key_handler	0x222	2	34	0x155A730	-
encoding_tree_2	1381	0x2362450	null_or_data	0x0	-	-	0xA23	-
encoding_tree_2	1382	0x2362460	handler_value	-	-	-	0x15E26E0	0x0
encoding_tree_2	1383	0x2362470	key_handler	0x324	3	36	0x155ABC0	-
encoding_tree_2	1384	0x2362480	null_or_data	0x0	-	-	0x325	-
encoding_tree_2	1385	0x2362490	handler_value	-	-	-	0x15E3130	0x0
encoding_tree_2	1386	0x23624A0	key_handler	0x226	2	38	0x155B070	-
encoding_tree_2	1387	0x23624B0	null_or_data	0x0	-	-	0xA27	-
encoding_tree_2	1388	0x23624C0	handler_value	-	-	-	0x15E21D0	0x0
encoding_tree_2	1389	0x23624D0	key_handler	0x500	5	0	0xFDE130	-
encoding_tree_2	1392	0x2362500	key_handler	0x500	5	0	0xFCC650	-
encoding_tree_2	1393	0x2362510	null_or_data	0x0	-	-	0x1E01	-
encoding_tree_2	1394	0x2362520	handler_value	-	-	-	0xFCCA40	0x0
encoding_tree_2	1396	0x2362540	key_handler	0x500	5	0	0xF1EB60	-
encoding_tree_2	1397	0x2362550	null_or_data	0x0	-	-	0x303	-
encoding_tree_2	1398	0x2362560	handler_value	-	-	-	0xF1F4B0	0x0
encoding_tree_2	1399	0x2362570	key_handler	0x304	3	4	0xF1EFD0	-
encoding_tree_2	1402	0x23625A0	key_handler	0xA00	10	0	0x157C310	-
encoding_tree_2	1403	0x23625B0	null_or_data	0x0	-	-	0x1301	-
encoding_tree_2	1404	0x23625C0	handler_value	-	-	-	0x157C800	0x0
encoding_tree_2	1405	0x23625D0	key_handler	0x502	5	2	0x157CD10	-
encoding_tree_2	1406	0x23625E0	null_or_data	0x0	-	-	0x503	-
encoding_tree_2	1407	0x23625F0	handler_value	-	-	-	0x157D210	0x0
encoding_tree_2	1408	0x2362600	key_handler	0x504	5	4	0x157B050	-
encoding_tree_2	1409	0x2362610	null_or_data	0x0	-	-	0x2205	-
encoding_tree_2	1410	0x2362620	handler_value	-	-	-	0x157B990	0x0
encoding_tree_2	1411	0x2362630	key_handler	0x506	5	6	0x157B510	-
encoding_tree_2	1412	0x2362640	null_or_data	0x0	-	-	0x507	-
encoding_tree_2	1413	0x2362650	handler_value	-	-	-	0x157BE70	0x0
encoding_tree_2	1414	0x2362660	key_handler	0x508	5	8	0x15DD4F0	-
encoding_tree_2	1415	0x2362670	null_or_data	0x0	-	-	0x509	-
encoding_tree_2	1416	0x2362680	handler_value	-	-	-	0x15DF0C0	0x0
encoding_tree_2	1417	0x2362690	key_handler	0xA0A	10	10	0x15F0B20	-
encoding_tree_2	1418	0x23626A0	null_or_data	0x0	-	-	0xA0B	-
encoding_tree_2	1419	0x23626B0	handler_value	-	-	-	0x15826F0	0x0
encoding_tree_2	1420	0x23626C0	key_handler	0xA0C	10	12	0x15F16A0	-
encoding_tree_2	1421	0x23626D0	null_or_data	0x0	-	-	0xA0D	-
encoding_tree_2	1422	0x23626E0	handler_value	-	-	-	0x15F10E0	0x0
encoding_tree_2	1423	0x23626F0	key_handler	0xA0E	10	14	0x17005C0	-
encoding_tree_2	1424	0x2362700	null_or_data	0x0	-	-	0xA0F	-
encoding_tree_2	1425	0x2362710	handler_value	-	-	-	0x16FE660	0x0
encoding_tree_2	1426	0x2362720	key_handler	0xA10	10	16	0x1700000	-
encoding_tree_2	1427	0x2362730	null_or_data	0x0	-	-	0xA11	-
encoding_tree_2	1428	0x2362740	handler_value	-	-	-	0x1700B80	0x0
encoding_tree_2	1429	0x2362750	key_handler	0x1312	19	18	0x15F2240	-
encoding_tree_2	1430	0x2362760	null_or_data	0x0	-	-	0x1313	-
encoding_tree_2	1431	0x2362770	handler_value	-	-	-	0x1580920	0x0
encoding_tree_2	1432	0x2362780	key_handler	0x1314	19	20	0x15F1C60	-
encoding_tree_2	1433	0x2362790	null_or_data	0x0	-	-	0x1315	-
encoding_tree_2	1434	0x23627A0	handler_value	-	-	-	0x15F2820	0x0
encoding_tree_2	1435	0x23627B0	key_handler	0x2216	34	22	0x157E130	-
encoding_tree_2	1436	0x23627C0	null_or_data	0x0	-	-	0x2217	-
encoding_tree_2	1437	0x23627D0	handler_value	-	-	-	0x157D730	0x0
encoding_tree_2	1438	0x23627E0	key_handler	0x518	5	24	0x157E640	-
encoding_tree_2	1439	0x23627F0	null_or_data	0x0	-	-	0x519	-
encoding_tree_2	1440	0x2362800	handler_value	-	-	-	0x157DC20	0x0
encoding_tree_2	1441	0x2362810	key_handler	0x191A	25	26	0x157EB70	-
encoding_tree_2	1442	0x2362820	null_or_data	0x0	-	-	0x191B	-
encoding_tree_2	1443	0x2362830	handler_value	-	-	-	0x15E44B0	0x0
encoding_tree_2	1444	0x2362840	key_handler	0x131C	19	28	0x157FCB0	-
encoding_tree_2	1445	0x2362850	null_or_data	0x0	-	-	0x131D	-
encoding_tree_2	1446	0x2362860	handler_value	-	-	-	0x157F650	0x0
encoding_tree_2	1447	0x2362870	key_handler	0xA1E	10	30	0x1580330	-
encoding_tree_2	1448	0x2362880	null_or_data	0x0	-	-	0xA1F	-
encoding_tree_2	1449	0x2362890	handler_value	-	-	-	0x157F090	0x0
encoding_tree_2	1450	0x23628A0	key_handler	0x1320	19	32	0x1581530	-
encoding_tree_2	1451	0x23628B0	null_or_data	0x0	-	-	0x1321	-
encoding_tree_2	1452	0x23628C0	handler_value	-	-	-	0x1580F00	0x0
encoding_tree_2	1453	0x23628D0	key_handler	0xA22	10	34	0x1582130	-
encoding_tree_2	1454	0x23628E0	null_or_data	0x0	-	-	0xA23	-
encoding_tree_2	1455	0x23628F0	handler_value	-	-	-	0x1581B90	0x0
encoding_tree_2	1456	0x2362900	key_handler	0x1325	19	37	0x1C2C410	-
encoding_tree_2	1457	0x2362910	null_or_data	0x0	-	-	0x1326	-
encoding_tree_2	1458	0x2362920	handler_value	-	-	-	0x1C2BDE0	0x0
encoding_tree_2	1459	0x2362930	key_handler	0xA27	10	39	0x1C2CA70	-
encoding_tree_2	1460	0x2362940	null_or_data	0x0	-	-	0xA28	-
encoding_tree_2	1461	0x2362950	handler_value	-	-	-	0x1C2B840	0x0
encoding_tree_2	1462	0x2362960	key_handler	0x329	3	41	0x1579130	-
encoding_tree_2	1463	0x2362970	null_or_data	0x0	-	-	0x212A	-
encoding_tree_2	1464	0x2362980	handler_value	-	-	-	0x1579B70	0x0
encoding_tree_2	1465	0x2362990	key_handler	0x212B	33	43	0x157A0A0	-
encoding_tree_2	1466	0x23629A0	null_or_data	0x0	-	-	0x192C	-
encoding_tree_2	1467	0x23629B0	handler_value	-	-	-	0x1579600	0x0
encoding_tree_2	1468	0x23629C0	key_handler	0x62D	6	45	0x1582CB0	-
encoding_tree_2	1469	0x23629D0	null_or_data	0x0	-	-	0x62E	-
encoding_tree_2	1470	0x23629E0	handler_value	-	-	-	0x15DF560	0x0
encoding_tree_2	1471	0x23629F0	key_handler	0x32F	3	47	0x157A650	-
encoding_tree_2	1472	0x2362A00	null_or_data	0x0	-	-	0x2130	-
encoding_tree_2	1473	0x2362A10	handler_value	-	-	-	0x157AB20	0x0
encoding_tree_2	1474	0x2362A20	key_handler	0x531	5	49	0x1578D30	-
encoding_tree_2	1475	0x2362A30	null_or_data	0x0	-	-	0x532	-
encoding_tree_2	1476	0x2362A40	handler_value	-	-	-	0x15DB650	0x0
encoding_tree_2	1477	0x2362A50	key_handler	0x533	5	51	0x15DBA50	-
encoding_tree_2	1480	0x2362A80	key_handler	0x500	5	0	0x1067720	-
encoding_tree_2	1481	0x2362A90	null_or_data	0x0	-	-	0x501	-
encoding_tree_2	1482	0x2362AA0	handler_value	-	-	-	0xF306E0	0x0
encoding_tree_2	1484	0x2362AC0	key_handler	0xA00	10	0	0x1583170	-
encoding_tree_2	1485	0x2362AD0	null_or_data	0x0	-	-	0x301	-
encoding_tree_2	1486	0x2362AE0	handler_value	-	-	-	0x1583AD0	0x0
encoding_tree_2	1487	0x2362AF0	key_handler	0xA02	10	2	0x1584430	-
encoding_tree_2	1488	0x2362B00	null_or_data	0x0	-	-	0x303	-
encoding_tree_2	1489	0x2362B10	handler_value	-	-	-	0x1583610	0x0
encoding_tree_2	1490	0x2362B20	key_handler	0xA04	10	4	0x1583F90	-
encoding_tree_2	1492	0x2362B40	key_handler	0x300	3	0	0x17DCF00	-
encoding_tree_2	1493	0x2362B50	null_or_data	0x0	-	-	0x301	-
encoding_tree_2	1494	0x2362B60	handler_value	-	-	-	0x17DD3F0	0x0
encoding_tree_2	1495	0x2362B70	key_handler	0x302	3	2	0xFD7D40	-
encoding_tree_2	1496	0x2362B80	null_or_data	0x0	-	-	0x303	-
encoding_tree_2	1497	0x2362B90	handler_value	-	-	-	0xFD8230	0x0
encoding_tree_2	1498	0x2362BA0	key_handler	0x500	5	0	0xFAB740	-
encoding_tree_2	1499	0x2362BB0	null_or_data	0x0	-	-	0x201	-
encoding_tree_2	1500	0x2362BC0	handler_value	-	-	-	0xFABBD0	0x0
encoding_tree_2	1501	0x2362BD0	key_handler	0x502	5	2	0xFAA980	-
encoding_tree_2	1502	0x2362BE0	null_or_data	0x0	-	-	0x203	-
encoding_tree_2	1503	0x2362BF0	handler_value	-	-	-	0xFAB290	0x0
encoding_tree_2	1504	0x2362C00	key_handler	0x504	5	4	0xFAADF0	-
encoding_tree_2	1506	0x2362C20	key_handler	0x1900	25	0	0x10896A0	-
encoding_tree_2	1507	0x2362C30	null_or_data	0x0	-	-	0x1901	-
encoding_tree_2	1508	0x2362C40	handler_value	-	-	-	0xF87CF0	0x0
encoding_tree_2	1509	0x2362C50	key_handler	0x1902	25	2	0x1089160	-
encoding_tree_2	1510	0x2362C60	null_or_data	0x0	-	-	0x1903	-
encoding_tree_2	1511	0x2362C70	handler_value	-	-	-	0xF877B0	0x0
encoding_tree_2	1512	0x2362C80	key_handler	0x1904	25	4	0x180AC60	-
encoding_tree_2	1513	0x2362C90	null_or_data	0x0	-	-	0x1905	-
encoding_tree_2	1514	0x2362CA0	handler_value	-	-	-	0x17D6640	0x0
encoding_tree_2	1515	0x2362CB0	key_handler	0x1906	25	6	0x1088C20	-
encoding_tree_2	1516	0x2362CC0	null_or_data	0x0	-	-	0x1907	-
encoding_tree_2	1517	0x2362CD0	handler_value	-	-	-	0xF87270	0x0
encoding_tree_2	1518	0x2362CE0	key_handler	0x1908	25	8	0x10886E0	-
encoding_tree_2	1519	0x2362CF0	null_or_data	0x0	-	-	0x1909	-
encoding_tree_2	1520	0x2362D00	handler_value	-	-	-	0xF86D30	0x0
encoding_tree_2	1521	0x2362D10	key_handler	0x190A	25	10	0x180A720	-
encoding_tree_2	1522	0x2362D20	null_or_data	0x0	-	-	0x190B	-
encoding_tree_2	1523	0x2362D30	handler_value	-	-	-	0x17D6100	0x0
encoding_tree_2	1524	0x2362D40	key_handler	0x190C	25	12	0xF896F0	-
encoding_tree_2	1525	0x2362D50	null_or_data	0x0	-	-	0x190D	-
encoding_tree_2	1526	0x2362D60	handler_value	-	-	-	0x108ABA0	0x0
encoding_tree_2	1527	0x2362D70	key_handler	0x190E	25	14	0xF89C10	-
encoding_tree_2	1528	0x2362D80	null_or_data	0x0	-	-	0x190F	-
encoding_tree_2	1529	0x2362D90	handler_value	-	-	-	0xF88230	0x0
encoding_tree_2	1530	0x2362DA0	key_handler	0x1910	25	16	0x1089BE0	-
encoding_tree_2	1531	0x2362DB0	null_or_data	0x0	-	-	0x1911	-
encoding_tree_2	1532	0x2362DC0	handler_value	-	-	-	0xF88750	0x0
encoding_tree_2	1533	0x2362DD0	key_handler	0x1912	25	18	0xF8A150	-
encoding_tree_2	1534	0x2362DE0	null_or_data	0x0	-	-	0x1913	-
encoding_tree_2	1535	0x2362DF0	handler_value	-	-	-	0x108B620	0x0
encoding_tree_2	1536	0x2362E00	key_handler	0x1914	25	20	0xF8A670	-
encoding_tree_2	1537	0x2362E10	null_or_data	0x0	-	-	0x1915	-
encoding_tree_2	1538	0x2362E20	handler_value	-	-	-	0xF88C90	0x0
encoding_tree_2	1539	0x2362E30	key_handler	0x1916	25	22	0x108B0E0	-
encoding_tree_2	1540	0x2362E40	null_or_data	0x0	-	-	0x1917	-
encoding_tree_2	1541	0x2362E50	handler_value	-	-	-	0xF891B0	0x0
encoding_tree_2	1542	0x2362E60	key_handler	0x1918	25	24	0xF8B5D0	-
encoding_tree_2	1543	0x2362E70	null_or_data	0x0	-	-	0x1919	-
encoding_tree_2	1544	0x2362E80	handler_value	-	-	-	0x1082EF0	0x0
encoding_tree_2	1545	0x2362E90	key_handler	0x191A	25	26	0xF8BAD0	-
encoding_tree_2	1546	0x2362EA0	null_or_data	0x0	-	-	0x191B	-
encoding_tree_2	1547	0x2362EB0	handler_value	-	-	-	0xF8ABB0	0x0
encoding_tree_2	1548	0x2362EC0	key_handler	0x191C	25	28	0x10829D0	-
encoding_tree_2	1549	0x2362ED0	null_or_data	0x0	-	-	0x191D	-
encoding_tree_2	1550	0x2362EE0	handler_value	-	-	-	0xF8B0B0	0x0
encoding_tree_2	1552	0x2362F00	key_handler	0x500	5	0	0xEB3E80	-
encoding_tree_2	1553	0x2362F10	null_or_data	0x0	-	-	0x501	-
encoding_tree_2	1554	0x2362F20	handler_value	-	-	-	0xEB42B0	0x0
encoding_tree_2	1555	0x2362F30	key_handler	0x500	5	0	0xF80B80	-
encoding_tree_2	1558	0x2362F60	key_handler	0x300	3	0	0xF3BA40	-
encoding_tree_2	1559	0x2362F70	null_or_data	0x0	-	-	0x301	-
encoding_tree_2	1560	0x2362F80	handler_value	-	-	-	0xF3BF30	0x0
encoding_tree_2	1562	0x2362FA0	key_handler	0x1300	19	0	0x155C610	-
encoding_tree_2	1563	0x2362FB0	null_or_data	0x0	-	-	0x1302	-
encoding_tree_2	1564	0x2362FC0	handler_value	-	-	-	0x155BF40	0x0
encoding_tree_2	1565	0x2362FD0	key_handler	0x1304	19	4	0x155D2B0	-
encoding_tree_2	1566	0x2362FE0	null_or_data	0x0	-	-	0x1306	-
encoding_tree_2	1567	0x2362FF0	handler_value	-	-	-	0x155CC20	0x0
encoding_tree_2	1568	0x2363000	key_handler	0x1308	19	8	0x155D890	-
encoding_tree_2	1569	0x2363010	null_or_data	0x0	-	-	0x130A	-
encoding_tree_2	1570	0x2363020	handler_value	-	-	-	0x155E540	0x0
encoding_tree_2	1571	0x2363030	key_handler	0x130B	19	11	0x155F8D0	-
encoding_tree_2	1572	0x2363040	null_or_data	0x0	-	-	0x130C	-
encoding_tree_2	1573	0x2363050	handler_value	-	-	-	0x155DF00	0x0
encoding_tree_2	1574	0x2363060	key_handler	0x130D	19	13	0x155F2E0	-
encoding_tree_2	1575	0x2363070	null_or_data	0x0	-	-	0x130E	-
encoding_tree_2	1576	0x2363080	handler_value	-	-	-	0x155EBD0	0x0
encoding_tree_2	1577	0x2363090	key_handler	0x130F	19	15	0x1560600	-
encoding_tree_2	1578	0x23630A0	null_or_data	0x0	-	-	0x1310	-
encoding_tree_2	1579	0x23630B0	handler_value	-	-	-	0x155FF80	0x0
encoding_tree_2	1580	0x23630C0	key_handler	0x500	5	0	0xEF6630	-
encoding_tree_2	1581	0x23630D0	null_or_data	0x0	-	-	0x501	-
encoding_tree_2	1582	0x23630E0	handler_value	-	-	-	0xEF6210	0x0
encoding_tree_2	1584	0x2363100	key_handler	0x500	5	0	0x17B0FB0	-
encoding_tree_2	1585	0x2363110	null_or_data	0x0	-	-	0x501	-
encoding_tree_2	1586	0x2363120	handler_value	-	-	-	0x17B0B80	0x0
encoding_tree_2	1587	0x2363130	key_handler	0x502	5	2	0x17B13E0	-
encoding_tree_2	1588	0x2363140	null_or_data	0x0	-	-	0x503	-
encoding_tree_2	1589	0x2363150	handler_value	-	-	-	0x17B1C80	0x0
encoding_tree_2	1590	0x2363160	key_handler	0x2204	34	4	0x17B20D0	-
encoding_tree_2	1591	0x2363170	null_or_data	0x0	-	-	0x2205	-
encoding_tree_2	1592	0x2363180	handler_value	-	-	-	0x17B25A0	0x0
encoding_tree_2	1593	0x2363190	key_handler	0x506	5	6	0x17B1830	-
encoding_tree_2	1596	0x23631C0	key_handler	0xB00	11	0	0xFDAA30	-
encoding_tree_2	1597	0x23631D0	null_or_data	0x0	-	-	0x501	-
encoding_tree_2	1598	0x23631E0	handler_value	-	-	-	0xFDAEA0	0x0
encoding_tree_2	1599	0x23631F0	key_handler	0x502	5	2	0xFDB370	-
encoding_tree_2	1600	0x2363200	null_or_data	0x0	-	-	0x603	-
encoding_tree_2	1601	0x2363210	handler_value	-	-	-	0xFD9C80	0x0
encoding_tree_2	1602	0x2363220	key_handler	0x504	5	4	0xFDA0F0	-
encoding_tree_2	1603	0x2363230	null_or_data	0x0	-	-	0x505	-
encoding_tree_2	1604	0x2363240	handler_value	-	-	-	0xFDA590	0x0
encoding_tree_2	1606	0x2363260	key_handler	0xB00	11	0	0xFCDC40	-
encoding_tree_2	1607	0x2363270	null_or_data	0x0	-	-	0x501	-
encoding_tree_2	1608	0x2363280	handler_value	-	-	-	0xFCE0B0	0x0
encoding_tree_2	1609	0x2363290	key_handler	0x502	5	2	0xFCE580	-
encoding_tree_2	1610	0x23632A0	null_or_data	0x0	-	-	0x603	-
encoding_tree_2	1611	0x23632B0	handler_value	-	-	-	0xFCCE90	0x0
encoding_tree_2	1612	0x23632C0	key_handler	0x504	5	4	0xFCD300	-
encoding_tree_2	1613	0x23632D0	null_or_data	0x0	-	-	0x505	-
encoding_tree_2	1614	0x23632E0	handler_value	-	-	-	0xFCD7A0	0x0
encoding_tree_2	1616	0x2363300	key_handler	0xB00	11	0	0xEF7C90	-
encoding_tree_2	1617	0x2363310	null_or_data	0x0	-	-	0x501	-
encoding_tree_2	1618	0x2363320	handler_value	-	-	-	0xEF8120	0x0
encoding_tree_2	1619	0x2363330	key_handler	0x502	5	2	0xEF8610	-
encoding_tree_2	1620	0x2363340	null_or_data	0x0	-	-	0x603	-
encoding_tree_2	1621	0x2363350	handler_value	-	-	-	0xEF6E80	0x0
encoding_tree_2	1622	0x2363360	key_handler	0x504	5	4	0xEF7310	-
encoding_tree_2	1623	0x2363370	null_or_data	0x0	-	-	0x505	-
encoding_tree_2	1624	0x2363380	handler_value	-	-	-	0xEF77D0	0x0
encoding_tree_2	1626	0x23633A0	key_handler	0xB00	11	0	0xFC9110	-
encoding_tree_2	1627	0x23633B0	null_or_data	0x0	-	-	0x501	-
encoding_tree_2	1628	0x23633C0	handler_value	-	-	-	0xFC95A0	0x0
encoding_tree_2	1629	0x23633D0	key_handler	0x502	5	2	0xFC9A90	-
encoding_tree_2	1630	0x23633E0	null_or_data	0x0	-	-	0x603	-
encoding_tree_2	1631	0x23633F0	handler_value	-	-	-	0xFC8300	0x0
encoding_tree_2	1632	0x2363400	key_handler	0x504	5	4	0xFC8790	-
encoding_tree_2	1633	0x2363410	null_or_data	0x0	-	-	0x505	-
encoding_tree_2	1634	0x2363420	handler_value	-	-	-	0xFC8C50	0x0
encoding_tree_2	1636	0x2363440	key_handler	0xB00	11	0	0xF48AB0	-
encoding_tree_2	1637	0x2363450	null_or_data	0x0	-	-	0x501	-
encoding_tree_2	1638	0x2363460	handler_value	-	-	-	0xF48F20	0x0
encoding_tree_2	1639	0x2363470	key_handler	0x502	5	2	0xF493F0	-
encoding_tree_2	1640	0x2363480	null_or_data	0x0	-	-	0x603	-
encoding_tree_2	1641	0x2363490	handler_value	-	-	-	0xF47D00	0x0
encoding_tree_2	1642	0x23634A0	key_handler	0x504	5	4	0xF48170	-
encoding_tree_2	1643	0x23634B0	null_or_data	0x0	-	-	0x505	-
encoding_tree_2	1644	0x23634C0	handler_value	-	-	-	0xF48610	0x0
encoding_tree_2	1646	0x23634E0	key_handler	0xB00	11	0	0xF20720	-
encoding_tree_2	1647	0x23634F0	null_or_data	0x0	-	-	0x501	-
encoding_tree_2	1648	0x2363500	handler_value	-	-	-	0xF20B90	0x0
encoding_tree_2	1649	0x2363510	key_handler	0x502	5	2	0xF21060	-
encoding_tree_2	1650	0x2363520	null_or_data	0x0	-	-	0x603	-
encoding_tree_2	1651	0x2363530	handler_value	-	-	-	0xF1F970	0x0
encoding_tree_2	1652	0x2363540	key_handler	0x504	5	4	0xF1FDE0	-
encoding_tree_2	1653	0x2363550	null_or_data	0x0	-	-	0x505	-
encoding_tree_2	1654	0x2363560	handler_value	-	-	-	0xF20280	0x0
encoding_tree_2	1655	0x2363570	key_handler	0xD06	13	6	0x1C19610	-
encoding_tree_2	1656	0x2363580	null_or_data	0x0	-	-	0x507	-
encoding_tree_2	1657	0x2363590	handler_value	-	-	-	0x1C19AB0	0x0
encoding_tree_2	1658	0x23635A0	key_handler	0x508	5	8	0x1C19F50	-
encoding_tree_2	1660	0x23635C0	key_handler	0xB00	11	0	0xFA8490	-
encoding_tree_2	1661	0x23635D0	null_or_data	0x0	-	-	0x501	-
encoding_tree_2	1662	0x23635E0	handler_value	-	-	-	0xFA8900	0x0
encoding_tree_2	1663	0x23635F0	key_handler	0x502	5	2	0xFA8DD0	-
encoding_tree_2	1664	0x2363600	null_or_data	0x0	-	-	0x603	-
encoding_tree_2	1665	0x2363610	handler_value	-	-	-	0xFA7240	0x0
encoding_tree_2	1666	0x2363620	key_handler	0x504	5	4	0xFA7B50	-
encoding_tree_2	1667	0x2363630	null_or_data	0x0	-	-	0x505	-
encoding_tree_2	1668	0x2363640	handler_value	-	-	-	0xFA7FF0	0x0
encoding_tree_2	1669	0x2363650	key_handler	0x706	7	6	0xFA76B0	-
encoding_tree_2	1670	0x2363660	null_or_data	0x0	-	-	0x507	-
encoding_tree_2	1671	0x2363670	handler_value	-	-	-	0x1075030	0x0
encoding_tree_2	1672	0x2363680	key_handler	0x508	5	8	0x1074B90	-
encoding_tree_2	1674	0x23636A0	key_handler	0xB00	11	0	0xF9E230	-
encoding_tree_2	1675	0x23636B0	null_or_data	0x0	-	-	0x501	-
encoding_tree_2	1676	0x23636C0	handler_value	-	-	-	0xF9E6A0	0x0
encoding_tree_2	1677	0x23636D0	key_handler	0x502	5	2	0xF9EB70	-
encoding_tree_2	1678	0x23636E0	null_or_data	0x0	-	-	0x603	-
encoding_tree_2	1679	0x23636F0	handler_value	-	-	-	0xF9CFE0	0x0
encoding_tree_2	1680	0x2363700	key_handler	0x504	5	4	0xF9D8F0	-
encoding_tree_2	1681	0x2363710	null_or_data	0x0	-	-	0x505	-
encoding_tree_2	1682	0x2363720	handler_value	-	-	-	0xF9DD90	0x0
encoding_tree_2	1683	0x2363730	key_handler	0x706	7	6	0xF9D450	-
encoding_tree_2	1684	0x2363740	null_or_data	0x0	-	-	0x507	-
encoding_tree_2	1685	0x2363750	handler_value	-	-	-	0x1074250	0x0
encoding_tree_2	1686	0x2363760	key_handler	0x508	5	8	0x10746F0	-
encoding_tree_2	1688	0x2363780	key_handler	0x300	3	0	0xED2980	-
encoding_tree_2	1689	0x2363790	null_or_data	0x0	-	-	0x301	-
encoding_tree_2	1690	0x23637A0	handler_value	-	-	-	0xECF0B0	0x0
encoding_tree_2	1691	0x23637B0	key_handler	0x302	3	2	0xECF5D0	-
encoding_tree_2	1692	0x23637C0	null_or_data	0x0	-	-	0x303	-
encoding_tree_2	1693	0x23637D0	handler_value	-	-	-	0xED2EA0	0x0
encoding_tree_2	1694	0x23637E0	key_handler	0x304	3	4	0xECFB10	-
encoding_tree_2	1695	0x23637F0	null_or_data	0x0	-	-	0x1905	-
encoding_tree_2	1696	0x2363800	handler_value	-	-	-	0xED0050	0x0
encoding_tree_2	1697	0x2363810	key_handler	0x306	3	6	0xED1A20	-
encoding_tree_2	1698	0x2363820	null_or_data	0x0	-	-	0x307	-
encoding_tree_2	1699	0x2363830	handler_value	-	-	-	0x1081060	0x0
encoding_tree_2	1700	0x2363840	key_handler	0x308	3	8	0xED1F20	-
encoding_tree_2	1701	0x2363850	null_or_data	0x0	-	-	0x1909	-
encoding_tree_2	1702	0x2363860	handler_value	-	-	-	0xED2440	0x0
encoding_tree_2	1703	0x2363870	key_handler	0x30A	3	10	0xECD6C0	-
encoding_tree_2	1704	0x2363880	null_or_data	0x0	-	-	0x30B	-
encoding_tree_2	1705	0x2363890	handler_value	-	-	-	0x1080B40	0x0
encoding_tree_2	1706	0x23638A0	key_handler	0x30C	3	12	0xECE100	-
encoding_tree_2	1707	0x23638B0	null_or_data	0x0	-	-	0x190D	-
encoding_tree_2	1708	0x23638C0	handler_value	-	-	-	0xECDBC0	0x0
encoding_tree_2	1709	0x23638D0	key_handler	0x190E	25	14	0x108D070	-
encoding_tree_2	1710	0x23638E0	null_or_data	0x0	-	-	0x190F	-
encoding_tree_2	1711	0x23638F0	handler_value	-	-	-	0xECE620	0x0
encoding_tree_2	1712	0x2363900	key_handler	0x1910	25	16	0xECEB70	-
encoding_tree_2	1713	0x2363910	null_or_data	0x0	-	-	0x1911	-
encoding_tree_2	1714	0x2363920	handler_value	-	-	-	0xED9340	0x0
encoding_tree_2	1715	0x2363930	key_handler	0x1912	25	18	0xED6900	-
encoding_tree_2	1716	0x2363940	null_or_data	0x0	-	-	0x1913	-
encoding_tree_2	1717	0x2363950	handler_value	-	-	-	0xED6E50	0x0
encoding_tree_2	1718	0x2363960	key_handler	0x1914	25	20	0xED8380	-
encoding_tree_2	1719	0x2363970	null_or_data	0x0	-	-	0x1915	-
encoding_tree_2	1720	0x2363980	handler_value	-	-	-	0x10881A0	0x0
encoding_tree_2	1721	0x2363990	key_handler	0x1916	25	22	0xED88A0	-
encoding_tree_2	1722	0x23639A0	null_or_data	0x0	-	-	0x1917	-
encoding_tree_2	1723	0x23639B0	handler_value	-	-	-	0xED8DE0	0x0
encoding_tree_2	1724	0x23639C0	key_handler	0x1918	25	24	0xED4E70	-
encoding_tree_2	1725	0x23639D0	null_or_data	0x0	-	-	0x1919	-
encoding_tree_2	1726	0x23639E0	handler_value	-	-	-	0x1087720	0x0
encoding_tree_2	1727	0x23639F0	key_handler	0x191A	25	26	0xED58F0	-
encoding_tree_2	1728	0x2363A00	null_or_data	0x0	-	-	0x191B	-
encoding_tree_2	1729	0x2363A10	handler_value	-	-	-	0xED5390	0x0
encoding_tree_2	1730	0x2363A20	key_handler	0x191C	25	28	0x1091F40	-
encoding_tree_2	1731	0x2363A30	null_or_data	0x0	-	-	0x191D	-
encoding_tree_2	1732	0x2363A40	handler_value	-	-	-	0xED5E30	0x0
encoding_tree_2	1733	0x2363A50	key_handler	0x191E	25	30	0xED63A0	-
encoding_tree_2	1734	0x2363A60	null_or_data	0x0	-	-	0x191F	-
encoding_tree_2	1735	0x2363A70	handler_value	-	-	-	0xED73C0	0x0
encoding_tree_2	1736	0x2363A80	key_handler	0x1920	25	32	0x1087C60	-
encoding_tree_2	1737	0x2363A90	null_or_data	0x0	-	-	0x1921	-
encoding_tree_2	1738	0x2363AA0	handler_value	-	-	-	0xED78E0	0x0
encoding_tree_2	1739	0x2363AB0	key_handler	0x1922	25	34	0xED7E20	-
encoding_tree_2	1740	0x2363AC0	null_or_data	0x0	-	-	0x1923	-
encoding_tree_2	1741	0x2363AD0	handler_value	-	-	-	0xED33E0	0x0
encoding_tree_2	1742	0x2363AE0	key_handler	0x1924	25	36	0x10871E0	-
encoding_tree_2	1743	0x2363AF0	null_or_data	0x0	-	-	0x1925	-
encoding_tree_2	1744	0x2363B00	handler_value	-	-	-	0xED3E60	0x0
encoding_tree_2	1745	0x2363B10	key_handler	0x1926	25	38	0xED3900	-
encoding_tree_2	1746	0x2363B20	null_or_data	0x0	-	-	0x1927	-
encoding_tree_2	1747	0x2363B30	handler_value	-	-	-	0x10924B0	0x0
encoding_tree_2	1748	0x2363B40	key_handler	0x1928	25	40	0xED43A0	-
encoding_tree_2	1749	0x2363B50	null_or_data	0x0	-	-	0x1929	-
encoding_tree_2	1750	0x2363B60	handler_value	-	-	-	0xED4910	0x0
encoding_tree_2	1751	0x2363B70	key_handler	0x32A	3	42	0xED05C0	-
encoding_tree_2	1752	0x2363B80	null_or_data	0x0	-	-	0x32B	-
encoding_tree_2	1753	0x2363B90	handler_value	-	-	-	0x1080100	0x0
encoding_tree_2	1754	0x2363BA0	key_handler	0x32C	3	44	0xED0AC0	-
encoding_tree_2	1755	0x2363BB0	null_or_data	0x0	-	-	0x192D	-
encoding_tree_2	1756	0x2363BC0	handler_value	-	-	-	0xED0FE0	0x0
encoding_tree_2	1757	0x2363BD0	key_handler	0x32E	3	46	0xECB290	-
encoding_tree_2	1758	0x2363BE0	null_or_data	0x0	-	-	0x32F	-
encoding_tree_2	1759	0x2363BF0	handler_value	-	-	-	0x1080620	0x0
encoding_tree_2	1760	0x2363C00	key_handler	0x330	3	48	0xECB790	-
encoding_tree_2	1761	0x2363C10	null_or_data	0x0	-	-	0x1931	-
encoding_tree_2	1762	0x2363C20	handler_value	-	-	-	0xECC1B0	0x0
encoding_tree_2	1763	0x2363C30	key_handler	0x1932	25	50	0x108D5C0	-
encoding_tree_2	1764	0x2363C40	null_or_data	0x0	-	-	0x1933	-
encoding_tree_2	1765	0x2363C50	handler_value	-	-	-	0xECC6F0	0x0
encoding_tree_2	1766	0x2363C60	key_handler	0x1934	25	52	0xECD180	-
encoding_tree_2	1767	0x2363C70	null_or_data	0x0	-	-	0x335	-
encoding_tree_2	1768	0x2363C80	handler_value	-	-	-	0x107E2E0	0x0
encoding_tree_2	1769	0x2363C90	key_handler	0x336	3	54	0xED1520	-
encoding_tree_2	1770	0x2363CA0	null_or_data	0x0	-	-	0x337	-
encoding_tree_2	1771	0x2363CB0	handler_value	-	-	-	0x107E7E0	0x0
encoding_tree_2	1772	0x2363CC0	key_handler	0x338	3	56	0xECBCB0	-
encoding_tree_2	1773	0x2363CD0	null_or_data	0x0	-	-	0x1939	-
encoding_tree_2	1774	0x2363CE0	handler_value	-	-	-	0x1086CA0	0x0
encoding_tree_2	1775	0x2363CF0	key_handler	0x193A	25	58	0xECCC40	-
encoding_tree_2	1776	0x2363D00	null_or_data	0x0	-	-	0x193B	-
encoding_tree_2	1777	0x2363D10	handler_value	-	-	-	0xEDAC30	0x0
encoding_tree_2	1778	0x2363D20	key_handler	0x33C	3	60	0xED9D50	-
encoding_tree_2	1779	0x2363D30	null_or_data	0x0	-	-	0x193D	-
encoding_tree_2	1780	0x2363D40	handler_value	-	-	-	0x17AF230	0x0
encoding_tree_2	1781	0x2363D50	key_handler	0x193E	25	62	0xEDB170	-
encoding_tree_2	1782	0x2363D60	null_or_data	0x0	-	-	0x33F	-
encoding_tree_2	1783	0x2363D70	handler_value	-	-	-	0x17AED30	0x0
encoding_tree_2	1784	0x2363D80	key_handler	0x340	3	64	0xEDA230	-
encoding_tree_2	1785	0x2363D90	null_or_data	0x0	-	-	0x1941	-
encoding_tree_2	1786	0x2363DA0	handler_value	-	-	-	0xEDA730	0x0
encoding_tree_2	1787	0x2363DB0	key_handler	0x1942	25	66	0xEDC0A0	-
encoding_tree_2	1788	0x2363DC0	null_or_data	0x0	-	-	0x343	-
encoding_tree_2	1789	0x2363DD0	handler_value	-	-	-	0xED9890	0x0
encoding_tree_2	1790	0x2363DE0	key_handler	0x344	3	68	0xEDB6C0	-
encoding_tree_2	1791	0x2363DF0	null_or_data	0x0	-	-	0x1945	-
encoding_tree_2	1792	0x2363E00	handler_value	-	-	-	0xEDC5E0	0x0
encoding_tree_2	1793	0x2363E10	key_handler	0x346	3	70	0xEDBBC0	-
encoding_tree_2	1796	0x2363E40	key_handler	0x1900	25	0	0x17D86E0	-
encoding_tree_2	1797	0x2363E50	null_or_data	0x0	-	-	0x1901	-
encoding_tree_2	1798	0x2363E60	handler_value	-	-	-	0x17D8C50	0x0
encoding_tree_2	1799	0x2363E70	key_handler	0x1902	25	2	0xF9F580	-
encoding_tree_2	1800	0x2363E80	null_or_data	0x0	-	-	0x1903	-
encoding_tree_2	1801	0x2363E90	handler_value	-	-	-	0xF9F040	0x0
encoding_tree_2	1802	0x2363EA0	key_handler	0x1904	25	4	0xFA1970	-
encoding_tree_2	1803	0x2363EB0	null_or_data	0x0	-	-	0x1905	-
encoding_tree_2	1804	0x2363EC0	handler_value	-	-	-	0x108A120	0x0
encoding_tree_2	1805	0x2363ED0	key_handler	0x1906	25	6	0xFA2390	-
encoding_tree_2	1806	0x2363EE0	null_or_data	0x0	-	-	0x1907	-
encoding_tree_2	1807	0x2363EF0	handler_value	-	-	-	0xFA28D0	0x0
encoding_tree_2	1808	0x2363F00	key_handler	0x1908	25	8	0xFA4740	-
encoding_tree_2	1809	0x2363F10	null_or_data	0x0	-	-	0x1909	-
encoding_tree_2	1810	0x2363F20	handler_value	-	-	-	0xFA3D50	0x0
encoding_tree_2	1811	0x2363F30	key_handler	0x190A	25	10	0x107F1F0	-
encoding_tree_2	1812	0x2363F40	null_or_data	0x0	-	-	0x190B	-
encoding_tree_2	1813	0x2363F50	handler_value	-	-	-	0xFA4240	0x0
encoding_tree_2	1814	0x2363F60	key_handler	0x190C	25	12	0xFA1480	-
encoding_tree_2	1815	0x2363F70	null_or_data	0x0	-	-	0x190D	-
encoding_tree_2	1816	0x2363F80	handler_value	-	-	-	0x107F6F0	0x0
encoding_tree_2	1817	0x2363F90	key_handler	0x190E	25	14	0xFA1E90	-
encoding_tree_2	1818	0x2363FA0	null_or_data	0x0	-	-	0x190F	-
encoding_tree_2	1819	0x2363FB0	handler_value	-	-	-	0xFA04E0	0x0
encoding_tree_2	1820	0x2363FC0	key_handler	0x1910	25	16	0x108A660	-
encoding_tree_2	1821	0x2363FD0	null_or_data	0x0	-	-	0x1911	-
encoding_tree_2	1822	0x2363FE0	handler_value	-	-	-	0xFA0A00	0x0
encoding_tree_2	1823	0x2363FF0	key_handler	0x1912	25	18	0xFA0F40	-
encoding_tree_2	1824	0x2364000	null_or_data	0x0	-	-	0x1913	-
encoding_tree_2	1825	0x2364010	handler_value	-	-	-	0xFA3810	0x0
encoding_tree_2	1826	0x2364020	key_handler	0x1914	25	20	0xFA2E00	-
encoding_tree_2	1827	0x2364030	null_or_data	0x0	-	-	0x1915	-
encoding_tree_2	1828	0x2364040	handler_value	-	-	-	0x1081AA0	0x0
encoding_tree_2	1829	0x2364050	key_handler	0x1916	25	22	0xFA3300	-
encoding_tree_2	1830	0x2364060	null_or_data	0x0	-	-	0x1917	-
encoding_tree_2	1831	0x2364070	handler_value	-	-	-	0xF9FAD0	0x0
encoding_tree_2	1832	0x2364080	key_handler	0x1918	25	24	0x1083410	-
encoding_tree_2	1833	0x2364090	null_or_data	0x0	-	-	0x1919	-
encoding_tree_2	1834	0x23640A0	handler_value	-	-	-	0xF9FFD0	0x0
encoding_tree_2	1836	0x23640C0	key_handler	0x500	5	0	0xFE0130	-
encoding_tree_2	1837	0x23640D0	null_or_data	0x0	-	-	0x501	-
encoding_tree_2	1838	0x23640E0	handler_value	-	-	-	0xFE05C0	0x0
encoding_tree_2	1839	0x23640F0	key_handler	0x306	3	6	0xFE0F50	-
encoding_tree_2	1840	0x2364100	null_or_data	0x0	-	-	0x307	-
encoding_tree_2	1841	0x2364110	handler_value	-	-	-	0xFE0A50	0x0
encoding_tree_2	1842	0x2364120	key_handler	0xA00	10	0	0xFC1280	-
encoding_tree_2	1843	0x2364130	null_or_data	0x0	-	-	0x1201	-
encoding_tree_2	1844	0x2364140	handler_value	-	-	-	0xFC1BD0	0x0
encoding_tree_2	1845	0x2364150	key_handler	0xA02	10	2	0xFC1720	-
encoding_tree_2	1846	0x2364160	null_or_data	0x0	-	-	0x1203	-
encoding_tree_2	1847	0x2364170	handler_value	-	-	-	0xFC2090	0x0
encoding_tree_2	1848	0x2364180	key_handler	0x30C	3	12	0xFC2A70	-
encoding_tree_2	1849	0x2364190	null_or_data	0x0	-	-	0x30D	-
encoding_tree_2	1850	0x23641A0	handler_value	-	-	-	0xFC2550	0x0
encoding_tree_2	1851	0x23641B0	key_handler	0x160E	22	14	0xFC3EC0	-
encoding_tree_2	1852	0x23641C0	null_or_data	0x0	-	-	0x160F	-
encoding_tree_2	1853	0x23641D0	handler_value	-	-	-	0xFC3980	0x0
encoding_tree_2	1854	0x23641E0	key_handler	0x310	3	16	0xFC3480	-
encoding_tree_2	1855	0x23641F0	null_or_data	0x0	-	-	0x311	-
encoding_tree_2	1856	0x2364200	handler_value	-	-	-	0xFC2F70	0x0
encoding_tree_2	1857	0x2364210	key_handler	0x1612	22	18	0xFC4910	-
encoding_tree_2	1858	0x2364220	null_or_data	0x0	-	-	0x1613	-
encoding_tree_2	1859	0x2364230	handler_value	-	-	-	0xFC43E0	0x0
encoding_tree_2	1860	0x2364240	key_handler	0x500	5	0	0xF5ED70	-
encoding_tree_2	1861	0x2364250	null_or_data	0x0	-	-	0x303	-
encoding_tree_2	1862	0x2364260	handler_value	-	-	-	0xF600C0	0x0
encoding_tree_2	1863	0x2364270	key_handler	0x304	3	4	0xF5FBC0	-
encoding_tree_2	1864	0x2364280	null_or_data	0x0	-	-	0x505	-
encoding_tree_2	1865	0x2364290	handler_value	-	-	-	0xF5E900	0x0
encoding_tree_2	1866	0x23642A0	key_handler	0x308	3	8	0xF5F6F0	-
encoding_tree_2	1867	0x23642B0	null_or_data	0x0	-	-	0x309	-
encoding_tree_2	1868	0x23642C0	handler_value	-	-	-	0xF5F200	0x0
encoding_tree_2	1870	0x23642E0	key_handler	0x500	5	0	0xF23090	-
encoding_tree_2	1871	0x23642F0	null_or_data	0x0	-	-	0x501	-
encoding_tree_2	1872	0x2364300	handler_value	-	-	-	0xF24EE0	0x0
encoding_tree_2	1873	0x2364310	key_handler	0x502	5	2	0xF22C70	-
encoding_tree_2	1874	0x2364320	null_or_data	0x0	-	-	0x503	-
encoding_tree_2	1875	0x2364330	handler_value	-	-	-	0xF22830	0x0
encoding_tree_2	1876	0x2364340	key_handler	0x504	5	4	0x1076B80	-
encoding_tree_2	1877	0x2364350	null_or_data	0x0	-	-	0x505	-
encoding_tree_2	1878	0x2364360	handler_value	-	-	-	0x1076FC0	0x0
encoding_tree_2	1879	0x2364370	key_handler	0x506	5	6	0xF24680	-
encoding_tree_2	1880	0x2364380	null_or_data	0x0	-	-	0x507	-
encoding_tree_2	1881	0x2364390	handler_value	-	-	-	0x1068360	0x0
encoding_tree_2	1882	0x23643A0	key_handler	0x508	5	8	0xF24AC0	-
encoding_tree_2	1883	0x23643B0	null_or_data	0x0	-	-	0x509	-
encoding_tree_2	1884	0x23643C0	handler_value	-	-	-	0x106B1A0	0x0
encoding_tree_2	1885	0x23643D0	key_handler	0xB0A	11	10	0xF23910	-
encoding_tree_2	1886	0x23643E0	null_or_data	0x0	-	-	0x50B	-
encoding_tree_2	1887	0x23643F0	handler_value	-	-	-	0xF234B0	0x0
encoding_tree_2	1888	0x2364400	key_handler	0x50C	5	12	0xF24240	-
encoding_tree_2	1889	0x2364410	null_or_data	0x0	-	-	0x50D	-
encoding_tree_2	1890	0x2364420	handler_value	-	-	-	0x10713F0	0x0
encoding_tree_2	1891	0x2364430	key_handler	0x50E	5	14	0xF23DC0	-
encoding_tree_2	1893	0x2364450	key_handler	0x300	3	0	0x17D2960	-
encoding_tree_2	1896	0x2364480	key_handler	0x500	5	0	0xEE9230	-
encoding_tree_2	1897	0x2364490	null_or_data	0x0	-	-	0x1E02	-
encoding_tree_2	1898	0x23644A0	handler_value	-	-	-	0xEE9690	0x0
encoding_tree_2	1899	0x23644B0	key_handler	0x503	5	3	0xEE9B50	-
encoding_tree_2	1900	0x23644C0	null_or_data	0x0	-	-	0x1E05	-
encoding_tree_2	1901	0x23644D0	handler_value	-	-	-	0xEE9FB0	0x0
encoding_tree_2	1902	0x23644E0	key_handler	0x506	5	6	0xEDEA40	-
encoding_tree_2	1903	0x23644F0	null_or_data	0x0	-	-	0xB07	-
encoding_tree_2	1904	0x2364500	handler_value	-	-	-	0xEDDCA0	0x0
encoding_tree_2	1905	0x2364510	key_handler	0x508	5	8	0xEDE130	-
encoding_tree_2	1906	0x2364520	null_or_data	0x0	-	-	0xB09	-
encoding_tree_2	1907	0x2364530	handler_value	-	-	-	0xEDE5B0	0x0
encoding_tree_2	1908	0x2364540	key_handler	0x30E	3	14	0xEDF360	-
encoding_tree_2	1909	0x2364550	null_or_data	0x0	-	-	0x160F	-
encoding_tree_2	1910	0x2364560	handler_value	-	-	-	0xEDFCF0	0x0
encoding_tree_2	1911	0x2364570	key_handler	0x310	3	16	0xEE0680	-
encoding_tree_2	1912	0x2364580	null_or_data	0x0	-	-	0x1611	-
encoding_tree_2	1913	0x2364590	handler_value	-	-	-	0xEE1010	0x0
encoding_tree_2	1914	0x23645A0	key_handler	0x212	2	18	0xEE2490	-
encoding_tree_2	1915	0x23645B0	null_or_data	0x0	-	-	0x1213	-
encoding_tree_2	1916	0x23645C0	handler_value	-	-	-	0xEE3970	0x0
encoding_tree_2	1917	0x23645D0	key_handler	0x214	2	20	0xEE4E20	-
encoding_tree_2	1918	0x23645E0	null_or_data	0x0	-	-	0x1215	-
encoding_tree_2	1919	0x23645F0	handler_value	-	-	-	0xEE6310	0x0
encoding_tree_2	1920	0x2364600	key_handler	0x31A	3	26	0xEE1A50	-
encoding_tree_2	1921	0x2364610	null_or_data	0x0	-	-	0x161B	-
encoding_tree_2	1922	0x2364620	handler_value	-	-	-	0xEE2EF0	0x0
encoding_tree_2	1923	0x2364630	key_handler	0x31C	3	28	0xEE43D0	-
encoding_tree_2	1924	0x2364640	null_or_data	0x0	-	-	0x161D	-
encoding_tree_2	1925	0x2364650	handler_value	-	-	-	0xEE5890	0x0
encoding_tree_2	1926	0x2364660	key_handler	0x21E	2	30	0xEE1FA0	-
encoding_tree_2	1927	0x2364670	null_or_data	0x0	-	-	0x121F	-
encoding_tree_2	1928	0x2364680	handler_value	-	-	-	0xEE3460	0x0
encoding_tree_2	1929	0x2364690	key_handler	0x220	2	32	0xEE4920	-
encoding_tree_2	1930	0x23646A0	null_or_data	0x0	-	-	0x1221	-
encoding_tree_2	1931	0x23646B0	handler_value	-	-	-	0xEE5E00	0x0
encoding_tree_2	1932	0x23646C0	key_handler	0x326	3	38	0xEE1500	-
encoding_tree_2	1933	0x23646D0	null_or_data	0x0	-	-	0x1627	-
encoding_tree_2	1934	0x23646E0	handler_value	-	-	-	0xEE2980	0x0
encoding_tree_2	1935	0x23646F0	key_handler	0x328	3	40	0xEE3E80	-
encoding_tree_2	1936	0x2364700	null_or_data	0x0	-	-	0x1629	-
encoding_tree_2	1937	0x2364710	handler_value	-	-	-	0xEE5320	0x0
encoding_tree_2	1938	0x2364720	key_handler	0x52A	5	42	0xEDD850	-
encoding_tree_2	1939	0x2364730	null_or_data	0x0	-	-	0xB2B	-
encoding_tree_2	1940	0x2364740	handler_value	-	-	-	0xEDCB10	0x0
encoding_tree_2	1941	0x2364750	key_handler	0x52C	5	44	0xEDCF80	-
encoding_tree_2	1942	0x2364760	null_or_data	0x0	-	-	0xB2D	-
encoding_tree_2	1943	0x2364770	handler_value	-	-	-	0xEDD3E0	0x0
encoding_tree_2	1944	0x2364780	key_handler	0x332	3	50	0xEDEEB0	-
encoding_tree_2	1945	0x2364790	null_or_data	0x0	-	-	0x1633	-
encoding_tree_2	1946	0x23647A0	handler_value	-	-	-	0xEDF830	0x0
encoding_tree_2	1947	0x23647B0	key_handler	0x334	3	52	0xEE01E0	-
encoding_tree_2	1948	0x23647C0	null_or_data	0x0	-	-	0x1635	-
encoding_tree_2	1949	0x23647D0	handler_value	-	-	-	0xEE0B50	0x0
encoding_tree_2	1950	0x23647E0	key_handler	0x536	5	54	0xEE6820	-
encoding_tree_2	1951	0x23647F0	null_or_data	0x0	-	-	0x537	-
encoding_tree_2	1952	0x2364800	handler_value	-	-	-	0xEE83D0	0x0
encoding_tree_2	1953	0x2364810	key_handler	0x538	5	56	0xEE7EF0	-
encoding_tree_2	1954	0x2364820	null_or_data	0x0	-	-	0x639	-
encoding_tree_2	1955	0x2364830	handler_value	-	-	-	0xEE8D60	0x0
encoding_tree_2	1956	0x2364840	key_handler	0x33A	3	58	0xEE8870	-
encoding_tree_2	1957	0x2364850	null_or_data	0x0	-	-	0x53B	-
encoding_tree_2	1958	0x2364860	handler_value	-	-	-	0xEE6C40	0x0
encoding_tree_2	1959	0x2364870	key_handler	0x53C	5	60	0xEE7A40	-
encoding_tree_2	1960	0x2364880	null_or_data	0x0	-	-	0x63D	-
encoding_tree_2	1961	0x2364890	handler_value	-	-	-	0xEE7590	0x0
encoding_tree_2	1962	0x23648A0	key_handler	0x33E	3	62	0xEE70C0	-
encoding_tree_2	1964	0x23648C0	key_handler	0x500	5	0	0xFDE560	-
encoding_tree_2	1966	0x23648E0	key_handler	0xA00	10	0	0x1568CD0	-
encoding_tree_2	1967	0x23648F0	null_or_data	0x0	-	-	0x301	-
encoding_tree_2	1968	0x2364900	handler_value	-	-	-	0x15695E0	0x0
encoding_tree_2	1969	0x2364910	key_handler	0xA02	10	2	0x1569F00	-
encoding_tree_2	1970	0x2364920	null_or_data	0x0	-	-	0x303	-
encoding_tree_2	1971	0x2364930	handler_value	-	-	-	0x1569150	0x0
encoding_tree_2	1972	0x2364940	key_handler	0xA04	10	4	0x1569A80	-
encoding_tree_2	1974	0x2364960	key_handler	0x1E00	30	0	0x17E92B0	-
encoding_tree_2	1975	0x2364970	null_or_data	0x0	-	-	0x501	-
encoding_tree_2	1976	0x2364980	handler_value	-	-	-	0x17E8E60	0x0
encoding_tree_2	1978	0x23649A0	key_handler	0x200	2	0	0x152BF00	-
encoding_tree_2	1979	0x23649B0	null_or_data	0x0	-	-	0x301	-
encoding_tree_2	1980	0x23649C0	handler_value	-	-	-	0x152C860	0x0
encoding_tree_2	1981	0x23649D0	key_handler	0x202	2	2	0x152CD20	-
encoding_tree_2	1982	0x23649E0	null_or_data	0x0	-	-	0x303	-
encoding_tree_2	1983	0x23649F0	handler_value	-	-	-	0x152BA60	0x0
encoding_tree_2	1984	0x2364A00	key_handler	0x204	2	4	0x152C3B0	-
encoding_tree_2	1986	0x2364A20	key_handler	0x200	2	0	0x152A790	-
encoding_tree_2	1987	0x2364A30	null_or_data	0x0	-	-	0x301	-
encoding_tree_2	1988	0x2364A40	handler_value	-	-	-	0x152B0F0	0x0
encoding_tree_2	1989	0x2364A50	key_handler	0x202	2	2	0x152B5B0	-
encoding_tree_2	1990	0x2364A60	null_or_data	0x0	-	-	0x303	-
encoding_tree_2	1991	0x2364A70	handler_value	-	-	-	0x152A2F0	0x0
encoding_tree_2	1992	0x2364A80	key_handler	0x204	2	4	0x152AC40	-
encoding_tree_2	1994	0x2364AA0	key_handler	0x2300	35	0	0x1557DB0	-
encoding_tree_2	1995	0x2364AB0	null_or_data	0x0	-	-	0x1301	-
encoding_tree_2	1996	0x2364AC0	handler_value	-	-	-	0x1557750	0x0
encoding_tree_2	1997	0x2364AD0	key_handler	0x1302	19	2	0x15583D0	-
encoding_tree_2	1998	0x2364AE0	null_or_data	0x0	-	-	0x203	-
encoding_tree_2	1999	0x2364AF0	handler_value	-	-	-	0x1558A30	0x0
encoding_tree_2	2000	0x2364B00	key_handler	0x304	3	4	0x1558EB0	-
encoding_tree_2	2001	0x2364B10	null_or_data	0x0	-	-	0x205	-
encoding_tree_2	2002	0x2364B20	handler_value	-	-	-	0x1559350	0x0
encoding_tree_2	2003	0x2364B30	key_handler	0x306	3	6	0x1556680	-
encoding_tree_2	2004	0x2364B40	null_or_data	0x0	-	-	0xA07	-
encoding_tree_2	2005	0x2364B50	handler_value	-	-	-	0x15571A0	0x0
encoding_tree_2	2006	0x2364B60	key_handler	0xA08	10	8	0x1556BF0	-
encoding_tree_2	2008	0x2364B80	key_handler	0xA00	10	0	0xFDD360	-
encoding_tree_2	2010	0x2364BA0	key_handler	0x1300	19	0	0xFDCDC0	-
encoding_tree_2	2012	0x2364BC0	key_handler	0xA00	10	0	0xFDC300	-
encoding_tree_2	2013	0x2364BD0	null_or_data	0x0	-	-	0xA01	-
encoding_tree_2	2014	0x2364BE0	handler_value	-	-	-	0xFDC870	0x0
encoding_tree_2	2016	0x2364C00	key_handler	0x500	5	0	0xFD9730	-
encoding_tree_2	2017	0x2364C10	null_or_data	0x0	-	-	0x1301	-
encoding_tree_2	2018	0x2364C20	handler_value	-	-	-	0xFD91F0	0x0
encoding_tree_2	2020	0x2364C40	key_handler	0x1300	19	0	0xFD8CA0	-
encoding_tree_2	2021	0x2364C50	null_or_data	0x0	-	-	0x1301	-
encoding_tree_2	2022	0x2364C60	handler_value	-	-	-	0x1092F90	0x0
encoding_tree_2	2024	0x2364C80	key_handler	0x2300	35	0	0x1552040	-
encoding_tree_2	2025	0x2364C90	null_or_data	0x0	-	-	0x1301	-
encoding_tree_2	2026	0x2364CA0	handler_value	-	-	-	0x15519E0	0x0
encoding_tree_2	2027	0x2364CB0	key_handler	0x1302	19	2	0x1552660	-
encoding_tree_2	2028	0x2364CC0	null_or_data	0x0	-	-	0x203	-
encoding_tree_2	2029	0x2364CD0	handler_value	-	-	-	0x1552CC0	0x0
encoding_tree_2	2030	0x2364CE0	key_handler	0x304	3	4	0x1553140	-
encoding_tree_2	2031	0x2364CF0	null_or_data	0x0	-	-	0x205	-
encoding_tree_2	2032	0x2364D00	handler_value	-	-	-	0x15535E0	0x0
encoding_tree_2	2033	0x2364D10	key_handler	0x306	3	6	0x1550910	-
encoding_tree_2	2034	0x2364D20	null_or_data	0x0	-	-	0xA07	-
encoding_tree_2	2035	0x2364D30	handler_value	-	-	-	0x1551430	0x0
encoding_tree_2	2036	0x2364D40	key_handler	0xA08	10	8	0x1550E80	-
encoding_tree_2	2038	0x2364D60	key_handler	0x1300	19	0	0xFD8740	-
encoding_tree_2	2040	0x2364D80	key_handler	0x500	5	0	0x1070180	-
encoding_tree_2	2041	0x2364D90	null_or_data	0x0	-	-	0x501	-
encoding_tree_2	2042	0x2364DA0	handler_value	-	-	-	0x1096D90	0x0
encoding_tree_2	2043	0x2364DB0	key_handler	0x502	5	2	0x1070610	-
encoding_tree_2	2044	0x2364DC0	null_or_data	0x0	-	-	0x503	-
encoding_tree_2	2045	0x2364DD0	handler_value	-	-	-	0x1097220	0x0
encoding_tree_2	2046	0x2364DE0	key_handler	0x504	5	4	0x106EF40	-
encoding_tree_2	2047	0x2364DF0	null_or_data	0x0	-	-	0x505	-
encoding_tree_2	2048	0x2364E00	handler_value	-	-	-	0x106DE00	0x0
encoding_tree_2	2049	0x2364E10	key_handler	0x506	5	6	0xF5E020	-
encoding_tree_2	2050	0x2364E20	null_or_data	0x0	-	-	0x507	-
encoding_tree_2	2051	0x2364E30	handler_value	-	-	-	0xF5E490	0x0
encoding_tree_2	2052	0x2364E40	key_handler	0x508	5	8	0xF5D700	-
encoding_tree_2	2053	0x2364E50	null_or_data	0x0	-	-	0x509	-
encoding_tree_2	2054	0x2364E60	handler_value	-	-	-	0x10976B0	0x0
encoding_tree_2	2055	0x2364E70	key_handler	0x50A	5	10	0xF5D260	-
encoding_tree_2	2056	0x2364E80	null_or_data	0x0	-	-	0x50B	-
encoding_tree_2	2057	0x2364E90	handler_value	-	-	-	0xF5DB90	0x0
encoding_tree_2	2058	0x2364EA0	key_handler	0x1900	25	0	0x17DC400	-
encoding_tree_2	2059	0x2364EB0	null_or_data	0x0	-	-	0x1901	-
encoding_tree_2	2060	0x2364EC0	handler_value	-	-	-	0x17DC970	0x0
encoding_tree_2	2061	0x2364ED0	key_handler	0x302	3	2	0xFD1FB0	-
encoding_tree_2	2062	0x2364EE0	null_or_data	0x0	-	-	0x303	-
encoding_tree_2	2063	0x2364EF0	handler_value	-	-	-	0xFD1AB0	0x0
encoding_tree_2	2064	0x2364F00	key_handler	0x1904	25	4	0xFD24D0	-
encoding_tree_2	2065	0x2364F10	null_or_data	0x0	-	-	0x1905	-
encoding_tree_2	2066	0x2364F20	handler_value	-	-	-	0x1081580	0x0
encoding_tree_2	2067	0x2364F30	key_handler	0x1906	25	6	0xFD3380	-
encoding_tree_2	2068	0x2364F40	null_or_data	0x0	-	-	0x1907	-
encoding_tree_2	2069	0x2364F50	handler_value	-	-	-	0xFD4270	0x0
encoding_tree_2	2070	0x2364F60	key_handler	0x1908	25	8	0xFD51C0	-
encoding_tree_2	2071	0x2364F70	null_or_data	0x0	-	-	0x1909	-
encoding_tree_2	2072	0x2364F80	handler_value	-	-	-	0xFD47B0	0x0
encoding_tree_2	2073	0x2364F90	key_handler	0x190A	25	10	0x10824C0	-
encoding_tree_2	2074	0x2364FA0	null_or_data	0x0	-	-	0x190B	-
encoding_tree_2	2075	0x2364FB0	handler_value	-	-	-	0xFD4CB0	0x0
encoding_tree_2	2076	0x2364FC0	key_handler	0x190C	25	12	0xFD29D0	-
encoding_tree_2	2077	0x2364FD0	null_or_data	0x0	-	-	0x190D	-
encoding_tree_2	2078	0x2364FE0	handler_value	-	-	-	0x1081FB0	0x0
encoding_tree_2	2079	0x2364FF0	key_handler	0x190E	25	14	0xFD38A0	-
encoding_tree_2	2080	0x2365000	null_or_data	0x0	-	-	0x30F	-
encoding_tree_2	2081	0x2365010	handler_value	-	-	-	0xFD5BC0	0x0
encoding_tree_2	2082	0x2365020	key_handler	0x310	3	16	0xFD60A0	-
encoding_tree_2	2083	0x2365030	null_or_data	0x0	-	-	0x311	-
encoding_tree_2	2084	0x2365040	handler_value	-	-	-	0xFD5700	0x0
encoding_tree_2	2085	0x2365050	key_handler	0x312	3	18	0xFCEA50	-
encoding_tree_2	2086	0x2365060	null_or_data	0x0	-	-	0x313	-
encoding_tree_2	2087	0x2365070	handler_value	-	-	-	0x107CA60	0x0
encoding_tree_2	2088	0x2365080	key_handler	0x314	3	20	0xFCEF20	-
encoding_tree_2	2089	0x2365090	null_or_data	0x0	-	-	0x1915	-
encoding_tree_2	2090	0x23650A0	handler_value	-	-	-	0xFD06E0	0x0
encoding_tree_2	2091	0x23650B0	key_handler	0x1916	25	22	0xFD15A0	-
encoding_tree_2	2092	0x23650C0	null_or_data	0x0	-	-	0x317	-
encoding_tree_2	2093	0x23650D0	handler_value	-	-	-	0xFD0BF0	0x0
encoding_tree_2	2094	0x23650E0	key_handler	0x318	3	24	0x107C580	-
encoding_tree_2	2095	0x23650F0	null_or_data	0x0	-	-	0x319	-
encoding_tree_2	2096	0x2365100	handler_value	-	-	-	0xFD10C0	0x0
encoding_tree_2	2097	0x2365110	key_handler	0x31A	3	26	0xFD69C0	-
encoding_tree_2	2098	0x2365120	null_or_data	0x0	-	-	0x191B	-
encoding_tree_2	2099	0x2365130	handler_value	-	-	-	0xFD7830	0x0
encoding_tree_2	2100	0x2365140	key_handler	0x31C	3	28	0xFD6540	-
encoding_tree_2	2101	0x2365150	null_or_data	0x0	-	-	0x31D	-
encoding_tree_2	2102	0x2365160	handler_value	-	-	-	0xFD6E90	0x0
encoding_tree_2	2103	0x2365170	key_handler	0x31E	3	30	0xFCF410	-
encoding_tree_2	2104	0x2365180	null_or_data	0x0	-	-	0x31F	-
encoding_tree_2	2105	0x2365190	handler_value	-	-	-	0x107D440	0x0
encoding_tree_2	2106	0x23651A0	key_handler	0x320	3	32	0xFCF8E0	-
encoding_tree_2	2107	0x23651B0	null_or_data	0x0	-	-	0x321	-
encoding_tree_2	2108	0x23651C0	handler_value	-	-	-	0xFD2ED0	0x0
encoding_tree_2	2109	0x23651D0	key_handler	0x322	3	34	0x1078230	-
encoding_tree_2	2110	0x23651E0	null_or_data	0x0	-	-	0x323	-
encoding_tree_2	2111	0x23651F0	handler_value	-	-	-	0xFD3DB0	0x0
encoding_tree_2	2112	0x2365200	key_handler	0x324	3	36	0x1071870	-
encoding_tree_2	2113	0x2365210	null_or_data	0x0	-	-	0x325	-
encoding_tree_2	2114	0x2365220	handler_value	-	-	-	0xFD7350	0x0
encoding_tree_2	2115	0x2365230	key_handler	0x326	3	38	0xFCFDC0	-
encoding_tree_2	2116	0x2365240	null_or_data	0x0	-	-	0x327	-
encoding_tree_2	2117	0x2365250	handler_value	-	-	-	0x106FCE0	0x0
encoding_tree_2	2118	0x2365260	key_handler	0x328	3	40	0xFD0240	-
encoding_tree_2	2119	0x2365270	null_or_data	0x0	-	-	0x1929	-
encoding_tree_2	2120	0x2365280	handler_value	-	-	-	0x17DBE50	0x0
encoding_tree_2	2121	0x2365290	key_handler	0x192A	25	42	0x180C1C0	-
encoding_tree_2	2122	0x23652A0	null_or_data	0x0	-	-	0x192B	-
encoding_tree_2	2123	0x23652B0	handler_value	-	-	-	0x180BC40	0x0
encoding_tree_2	2124	0x23652C0	key_handler	0x192C	25	44	0x17DB8D0	-
encoding_tree_2	2126	0x23652E0	key_handler	0x500	5	0	0xFC6CB0	-
encoding_tree_2	2127	0x23652F0	null_or_data	0x0	-	-	0x301	-
encoding_tree_2	2128	0x2365300	handler_value	-	-	-	0xFC7120	0x0
encoding_tree_2	2129	0x2365310	key_handler	0x502	5	2	0xFC75B0	-
encoding_tree_2	2130	0x2365320	null_or_data	0x0	-	-	0x303	-
encoding_tree_2	2131	0x2365330	handler_value	-	-	-	0xFC7E80	0x0
encoding_tree_2	2132	0x2365340	key_handler	0x504	5	4	0xFC7A20	-
encoding_tree_2	2134	0x2365360	key_handler	0x500	5	0	0xFC4E30	-
encoding_tree_2	2135	0x2365370	null_or_data	0x0	-	-	0x301	-
encoding_tree_2	2136	0x2365380	handler_value	-	-	-	0xFC5280	0x0
encoding_tree_2	2137	0x2365390	key_handler	0x302	3	2	0xFC5B40	-
encoding_tree_2	2138	0x23653A0	null_or_data	0x0	-	-	0x503	-
encoding_tree_2	2139	0x23653B0	handler_value	-	-	-	0xFC56F0	0x0
encoding_tree_2	2140	0x23653C0	key_handler	0x304	3	4	0xFC63F0	-
encoding_tree_2	2141	0x23653D0	null_or_data	0x0	-	-	0x305	-
encoding_tree_2	2142	0x23653E0	handler_value	-	-	-	0xFC6850	0x0
encoding_tree_2	2143	0x23653F0	key_handler	0x506	5	6	0xFC5FB0	-
encoding_tree_2	2146	0x2365420	key_handler	0x200	2	0	0xFBEB80	-
encoding_tree_2	2147	0x2365430	null_or_data	0x0	-	-	0x301	-
encoding_tree_2	2148	0x2365440	handler_value	-	-	-	0xFBF060	0x0
encoding_tree_2	2149	0x2365450	key_handler	0x202	2	2	0xFBFA40	-
encoding_tree_2	2150	0x2365460	null_or_data	0x0	-	-	0x303	-
encoding_tree_2	2151	0x2365470	handler_value	-	-	-	0xFBF550	0x0
encoding_tree_2	2152	0x2365480	key_handler	0x304	3	4	0xFC0D90	-
encoding_tree_2	2153	0x2365490	null_or_data	0x0	-	-	0x205	-
encoding_tree_2	2154	0x23654A0	handler_value	-	-	-	0xFBFF10	0x0
encoding_tree_2	2155	0x23654B0	key_handler	0x306	3	6	0xFC08A0	-
encoding_tree_2	2156	0x23654C0	null_or_data	0x0	-	-	0x207	-
encoding_tree_2	2157	0x23654D0	handler_value	-	-	-	0xFC03E0	0x0
encoding_tree_2	2158	0x23654E0	key_handler	0x500	5	0	0xFBD530	-
encoding_tree_2	2159	0x23654F0	null_or_data	0x0	-	-	0x301	-
encoding_tree_2	2160	0x2365500	handler_value	-	-	-	0xFBD9A0	0x0
encoding_tree_2	2161	0x2365510	key_handler	0x502	5	2	0xFBDE30	-
encoding_tree_2	2162	0x2365520	null_or_data	0x0	-	-	0x303	-
encoding_tree_2	2163	0x2365530	handler_value	-	-	-	0xFBE700	0x0
encoding_tree_2	2164	0x2365540	key_handler	0x504	5	4	0xFBE2A0	-
encoding_tree_2	2166	0x2365560	key_handler	0x700	7	0	0x1071D20	-
encoding_tree_2	2167	0x2365570	null_or_data	0x0	-	-	0x701	-
encoding_tree_2	2168	0x2365580	handler_value	-	-	-	0x10721E0	0x0
encoding_tree_2	2169	0x2365590	key_handler	0x702	7	2	0xFA68C0	-
encoding_tree_2	2170	0x23655A0	null_or_data	0x0	-	-	0x703	-
encoding_tree_2	2171	0x23655B0	handler_value	-	-	-	0xFA6D80	0x0
encoding_tree_2	2172	0x23655C0	key_handler	0x500	5	0	0xFA4C70	-
encoding_tree_2	2173	0x23655D0	null_or_data	0x0	-	-	0x303	-
encoding_tree_2	2174	0x23655E0	handler_value	-	-	-	0xFA5A40	0x0
encoding_tree_2	2175	0x23655F0	key_handler	0x304	3	4	0xFA5550	-
encoding_tree_2	2176	0x2365600	null_or_data	0x0	-	-	0x505	-
encoding_tree_2	2177	0x2365610	handler_value	-	-	-	0x1567E30	0x0
encoding_tree_2	2178	0x2365620	key_handler	0x306	3	6	0x15682D0	-
encoding_tree_2	2179	0x2365630	null_or_data	0x0	-	-	0x307	-
encoding_tree_2	2180	0x2365640	handler_value	-	-	-	0x15687C0	0x0
encoding_tree_2	2181	0x2365650	key_handler	0x508	5	8	0xFA50E0	-
encoding_tree_2	2182	0x2365660	null_or_data	0x0	-	-	0x30B	-
encoding_tree_2	2183	0x2365670	handler_value	-	-	-	0xFA63F0	0x0
encoding_tree_2	2184	0x2365680	key_handler	0x30C	3	12	0xFA5F10	-
encoding_tree_2	2186	0x23656A0	key_handler	0x300	3	0	0xF30AD0	-
encoding_tree_2	2187	0x23656B0	null_or_data	0x0	-	-	0x301	-
encoding_tree_2	2188	0x23656C0	handler_value	-	-	-	0x106BA50	0x0
encoding_tree_2	2189	0x23656D0	key_handler	0x302	3	2	0xF30F30	-
encoding_tree_2	2192	0x2365700	key_handler	0x200	2	0	0xF9AFB0	-
encoding_tree_2	2193	0x2365710	null_or_data	0x0	-	-	0x301	-
encoding_tree_2	2194	0x2365720	handler_value	-	-	-	0xF9BD80	0x0
encoding_tree_2	2195	0x2365730	key_handler	0x202	2	2	0xF9C230	-
encoding_tree_2	2196	0x2365740	null_or_data	0x0	-	-	0x303	-
encoding_tree_2	2197	0x2365750	handler_value	-	-	-	0xF9B440	0x0
encoding_tree_2	2198	0x2365760	key_handler	0x204	2	4	0xF9B8F0	-
encoding_tree_2	2199	0x2365770	null_or_data	0x0	-	-	0x305	-
encoding_tree_2	2200	0x2365780	handler_value	-	-	-	0xF9CB40	0x0
encoding_tree_2	2201	0x2365790	key_handler	0x206	2	6	0xF9C6C0	-
encoding_tree_2	2204	0x23657C0	key_handler	0x500	5	0	0xF99170	-
encoding_tree_2	2205	0x23657D0	null_or_data	0x0	-	-	0x601	-
encoding_tree_2	2206	0x23657E0	handler_value	-	-	-	0xF995C0	0x0
encoding_tree_2	2207	0x23657F0	key_handler	0x502	5	2	0xF99A10	-
encoding_tree_2	2208	0x2365800	null_or_data	0x0	-	-	0x603	-
encoding_tree_2	2209	0x2365810	handler_value	-	-	-	0xF9A2B0	0x0
encoding_tree_2	2210	0x2365820	key_handler	0x504	5	4	0xF99E60	-
encoding_tree_2	2212	0x2365840	key_handler	0xB00	11	0	0xF98D40	-
encoding_tree_2	2214	0x2365860	key_handler	0x200	2	0	0xF8D190	-
encoding_tree_2	2216	0x2365880	key_handler	0x500	5	0	0xF8CD60	-
encoding_tree_2	2217	0x2365890	null_or_data	0x0	-	-	0x501	-
encoding_tree_2	2218	0x23658A0	handler_value	-	-	-	0xF8BFF0	0x0
encoding_tree_2	2219	0x23658B0	key_handler	0x602	6	2	0xF8C460	-
encoding_tree_2	2220	0x23658C0	null_or_data	0x0	-	-	0x503	-
encoding_tree_2	2221	0x23658D0	handler_value	-	-	-	0xF8C8F0	0x0
encoding_tree_2	2222	0x23658E0	key_handler	0x500	5	0	0xF8E3D0	-
encoding_tree_2	2223	0x23658F0	null_or_data	0x0	-	-	0x301	-
encoding_tree_2	2224	0x2365900	handler_value	-	-	-	0xF8E840	0x0
encoding_tree_2	2225	0x2365910	key_handler	0x502	5	2	0xF8ECA0	-
encoding_tree_2	2226	0x2365920	null_or_data	0x0	-	-	0x303	-
encoding_tree_2	2227	0x2365930	handler_value	-	-	-	0xF907B0	0x0
encoding_tree_2	2228	0x2365940	key_handler	0x504	5	4	0xF90340	-
encoding_tree_2	2229	0x2365950	null_or_data	0x0	-	-	0x205	-
encoding_tree_2	2230	0x2365960	handler_value	-	-	-	0xF8D560	0x0
encoding_tree_2	2231	0x2365970	key_handler	0x306	3	6	0xF8DA40	-
encoding_tree_2	2232	0x2365980	null_or_data	0x0	-	-	0x207	-
encoding_tree_2	2233	0x2365990	handler_value	-	-	-	0xF8DF00	0x0
encoding_tree_2	2234	0x23659A0	key_handler	0x308	3	8	0xF8FE80	-
encoding_tree_2	2235	0x23659B0	null_or_data	0x0	-	-	0x209	-
encoding_tree_2	2236	0x23659C0	handler_value	-	-	-	0xF8F9B0	0x0
encoding_tree_2	2237	0x23659D0	key_handler	0x50A	5	10	0xF8F560	-
encoding_tree_2	2238	0x23659E0	null_or_data	0x0	-	-	0x50B	-
encoding_tree_2	2239	0x23659F0	handler_value	-	-	-	0xF8F110	0x0
encoding_tree_2	2240	0x2365A00	key_handler	0x50C	5	12	0xF90C10	-
encoding_tree_2	2242	0x2365A20	key_handler	0xA00	10	0	0xF4A850	-
encoding_tree_2	2243	0x2365A30	null_or_data	0x0	-	-	0x301	-
encoding_tree_2	2244	0x2365A40	handler_value	-	-	-	0xF4AD10	0x0
encoding_tree_2	2245	0x2365A50	key_handler	0xA02	10	2	0xF4B1E0	-
encoding_tree_2	2246	0x2365A60	null_or_data	0x0	-	-	0x303	-
encoding_tree_2	2247	0x2365A70	handler_value	-	-	-	0xF4DA10	0x0
encoding_tree_2	2248	0x2365A80	key_handler	0xA04	10	4	0xF4D570	-
encoding_tree_2	2249	0x2365A90	null_or_data	0x0	-	-	0xA05	-
encoding_tree_2	2250	0x2365AA0	handler_value	-	-	-	0xF498C0	0x0
encoding_tree_2	2251	0x2365AB0	key_handler	0x306	3	6	0xF49DF0	-
encoding_tree_2	2252	0x2365AC0	null_or_data	0x0	-	-	0xA07	-
encoding_tree_2	2253	0x2365AD0	handler_value	-	-	-	0xF4A330	0x0
encoding_tree_2	2254	0x2365AE0	key_handler	0x308	3	8	0xF4D040	-
encoding_tree_2	2255	0x2365AF0	null_or_data	0x0	-	-	0xA09	-
encoding_tree_2	2256	0x2365B00	handler_value	-	-	-	0xF4CB30	0x0
encoding_tree_2	2257	0x2365B10	key_handler	0xA0A	10	10	0xF4B690	-
encoding_tree_2	2258	0x2365B20	null_or_data	0x0	-	-	0xA0B	-
encoding_tree_2	2259	0x2365B30	handler_value	-	-	-	0xF50810	0x0
encoding_tree_2	2260	0x2365B40	key_handler	0xA0C	10	12	0xF4F350	-
encoding_tree_2	2261	0x2365B50	null_or_data	0x0	-	-	0xA0D	-
encoding_tree_2	2262	0x2365B60	handler_value	-	-	-	0xF512A0	0x0
encoding_tree_2	2263	0x2365B70	key_handler	0xA0E	10	14	0xF51800	-
encoding_tree_2	2264	0x2365B80	null_or_data	0x0	-	-	0xA0F	-
encoding_tree_2	2265	0x2365B90	handler_value	-	-	-	0xF4C0E0	0x0
encoding_tree_2	2266	0x2365BA0	key_handler	0xA10	10	16	0xF50D60	-
encoding_tree_2	2267	0x2365BB0	null_or_data	0x0	-	-	0xA11	-
encoding_tree_2	2268	0x2365BC0	handler_value	-	-	-	0xF4F8A0	0x0
encoding_tree_2	2269	0x2365BD0	key_handler	0xA12	10	18	0xF4DED0	-
encoding_tree_2	2270	0x2365BE0	null_or_data	0x0	-	-	0xA13	-
encoding_tree_2	2271	0x2365BF0	handler_value	-	-	-	0xF531E0	0x0
encoding_tree_2	2272	0x2365C00	key_handler	0xA14	10	20	0xF52790	-
encoding_tree_2	2273	0x2365C10	null_or_data	0x0	-	-	0xA15	-
encoding_tree_2	2274	0x2365C20	handler_value	-	-	-	0xF53C30	0x0
encoding_tree_2	2275	0x2365C30	key_handler	0xA16	10	22	0xF4C620	-
encoding_tree_2	2276	0x2365C40	null_or_data	0x0	-	-	0xA17	-
encoding_tree_2	2277	0x2365C50	handler_value	-	-	-	0xF4FDF0	0x0
encoding_tree_2	2278	0x2365C60	key_handler	0xA18	10	24	0xF4E920	-
encoding_tree_2	2279	0x2365C70	null_or_data	0x0	-	-	0xA19	-
encoding_tree_2	2280	0x2365C80	handler_value	-	-	-	0xF51D50	0x0
encoding_tree_2	2281	0x2365C90	key_handler	0xA1A	10	26	0xF52270	-
encoding_tree_2	2282	0x2365CA0	null_or_data	0x0	-	-	0xA1B	-
encoding_tree_2	2283	0x2365CB0	handler_value	-	-	-	0xF4BBD0	0x0
encoding_tree_2	2284	0x2365CC0	key_handler	0xA1C	10	28	0xF4E410	-
encoding_tree_2	2285	0x2365CD0	null_or_data	0x0	-	-	0xA1D	-
encoding_tree_2	2286	0x2365CE0	handler_value	-	-	-	0xF53720	0x0
encoding_tree_2	2287	0x2365CF0	key_handler	0xA1E	10	30	0xF52CD0	-
encoding_tree_2	2288	0x2365D00	null_or_data	0x0	-	-	0xA1F	-
encoding_tree_2	2289	0x2365D10	handler_value	-	-	-	0xF50300	0x0
encoding_tree_2	2290	0x2365D20	key_handler	0xA20	10	32	0xF4EE40	-
encoding_tree_2	2291	0x2365D30	null_or_data	0x0	-	-	0xA21	-
encoding_tree_2	2292	0x2365D40	handler_value	-	-	-	0xF54170	0x0
encoding_tree_2	2294	0x2365D60	key_handler	0x200	2	0	0xFECCB0	-
encoding_tree_2	2295	0x2365D70	null_or_data	0x0	-	-	0xA01	-
encoding_tree_2	2296	0x2365D80	handler_value	-	-	-	0xFEEB40	0x0
encoding_tree_2	2297	0x2365D90	key_handler	0x302	3	2	0xFED630	-
encoding_tree_2	2298	0x2365DA0	null_or_data	0x0	-	-	0x303	-
encoding_tree_2	2299	0x2365DB0	handler_value	-	-	-	0xFEF560	0x0
encoding_tree_2	2300	0x2365DC0	key_handler	0x204	2	4	0xFED170	-
encoding_tree_2	2301	0x2365DD0	null_or_data	0x0	-	-	0xA05	-
encoding_tree_2	2302	0x2365DE0	handler_value	-	-	-	0xFEF050	0x0
encoding_tree_2	2303	0x2365DF0	key_handler	0x306	3	6	0xFF1300	-
encoding_tree_2	2304	0x2365E00	null_or_data	0x0	-	-	0x307	-
encoding_tree_2	2305	0x2365E10	handler_value	-	-	-	0xFF2760	0x0
encoding_tree_2	2306	0x2365E20	key_handler	0x208	2	8	0xFF0940	-
encoding_tree_2	2307	0x2365E30	null_or_data	0x0	-	-	0xA09	-
encoding_tree_2	2308	0x2365E40	handler_value	-	-	-	0xFF1D10	0x0
encoding_tree_2	2309	0x2365E50	key_handler	0xA0A	10	10	0xFEBD50	-
encoding_tree_2	2310	0x2365E60	null_or_data	0x0	-	-	0xA0B	-
encoding_tree_2	2311	0x2365E70	handler_value	-	-	-	0xFEDAE0	0x0
encoding_tree_2	2312	0x2365E80	key_handler	0x30C	3	12	0xFEC7A0	-
encoding_tree_2	2313	0x2365E90	null_or_data	0x0	-	-	0x30D	-
encoding_tree_2	2314	0x2365EA0	handler_value	-	-	-	0xFEE5E0	0x0
encoding_tree_2	2315	0x2365EB0	key_handler	0xA0E	10	14	0xFEC280	-
encoding_tree_2	2316	0x2365EC0	null_or_data	0x0	-	-	0xA0F	-
encoding_tree_2	2317	0x2365ED0	handler_value	-	-	-	0xFEE060	0x0
encoding_tree_2	2318	0x2365EE0	key_handler	0x310	3	16	0xFF0DF0	-
encoding_tree_2	2319	0x2365EF0	null_or_data	0x0	-	-	0x311	-
encoding_tree_2	2320	0x2365F00	handler_value	-	-	-	0xFF2210	0x0
encoding_tree_2	2321	0x2365F10	key_handler	0xA12	10	18	0xFF0420	-
encoding_tree_2	2322	0x2365F20	null_or_data	0x0	-	-	0xA13	-
encoding_tree_2	2323	0x2365F30	handler_value	-	-	-	0xFF17A0	0x0
encoding_tree_2	2324	0x2365F40	key_handler	0x214	2	20	0xFEFF40	-
encoding_tree_2	2325	0x2365F50	null_or_data	0x0	-	-	0x215	-
encoding_tree_2	2326	0x2365F60	handler_value	-	-	-	0xFEFA60	0x0
encoding_tree_2	2327	0x2365F70	key_handler	0x216	2	22	0xFF2C50	-
encoding_tree_2	2330	0x2365FA0	key_handler	0x200	2	0	0xF928C0	-
encoding_tree_2	2331	0x2365FB0	null_or_data	0x0	-	-	0xA01	-
encoding_tree_2	2332	0x2365FC0	handler_value	-	-	-	0xF94750	0x0
encoding_tree_2	2333	0x2365FD0	key_handler	0x302	3	2	0xF93240	-
encoding_tree_2	2334	0x2365FE0	null_or_data	0x0	-	-	0x303	-
encoding_tree_2	2335	0x2365FF0	handler_value	-	-	-	0xF95170	0x0
encoding_tree_2	2336	0x2366000	key_handler	0x204	2	4	0xF92D80	-
encoding_tree_2	2337	0x2366010	null_or_data	0x0	-	-	0xA05	-
encoding_tree_2	2338	0x2366020	handler_value	-	-	-	0xF94C60	0x0
encoding_tree_2	2339	0x2366030	key_handler	0x306	3	6	0xF96F10	-
encoding_tree_2	2340	0x2366040	null_or_data	0x0	-	-	0x307	-
encoding_tree_2	2341	0x2366050	handler_value	-	-	-	0xF98370	0x0
encoding_tree_2	2342	0x2366060	key_handler	0x208	2	8	0xF96550	-
encoding_tree_2	2343	0x2366070	null_or_data	0x0	-	-	0xA09	-
encoding_tree_2	2344	0x2366080	handler_value	-	-	-	0xF97920	0x0
encoding_tree_2	2345	0x2366090	key_handler	0xA0A	10	10	0xF91960	-
encoding_tree_2	2346	0x23660A0	null_or_data	0x0	-	-	0xA0B	-
encoding_tree_2	2347	0x23660B0	handler_value	-	-	-	0xF936F0	0x0
encoding_tree_2	2348	0x23660C0	key_handler	0x30C	3	12	0xF923B0	-
encoding_tree_2	2349	0x23660D0	null_or_data	0x0	-	-	0x30D	-
encoding_tree_2	2350	0x23660E0	handler_value	-	-	-	0xF941F0	0x0
encoding_tree_2	2351	0x23660F0	key_handler	0xA0E	10	14	0xF91E90	-
encoding_tree_2	2352	0x2366100	null_or_data	0x0	-	-	0xA0F	-
encoding_tree_2	2353	0x2366110	handler_value	-	-	-	0xF93C70	0x0
encoding_tree_2	2354	0x2366120	key_handler	0x310	3	16	0xF96A00	-
encoding_tree_2	2355	0x2366130	null_or_data	0x0	-	-	0x311	-
encoding_tree_2	2356	0x2366140	handler_value	-	-	-	0xF97E20	0x0
encoding_tree_2	2357	0x2366150	key_handler	0xA12	10	18	0xF96030	-
encoding_tree_2	2358	0x2366160	null_or_data	0x0	-	-	0xA13	-
encoding_tree_2	2359	0x2366170	handler_value	-	-	-	0xF973B0	0x0
encoding_tree_2	2360	0x2366180	key_handler	0x214	2	20	0xF95B50	-
encoding_tree_2	2361	0x2366190	null_or_data	0x0	-	-	0x215	-
encoding_tree_2	2362	0x23661A0	handler_value	-	-	-	0xF95670	0x0
encoding_tree_2	2363	0x23661B0	key_handler	0x216	2	22	0xF98860	-
encoding_tree_2	2366	0x23661E0	key_handler	0x200	2	0	0xEC4E10	-
encoding_tree_2	2367	0x23661F0	null_or_data	0x0	-	-	0xA01	-
encoding_tree_2	2368	0x2366200	handler_value	-	-	-	0xEC6CA0	0x0
encoding_tree_2	2369	0x2366210	key_handler	0x302	3	2	0xEC5790	-
encoding_tree_2	2370	0x2366220	null_or_data	0x0	-	-	0x303	-
encoding_tree_2	2371	0x2366230	handler_value	-	-	-	0xEC76C0	0x0
encoding_tree_2	2372	0x2366240	key_handler	0x204	2	4	0xEC52D0	-
encoding_tree_2	2373	0x2366250	null_or_data	0x0	-	-	0xA05	-
encoding_tree_2	2374	0x2366260	handler_value	-	-	-	0xEC71B0	0x0
encoding_tree_2	2375	0x2366270	key_handler	0x306	3	6	0xEC9460	-
encoding_tree_2	2376	0x2366280	null_or_data	0x0	-	-	0x307	-
encoding_tree_2	2377	0x2366290	handler_value	-	-	-	0xECA8C0	0x0
encoding_tree_2	2378	0x23662A0	key_handler	0x208	2	8	0xEC8AA0	-
encoding_tree_2	2379	0x23662B0	null_or_data	0x0	-	-	0xA09	-
encoding_tree_2	2380	0x23662C0	handler_value	-	-	-	0xEC9E70	0x0
encoding_tree_2	2381	0x23662D0	key_handler	0xA0A	10	10	0xEC3EB0	-
encoding_tree_2	2382	0x23662E0	null_or_data	0x0	-	-	0xA0B	-
encoding_tree_2	2383	0x23662F0	handler_value	-	-	-	0xEC5C40	0x0
encoding_tree_2	2384	0x2366300	key_handler	0x30C	3	12	0xEC4900	-
encoding_tree_2	2385	0x2366310	null_or_data	0x0	-	-	0x30D	-
encoding_tree_2	2386	0x2366320	handler_value	-	-	-	0xEC6740	0x0
encoding_tree_2	2387	0x2366330	key_handler	0xA0E	10	14	0xEC43E0	-
encoding_tree_2	2388	0x2366340	null_or_data	0x0	-	-	0xA0F	-
encoding_tree_2	2389	0x2366350	handler_value	-	-	-	0xEC61C0	0x0
encoding_tree_2	2390	0x2366360	key_handler	0x310	3	16	0xEC8F50	-
encoding_tree_2	2391	0x2366370	null_or_data	0x0	-	-	0x311	-
encoding_tree_2	2392	0x2366380	handler_value	-	-	-	0xECA370	0x0
encoding_tree_2	2393	0x2366390	key_handler	0xA12	10	18	0xEC8580	-
encoding_tree_2	2394	0x23663A0	null_or_data	0x0	-	-	0xA13	-
encoding_tree_2	2395	0x23663B0	handler_value	-	-	-	0xEC9900	0x0
encoding_tree_2	2396	0x23663C0	key_handler	0x214	2	20	0xEC80A0	-
encoding_tree_2	2397	0x23663D0	null_or_data	0x0	-	-	0x215	-
encoding_tree_2	2398	0x23663E0	handler_value	-	-	-	0xEC7BC0	0x0
encoding_tree_2	2399	0x23663F0	key_handler	0x216	2	22	0xECADB0	-
encoding_tree_2	2402	0x2366420	key_handler	0x900	9	0	0xF47440	-
encoding_tree_2	2403	0x2366430	null_or_data	0x0	-	-	0x901	-
encoding_tree_2	2404	0x2366440	handler_value	-	-	-	0xF478A0	0x0
encoding_tree_2	2406	0x2366460	key_handler	0xA00	10	0	0xF40F80	-
encoding_tree_2	2407	0x2366470	null_or_data	0x0	-	-	0x301	-
encoding_tree_2	2408	0x2366480	handler_value	-	-	-	0xF41FE0	0x0
encoding_tree_2	2409	0x2366490	key_handler	0x302	3	2	0xF41A80	-
encoding_tree_2	2410	0x23664A0	null_or_data	0x0	-	-	0xA03	-
encoding_tree_2	2411	0x23664B0	handler_value	-	-	-	0xF41500	0x0
encoding_tree_2	2412	0x23664C0	key_handler	0x304	3	4	0xF43550	-
encoding_tree_2	2413	0x23664D0	null_or_data	0x0	-	-	0x305	-
encoding_tree_2	2414	0x23664E0	handler_value	-	-	-	0xF43AA0	0x0
encoding_tree_2	2415	0x23664F0	key_handler	0xA06	10	6	0xF42FE0	-
encoding_tree_2	2416	0x2366500	null_or_data	0x0	-	-	0xA07	-
encoding_tree_2	2417	0x2366510	handler_value	-	-	-	0xF44F20	0x0
encoding_tree_2	2418	0x2366520	key_handler	0x308	3	8	0xF45A10	-
encoding_tree_2	2419	0x2366530	null_or_data	0x0	-	-	0xA09	-
encoding_tree_2	2420	0x2366540	handler_value	-	-	-	0xF454A0	0x0
encoding_tree_2	2421	0x2366550	key_handler	0x30A	3	10	0xF46EE0	-
encoding_tree_2	2422	0x2366560	null_or_data	0x0	-	-	0xA0B	-
encoding_tree_2	2423	0x2366570	handler_value	-	-	-	0xF46970	0x0
encoding_tree_2	2424	0x2366580	key_handler	0xA0C	10	12	0xF3D2F0	-
encoding_tree_2	2425	0x2366590	null_or_data	0x0	-	-	0x30D	-
encoding_tree_2	2426	0x23665A0	handler_value	-	-	-	0xF3E210	0x0
encoding_tree_2	2427	0x23665B0	key_handler	0x30E	3	14	0xF3DD10	-
encoding_tree_2	2428	0x23665C0	null_or_data	0x0	-	-	0xA0F	-
encoding_tree_2	2429	0x23665D0	handler_value	-	-	-	0xF3D800	0x0
encoding_tree_2	2430	0x23665E0	key_handler	0x310	3	16	0xF3F5C0	-
encoding_tree_2	2431	0x23665F0	null_or_data	0x0	-	-	0x311	-
encoding_tree_2	2432	0x2366600	handler_value	-	-	-	0xF3FAA0	0x0
encoding_tree_2	2433	0x2366610	key_handler	0xA12	10	18	0xF3F0C0	-
encoding_tree_2	2434	0x2366620	null_or_data	0x0	-	-	0xA13	-
encoding_tree_2	2435	0x2366630	handler_value	-	-	-	0xF44000	0x0
encoding_tree_2	2436	0x2366640	key_handler	0x314	3	20	0xF44A20	-
encoding_tree_2	2437	0x2366650	null_or_data	0x0	-	-	0xA15	-
encoding_tree_2	2438	0x2366660	handler_value	-	-	-	0xF44510	0x0
encoding_tree_2	2439	0x2366670	key_handler	0x316	3	22	0xF46480	-
encoding_tree_2	2440	0x2366680	null_or_data	0x0	-	-	0xA17	-
encoding_tree_2	2441	0x2366690	handler_value	-	-	-	0xF45F80	0x0
encoding_tree_2	2442	0x23666A0	key_handler	0xA18	10	24	0xF3FF90	-
encoding_tree_2	2443	0x23666B0	null_or_data	0x0	-	-	0x319	-
encoding_tree_2	2444	0x23666C0	handler_value	-	-	-	0xF40A40	0x0
encoding_tree_2	2445	0x23666D0	key_handler	0xA1A	10	26	0xF404F0	-
encoding_tree_2	2446	0x23666E0	null_or_data	0x0	-	-	0x31B	-
encoding_tree_2	2447	0x23666F0	handler_value	-	-	-	0xF42AA0	0x0
encoding_tree_2	2448	0x2366700	key_handler	0xA1C	10	28	0xF42550	-
encoding_tree_2	2449	0x2366710	null_or_data	0x0	-	-	0xA1D	-
encoding_tree_2	2450	0x2366720	handler_value	-	-	-	0xF3C440	0x0
encoding_tree_2	2451	0x2366730	key_handler	0x31E	3	30	0xF3CE20	-
encoding_tree_2	2452	0x2366740	null_or_data	0x0	-	-	0xA1F	-
encoding_tree_2	2453	0x2366750	handler_value	-	-	-	0xF3C930	0x0
encoding_tree_2	2454	0x2366760	key_handler	0x320	3	32	0xF3EBF0	-
encoding_tree_2	2455	0x2366770	null_or_data	0x0	-	-	0xA21	-
encoding_tree_2	2456	0x2366780	handler_value	-	-	-	0xF3E710	0x0
encoding_tree_2	2457	0x2366790	key_handler	0x500	5	0	0xFF3130	-
encoding_tree_2	2460	0x23667C0	key_handler	0x500	5	0	0xF00D80	-
encoding_tree_2	2461	0x23667D0	null_or_data	0x0	-	-	0x501	-
encoding_tree_2	2462	0x23667E0	handler_value	-	-	-	0xEFACF0	0x0
encoding_tree_2	2463	0x23667F0	key_handler	0x1302	19	2	0x17B3970	-
encoding_tree_2	2464	0x2366800	null_or_data	0x0	-	-	0x503	-
encoding_tree_2	2465	0x2366810	handler_value	-	-	-	0x17B2EA0	0x0
encoding_tree_2	2466	0x2366820	key_handler	0x1304	19	4	0x17B7850	-
encoding_tree_2	2467	0x2366830	null_or_data	0x0	-	-	0x507	-
encoding_tree_2	2468	0x2366840	handler_value	-	-	-	0x17B7330	0x0
encoding_tree_2	2469	0x2366850	key_handler	0x508	5	8	0xF01A70	-
encoding_tree_2	2470	0x2366860	null_or_data	0x0	-	-	0x509	-
encoding_tree_2	2471	0x2366870	handler_value	-	-	-	0xF01ED0	0x0
encoding_tree_2	2472	0x2366880	key_handler	0x50A	5	10	0xF02360	-
encoding_tree_2	2473	0x2366890	null_or_data	0x0	-	-	0x130D	-
encoding_tree_2	2474	0x23668A0	handler_value	-	-	-	0x1532470	0x0
encoding_tree_2	2475	0x23668B0	key_handler	0x130E	19	14	0x1531EA0	-
encoding_tree_2	2476	0x23668C0	null_or_data	0x0	-	-	0x130F	-
encoding_tree_2	2477	0x23668D0	handler_value	-	-	-	0x15300F0	0x0
encoding_tree_2	2478	0x23668E0	key_handler	0x1312	19	18	0x15330C0	-
encoding_tree_2	2479	0x23668F0	null_or_data	0x0	-	-	0x1313	-
encoding_tree_2	2480	0x2366900	handler_value	-	-	-	0x1532A80	0x0
encoding_tree_2	2481	0x2366910	key_handler	0x1314	19	20	0x152FAE0	-
encoding_tree_2	2482	0x2366920	null_or_data	0x0	-	-	0x515	-
encoding_tree_2	2483	0x2366930	handler_value	-	-	-	0xF011C0	0x0
encoding_tree_2	2484	0x2366940	key_handler	0x516	5	22	0xF01620	-
encoding_tree_2	2485	0x2366950	null_or_data	0x0	-	-	0x517	-
encoding_tree_2	2486	0x2366960	handler_value	-	-	-	0xEF8FB0	0x0
encoding_tree_2	2487	0x2366970	key_handler	0x1A18	26	24	0xEFA030	-
encoding_tree_2	2488	0x2366980	null_or_data	0x0	-	-	0x2619	-
encoding_tree_2	2489	0x2366990	handler_value	-	-	-	0xEFA680	0x0
encoding_tree_2	2490	0x23669A0	key_handler	0x1A1A	26	26	0x10AD700	-
encoding_tree_2	2491	0x23669B0	null_or_data	0x0	-	-	0x1A1B	-
encoding_tree_2	2492	0x23669C0	handler_value	-	-	-	0xEF93D0	0x0
encoding_tree_2	2493	0x23669D0	key_handler	0x1A1C	26	28	0x10AD0D0	-
encoding_tree_2	2494	0x23669E0	null_or_data	0x0	-	-	0x1A1D	-
encoding_tree_2	2495	0x23669F0	handler_value	-	-	-	0xEF9A00	0x0
encoding_tree_2	2496	0x2366A00	key_handler	0x31E	3	30	0xEF8B00	-
encoding_tree_2	2497	0x2366A10	null_or_data	0x0	-	-	0x31F	-
encoding_tree_2	2498	0x2366A20	handler_value	-	-	-	0x1075D50	0x0
encoding_tree_2	2499	0x2366A30	key_handler	0x520	5	32	0xF00510	-
encoding_tree_2	2500	0x2366A40	null_or_data	0x0	-	-	0x521	-
encoding_tree_2	2501	0x2366A50	handler_value	-	-	-	0xF00950	0x0
encoding_tree_2	2502	0x2366A60	key_handler	0x1322	19	34	0xEFD2E0	-
encoding_tree_2	2503	0x2366A70	null_or_data	0x0	-	-	0x1323	-
encoding_tree_2	2504	0x2366A80	handler_value	-	-	-	0xEFC790	0x0
encoding_tree_2	2505	0x2366A90	key_handler	0x1324	19	36	0x17B6D60	-
encoding_tree_2	2506	0x2366AA0	null_or_data	0x0	-	-	0x1326	-
encoding_tree_2	2507	0x2366AB0	handler_value	-	-	-	0x17B67D0	0x0
encoding_tree_2	2508	0x2366AC0	key_handler	0x1328	19	40	0xEFCD20	-
encoding_tree_2	2509	0x2366AD0	null_or_data	0x0	-	-	0x1329	-
encoding_tree_2	2510	0x2366AE0	handler_value	-	-	-	0x1530CE0	0x0
encoding_tree_2	2511	0x2366AF0	key_handler	0x132A	19	42	0x1530740	-
encoding_tree_2	2512	0x2366B00	null_or_data	0x0	-	-	0x1331	-
encoding_tree_2	2513	0x2366B10	handler_value	-	-	-	0x1531890	0x0
encoding_tree_2	2514	0x2366B20	key_handler	0x1332	19	50	0x15312C0	-
encoding_tree_2	2516	0x2366B40	key_handler	0x1900	25	0	0xF34220	-
encoding_tree_2	2517	0x2366B50	null_or_data	0x0	-	-	0x1901	-
encoding_tree_2	2518	0x2366B60	handler_value	-	-	-	0xF33780	0x0
encoding_tree_2	2519	0x2366B70	key_handler	0x1902	25	2	0x108F9E0	-
encoding_tree_2	2520	0x2366B80	null_or_data	0x0	-	-	0x1903	-
encoding_tree_2	2521	0x2366B90	handler_value	-	-	-	0xF33CC0	0x0
encoding_tree_2	2522	0x2366BA0	key_handler	0x304	3	4	0xF3A260	-
encoding_tree_2	2523	0x2366BB0	null_or_data	0x0	-	-	0x305	-
encoding_tree_2	2524	0x2366BC0	handler_value	-	-	-	0xF3A6E0	0x0
encoding_tree_2	2525	0x2366BD0	key_handler	0x306	3	6	0xF39DC0	-
encoding_tree_2	2526	0x2366BE0	null_or_data	0x0	-	-	0x307	-
encoding_tree_2	2527	0x2366BF0	handler_value	-	-	-	0xF39940	0x0
encoding_tree_2	2528	0x2366C00	key_handler	0x1908	25	8	0xF37760	-
encoding_tree_2	2529	0x2366C10	null_or_data	0x0	-	-	0x1909	-
encoding_tree_2	2530	0x2366C20	handler_value	-	-	-	0xF36C80	0x0
encoding_tree_2	2531	0x2366C30	key_handler	0x190A	25	10	0x1094D90	-
encoding_tree_2	2532	0x2366C40	null_or_data	0x0	-	-	0x190B	-
encoding_tree_2	2533	0x2366C50	handler_value	-	-	-	0xF371E0	0x0
encoding_tree_2	2534	0x2366C60	key_handler	0x190C	25	12	0xF347A0	-
encoding_tree_2	2535	0x2366C70	null_or_data	0x0	-	-	0x190D	-
encoding_tree_2	2536	0x2366C80	handler_value	-	-	-	0x108FF40	0x0
encoding_tree_2	2537	0x2366C90	key_handler	0x190E	25	14	0xF35710	-
encoding_tree_2	2538	0x2366CA0	null_or_data	0x0	-	-	0x190F	-
encoding_tree_2	2539	0x2366CB0	handler_value	-	-	-	0xF366E0	0x0
encoding_tree_2	2540	0x2366CC0	key_handler	0x1910	25	16	0xF34CE0	-
encoding_tree_2	2541	0x2366CD0	null_or_data	0x0	-	-	0x1911	-
encoding_tree_2	2542	0x2366CE0	handler_value	-	-	-	0x1095310	0x0
encoding_tree_2	2543	0x2366CF0	key_handler	0x1912	25	18	0xF35C70	-
encoding_tree_2	2544	0x2366D00	null_or_data	0x0	-	-	0x313	-
encoding_tree_2	2545	0x2366D10	handler_value	-	-	-	0xF381C0	0x0
encoding_tree_2	2546	0x2366D20	key_handler	0x314	3	20	0xF386A0	-
encoding_tree_2	2547	0x2366D30	null_or_data	0x0	-	-	0x315	-
encoding_tree_2	2548	0x2366D40	handler_value	-	-	-	0xF37D00	0x0
encoding_tree_2	2549	0x2366D50	key_handler	0x316	3	22	0xF313B0	-
encoding_tree_2	2550	0x2366D60	null_or_data	0x0	-	-	0x317	-
encoding_tree_2	2551	0x2366D70	handler_value	-	-	-	0x1085CF0	0x0
encoding_tree_2	2552	0x2366D80	key_handler	0x318	3	24	0xF318C0	-
encoding_tree_2	2553	0x2366D90	null_or_data	0x0	-	-	0x1919	-
encoding_tree_2	2554	0x2366DA0	handler_value	-	-	-	0xF33200	0x0
encoding_tree_2	2555	0x2366DB0	key_handler	0x31A	3	26	0xF39470	-
encoding_tree_2	2556	0x2366DC0	null_or_data	0x0	-	-	0x191B	-
encoding_tree_2	2557	0x2366DD0	handler_value	-	-	-	0xF3B530	0x0
encoding_tree_2	2558	0x2366DE0	key_handler	0x31C	3	28	0xF38B40	-
encoding_tree_2	2559	0x2366DF0	null_or_data	0x0	-	-	0x31D	-
encoding_tree_2	2560	0x2366E00	handler_value	-	-	-	0xF3AB80	0x0
encoding_tree_2	2561	0x2366E10	key_handler	0x191E	25	30	0xF31DF0	-
encoding_tree_2	2562	0x2366E20	null_or_data	0x0	-	-	0x191F	-
encoding_tree_2	2563	0x2366E30	handler_value	-	-	-	0x108F480	0x0
encoding_tree_2	2564	0x2366E40	key_handler	0x1920	25	32	0xF32330	-
encoding_tree_2	2565	0x2366E50	null_or_data	0x0	-	-	0x321	-
encoding_tree_2	2566	0x2366E60	handler_value	-	-	-	0xF35240	0x0
encoding_tree_2	2567	0x2366E70	key_handler	0x322	3	34	0x107CF50	-
encoding_tree_2	2568	0x2366E80	null_or_data	0x0	-	-	0x323	-
encoding_tree_2	2569	0x2366E90	handler_value	-	-	-	0xF361F0	0x0
encoding_tree_2	2570	0x2366EA0	key_handler	0x324	3	36	0xF38FC0	-
encoding_tree_2	2571	0x2366EB0	null_or_data	0x0	-	-	0x325	-
encoding_tree_2	2572	0x2366EC0	handler_value	-	-	-	0xF3B040	0x0
encoding_tree_2	2573	0x2366ED0	key_handler	0x326	3	38	0xF32890	-
encoding_tree_2	2574	0x2366EE0	null_or_data	0x0	-	-	0x327	-
encoding_tree_2	2575	0x2366EF0	handler_value	-	-	-	0x1077D70	0x0
encoding_tree_2	2576	0x2366F00	key_handler	0x328	3	40	0xF32D40	-
encoding_tree_2	2577	0x2366F10	null_or_data	0x0	-	-	0x329	-
encoding_tree_2	2578	0x2366F20	handler_value	-	-	-	0x154C3D0	0x0
encoding_tree_2	2579	0x2366F30	key_handler	0x192A	25	42	0x180EF50	-
encoding_tree_2	2580	0x2366F40	null_or_data	0x0	-	-	0x192B	-
encoding_tree_2	2581	0x2366F50	handler_value	-	-	-	0x180E960	0x0
encoding_tree_2	2582	0x2366F60	key_handler	0x192C	25	44	0x17D0930	-
encoding_tree_2	2583	0x2366F70	null_or_data	0x0	-	-	0x192D	-
encoding_tree_2	2584	0x2366F80	handler_value	-	-	-	0x17D0340	0x0
encoding_tree_2	2586	0x2366FA0	key_handler	0xB00	11	0	0xF914F0	-
encoding_tree_2	2587	0x2366FB0	null_or_data	0x0	-	-	0xB02	-
encoding_tree_2	2588	0x2366FC0	handler_value	-	-	-	0xF91060	0x0
encoding_tree_2	2590	0x2366FE0	key_handler	0xA00	10	0	0x108C5E0	-
encoding_tree_2	2591	0x2366FF0	null_or_data	0x0	-	-	0xA01	-
encoding_tree_2	2592	0x2367000	handler_value	-	-	-	0x108BB60	0x0
encoding_tree_2	2593	0x2367010	key_handler	0x302	3	2	0x108DB10	-
encoding_tree_2	2594	0x2367020	null_or_data	0x0	-	-	0xA03	-
encoding_tree_2	2595	0x2367030	handler_value	-	-	-	0x108C0A0	0x0
encoding_tree_2	2596	0x2367040	key_handler	0xA04	10	4	0x1079590	-
encoding_tree_2	2597	0x2367050	null_or_data	0x0	-	-	0xA05	-
encoding_tree_2	2598	0x2367060	handler_value	-	-	-	0x1079F50	0x0
encoding_tree_2	2599	0x2367070	key_handler	0x306	3	6	0x107B1E0	-
encoding_tree_2	2600	0x2367080	null_or_data	0x0	-	-	0xA07	-
encoding_tree_2	2601	0x2367090	handler_value	-	-	-	0x1079A70	0x0
encoding_tree_2	2602	0x23670A0	key_handler	0xA08	10	8	0xF571D0	-
encoding_tree_2	2603	0x23670B0	null_or_data	0x0	-	-	0x309	-
encoding_tree_2	2604	0x23670C0	handler_value	-	-	-	0xF58160	0x0
encoding_tree_2	2605	0x23670D0	key_handler	0xA0A	10	10	0xF58670	-
encoding_tree_2	2606	0x23670E0	null_or_data	0x0	-	-	0x30B	-
encoding_tree_2	2607	0x23670F0	handler_value	-	-	-	0xF57700	0x0
encoding_tree_2	2608	0x2367100	key_handler	0xA0C	10	12	0xF57C40	-
encoding_tree_2	2609	0x2367110	null_or_data	0x0	-	-	0x30D	-
encoding_tree_2	2610	0x2367120	handler_value	-	-	-	0xF5B3F0	0x0
encoding_tree_2	2611	0x2367130	key_handler	0x30E	3	14	0xF5B920	-
encoding_tree_2	2612	0x2367140	null_or_data	0x0	-	-	0xA0F	-
encoding_tree_2	2613	0x2367150	handler_value	-	-	-	0xF5AED0	0x0
encoding_tree_2	2614	0x2367160	key_handler	0x210	2	16	0xF54B30	-
encoding_tree_2	2615	0x2367170	null_or_data	0x0	-	-	0x311	-
encoding_tree_2	2616	0x2367180	handler_value	-	-	-	0xF54680	0x0
encoding_tree_2	2617	0x2367190	key_handler	0x212	2	18	0xF55980	-
encoding_tree_2	2618	0x23671A0	null_or_data	0x0	-	-	0x313	-
encoding_tree_2	2619	0x23671B0	handler_value	-	-	-	0xF54FF0	0x0
encoding_tree_2	2620	0x23671C0	key_handler	0x214	2	20	0xF554C0	-
encoding_tree_2	2621	0x23671D0	null_or_data	0x0	-	-	0x315	-
encoding_tree_2	2622	0x23671E0	handler_value	-	-	-	0xF5A570	0x0
encoding_tree_2	2623	0x23671F0	key_handler	0x316	3	22	0xF5AA30	-
encoding_tree_2	2624	0x2367200	null_or_data	0x0	-	-	0x217	-
encoding_tree_2	2625	0x2367210	handler_value	-	-	-	0xF5A0C0	0x0
encoding_tree_2	2626	0x2367220	key_handler	0xA18	10	24	0xF58B90	-
encoding_tree_2	2627	0x2367230	null_or_data	0x0	-	-	0xA19	-
encoding_tree_2	2628	0x2367240	handler_value	-	-	-	0xF59B80	0x0
encoding_tree_2	2629	0x2367250	key_handler	0x31A	3	26	0xF590E0	-
encoding_tree_2	2630	0x2367260	null_or_data	0x0	-	-	0xA1B	-
encoding_tree_2	2631	0x2367270	handler_value	-	-	-	0xF59640	0x0
encoding_tree_2	2632	0x2367280	key_handler	0x31C	3	28	0xF5CD10	-
encoding_tree_2	2633	0x2367290	null_or_data	0x0	-	-	0xA1D	-
encoding_tree_2	2634	0x23672A0	handler_value	-	-	-	0xF5C7D0	0x0
encoding_tree_2	2635	0x23672B0	key_handler	0xA1E	10	30	0xF55E40	-
encoding_tree_2	2636	0x23672C0	null_or_data	0x0	-	-	0xA1F	-
encoding_tree_2	2637	0x23672D0	handler_value	-	-	-	0xF56CF0	0x0
encoding_tree_2	2638	0x23672E0	key_handler	0x320	3	32	0xF56320	-
encoding_tree_2	2639	0x23672F0	null_or_data	0x0	-	-	0xA21	-
encoding_tree_2	2640	0x2367300	handler_value	-	-	-	0xF56810	0x0
encoding_tree_2	2641	0x2367310	key_handler	0x322	3	34	0xF5C2F0	-
encoding_tree_2	2642	0x2367320	null_or_data	0x0	-	-	0xA23	-
encoding_tree_2	2643	0x2367330	handler_value	-	-	-	0xF5BE20	0x0
encoding_tree_2	2644	0x2367340	key_handler	0x324	3	36	0x154D7A0	-
encoding_tree_2	2645	0x2367350	null_or_data	0x0	-	-	0xA25	-
encoding_tree_2	2646	0x2367360	handler_value	-	-	-	0x154D270	0x0
encoding_tree_2	2647	0x2367370	key_handler	0x326	3	38	0x154CD90	-
encoding_tree_2	2648	0x2367380	null_or_data	0x0	-	-	0xA27	-
encoding_tree_2	2649	0x2367390	handler_value	-	-	-	0x154C8C0	0x0
encoding_tree_2	2650	0x23673A0	key_handler	0x200	2	0	0x107BBC0	-
encoding_tree_2	2651	0x23673B0	null_or_data	0x0	-	-	0x201	-
encoding_tree_2	2652	0x23673C0	handler_value	-	-	-	0x107C0A0	0x0
encoding_tree_2	2653	0x23673D0	key_handler	0x202	2	2	0xF1D820	-
encoding_tree_2	2654	0x23673E0	null_or_data	0x0	-	-	0x203	-
encoding_tree_2	2655	0x23673F0	handler_value	-	-	-	0xF1DD00	0x0
encoding_tree_2	2656	0x2367400	key_handler	0x200	2	0	0xF1E1E0	-
encoding_tree_2	2657	0x2367410	null_or_data	0x0	-	-	0x201	-
encoding_tree_2	2658	0x2367420	handler_value	-	-	-	0xF1E6A0	0x0
encoding_tree_2	2660	0x2367440	key_handler	0x2700	39	0	0xEC0930	-
encoding_tree_2	2661	0x2367450	null_or_data	0x0	-	-	0xA01	-
encoding_tree_2	2662	0x2367460	handler_value	-	-	-	0x109B4F0	0x0
encoding_tree_2	2663	0x2367470	key_handler	0x702	7	2	0xEBE6D0	-
encoding_tree_2	2664	0x2367480	null_or_data	0x0	-	-	0xA03	-
encoding_tree_2	2665	0x2367490	handler_value	-	-	-	0x1083E40	0x0
encoding_tree_2	2666	0x23674A0	key_handler	0xA04	10	4	0xEBEC10	-
encoding_tree_2	2667	0x23674B0	null_or_data	0x0	-	-	0x305	-
encoding_tree_2	2668	0x23674C0	handler_value	-	-	-	0xEBF7D0	0x0
encoding_tree_2	2669	0x23674D0	key_handler	0xA06	10	6	0xEBF1F0	-
encoding_tree_2	2670	0x23674E0	null_or_data	0x0	-	-	0x307	-
encoding_tree_2	2671	0x23674F0	handler_value	-	-	-	0xEC0370	0x0
encoding_tree_2	2672	0x2367500	key_handler	0xA08	10	8	0xEBFDA0	-
encoding_tree_2	2673	0x2367510	null_or_data	0x0	-	-	0xA09	-
encoding_tree_2	2674	0x2367520	handler_value	-	-	-	0xEBCD20	0x0
encoding_tree_2	2675	0x2367530	key_handler	0x30A	3	10	0xEBD780	-
encoding_tree_2	2676	0x2367540	null_or_data	0x0	-	-	0xA0B	-
encoding_tree_2	2677	0x2367550	handler_value	-	-	-	0xEBD250	0x0
encoding_tree_2	2678	0x2367560	key_handler	0x30C	3	12	0xEBE1C0	-
encoding_tree_2	2679	0x2367570	null_or_data	0x0	-	-	0xA0D	-
encoding_tree_2	2680	0x2367580	handler_value	-	-	-	0xEBDCA0	0x0
encoding_tree_2	2682	0x23675A0	key_handler	0x500	5	0	0xEB31E0	-
encoding_tree_2	2683	0x23675B0	null_or_data	0x0	-	-	0x601	-
encoding_tree_2	2684	0x23675C0	handler_value	-	-	-	0xEB3A30	0x0
encoding_tree_2	2685	0x23675D0	key_handler	0x502	5	2	0xEB3610	-
encoding_tree_2	2686	0x23675E0	null_or_data	0x0	-	-	0x603	-
encoding_tree_2	2687	0x23675F0	handler_value	-	-	-	0x1520B90	0x0
encoding_tree_2	2688	0x2367600	key_handler	0x504	5	4	0x1520FE0	-
encoding_tree_2	2690	0x2367620	key_handler	0x1900	25	0	0xF6F990	-
encoding_tree_2	2691	0x2367630	null_or_data	0x0	-	-	0x1901	-
encoding_tree_2	2692	0x2367640	handler_value	-	-	-	0x108EF20	0x0
encoding_tree_2	2693	0x2367650	key_handler	0x1902	25	2	0x10A9BF0	-
encoding_tree_2	2694	0x2367660	null_or_data	0x0	-	-	0x1903	-
encoding_tree_2	2695	0x2367670	handler_value	-	-	-	0x10A9170	0x0
encoding_tree_2	2696	0x2367680	key_handler	0x1904	25	4	0x10AABF0	-
encoding_tree_2	2697	0x2367690	null_or_data	0x0	-	-	0x1905	-
encoding_tree_2	2698	0x23676A0	handler_value	-	-	-	0x10AA130	0x0
encoding_tree_2	2699	0x23676B0	key_handler	0x1906	25	6	0x109DD30	-
encoding_tree_2	2700	0x23676C0	null_or_data	0x0	-	-	0x1907	-
encoding_tree_2	2701	0x23676D0	handler_value	-	-	-	0x109D370	0x0
encoding_tree_2	2702	0x23676E0	key_handler	0x1908	25	8	0x10A26D0	-
encoding_tree_2	2703	0x23676F0	null_or_data	0x0	-	-	0x1909	-
encoding_tree_2	2704	0x2367700	handler_value	-	-	-	0x10A2BD0	0x0
encoding_tree_2	2705	0x2367710	key_handler	0x190A	25	10	0x10A12D0	-
encoding_tree_2	2706	0x2367720	null_or_data	0x0	-	-	0x190B	-
encoding_tree_2	2707	0x2367730	handler_value	-	-	-	0x10A4ED0	0x0
encoding_tree_2	2708	0x2367740	key_handler	0x190C	25	12	0x10A21D0	-
encoding_tree_2	2709	0x2367750	null_or_data	0x0	-	-	0x190D	-
encoding_tree_2	2710	0x2367760	handler_value	-	-	-	0x10A53F0	0x0
encoding_tree_2	2711	0x2367770	key_handler	0x190E	25	14	0xF6AF70	-
encoding_tree_2	2712	0x2367780	null_or_data	0x0	-	-	0x190F	-
encoding_tree_2	2713	0x2367790	handler_value	-	-	-	0x10A96B0	0x0
encoding_tree_2	2714	0x23677A0	key_handler	0x1910	25	16	0x10AA690	-
encoding_tree_2	2715	0x23677B0	null_or_data	0x0	-	-	0x1911	-
encoding_tree_2	2716	0x23677C0	handler_value	-	-	-	0xF6B4B0	0x0
encoding_tree_2	2717	0x23677D0	key_handler	0x1912	25	18	0x109D850	-
encoding_tree_2	2718	0x23677E0	null_or_data	0x0	-	-	0x1913	-
encoding_tree_2	2719	0x23677F0	handler_value	-	-	-	0xF69230	0x0
encoding_tree_2	2720	0x2367800	key_handler	0x1914	25	20	0xF69C10	-
encoding_tree_2	2721	0x2367810	null_or_data	0x0	-	-	0x1915	-
encoding_tree_2	2722	0x2367820	handler_value	-	-	-	0x10A1CD0	0x0
encoding_tree_2	2723	0x2367830	key_handler	0x1916	25	22	0x10A17D0	-
encoding_tree_2	2724	0x2367840	null_or_data	0x0	-	-	0x1917	-
encoding_tree_2	2725	0x2367850	handler_value	-	-	-	0x10A5910	0x0
encoding_tree_2	2726	0x2367860	key_handler	0x1918	25	24	0xF69710	-
encoding_tree_2	2727	0x2367870	null_or_data	0x0	-	-	0x1919	-
encoding_tree_2	2728	0x2367880	handler_value	-	-	-	0xF6A110	0x0
encoding_tree_2	2729	0x2367890	key_handler	0x191A	25	26	0x1083920	-
encoding_tree_2	2730	0x23678A0	null_or_data	0x0	-	-	0x51B	-
encoding_tree_2	2731	0x23678B0	handler_value	-	-	-	0xF68DD0	0x0
encoding_tree_2	2732	0x23678C0	key_handler	0x51C	5	28	0xF68510	-
encoding_tree_2	2733	0x23678D0	null_or_data	0x0	-	-	0x191D	-
encoding_tree_2	2734	0x23678E0	handler_value	-	-	-	0xF6BA10	0x0
encoding_tree_2	2735	0x23678F0	key_handler	0x191E	25	30	0xF6BF10	-
encoding_tree_2	2736	0x2367900	null_or_data	0x0	-	-	0x31F	-
encoding_tree_2	2737	0x2367910	handler_value	-	-	-	0xF6A630	0x0
encoding_tree_2	2738	0x2367920	key_handler	0x520	5	32	0xF68980	-
encoding_tree_2	2739	0x2367930	null_or_data	0x0	-	-	0x1921	-
encoding_tree_2	2740	0x2367940	handler_value	-	-	-	0xF6E410	0x0
encoding_tree_2	2741	0x2367950	key_handler	0x1922	25	34	0xF6CEC0	-
encoding_tree_2	2742	0x2367960	null_or_data	0x0	-	-	0x1923	-
encoding_tree_2	2743	0x2367970	handler_value	-	-	-	0xF6C430	0x0
encoding_tree_2	2744	0x2367980	key_handler	0x1924	25	36	0xF6C980	-
encoding_tree_2	2745	0x2367990	null_or_data	0x0	-	-	0x1925	-
encoding_tree_2	2746	0x23679A0	handler_value	-	-	-	0x108CB30	0x0
encoding_tree_2	2747	0x23679B0	key_handler	0x1926	25	38	0x1086220	-
encoding_tree_2	2748	0x23679C0	null_or_data	0x0	-	-	0x1927	-
encoding_tree_2	2749	0x23679D0	handler_value	-	-	-	0xF6D400	0x0
encoding_tree_2	2750	0x23679E0	key_handler	0x2128	33	40	0xF6DEA0	-
encoding_tree_2	2751	0x23679F0	null_or_data	0x0	-	-	0x1929	-
encoding_tree_2	2752	0x2367A00	handler_value	-	-	-	0xF6D950	0x0
encoding_tree_2	2753	0x2367A10	key_handler	0x192A	25	42	0xF6E950	-
encoding_tree_2	2754	0x2367A20	null_or_data	0x0	-	-	0x212B	-
encoding_tree_2	2755	0x2367A30	handler_value	-	-	-	0xF6F410	0x0
encoding_tree_2	2756	0x2367A40	key_handler	0x192C	25	44	0xF6EEB0	-
encoding_tree_2	2757	0x2367A50	null_or_data	0x0	-	-	0x192D	-
encoding_tree_2	2758	0x2367A60	handler_value	-	-	-	0x108E9D0	0x0
encoding_tree_2	2759	0x2367A70	key_handler	0x192E	25	46	0x1086760	-
encoding_tree_2	2760	0x2367A80	null_or_data	0x0	-	-	0x32F	-
encoding_tree_2	2761	0x2367A90	handler_value	-	-	-	0xF6AAD0	0x0
encoding_tree_2	2762	0x2367AA0	key_handler	0x530	5	48	0x17D2040	-
encoding_tree_2	2763	0x2367AB0	null_or_data	0x0	-	-	0x331	-
encoding_tree_2	2764	0x2367AC0	handler_value	-	-	-	0x17D24A0	0x0
encoding_tree_2	2766	0x2367AE0	key_handler	0x1900	25	0	0xFAC680	-
encoding_tree_2	2767	0x2367AF0	null_or_data	0x0	-	-	0x1301	-
encoding_tree_2	2768	0x2367B00	handler_value	-	-	-	0xFAC0A0	0x0
encoding_tree_2	2769	0x2367B10	key_handler	0x1302	19	2	0xFACC20	-
encoding_tree_2	2770	0x2367B20	null_or_data	0x0	-	-	0x303	-
encoding_tree_2	2771	0x2367B30	handler_value	-	-	-	0xFAD760	0x0
encoding_tree_2	2772	0x2367B40	key_handler	0x504	5	4	0xFAD200	-
encoding_tree_2	2773	0x2367B50	null_or_data	0x0	-	-	0x505	-
encoding_tree_2	2774	0x2367B60	handler_value	-	-	-	0xFADC80	0x0
encoding_tree_2	2775	0x2367B70	key_handler	0x2306	35	6	0xFAE820	-
encoding_tree_2	2776	0x2367B80	null_or_data	0x0	-	-	0x1307	-
encoding_tree_2	2777	0x2367B90	handler_value	-	-	-	0xFAE1E0	0x0
encoding_tree_2	2778	0x2367BA0	key_handler	0x1308	19	8	0xFAEE20	-
encoding_tree_2	2779	0x2367BB0	null_or_data	0x0	-	-	0x1909	-
encoding_tree_2	2780	0x2367BC0	handler_value	-	-	-	0x156A380	0x0
encoding_tree_2	2781	0x2367BD0	key_handler	0x130A	19	10	0x156A910	-
encoding_tree_2	2782	0x2367BE0	null_or_data	0x0	-	-	0x30B	-
encoding_tree_2	2783	0x2367BF0	handler_value	-	-	-	0x156AEE0	0x0
encoding_tree_2	2784	0x2367C00	key_handler	0x50C	5	12	0x156B400	-
encoding_tree_2	2786	0x2367C20	key_handler	0x300	3	0	0xFCBBD0	-
encoding_tree_2	2787	0x2367C30	null_or_data	0x0	-	-	0x201	-
encoding_tree_2	2788	0x2367C40	handler_value	-	-	-	0xFCB670	0x0
encoding_tree_2	2789	0x2367C50	key_handler	0x202	2	2	0xFCC0F0	-
encoding_tree_2	2790	0x2367C60	null_or_data	0x0	-	-	0x203	-
encoding_tree_2	2791	0x2367C70	handler_value	-	-	-	0xFC9F80	0x0
encoding_tree_2	2792	0x2367C80	key_handler	0x304	3	4	0xFCA410	-
encoding_tree_2	2793	0x2367C90	null_or_data	0x0	-	-	0x205	-
encoding_tree_2	2794	0x2367CA0	handler_value	-	-	-	0xFCA8C0	0x0
encoding_tree_2	2795	0x2367CB0	key_handler	0x306	3	6	0xFCB1D0	-
encoding_tree_2	2796	0x2367CC0	null_or_data	0x0	-	-	0x207	-
encoding_tree_2	2797	0x2367CD0	handler_value	-	-	-	0xFCAD50	0x0
encoding_tree_2	2798	0x2367CE0	key_handler	0x208	2	8	0x1576B60	-
encoding_tree_2	2799	0x2367CF0	null_or_data	0x0	-	-	0x709	-
encoding_tree_2	2800	0x2367D00	handler_value	-	-	-	0x1576FF0	0x0
encoding_tree_2	2801	0x2367D10	key_handler	0x20A	2	10	0x15774D0	-
encoding_tree_2	2802	0x2367D20	null_or_data	0x0	-	-	0x70B	-
encoding_tree_2	2803	0x2367D30	handler_value	-	-	-	0x1577DE0	0x0
encoding_tree_2	2804	0x2367D40	key_handler	0x20C	2	12	0x1577960	-
encoding_tree_2	2805	0x2367D50	null_or_data	0x0	-	-	0x30D	-
encoding_tree_2	2806	0x2367D60	handler_value	-	-	-	0x15782C0	0x0
encoding_tree_2	2807	0x2367D70	key_handler	0x20E	2	14	0x15787E0	-
encoding_tree_2	2810	0x2367DA0	key_handler	0x1900	25	0	0xFDB840	-
encoding_tree_2	2811	0x2367DB0	null_or_data	0x0	-	-	0x1901	-
encoding_tree_2	2812	0x2367DC0	handler_value	-	-	-	0x1092A20	0x0
encoding_tree_2	2813	0x2367DD0	key_handler	0x1902	25	2	0xFDBD90	-
encoding_tree_2	2816	0x2367E00	key_handler	0xA00	10	0	0x1555880	-
encoding_tree_2	2817	0x2367E10	null_or_data	0x0	-	-	0x301	-
encoding_tree_2	2818	0x2367E20	handler_value	-	-	-	0x1555D20	0x0
encoding_tree_2	2819	0x2367E30	key_handler	0xA02	10	2	0x15561E0	-
encoding_tree_2	2820	0x2367E40	null_or_data	0x0	-	-	0x303	-
encoding_tree_2	2821	0x2367E50	handler_value	-	-	-	0xF71470	0x0
encoding_tree_2	2822	0x2367E60	key_handler	0xA04	10	4	0xF70EE0	-
encoding_tree_2	2823	0x2367E70	null_or_data	0x0	-	-	0xA05	-
encoding_tree_2	2824	0x2367E80	handler_value	-	-	-	0xF719B0	0x0
encoding_tree_2	2825	0x2367E90	key_handler	0x306	3	6	0xF70460	-
encoding_tree_2	2826	0x2367EA0	null_or_data	0x0	-	-	0x507	-
encoding_tree_2	2827	0x2367EB0	handler_value	-	-	-	0xF6FEF0	0x0
encoding_tree_2	2828	0x2367EC0	key_handler	0x508	5	8	0xF70980	-
encoding_tree_2	2829	0x2367ED0	null_or_data	0x0	-	-	0xD09	-
encoding_tree_2	2830	0x2367EE0	handler_value	-	-	-	0xF73630	0x0
encoding_tree_2	2831	0x2367EF0	key_handler	0x130A	19	10	0xF73030	-
encoding_tree_2	2832	0x2367F00	null_or_data	0x0	-	-	0x130B	-
encoding_tree_2	2833	0x2367F10	handler_value	-	-	-	0xF73C00	0x0
encoding_tree_2	2834	0x2367F20	key_handler	0xD0C	13	12	0xF724F0	-
encoding_tree_2	2835	0x2367F30	null_or_data	0x0	-	-	0x50D	-
encoding_tree_2	2836	0x2367F40	handler_value	-	-	-	0xF71F30	0x0
encoding_tree_2	2837	0x2367F50	key_handler	0x50E	5	14	0xF72A80	-
encoding_tree_2	2838	0x2367F60	null_or_data	0x0	-	-	0x50F	-
encoding_tree_2	2839	0x2367F70	handler_value	-	-	-	0x1C22E20	0x0
encoding_tree_2	2840	0x2367F80	key_handler	0x310	3	16	0x1C23290	-
encoding_tree_2	2841	0x2367F90	null_or_data	0x0	-	-	0x511	-
encoding_tree_2	2842	0x2367FA0	handler_value	-	-	-	0x1C23720	0x0
encoding_tree_2	2843	0x2367FB0	key_handler	0x312	3	18	0x15544E0	-
encoding_tree_2	2844	0x2367FC0	null_or_data	0x0	-	-	0xA13	-
encoding_tree_2	2845	0x2367FD0	handler_value	-	-	-	0x1554A20	0x0
encoding_tree_2	2846	0x2367FE0	key_handler	0x314	3	20	0x1553A60	-
encoding_tree_2	2847	0x2367FF0	null_or_data	0x0	-	-	0x515	-
encoding_tree_2	2848	0x2368000	handler_value	-	-	-	0x1553F80	0x0
encoding_tree_2	2849	0x2368010	key_handler	0x316	3	22	0x1555400	-
encoding_tree_2	2850	0x2368020	null_or_data	0x0	-	-	0x517	-
encoding_tree_2	2851	0x2368030	handler_value	-	-	-	0x1554FA0	0x0
encoding_tree_2	2852	0x2368040	key_handler	0xA00	10	0	0x154FB10	-
encoding_tree_2	2853	0x2368050	null_or_data	0x0	-	-	0x301	-
encoding_tree_2	2854	0x2368060	handler_value	-	-	-	0x154FFB0	0x0
encoding_tree_2	2855	0x2368070	key_handler	0xA02	10	2	0x1550470	-
encoding_tree_2	2856	0x2368080	null_or_data	0x0	-	-	0x303	-
encoding_tree_2	2857	0x2368090	handler_value	-	-	-	0xF61B30	0x0
encoding_tree_2	2858	0x23680A0	key_handler	0xA04	10	4	0xF615A0	-
encoding_tree_2	2859	0x23680B0	null_or_data	0x0	-	-	0xA05	-
encoding_tree_2	2860	0x23680C0	handler_value	-	-	-	0xF62070	0x0
encoding_tree_2	2861	0x23680D0	key_handler	0x306	3	6	0xF60B20	-
encoding_tree_2	2862	0x23680E0	null_or_data	0x0	-	-	0x507	-
encoding_tree_2	2863	0x23680F0	handler_value	-	-	-	0xF605B0	0x0
encoding_tree_2	2864	0x2368100	key_handler	0x508	5	8	0xF61040	-
encoding_tree_2	2865	0x2368110	null_or_data	0x0	-	-	0xD09	-
encoding_tree_2	2866	0x2368120	handler_value	-	-	-	0xF63CF0	0x0
encoding_tree_2	2867	0x2368130	key_handler	0x130A	19	10	0xF636F0	-
encoding_tree_2	2868	0x2368140	null_or_data	0x0	-	-	0x130B	-
encoding_tree_2	2869	0x2368150	handler_value	-	-	-	0xF642C0	0x0
encoding_tree_2	2870	0x2368160	key_handler	0xD0C	13	12	0xF62BB0	-
encoding_tree_2	2871	0x2368170	null_or_data	0x0	-	-	0x50D	-
encoding_tree_2	2872	0x2368180	handler_value	-	-	-	0xF625F0	0x0
encoding_tree_2	2873	0x2368190	key_handler	0x50E	5	14	0xF63140	-
encoding_tree_2	2874	0x23681A0	null_or_data	0x0	-	-	0x50F	-
encoding_tree_2	2875	0x23681B0	handler_value	-	-	-	0x1C1F1C0	0x0
encoding_tree_2	2876	0x23681C0	key_handler	0x310	3	16	0x1C1F630	-
encoding_tree_2	2877	0x23681D0	null_or_data	0x0	-	-	0x511	-
encoding_tree_2	2878	0x23681E0	handler_value	-	-	-	0x1C1FAC0	0x0
encoding_tree_2	2879	0x23681F0	key_handler	0x312	3	18	0x154E770	-
encoding_tree_2	2880	0x2368200	null_or_data	0x0	-	-	0xA13	-
encoding_tree_2	2881	0x2368210	handler_value	-	-	-	0x154ECB0	0x0
encoding_tree_2	2882	0x2368220	key_handler	0x314	3	20	0x154DCF0	-
encoding_tree_2	2883	0x2368230	null_or_data	0x0	-	-	0x515	-
encoding_tree_2	2884	0x2368240	handler_value	-	-	-	0x154E210	0x0
encoding_tree_2	2885	0x2368250	key_handler	0x316	3	22	0x154F690	-
encoding_tree_2	2886	0x2368260	null_or_data	0x0	-	-	0x517	-
encoding_tree_2	2887	0x2368270	handler_value	-	-	-	0x154F230	0x0
encoding_tree_2	2888	0x2368280	key_handler	0x500	5	0	0xEEA470	-
encoding_tree_2	2889	0x2368290	null_or_data	0x0	-	-	0x301	-
encoding_tree_2	2890	0x23682A0	handler_value	-	-	-	0xEEA900	0x0
encoding_tree_2	2891	0x23682B0	key_handler	0x502	5	2	0xEEAD80	-
encoding_tree_2	2892	0x23682C0	null_or_data	0x0	-	-	0x303	-
encoding_tree_2	2893	0x23682D0	handler_value	-	-	-	0xEEB6A0	0x0
encoding_tree_2	2894	0x23682E0	key_handler	0x504	5	4	0xEEB210	-
encoding_tree_2	2896	0x2368300	key_handler	0x300	3	0	0xF21E50	-
encoding_tree_2	2897	0x2368310	null_or_data	0x0	-	-	0x501	-
encoding_tree_2	2898	0x2368320	handler_value	-	-	-	0xF21940	0x0
encoding_tree_2	2899	0x2368330	key_handler	0x502	5	2	0xF22320	-
encoding_tree_2	2902	0x2368360	key_handler	0x200	2	0	0xF02C30	-
encoding_tree_2	2903	0x2368370	null_or_data	0x0	-	-	0x501	-
encoding_tree_2	2904	0x2368380	handler_value	-	-	-	0xF027E0	0x0
encoding_tree_2	2905	0x2368390	key_handler	0x2	0	2	0xF030D0	-
encoding_tree_2	2908	0x23683C0	key_handler	0xB00	11	0	0x1072B60	-
encoding_tree_2	2909	0x23683D0	null_or_data	0x0	-	-	0x2201	-
encoding_tree_2	2910	0x23683E0	handler_value	-	-	-	0x10852C0	0x0
encoding_tree_2	2911	0x23683F0	key_handler	0x2202	34	2	0x1084DB0	-
encoding_tree_2	2912	0x2368400	null_or_data	0x0	-	-	0xB03	-
encoding_tree_2	2913	0x2368410	handler_value	-	-	-	0x1098E00	0x0
encoding_tree_2	2914	0x2368420	key_handler	0x2204	34	4	0x10A7CF0	-
encoding_tree_2	2915	0x2368430	null_or_data	0x0	-	-	0x2205	-
encoding_tree_2	2916	0x2368440	handler_value	-	-	-	0x10A8730	0x0
encoding_tree_2	2917	0x2368450	key_handler	0x306	3	6	0x108E520	-
encoding_tree_2	2918	0x2368460	null_or_data	0x0	-	-	0x507	-
encoding_tree_2	2919	0x2368470	handler_value	-	-	-	0x109E6F0	0x0
encoding_tree_2	2920	0x2368480	key_handler	0x508	5	8	0x109F0B0	-
encoding_tree_2	2921	0x2368490	null_or_data	0x0	-	-	0x709	-
encoding_tree_2	2922	0x23684A0	handler_value	-	-	-	0x1095D80	0x0
encoding_tree_2	2923	0x23684B0	key_handler	0x50A	5	10	0x10A0430	-
encoding_tree_2	2924	0x23684C0	null_or_data	0x0	-	-	0x50B	-
encoding_tree_2	2925	0x23684D0	handler_value	-	-	-	0x109FA70	0x0
encoding_tree_2	2926	0x23684E0	key_handler	0x50C	5	12	0x17BC360	-
encoding_tree_2	2927	0x23684F0	null_or_data	0x0	-	-	0x190D	-
encoding_tree_2	2928	0x2368500	handler_value	-	-	-	0x17BD3A0	0x0
encoding_tree_2	2929	0x2368510	key_handler	0x50E	5	14	0x17BD920	-
encoding_tree_2	2930	0x2368520	null_or_data	0x0	-	-	0x190F	-
encoding_tree_2	2931	0x2368530	handler_value	-	-	-	0x17BC8C0	0x0
encoding_tree_2	2932	0x2368540	key_handler	0x510	5	16	0x17BCE40	-
encoding_tree_2	2933	0x2368550	null_or_data	0x0	-	-	0x511	-
encoding_tree_2	2934	0x2368560	handler_value	-	-	-	0x17BA840	0x0
encoding_tree_2	2935	0x2368570	key_handler	0x1912	25	18	0x17BB880	-
encoding_tree_2	2936	0x2368580	null_or_data	0x0	-	-	0x513	-
encoding_tree_2	2937	0x2368590	handler_value	-	-	-	0x17BBE00	0x0
encoding_tree_2	2938	0x23685A0	key_handler	0x1914	25	20	0x17BADA0	-
encoding_tree_2	2939	0x23685B0	null_or_data	0x0	-	-	0x515	-
encoding_tree_2	2940	0x23685C0	handler_value	-	-	-	0x17BB320	0x0
encoding_tree_2	2941	0x23685D0	key_handler	0x516	5	22	0x17B8C00	-
encoding_tree_2	2942	0x23685E0	null_or_data	0x0	-	-	0x317	-
encoding_tree_2	2943	0x23685F0	handler_value	-	-	-	0x17B90A0	0x0
encoding_tree_2	2944	0x2368600	key_handler	0x518	5	24	0x17B9550	-
encoding_tree_2	2945	0x2368610	null_or_data	0x0	-	-	0x1919	-
encoding_tree_2	2946	0x2368620	handler_value	-	-	-	0xF07980	0x0
encoding_tree_2	2947	0x2368630	key_handler	0x51A	5	26	0xF07460	-
encoding_tree_2	2948	0x2368640	null_or_data	0x0	-	-	0x191B	-
encoding_tree_2	2949	0x2368650	handler_value	-	-	-	0xF083E0	0x0
encoding_tree_2	2950	0x2368660	key_handler	0x51C	5	28	0xF08920	-
encoding_tree_2	2951	0x2368670	null_or_data	0x0	-	-	0x51D	-
encoding_tree_2	2952	0x2368680	handler_value	-	-	-	0xF07EC0	0x0
encoding_tree_2	2953	0x2368690	key_handler	0x51E	5	30	0xF0D100	-
encoding_tree_2	2954	0x23686A0	null_or_data	0x0	-	-	0x51F	-
encoding_tree_2	2955	0x23686B0	handler_value	-	-	-	0xF0D590	0x0
encoding_tree_2	2956	0x23686C0	key_handler	0x520	5	32	0xF0DA20	-
encoding_tree_2	2957	0x23686D0	null_or_data	0x0	-	-	0x521	-
encoding_tree_2	2958	0x23686E0	handler_value	-	-	-	0xF0E320	0x0
encoding_tree_2	2959	0x23686F0	key_handler	0x522	5	34	0x1091AD0	-
encoding_tree_2	2960	0x2368700	null_or_data	0x0	-	-	0x523	-
encoding_tree_2	2961	0x2368710	handler_value	-	-	-	0x1090910	0x0
encoding_tree_2	2962	0x2368720	key_handler	0x524	5	36	0xF16A30	-
encoding_tree_2	2963	0x2368730	null_or_data	0x0	-	-	0x525	-
encoding_tree_2	2964	0x2368740	handler_value	-	-	-	0xF16EC0	0x0
encoding_tree_2	2965	0x2368750	key_handler	0x626	6	38	0x1094900	-
encoding_tree_2	2966	0x2368760	null_or_data	0x0	-	-	0x727	-
encoding_tree_2	2967	0x2368770	handler_value	-	-	-	0x1099770	0x0
encoding_tree_2	2968	0x2368780	key_handler	0x628	6	40	0xF0DE90	-
encoding_tree_2	2969	0x2368790	null_or_data	0x0	-	-	0x729	-
encoding_tree_2	2970	0x23687A0	handler_value	-	-	-	0xF0E790	0x0
encoding_tree_2	2971	0x23687B0	key_handler	0xB2A	11	42	0x1098950	-
encoding_tree_2	2972	0x23687C0	null_or_data	0x0	-	-	0x222B	-
encoding_tree_2	2973	0x23687D0	handler_value	-	-	-	0x10A77D0	0x0
encoding_tree_2	2974	0x23687E0	key_handler	0x222C	34	44	0x10A8210	-
encoding_tree_2	2975	0x23687F0	null_or_data	0x0	-	-	0xB2D	-
encoding_tree_2	2976	0x2368800	handler_value	-	-	-	0xF12F40	0x0
encoding_tree_2	2977	0x2368810	key_handler	0x222E	34	46	0xF12A30	-
encoding_tree_2	2978	0x2368820	null_or_data	0x0	-	-	0x222F	-
encoding_tree_2	2979	0x2368830	handler_value	-	-	-	0xF133F0	0x0
encoding_tree_2	2980	0x2368840	key_handler	0x330	3	48	0x108E070	-
encoding_tree_2	2981	0x2368850	null_or_data	0x0	-	-	0x531	-
encoding_tree_2	2982	0x2368860	handler_value	-	-	-	0x109E210	0x0
encoding_tree_2	2983	0x2368870	key_handler	0x532	5	50	0x109EBD0	-
encoding_tree_2	2984	0x2368880	null_or_data	0x0	-	-	0x733	-
encoding_tree_2	2985	0x2368890	handler_value	-	-	-	0xF03ED0	0x0
encoding_tree_2	2986	0x23688A0	key_handler	0x534	5	52	0x10A0910	-
encoding_tree_2	2987	0x23688B0	null_or_data	0x0	-	-	0x535	-
encoding_tree_2	2988	0x23688C0	handler_value	-	-	-	0x109FF50	0x0
encoding_tree_2	2989	0x23688D0	key_handler	0x536	5	54	0x17B99F0	-
encoding_tree_2	2990	0x23688E0	null_or_data	0x0	-	-	0x337	-
encoding_tree_2	2991	0x23688F0	handler_value	-	-	-	0x17B9EB0	0x0
encoding_tree_2	2992	0x2368900	key_handler	0x538	5	56	0x17BA380	-
encoding_tree_2	2993	0x2368910	null_or_data	0x0	-	-	0x539	-
encoding_tree_2	2994	0x2368920	handler_value	-	-	-	0xF0A8C0	0x0
encoding_tree_2	2995	0x2368930	key_handler	0x33A	3	58	0xF0AD80	-
encoding_tree_2	2996	0x2368940	null_or_data	0x0	-	-	0x53B	-
encoding_tree_2	2997	0x2368950	handler_value	-	-	-	0xF0B250	0x0
encoding_tree_2	2998	0x2368960	key_handler	0x53C	5	60	0x17CACA0	-
encoding_tree_2	2999	0x2368970	null_or_data	0x0	-	-	0xB3D	-
encoding_tree_2	3000	0x2368980	handler_value	-	-	-	0x10984A0	0x0
encoding_tree_2	3001	0x2368990	key_handler	0x223E	34	62	0x10A8C50	-
encoding_tree_2	3002	0x23689A0	null_or_data	0x0	-	-	0x223F	-
encoding_tree_2	3003	0x23689B0	handler_value	-	-	-	0x10A72B0	0x0
encoding_tree_2	3004	0x23689C0	key_handler	0xB40	11	64	0xF14C50	-
encoding_tree_2	3005	0x23689D0	null_or_data	0x0	-	-	0x541	-
encoding_tree_2	3006	0x23689E0	handler_value	-	-	-	0xF15FC0	0x0
encoding_tree_2	3007	0x23689F0	key_handler	0x542	5	66	0xF16500	-
encoding_tree_2	3008	0x2368A00	null_or_data	0x0	-	-	0xB43	-
encoding_tree_2	3009	0x2368A10	handler_value	-	-	-	0xF03570	0x0
encoding_tree_2	3010	0x2368A20	key_handler	0x2244	34	68	0xF04D80	-
encoding_tree_2	3011	0x2368A30	null_or_data	0x0	-	-	0x2245	-
encoding_tree_2	3012	0x2368A40	handler_value	-	-	-	0xF052A0	0x0
encoding_tree_2	3013	0x2368A50	key_handler	0x1946	25	70	0xF13DE0	-
encoding_tree_2	3014	0x2368A60	null_or_data	0x0	-	-	0x2247	-
encoding_tree_2	3015	0x2368A70	handler_value	-	-	-	0xF13900	0x0
encoding_tree_2	3016	0x2368A80	key_handler	0x2248	34	72	0xF14290	-
encoding_tree_2	3017	0x2368A90	null_or_data	0x0	-	-	0x749	-
encoding_tree_2	3018	0x2368AA0	handler_value	-	-	-	0x1095890	0x0
encoding_tree_2	3019	0x2368AB0	key_handler	0x54A	5	74	0x10A0DF0	-
encoding_tree_2	3020	0x2368AC0	null_or_data	0x0	-	-	0x54B	-
encoding_tree_2	3021	0x2368AD0	handler_value	-	-	-	0x109F590	0x0
encoding_tree_2	3022	0x2368AE0	key_handler	0x54C	5	76	0xF17350	-
encoding_tree_2	3023	0x2368AF0	null_or_data	0x0	-	-	0x54D	-
encoding_tree_2	3024	0x2368B00	handler_value	-	-	-	0xF177E0	0x0
encoding_tree_2	3025	0x2368B10	key_handler	0x34E	3	78	0x1076200	-
encoding_tree_2	3026	0x2368B20	null_or_data	0x0	-	-	0x34F	-
encoding_tree_2	3027	0x2368B30	handler_value	-	-	-	0xF17C70	0x0
encoding_tree_2	3028	0x2368B40	key_handler	0xB50	11	80	0x1097FF0	-
encoding_tree_2	3029	0x2368B50	null_or_data	0x0	-	-	0x2251	-
encoding_tree_2	3030	0x2368B60	handler_value	-	-	-	0x10A6350	0x0
encoding_tree_2	3031	0x2368B70	key_handler	0x2252	34	82	0x10A6D90	-
encoding_tree_2	3032	0x2368B80	null_or_data	0x0	-	-	0xB53	-
encoding_tree_2	3033	0x2368B90	handler_value	-	-	-	0x1097B40	0x0
encoding_tree_2	3034	0x2368BA0	key_handler	0x2254	34	84	0x10A5E30	-
encoding_tree_2	3035	0x2368BB0	null_or_data	0x0	-	-	0x2255	-
encoding_tree_2	3036	0x2368BC0	handler_value	-	-	-	0x10A6870	0x0
encoding_tree_2	3037	0x2368BD0	key_handler	0x356	3	86	0xF03A20	-
encoding_tree_2	3038	0x2368BE0	null_or_data	0x0	-	-	0x557	-
encoding_tree_2	3039	0x2368BF0	handler_value	-	-	-	0xF043C0	0x0
encoding_tree_2	3040	0x2368C00	key_handler	0x558	5	88	0xF048A0	-
encoding_tree_2	3041	0x2368C10	null_or_data	0x0	-	-	0x1759	-
encoding_tree_2	3042	0x2368C20	handler_value	-	-	-	0xF14770	0x0
encoding_tree_2	3043	0x2368C30	key_handler	0x225A	34	90	0x107D920	-
encoding_tree_2	3044	0x2368C40	null_or_data	0x0	-	-	0x225B	-
encoding_tree_2	3045	0x2368C50	handler_value	-	-	-	0x107DE00	0x0
encoding_tree_2	3046	0x2368C60	key_handler	0x55C	5	92	0x1073930	-
encoding_tree_2	3047	0x2368C70	null_or_data	0x0	-	-	0x55D	-
encoding_tree_2	3048	0x2368C80	handler_value	-	-	-	0x1073DC0	0x0
encoding_tree_2	3049	0x2368C90	key_handler	0x55E	5	94	0x1090D80	-
encoding_tree_2	3050	0x2368CA0	null_or_data	0x0	-	-	0x55F	-
encoding_tree_2	3051	0x2368CB0	handler_value	-	-	-	0x10911F0	0x0
encoding_tree_2	3052	0x2368CC0	key_handler	0x560	5	96	0x1091660	-
encoding_tree_2	3053	0x2368CD0	null_or_data	0x0	-	-	0x561	-
encoding_tree_2	3054	0x2368CE0	handler_value	-	-	-	0x10904A0	0x0
encoding_tree_2	3055	0x2368CF0	key_handler	0x562	5	98	0x1073010	-
encoding_tree_2	3056	0x2368D00	null_or_data	0x0	-	-	0x563	-
encoding_tree_2	3057	0x2368D10	handler_value	-	-	-	0x10734A0	0x0
encoding_tree_2	3058	0x2368D20	key_handler	0x664	6	100	0x1094470	-
encoding_tree_2	3059	0x2368D30	null_or_data	0x0	-	-	0x765	-
encoding_tree_2	3060	0x2368D40	handler_value	-	-	-	0x10992B0	0x0
encoding_tree_2	3061	0x2368D50	key_handler	0x666	6	102	0x1093FE0	-
encoding_tree_2	3062	0x2368D60	null_or_data	0x0	-	-	0x767	-
encoding_tree_2	3063	0x2368D70	handler_value	-	-	-	0x1099C30	0x0
encoding_tree_2	3064	0x2368D80	key_handler	0x368	3	104	0xF06A80	-
encoding_tree_2	3065	0x2368D90	null_or_data	0x0	-	-	0x569	-
encoding_tree_2	3066	0x2368DA0	handler_value	-	-	-	0xF065A0	0x0
encoding_tree_2	3067	0x2368DB0	key_handler	0x56A	5	106	0xF06F80	-
encoding_tree_2	3068	0x2368DC0	null_or_data	0x0	-	-	0x36B	-
encoding_tree_2	3069	0x2368DD0	handler_value	-	-	-	0x17C1690	0x0
encoding_tree_2	3070	0x2368DE0	key_handler	0xA6C	10	108	0x17C1170	-
encoding_tree_2	3071	0x2368DF0	null_or_data	0x0	-	-	0x36D	-
encoding_tree_2	3072	0x2368E00	handler_value	-	-	-	0x17C20E0	0x0
encoding_tree_2	3073	0x2368E10	key_handler	0xA6E	10	110	0x17C2610	-
encoding_tree_2	3074	0x2368E20	null_or_data	0x0	-	-	0xA6F	-
encoding_tree_2	3075	0x2368E30	handler_value	-	-	-	0x17C1BC0	0x0
encoding_tree_2	3076	0x2368E40	key_handler	0x570	5	112	0x17BF870	-
encoding_tree_2	3077	0x2368E50	null_or_data	0x0	-	-	0x1971	-
encoding_tree_2	3078	0x2368E60	handler_value	-	-	-	0x17C0770	0x0
encoding_tree_2	3079	0x2368E70	key_handler	0x572	5	114	0x17C0C80	-
encoding_tree_2	3080	0x2368E80	null_or_data	0x0	-	-	0x1973	-
encoding_tree_2	3081	0x2368E90	handler_value	-	-	-	0x17BFD70	0x0
encoding_tree_2	3082	0x2368EA0	key_handler	0x574	5	116	0x17C0280	-
encoding_tree_2	3083	0x2368EB0	null_or_data	0x0	-	-	0x1975	-
encoding_tree_2	3084	0x2368EC0	handler_value	-	-	-	0xF09380	0x0
encoding_tree_2	3085	0x2368ED0	key_handler	0x1376	19	118	0xF08E40	-
encoding_tree_2	3086	0x2368EE0	null_or_data	0x0	-	-	0x1977	-
encoding_tree_2	3087	0x2368EF0	handler_value	-	-	-	0xF09E20	0x0
encoding_tree_2	3088	0x2368F00	key_handler	0x1378	19	120	0xF0A380	-
encoding_tree_2	3089	0x2368F10	null_or_data	0x0	-	-	0x1379	-
encoding_tree_2	3090	0x2368F20	handler_value	-	-	-	0xF098E0	0x0
encoding_tree_2	3091	0x2368F30	key_handler	0xB7A	11	122	0x15DE2B0	-
encoding_tree_2	3092	0x2368F40	null_or_data	0x0	-	-	0x227B	-
encoding_tree_2	3093	0x2368F50	handler_value	-	-	-	0x15E49D0	0x0
encoding_tree_2	3094	0x2368F60	key_handler	0xB7C	11	124	0x15ED9B0	-
encoding_tree_2	3095	0x2368F70	null_or_data	0x0	-	-	0x227D	-
encoding_tree_2	3096	0x2368F80	handler_value	-	-	-	0x15F0600	0x0
encoding_tree_2	3097	0x2368F90	key_handler	0x37E	3	126	0x15DE760	-
encoding_tree_2	3098	0x2368FA0	null_or_data	0x0	-	-	0x57F	-
encoding_tree_2	3099	0x2368FB0	handler_value	-	-	-	0xF18120	0x0
encoding_tree_2	3100	0x2368FC0	key_handler	0x680	6	128	0xF18590	-
encoding_tree_2	3101	0x2368FD0	null_or_data	0x0	-	-	0x581	-
encoding_tree_2	3102	0x2368FE0	handler_value	-	-	-	0xF18A20	0x0
encoding_tree_2	3103	0x2368FF0	key_handler	0x582	5	130	0xF18E90	-
encoding_tree_2	3104	0x2369000	null_or_data	0x0	-	-	0x383	-
encoding_tree_2	3105	0x2369010	handler_value	-	-	-	0xF19330	0x0
encoding_tree_2	3106	0x2369020	key_handler	0x584	5	132	0xF197E0	-
encoding_tree_2	3107	0x2369030	null_or_data	0x0	-	-	0xA85	-
encoding_tree_2	3108	0x2369040	handler_value	-	-	-	0x109AFF0	0x0
encoding_tree_2	3109	0x2369050	key_handler	0x386	3	134	0x109BFE0	-
encoding_tree_2	3110	0x2369060	null_or_data	0x0	-	-	0xA87	-
encoding_tree_2	3111	0x2369070	handler_value	-	-	-	0x109A0F0	0x0
encoding_tree_2	3112	0x2369080	key_handler	0xA88	10	136	0x109A5F0	-
encoding_tree_2	3113	0x2369090	null_or_data	0x0	-	-	0x389	-
encoding_tree_2	3114	0x23690A0	handler_value	-	-	-	0x109BAC0	0x0
encoding_tree_2	3115	0x23690B0	key_handler	0xA8A	10	138	0x109AAF0	-
encoding_tree_2	3116	0x23690C0	null_or_data	0x0	-	-	0xB8B	-
encoding_tree_2	3117	0x23690D0	handler_value	-	-	-	0x109CEA0	0x0
encoding_tree_2	3118	0x23690E0	key_handler	0x228C	34	140	0x10ACB90	-
encoding_tree_2	3119	0x23690F0	null_or_data	0x0	-	-	0x228D	-
encoding_tree_2	3120	0x2369100	handler_value	-	-	-	0x10AC110	0x0
encoding_tree_2	3121	0x2369110	key_handler	0xB8E	11	142	0x109C9D0	-
encoding_tree_2	3122	0x2369120	null_or_data	0x0	-	-	0x228F	-
encoding_tree_2	3123	0x2369130	handler_value	-	-	-	0x10AB150	0x0
encoding_tree_2	3124	0x2369140	key_handler	0x2290	34	144	0x10AC650	-
encoding_tree_2	3125	0x2369150	null_or_data	0x0	-	-	0x391	-
encoding_tree_2	3126	0x2369160	handler_value	-	-	-	0x107A430	0x0
encoding_tree_2	3127	0x2369170	key_handler	0x2292	34	146	0x10A44D0	-
encoding_tree_2	3128	0x2369180	null_or_data	0x0	-	-	0x2293	-
encoding_tree_2	3129	0x2369190	handler_value	-	-	-	0x10A3FD0	0x0
encoding_tree_2	3130	0x23691A0	key_handler	0x794	7	148	0x107FBF0	-
encoding_tree_2	3131	0x23691B0	null_or_data	0x0	-	-	0x2295	-
encoding_tree_2	3132	0x23691C0	handler_value	-	-	-	0x10A35D0	0x0
encoding_tree_2	3133	0x23691D0	key_handler	0x2296	34	150	0x10A30D0	-
encoding_tree_2	3134	0x23691E0	null_or_data	0x0	-	-	0x397	-
encoding_tree_2	3135	0x23691F0	handler_value	-	-	-	0xF114D0	0x0
encoding_tree_2	3136	0x2369200	key_handler	0xA98	10	152	0xF10F80	-
encoding_tree_2	3137	0x2369210	null_or_data	0x0	-	-	0x399	-
encoding_tree_2	3138	0x2369220	handler_value	-	-	-	0xF11F80	0x0
encoding_tree_2	3139	0x2369230	key_handler	0xA9A	10	154	0xF124E0	-
encoding_tree_2	3140	0x2369240	null_or_data	0x0	-	-	0xA9B	-
encoding_tree_2	3141	0x2369250	handler_value	-	-	-	0xF11A30	0x0
encoding_tree_2	3142	0x2369260	key_handler	0xA9C	10	156	0xF19C70	-
encoding_tree_2	3143	0x2369270	null_or_data	0x0	-	-	0x39D	-
encoding_tree_2	3144	0x2369280	handler_value	-	-	-	0xF1A170	0x0
encoding_tree_2	3145	0x2369290	key_handler	0xA9E	10	158	0xF1A690	-
encoding_tree_2	3146	0x23692A0	null_or_data	0x0	-	-	0xB9F	-
encoding_tree_2	3147	0x23692B0	handler_value	-	-	-	0x109C500	0x0
encoding_tree_2	3148	0x23692C0	key_handler	0x22A0	34	160	0x10AB690	-
encoding_tree_2	3149	0x23692D0	null_or_data	0x0	-	-	0x22A1	-
encoding_tree_2	3150	0x23692E0	handler_value	-	-	-	0x10ABBD0	0x0
encoding_tree_2	3151	0x23692F0	key_handler	0xBA2	11	162	0xF0F190	-
encoding_tree_2	3152	0x2369300	null_or_data	0x0	-	-	0x22A3	-
encoding_tree_2	3153	0x2369310	handler_value	-	-	-	0xF0EC50	0x0
encoding_tree_2	3154	0x2369320	key_handler	0x22A4	34	164	0xF0F660	-
encoding_tree_2	3155	0x2369330	null_or_data	0x0	-	-	0x3A5	-
encoding_tree_2	3156	0x2369340	handler_value	-	-	-	0xF100A0	0x0
encoding_tree_2	3157	0x2369350	key_handler	0x22A6	34	166	0xF0FBA0	-
encoding_tree_2	3158	0x2369360	null_or_data	0x0	-	-	0x22A7	-
encoding_tree_2	3159	0x2369370	handler_value	-	-	-	0xF10570	0x0
encoding_tree_2	3160	0x2369380	key_handler	0x7A8	7	168	0xF10A70	-
encoding_tree_2	3161	0x2369390	null_or_data	0x0	-	-	0x22A9	-
encoding_tree_2	3162	0x23693A0	handler_value	-	-	-	0x10A3AD0	0x0
encoding_tree_2	3163	0x23693B0	key_handler	0x22AA	34	170	0x10A49D0	-
encoding_tree_2	3164	0x23693C0	null_or_data	0x0	-	-	0x5AB	-
encoding_tree_2	3165	0x23693D0	handler_value	-	-	-	0x17C2B30	0x0
encoding_tree_2	3166	0x23693E0	key_handler	0x19AC	25	172	0x17C3AE0	-
encoding_tree_2	3167	0x23693F0	null_or_data	0x0	-	-	0x5AD	-
encoding_tree_2	3168	0x2369400	handler_value	-	-	-	0x17C4030	0x0
encoding_tree_2	3169	0x2369410	key_handler	0x19AE	25	174	0x17C3060	-
encoding_tree_2	3170	0x2369420	null_or_data	0x0	-	-	0x5AF	-
encoding_tree_2	3171	0x2369430	handler_value	-	-	-	0x17C35B0	0x0
encoding_tree_2	3172	0x2369440	key_handler	0x19B0	25	176	0x17C4AA0	-
encoding_tree_2	3173	0x2369450	null_or_data	0x0	-	-	0x13B1	-
encoding_tree_2	3174	0x2369460	handler_value	-	-	-	0x17C4560	0x0
encoding_tree_2	3175	0x2369470	key_handler	0x19B2	25	178	0x17C5540	-
encoding_tree_2	3176	0x2369480	null_or_data	0x0	-	-	0x13B3	-
encoding_tree_2	3177	0x2369490	handler_value	-	-	-	0x17C5AA0	0x0
encoding_tree_2	3178	0x23694A0	key_handler	0x13B4	19	180	0x17C5000	-
encoding_tree_2	3179	0x23694B0	null_or_data	0x0	-	-	0x6B5	-
encoding_tree_2	3180	0x23694C0	handler_value	-	-	-	0x17B8270	0x0
encoding_tree_2	3181	0x23694D0	key_handler	0x5B6	5	182	0x17B7DB0	-
encoding_tree_2	3182	0x23694E0	null_or_data	0x0	-	-	0x5B7	-
encoding_tree_2	3183	0x23694F0	handler_value	-	-	-	0x17B8750	0x0
encoding_tree_2	3184	0x2369500	key_handler	0x3B8	3	184	0x153AB90	-
encoding_tree_2	3185	0x2369510	null_or_data	0x0	-	-	0x3B9	-
encoding_tree_2	3186	0x2369520	handler_value	-	-	-	0x153A160	0x0
encoding_tree_2	3187	0x2369530	key_handler	0x5BA	5	186	0x153A670	-
encoding_tree_2	3188	0x2369540	null_or_data	0x0	-	-	0x3BB	-
encoding_tree_2	3189	0x2369550	handler_value	-	-	-	0x1539C70	0x0
encoding_tree_2	3190	0x2369560	key_handler	0x5BC	5	188	0x15397A0	-
encoding_tree_2	3191	0x2369570	null_or_data	0x0	-	-	0x5BD	-
encoding_tree_2	3192	0x2369580	handler_value	-	-	-	0x17BDE80	0x0
encoding_tree_2	3193	0x2369590	key_handler	0x19BE	25	190	0x17BEE10	-
encoding_tree_2	3194	0x23695A0	null_or_data	0x0	-	-	0x5BF	-
encoding_tree_2	3195	0x23695B0	handler_value	-	-	-	0x17BF350	0x0
encoding_tree_2	3196	0x23695C0	key_handler	0x19C0	25	192	0x17BE3B0	-
encoding_tree_2	3197	0x23695D0	null_or_data	0x0	-	-	0x5C1	-
encoding_tree_2	3198	0x23695E0	handler_value	-	-	-	0x17BE8F0	0x0
encoding_tree_2	3199	0x23695F0	key_handler	0x5C2	5	194	0x15E08A0	-
encoding_tree_2	3200	0x2369600	null_or_data	0x0	-	-	0x5C6	-
encoding_tree_2	3201	0x2369610	handler_value	-	-	-	0x153E350	0x0
encoding_tree_2	3202	0x2369620	key_handler	0x5C7	5	199	0x153E7E0	-
encoding_tree_2	3203	0x2369630	null_or_data	0x0	-	-	0x5C8	-
encoding_tree_2	3204	0x2369640	handler_value	-	-	-	0x15427F0	0x0
encoding_tree_2	3205	0x2369650	key_handler	0x6C9	6	201	0x15DD060	-
encoding_tree_2	3206	0x2369660	null_or_data	0x0	-	-	0x6CA	-
encoding_tree_2	3207	0x2369670	handler_value	-	-	-	0x153EC50	0x0
encoding_tree_2	3208	0x2369680	key_handler	0xBCB	11	203	0x15EDE60	-
encoding_tree_2	3209	0x2369690	null_or_data	0x0	-	-	0x22CC	-
encoding_tree_2	3210	0x23696A0	handler_value	-	-	-	0x15EFBC0	0x0
encoding_tree_2	3211	0x23696B0	key_handler	0xBCD	11	205	0x15414A0	-
encoding_tree_2	3212	0x23696C0	null_or_data	0x0	-	-	0x22CE	-
encoding_tree_2	3213	0x23696D0	handler_value	-	-	-	0x1541950	0x0
encoding_tree_2	3214	0x23696E0	key_handler	0x3CF	3	207	0x15388F0	-
encoding_tree_2	3215	0x23696F0	null_or_data	0x0	-	-	0x5D0	-
encoding_tree_2	3216	0x2369700	handler_value	-	-	-	0x1538DA0	0x0
encoding_tree_2	3217	0x2369710	key_handler	0x3D1	3	209	0x153BF00	-
encoding_tree_2	3218	0x2369720	null_or_data	0x0	-	-	0x5D2	-
encoding_tree_2	3219	0x2369730	handler_value	-	-	-	0x153BA40	0x0
encoding_tree_2	3220	0x2369740	key_handler	0xBD3	11	211	0x15EE310	-
encoding_tree_2	3221	0x2369750	null_or_data	0x0	-	-	0x22D4	-
encoding_tree_2	3222	0x2369760	handler_value	-	-	-	0x15F00E0	0x0
encoding_tree_2	3223	0x2369770	key_handler	0xBD5	11	213	0x1538440	-
encoding_tree_2	3224	0x2369780	null_or_data	0x0	-	-	0x22D6	-
encoding_tree_2	3225	0x2369790	handler_value	-	-	-	0x1539280	0x0
encoding_tree_2	3226	0x23697A0	key_handler	0x19D7	25	215	0x1541E60	-
encoding_tree_2	3227	0x23697B0	null_or_data	0x0	-	-	0x22D8	-
encoding_tree_2	3228	0x23697C0	handler_value	-	-	-	0x1542310	0x0
encoding_tree_2	3229	0x23697D0	key_handler	0x5D9	5	217	0x1542C80	-
encoding_tree_2	3230	0x23697E0	null_or_data	0x0	-	-	0x3DA	-
encoding_tree_2	3231	0x23697F0	handler_value	-	-	-	0x15DEC10	0x0
encoding_tree_2	3232	0x2369800	key_handler	0x3DB	3	219	0x1543110	-
encoding_tree_2	3233	0x2369810	null_or_data	0x0	-	-	0x19DE	-
encoding_tree_2	3234	0x2369820	handler_value	-	-	-	0x153C900	0x0
encoding_tree_2	3235	0x2369830	key_handler	0x19DF	25	223	0x153CE40	-
encoding_tree_2	3236	0x2369840	null_or_data	0x0	-	-	0x5E0	-
encoding_tree_2	3237	0x2369850	handler_value	-	-	-	0x153C3D0	0x0
encoding_tree_2	3238	0x2369860	key_handler	0x3E1	3	225	0x153D8B0	-
encoding_tree_2	3239	0x2369870	null_or_data	0x0	-	-	0x3E2	-
encoding_tree_2	3240	0x2369880	handler_value	-	-	-	0x153DE00	0x0
encoding_tree_2	3241	0x2369890	key_handler	0xAE3	10	227	0x153D380	-
encoding_tree_2	3242	0x23698A0	null_or_data	0x0	-	-	0x6E4	-
encoding_tree_2	3243	0x23698B0	handler_value	-	-	-	0x15435C0	0x0
encoding_tree_2	3244	0x23698C0	key_handler	0x5E5	5	229	0x1543A50	-
encoding_tree_2	3245	0x23698D0	null_or_data	0x0	-	-	0x3E6	-
encoding_tree_2	3246	0x23698E0	handler_value	-	-	-	0x1543EC0	0x0
encoding_tree_2	3247	0x23698F0	key_handler	0x5E7	5	231	0x1544370	-
encoding_tree_2	3248	0x2369900	null_or_data	0x0	-	-	0x3E8	-
encoding_tree_2	3249	0x2369910	handler_value	-	-	-	0x15EF1A0	0x0
encoding_tree_2	3250	0x2369920	key_handler	0xAE9	10	233	0x15EECB0	-
encoding_tree_2	3251	0x2369930	null_or_data	0x0	-	-	0x3EA	-
encoding_tree_2	3252	0x2369940	handler_value	-	-	-	0x15EF6B0	0x0
encoding_tree_2	3253	0x2369950	key_handler	0xAEB	10	235	0x15EE7C0	-
encoding_tree_2	3254	0x2369960	null_or_data	0x0	-	-	0x3EC	-
encoding_tree_2	3255	0x2369970	handler_value	-	-	-	0x1540A00	0x0
encoding_tree_2	3256	0x2369980	key_handler	0x3ED	3	237	0x1540F50	-
encoding_tree_2	3257	0x2369990	null_or_data	0x0	-	-	0xAEE	-
encoding_tree_2	3258	0x23699A0	handler_value	-	-	-	0x15404C0	0x0
encoding_tree_2	3259	0x23699B0	key_handler	0x3EF	3	239	0x1544800	-
encoding_tree_2	3260	0x23699C0	null_or_data	0x0	-	-	0xAF0	-
encoding_tree_2	3261	0x23699D0	handler_value	-	-	-	0x1544D10	0x0
encoding_tree_2	3262	0x23699E0	key_handler	0xBF1	11	241	0x15DFEE0	-
encoding_tree_2	3263	0x23699F0	null_or_data	0x0	-	-	0x22F2	-
encoding_tree_2	3264	0x2369A00	handler_value	-	-	-	0x15E63F0	0x0
encoding_tree_2	3265	0x2369A10	key_handler	0xBF3	11	243	0x153F620	-
encoding_tree_2	3266	0x2369A20	null_or_data	0x0	-	-	0x22F4	-
encoding_tree_2	3267	0x2369A30	handler_value	-	-	-	0x153F0E0	0x0
encoding_tree_2	3268	0x2369A40	key_handler	0x3F5	3	245	0x153FFF0	-
encoding_tree_2	3269	0x2369A50	null_or_data	0x0	-	-	0x22F6	-
encoding_tree_2	3270	0x2369A60	handler_value	-	-	-	0x153FAF0	0x0
encoding_tree_2	3271	0x2369A70	key_handler	0x3F7	3	247	0x153B570	-
encoding_tree_2	3272	0x2369A80	null_or_data	0x0	-	-	0x5F8	-
encoding_tree_2	3273	0x2369A90	handler_value	-	-	-	0x153B0C0	0x0
encoding_tree_2	3274	0x2369AA0	key_handler	0x500	5	0	0xF21530	-
encoding_tree_2	3276	0x2369AC0	key_handler	0xA00	10	0	0xFBC570	-
encoding_tree_2	3277	0x2369AD0	null_or_data	0x0	-	-	0xA01	-
encoding_tree_2	3278	0x2369AE0	handler_value	-	-	-	0xFBCAB0	0x0
encoding_tree_2	3279	0x2369AF0	key_handler	0xA02	10	2	0xFBCFF0	-
encoding_tree_2	3280	0x2369B00	null_or_data	0x0	-	-	0x503	-
encoding_tree_2	3281	0x2369B10	handler_value	-	-	-	0xFAF450	0x0
encoding_tree_2	3282	0x2369B20	key_handler	0x504	5	4	0xFAF910	-
encoding_tree_2	3283	0x2369B30	null_or_data	0x0	-	-	0x705	-
encoding_tree_2	3284	0x2369B40	handler_value	-	-	-	0x156BEE0	0x0
encoding_tree_2	3285	0x2369B50	key_handler	0x1306	19	6	0x156B950	-
encoding_tree_2	3286	0x2369B60	null_or_data	0x0	-	-	0x1307	-
encoding_tree_2	3287	0x2369B70	handler_value	-	-	-	0x156C470	0x0
encoding_tree_2	3288	0x2369B80	key_handler	0x1908	25	8	0xFB23E0	-
encoding_tree_2	3289	0x2369B90	null_or_data	0x0	-	-	0x1309	-
encoding_tree_2	3290	0x2369BA0	handler_value	-	-	-	0xFB1E10	0x0
encoding_tree_2	3291	0x2369BB0	key_handler	0x130A	19	10	0xFB2960	-
encoding_tree_2	3292	0x2369BC0	null_or_data	0x0	-	-	0x70B	-
encoding_tree_2	3293	0x2369BD0	handler_value	-	-	-	0x156CF10	0x0
encoding_tree_2	3294	0x2369BE0	key_handler	0x50C	5	12	0x156CA00	-
encoding_tree_2	3295	0x2369BF0	null_or_data	0x0	-	-	0x50D	-
encoding_tree_2	3296	0x2369C00	handler_value	-	-	-	0x156D420	0x0
encoding_tree_2	3297	0x2369C10	key_handler	0x30E	3	14	0xFB3460	-
encoding_tree_2	3298	0x2369C20	null_or_data	0x0	-	-	0x50F	-
encoding_tree_2	3299	0x2369C30	handler_value	-	-	-	0xFB2F20	0x0
encoding_tree_2	3300	0x2369C40	key_handler	0x510	5	16	0xFB3960	-
encoding_tree_2	3301	0x2369C50	null_or_data	0x0	-	-	0x2311	-
encoding_tree_2	3302	0x2369C60	handler_value	-	-	-	0xFB44F0	0x0
encoding_tree_2	3303	0x2369C70	key_handler	0x1312	19	18	0xFB3EA0	-
encoding_tree_2	3304	0x2369C80	null_or_data	0x0	-	-	0x1313	-
encoding_tree_2	3305	0x2369C90	handler_value	-	-	-	0xFB4B10	0x0
encoding_tree_2	3306	0x2369CA0	key_handler	0x2314	35	20	0xFB5740	-
encoding_tree_2	3307	0x2369CB0	null_or_data	0x0	-	-	0x1315	-
encoding_tree_2	3308	0x2369CC0	handler_value	-	-	-	0xFB5160	0x0
encoding_tree_2	3309	0x2369CD0	key_handler	0x1316	19	22	0xFB5CE0	-
encoding_tree_2	3310	0x2369CE0	null_or_data	0x0	-	-	0xA17	-
encoding_tree_2	3311	0x2369CF0	handler_value	-	-	-	0xFB62C0	0x0
encoding_tree_2	3312	0x2369D00	key_handler	0x318	3	24	0xFB67C0	-
encoding_tree_2	3313	0x2369D10	null_or_data	0x0	-	-	0xA19	-
encoding_tree_2	3314	0x2369D20	handler_value	-	-	-	0xFB6CD0	0x0
encoding_tree_2	3315	0x2369D30	key_handler	0x31A	3	26	0xFB8420	-
encoding_tree_2	3316	0x2369D40	null_or_data	0x0	-	-	0xA1B	-
encoding_tree_2	3317	0x2369D50	handler_value	-	-	-	0xFB7F30	0x0
encoding_tree_2	3318	0x2369D60	key_handler	0xA1C	10	28	0xFB9200	-
encoding_tree_2	3319	0x2369D70	null_or_data	0x0	-	-	0x31D	-
encoding_tree_2	3320	0x2369D80	handler_value	-	-	-	0xFB9770	0x0
encoding_tree_2	3321	0x2369D90	key_handler	0xA1E	10	30	0xFB9CF0	-
encoding_tree_2	3322	0x2369DA0	null_or_data	0x0	-	-	0x31F	-
encoding_tree_2	3323	0x2369DB0	handler_value	-	-	-	0xFBB650	0x0
encoding_tree_2	3324	0x2369DC0	key_handler	0xA20	10	32	0xFBB0F0	-
encoding_tree_2	3325	0x2369DD0	null_or_data	0x0	-	-	0x521	-
encoding_tree_2	3326	0x2369DE0	handler_value	-	-	-	0xFB71C0	0x0
encoding_tree_2	3327	0x2369DF0	key_handler	0x322	3	34	0xFB7630	-
encoding_tree_2	3328	0x2369E00	null_or_data	0x0	-	-	0x523	-
encoding_tree_2	3329	0x2369E10	handler_value	-	-	-	0xFB7AC0	0x0
encoding_tree_2	3330	0x2369E20	key_handler	0x324	3	36	0xFB8D80	-
encoding_tree_2	3331	0x2369E30	null_or_data	0x0	-	-	0x525	-
encoding_tree_2	3332	0x2369E40	handler_value	-	-	-	0xFB8920	0x0
encoding_tree_2	3333	0x2369E50	key_handler	0x226	2	38	0xFBA250	-
encoding_tree_2	3334	0x2369E60	null_or_data	0x0	-	-	0x327	-
encoding_tree_2	3335	0x2369E70	handler_value	-	-	-	0xFBA730	0x0
encoding_tree_2	3336	0x2369E80	key_handler	0x228	2	40	0xFBAC20	-
encoding_tree_2	3337	0x2369E90	null_or_data	0x0	-	-	0x329	-
encoding_tree_2	3338	0x2369EA0	handler_value	-	-	-	0xFBC090	0x0
encoding_tree_2	3339	0x2369EB0	key_handler	0x22A	2	42	0xFBBBC0	-
encoding_tree_2	3340	0x2369EC0	null_or_data	0x0	-	-	0x192B	-
encoding_tree_2	3341	0x2369ED0	handler_value	-	-	-	0x1573DE0	0x0
encoding_tree_2	3342	0x2369EE0	key_handler	0x132C	19	44	0x1574360	-
encoding_tree_2	3343	0x2369EF0	null_or_data	0x0	-	-	0x32D	-
encoding_tree_2	3344	0x2369F00	handler_value	-	-	-	0x1574910	0x0
encoding_tree_2	3345	0x2369F10	key_handler	0x52E	5	46	0x1574E10	-
encoding_tree_2	3346	0x2369F20	null_or_data	0x0	-	-	0xA2F	-
encoding_tree_2	3347	0x2369F30	handler_value	-	-	-	0x156D930	0x0
encoding_tree_2	3348	0x2369F40	key_handler	0x730	7	48	0x156DE30	-
encoding_tree_2	3349	0x2369F50	null_or_data	0x0	-	-	0xA31	-
encoding_tree_2	3350	0x2369F60	handler_value	-	-	-	0x156E380	0x0
encoding_tree_2	3351	0x2369F70	key_handler	0x732	7	50	0x156FB10	-
encoding_tree_2	3352	0x2369F80	null_or_data	0x0	-	-	0xA33	-
encoding_tree_2	3353	0x2369F90	handler_value	-	-	-	0x156F620	0x0
encoding_tree_2	3354	0x2369FA0	key_handler	0xA34	10	52	0x1570970	-
encoding_tree_2	3355	0x2369FB0	null_or_data	0x0	-	-	0x735	-
encoding_tree_2	3356	0x2369FC0	handler_value	-	-	-	0x1570EE0	0x0
encoding_tree_2	3357	0x2369FD0	key_handler	0xA36	10	54	0x15714A0	-
encoding_tree_2	3358	0x2369FE0	null_or_data	0x0	-	-	0x737	-
encoding_tree_2	3359	0x2369FF0	handler_value	-	-	-	0x1572E40	0x0
encoding_tree_2	3360	0x236A000	key_handler	0xA38	10	56	0x15728E0	-
encoding_tree_2	3361	0x236A010	null_or_data	0x0	-	-	0x539	-
encoding_tree_2	3362	0x236A020	handler_value	-	-	-	0x156E870	0x0
encoding_tree_2	3363	0x236A030	key_handler	0x73A	7	58	0x156ECE0	-
encoding_tree_2	3364	0x236A040	null_or_data	0x0	-	-	0x53B	-
encoding_tree_2	3365	0x236A050	handler_value	-	-	-	0x156F1B0	0x0
encoding_tree_2	3366	0x236A060	key_handler	0x73C	7	60	0x15704B0	-
encoding_tree_2	3367	0x236A070	null_or_data	0x0	-	-	0x53D	-
encoding_tree_2	3368	0x236A080	handler_value	-	-	-	0x1570050	0x0
encoding_tree_2	3369	0x236A090	key_handler	0x23E	2	62	0x1571A00	-
encoding_tree_2	3370	0x236A0A0	null_or_data	0x0	-	-	0x73F	-
encoding_tree_2	3371	0x236A0B0	handler_value	-	-	-	0x1571EE0	0x0
encoding_tree_2	3372	0x236A0C0	key_handler	0x240	2	64	0x1572410	-
encoding_tree_2	3373	0x236A0D0	null_or_data	0x0	-	-	0x741	-
encoding_tree_2	3374	0x236A0E0	handler_value	-	-	-	0x15738C0	0x0
encoding_tree_2	3375	0x236A0F0	key_handler	0x242	2	66	0x15733F0	-
encoding_tree_2	3378	0x236A120	key_handler	0x500	5	0	0x1565670	-
encoding_tree_2	3379	0x236A130	null_or_data	0x0	-	-	0x1901	-
encoding_tree_2	3380	0x236A140	handler_value	-	-	-	0x1565C40	0x0
encoding_tree_2	3381	0x236A150	key_handler	0x502	5	2	0x15661A0	-
encoding_tree_2	3382	0x236A160	null_or_data	0x0	-	-	0x1903	-
encoding_tree_2	3383	0x236A170	handler_value	-	-	-	0xF824D0	0x0
encoding_tree_2	3384	0x236A180	key_handler	0x504	5	4	0xF81F50	-
encoding_tree_2	3385	0x236A190	null_or_data	0x0	-	-	0x505	-
encoding_tree_2	3386	0x236A1A0	handler_value	-	-	-	0xF82A10	0x0
encoding_tree_2	3387	0x236A1B0	key_handler	0x1906	25	6	0x1564B50	-
encoding_tree_2	3388	0x236A1C0	null_or_data	0x0	-	-	0x507	-
encoding_tree_2	3389	0x236A1D0	handler_value	-	-	-	0x1564590	0x0
encoding_tree_2	3390	0x236A1E0	key_handler	0x508	5	8	0x15650B0	-
encoding_tree_2	3391	0x236A1F0	null_or_data	0x0	-	-	0x709	-
encoding_tree_2	3392	0x236A200	handler_value	-	-	-	0x15627A0	0x0
encoding_tree_2	3393	0x236A210	key_handler	0x50A	5	10	0x1562290	-
encoding_tree_2	3394	0x236A220	null_or_data	0x0	-	-	0x50B	-
encoding_tree_2	3395	0x236A230	handler_value	-	-	-	0x1562CB0	0x0
encoding_tree_2	3396	0x236A240	key_handler	0xD0C	13	12	0xF83520	-
encoding_tree_2	3397	0x236A250	null_or_data	0x0	-	-	0x50D	-
encoding_tree_2	3398	0x236A260	handler_value	-	-	-	0xF82F90	0x0
encoding_tree_2	3399	0x236A270	key_handler	0x50E	5	14	0xF83A80	-
encoding_tree_2	3400	0x236A280	null_or_data	0x0	-	-	0x50F	-
encoding_tree_2	3401	0x236A290	handler_value	-	-	-	0xF84010	0x0
encoding_tree_2	3402	0x236A2A0	key_handler	0x310	3	16	0xF84480	-
encoding_tree_2	3403	0x236A2B0	null_or_data	0x0	-	-	0x511	-
encoding_tree_2	3404	0x236A2C0	handler_value	-	-	-	0xF84910	0x0
encoding_tree_2	3405	0x236A2D0	key_handler	0x512	5	18	0x106C330	-
encoding_tree_2	3406	0x236A2E0	null_or_data	0x0	-	-	0x313	-
encoding_tree_2	3407	0x236A2F0	handler_value	-	-	-	0x106E270	0x0
encoding_tree_2	3408	0x236A300	key_handler	0x514	5	20	0x106C7A0	-
encoding_tree_2	3409	0x236A310	null_or_data	0x0	-	-	0x315	-
encoding_tree_2	3410	0x236A320	handler_value	-	-	-	0xF85F90	0x0
encoding_tree_2	3411	0x236A330	key_handler	0x516	5	22	0xF85B30	-
encoding_tree_2	3412	0x236A340	null_or_data	0x0	-	-	0x217	-
encoding_tree_2	3413	0x236A350	handler_value	-	-	-	0xF84D80	0x0
encoding_tree_2	3414	0x236A360	key_handler	0x318	3	24	0xF85210	-
encoding_tree_2	3415	0x236A370	null_or_data	0x0	-	-	0x219	-
encoding_tree_2	3416	0x236A380	handler_value	-	-	-	0xF856B0	0x0
encoding_tree_2	3417	0x236A390	key_handler	0x31A	3	26	0xF86890	-
encoding_tree_2	3418	0x236A3A0	null_or_data	0x0	-	-	0x21B	-
encoding_tree_2	3419	0x236A3B0	handler_value	-	-	-	0xF86410	0x0
encoding_tree_2	3420	0x236A3C0	key_handler	0x191C	25	28	0x1563730	-
encoding_tree_2	3421	0x236A3D0	null_or_data	0x0	-	-	0x51D	-
encoding_tree_2	3422	0x236A3E0	handler_value	-	-	-	0x15631C0	0x0
encoding_tree_2	3423	0x236A3F0	key_handler	0x31E	3	30	0x15640F0	-
encoding_tree_2	3424	0x236A400	null_or_data	0x0	-	-	0x21F	-
encoding_tree_2	3425	0x236A410	handler_value	-	-	-	0x1563C70	0x0
encoding_tree_2	3426	0x236A420	key_handler	0x600	6	0	0x107AD70	-
encoding_tree_2	3427	0x236A430	null_or_data	0x0	-	-	0x601	-
encoding_tree_2	3428	0x236A440	handler_value	-	-	-	0xEF0880	0x0
encoding_tree_2	3429	0x236A450	key_handler	0x502	5	2	0xEF15F0	-
encoding_tree_2	3430	0x236A460	null_or_data	0x0	-	-	0x503	-
encoding_tree_2	3431	0x236A470	handler_value	-	-	-	0xEF1AA0	0x0
encoding_tree_2	3432	0x236A480	key_handler	0x2204	34	4	0x17AFC90	-
encoding_tree_2	3433	0x236A490	null_or_data	0x0	-	-	0x507	-
encoding_tree_2	3434	0x236A4A0	handler_value	-	-	-	0x152EFE0	0x0
encoding_tree_2	3435	0x236A4B0	key_handler	0x1308	19	8	0x152F540	-
encoding_tree_2	3436	0x236A4C0	null_or_data	0x0	-	-	0x509	-
encoding_tree_2	3437	0x236A4D0	handler_value	-	-	-	0x17B01C0	0x0
encoding_tree_2	3438	0x236A4E0	key_handler	0x60A	6	10	0x106B5E0	-
encoding_tree_2	3439	0x236A4F0	null_or_data	0x0	-	-	0x60B	-
encoding_tree_2	3440	0x236A500	handler_value	-	-	-	0x107A900	0x0
encoding_tree_2	3441	0x236A510	key_handler	0x60C	6	12	0xEF0410	-
encoding_tree_2	3442	0x236A520	null_or_data	0x0	-	-	0x60D	-
encoding_tree_2	3443	0x236A530	handler_value	-	-	-	0xEF0CF0	0x0
encoding_tree_2	3444	0x236A540	key_handler	0x50E	5	14	0xEF1180	-
encoding_tree_2	3445	0x236A550	null_or_data	0x0	-	-	0x50F	-
encoding_tree_2	3446	0x236A560	handler_value	-	-	-	0xEF1F90	0x0
encoding_tree_2	3448	0x236A580	key_handler	0x1300	19	0	0x17CD760	-
encoding_tree_2	3449	0x236A590	null_or_data	0x0	-	-	0x1301	-
encoding_tree_2	3450	0x236A5A0	handler_value	-	-	-	0x17CDD90	0x0
encoding_tree_2	3451	0x236A5B0	key_handler	0x1302	19	2	0x17CD130	-
encoding_tree_2	3452	0x236A5C0	null_or_data	0x0	-	-	0x1903	-
encoding_tree_2	3453	0x236A5D0	handler_value	-	-	-	0xF26F00	0x0
encoding_tree_2	3454	0x236A5E0	key_handler	0x1904	25	4	0xF28040	-
encoding_tree_2	3455	0x236A5F0	null_or_data	0x0	-	-	0x1305	-
encoding_tree_2	3456	0x236A600	handler_value	-	-	-	0xF27A60	0x0
encoding_tree_2	3457	0x236A610	key_handler	0x1306	19	6	0xF285D0	-
encoding_tree_2	3458	0x236A620	null_or_data	0x0	-	-	0x1307	-
encoding_tree_2	3459	0x236A630	handler_value	-	-	-	0xF27490	0x0
encoding_tree_2	3460	0x236A640	key_handler	0x1908	25	8	0x15497D0	-
encoding_tree_2	3461	0x236A650	null_or_data	0x0	-	-	0x1909	-
encoding_tree_2	3462	0x236A660	handler_value	-	-	-	0x1548B20	0x0
encoding_tree_2	3463	0x236A670	key_handler	0x130A	19	10	0x1548490	-
encoding_tree_2	3464	0x236A680	null_or_data	0x0	-	-	0x130B	-
encoding_tree_2	3465	0x236A690	handler_value	-	-	-	0x1549140	0x0
encoding_tree_2	3466	0x236A6A0	key_handler	0x130C	19	12	0x1549DF0	-
encoding_tree_2	3467	0x236A6B0	null_or_data	0x0	-	-	0x70D	-
encoding_tree_2	3468	0x236A6C0	handler_value	-	-	-	0x1545200	0x0
encoding_tree_2	3469	0x236A6D0	key_handler	0x70E	7	14	0x15462A0	-
encoding_tree_2	3470	0x236A6E0	null_or_data	0x0	-	-	0xA0F	-
encoding_tree_2	3471	0x236A6F0	handler_value	-	-	-	0x1545D10	0x0
encoding_tree_2	3472	0x236A700	key_handler	0xA10	10	16	0x1546820	-
encoding_tree_2	3473	0x236A710	null_or_data	0x0	-	-	0xA11	-
encoding_tree_2	3474	0x236A720	handler_value	-	-	-	0x1545780	0x0
encoding_tree_2	3475	0x236A730	key_handler	0xD12	13	18	0xF2CAC0	-
encoding_tree_2	3476	0x236A740	null_or_data	0x0	-	-	0xD13	-
encoding_tree_2	3477	0x236A750	handler_value	-	-	-	0xF2DC60	0x0
encoding_tree_2	3478	0x236A760	key_handler	0x1314	19	20	0xF2D680	-
encoding_tree_2	3479	0x236A770	null_or_data	0x0	-	-	0x1315	-
encoding_tree_2	3480	0x236A780	handler_value	-	-	-	0xF2E240	0x0
encoding_tree_2	3481	0x236A790	key_handler	0x1316	19	22	0xF2D0A0	-
encoding_tree_2	3482	0x236A7A0	null_or_data	0x0	-	-	0xD17	-
encoding_tree_2	3483	0x236A7B0	handler_value	-	-	-	0xF2E820	0x0
encoding_tree_2	3484	0x236A7C0	key_handler	0xD18	13	24	0xF2FAA0	-
encoding_tree_2	3485	0x236A7D0	null_or_data	0x0	-	-	0x1319	-
encoding_tree_2	3486	0x236A7E0	handler_value	-	-	-	0xF2F470	0x0
encoding_tree_2	3487	0x236A7F0	key_handler	0x131A	19	26	0xF300C0	-
encoding_tree_2	3488	0x236A800	null_or_data	0x0	-	-	0x131B	-
encoding_tree_2	3489	0x236A810	handler_value	-	-	-	0xF2EE50	0x0
encoding_tree_2	3490	0x236A820	key_handler	0x231C	35	28	0xF291B0	-
encoding_tree_2	3491	0x236A830	null_or_data	0x0	-	-	0x231D	-
encoding_tree_2	3492	0x236A840	handler_value	-	-	-	0xF2BDF0	0x0
encoding_tree_2	3493	0x236A850	key_handler	0x131E	19	30	0xF2B760	-
encoding_tree_2	3494	0x236A860	null_or_data	0x0	-	-	0x131F	-
encoding_tree_2	3495	0x236A870	handler_value	-	-	-	0xF2C440	0x0
encoding_tree_2	3496	0x236A880	key_handler	0x1320	19	32	0xF2B0E0	-
encoding_tree_2	3497	0x236A890	null_or_data	0x0	-	-	0x2321	-
encoding_tree_2	3498	0x236A8A0	handler_value	-	-	-	0xF28BA0	0x0
encoding_tree_2	3499	0x236A8B0	key_handler	0x2322	35	34	0xF2A490	-
encoding_tree_2	3500	0x236A8C0	null_or_data	0x0	-	-	0x1323	-
encoding_tree_2	3501	0x236A8D0	handler_value	-	-	-	0xF29E50	0x0
encoding_tree_2	3502	0x236A8E0	key_handler	0x1324	19	36	0xF2AAA0	-
encoding_tree_2	3503	0x236A8F0	null_or_data	0x0	-	-	0x1325	-
encoding_tree_2	3504	0x236A900	handler_value	-	-	-	0xF29810	0x0
encoding_tree_2	3505	0x236A910	key_handler	0x1326	19	38	0x154AA80	-
encoding_tree_2	3506	0x236A920	null_or_data	0x0	-	-	0x1927	-
encoding_tree_2	3507	0x236A930	handler_value	-	-	-	0x154A480	0x0
encoding_tree_2	3508	0x236A940	key_handler	0x1328	19	40	0x154BD60	-
encoding_tree_2	3509	0x236A950	null_or_data	0x0	-	-	0x1929	-
encoding_tree_2	3510	0x236A960	handler_value	-	-	-	0x154B0F0	0x0
encoding_tree_2	3511	0x236A970	key_handler	0x132A	19	42	0x154B6F0	-
encoding_tree_2	3512	0x236A980	null_or_data	0x0	-	-	0x132B	-
encoding_tree_2	3513	0x236A990	handler_value	-	-	-	0x1547E70	0x0
encoding_tree_2	3514	0x236A9A0	key_handler	0x192C	25	44	0x1546DB0	-
encoding_tree_2	3515	0x236A9B0	null_or_data	0x0	-	-	0x192D	-
encoding_tree_2	3516	0x236A9C0	handler_value	-	-	-	0x15478F0	0x0
encoding_tree_2	3517	0x236A9D0	key_handler	0x132E	19	46	0x1547330	-
encoding_tree_2	3520	0x236AA00	key_handler	0x700	7	0	0xEBACB0	-
encoding_tree_2	3521	0x236AA10	null_or_data	0x0	-	-	0xA01	-
encoding_tree_2	3522	0x236AA20	handler_value	-	-	-	0x10857D0	0x0
encoding_tree_2	3523	0x236AA30	key_handler	0x502	5	2	0x1529790	-
encoding_tree_2	3524	0x236AA40	null_or_data	0x0	-	-	0x303	-
encoding_tree_2	3525	0x236AA50	handler_value	-	-	-	0x1529260	0x0
encoding_tree_2	3526	0x236AA60	key_handler	0x504	5	4	0x1529D40	-
encoding_tree_2	3527	0x236AA70	null_or_data	0x0	-	-	0x705	-
encoding_tree_2	3528	0x236AA80	handler_value	-	-	-	0xEB8E40	0x0
encoding_tree_2	3529	0x236AA90	key_handler	0x206	2	6	0x1077400	-
encoding_tree_2	3530	0x236AAA0	null_or_data	0x0	-	-	0x307	-
encoding_tree_2	3531	0x236AAB0	handler_value	-	-	-	0xEB5BA0	0x0
encoding_tree_2	3532	0x236AAC0	key_handler	0x508	5	8	0xEB5640	-
encoding_tree_2	3533	0x236AAD0	null_or_data	0x0	-	-	0x509	-
encoding_tree_2	3534	0x236AAE0	handler_value	-	-	-	0xEB60C0	0x0
encoding_tree_2	3535	0x236AAF0	key_handler	0x50A	5	10	0x17AB310	-
encoding_tree_2	3536	0x236AB00	null_or_data	0x0	-	-	0x50B	-
encoding_tree_2	3537	0x236AB10	handler_value	-	-	-	0x17AB8A0	0x0
encoding_tree_2	3538	0x236AB20	key_handler	0x190C	25	12	0x1528700	-
encoding_tree_2	3539	0x236AB30	null_or_data	0x0	-	-	0x50D	-
encoding_tree_2	3540	0x236AB40	handler_value	-	-	-	0x1528120	0x0
encoding_tree_2	3541	0x236AB50	key_handler	0x50E	5	14	0x1528C80	-
encoding_tree_2	3542	0x236AB60	null_or_data	0x0	-	-	0x70F	-
encoding_tree_2	3543	0x236AB70	handler_value	-	-	-	0x1521910	0x0
encoding_tree_2	3544	0x236AB80	key_handler	0x510	5	16	0x1521400	-
encoding_tree_2	3545	0x236AB90	null_or_data	0x0	-	-	0x511	-
encoding_tree_2	3546	0x236ABA0	handler_value	-	-	-	0x1521E20	0x0
encoding_tree_2	3547	0x236ABB0	key_handler	0xD12	13	18	0xEB6BC0	-
encoding_tree_2	3548	0x236ABC0	null_or_data	0x0	-	-	0x513	-
encoding_tree_2	3549	0x236ABD0	handler_value	-	-	-	0xEB6620	0x0
encoding_tree_2	3550	0x236ABE0	key_handler	0x514	5	20	0xEB7130	-
encoding_tree_2	3551	0x236ABF0	null_or_data	0x0	-	-	0x515	-
encoding_tree_2	3552	0x236AC00	handler_value	-	-	-	0x1525A90	0x0
encoding_tree_2	3553	0x236AC10	key_handler	0x316	3	22	0x1525F60	-
encoding_tree_2	3554	0x236AC20	null_or_data	0x0	-	-	0x517	-
encoding_tree_2	3555	0x236AC30	handler_value	-	-	-	0x1526410	0x0
encoding_tree_2	3556	0x236AC40	key_handler	0xA18	10	24	0xEB9320	-
encoding_tree_2	3557	0x236AC50	null_or_data	0x0	-	-	0x319	-
encoding_tree_2	3558	0x236AC60	handler_value	-	-	-	0xEB9D70	0x0
encoding_tree_2	3559	0x236AC70	key_handler	0xA1A	10	26	0xEB9850	-
encoding_tree_2	3560	0x236AC80	null_or_data	0x0	-	-	0x31B	-
encoding_tree_2	3561	0x236AC90	handler_value	-	-	-	0xEBA7A0	0x0
encoding_tree_2	3562	0x236ACA0	key_handler	0xA1C	10	28	0xEBA280	-
encoding_tree_2	3563	0x236ACB0	null_or_data	0x0	-	-	0x51D	-
encoding_tree_2	3564	0x236ACC0	handler_value	-	-	-	0x1527280	0x0
encoding_tree_2	3565	0x236ACD0	key_handler	0x31E	3	30	0x1527770	-
encoding_tree_2	3566	0x236ACE0	null_or_data	0x0	-	-	0x51F	-
encoding_tree_2	3567	0x236ACF0	handler_value	-	-	-	0x1527C40	0x0
encoding_tree_2	3568	0x236AD00	key_handler	0x220	2	32	0xEB76C0	-
encoding_tree_2	3569	0x236AD10	null_or_data	0x0	-	-	0x321	-
encoding_tree_2	3570	0x236AD20	handler_value	-	-	-	0xEB8040	0x0
encoding_tree_2	3571	0x236AD30	key_handler	0x222	2	34	0xEB7B80	-
encoding_tree_2	3572	0x236AD40	null_or_data	0x0	-	-	0x323	-
encoding_tree_2	3573	0x236AD50	handler_value	-	-	-	0xEB89A0	0x0
encoding_tree_2	3574	0x236AD60	key_handler	0x224	2	36	0xEB84F0	-
encoding_tree_2	3575	0x236AD70	null_or_data	0x0	-	-	0xA25	-
encoding_tree_2	3576	0x236AD80	handler_value	-	-	-	0x1523190	0x0
encoding_tree_2	3577	0x236AD90	key_handler	0x726	7	38	0x1523BE0	-
encoding_tree_2	3578	0x236ADA0	null_or_data	0x0	-	-	0xA27	-
encoding_tree_2	3579	0x236ADB0	handler_value	-	-	-	0x15236C0	0x0
encoding_tree_2	3580	0x236ADC0	key_handler	0x228	2	40	0x1522330	-
encoding_tree_2	3581	0x236ADD0	null_or_data	0x0	-	-	0x729	-
encoding_tree_2	3582	0x236ADE0	handler_value	-	-	-	0x1522CB0	0x0
encoding_tree_2	3583	0x236ADF0	key_handler	0x22A	2	42	0x15227F0	-
encoding_tree_2	3584	0x236AE00	null_or_data	0x0	-	-	0x32B	-
encoding_tree_2	3585	0x236AE10	handler_value	-	-	-	0x1524130	0x0
encoding_tree_2	3586	0x236AE20	key_handler	0x52C	5	44	0x1524650	-
encoding_tree_2	3587	0x236AE30	null_or_data	0x0	-	-	0x52D	-
encoding_tree_2	3588	0x236AE40	handler_value	-	-	-	0x1524BA0	0x0
encoding_tree_2	3589	0x236AE50	key_handler	0x32E	3	46	0x1525120	-
encoding_tree_2	3590	0x236AE60	null_or_data	0x0	-	-	0x52F	-
encoding_tree_2	3591	0x236AE70	handler_value	-	-	-	0x15255D0	0x0
encoding_tree_2	3592	0x236AE80	key_handler	0x330	3	48	0x15268D0	-
encoding_tree_2	3593	0x236AE90	null_or_data	0x0	-	-	0x531	-
encoding_tree_2	3594	0x236AEA0	handler_value	-	-	-	0x1526DA0	0x0
encoding_tree_2	3596	0x236AEC0	key_handler	0x500	5	0	0xF7F5E0	-
encoding_tree_2	3597	0x236AED0	null_or_data	0x0	-	-	0x501	-
encoding_tree_2	3598	0x236AEE0	handler_value	-	-	-	0xF7DB50	0x0
encoding_tree_2	3599	0x236AEF0	key_handler	0x502	5	2	0x1068FC0	-
encoding_tree_2	3600	0x236AF00	null_or_data	0x0	-	-	0x503	-
encoding_tree_2	3601	0x236AF10	handler_value	-	-	-	0xF80760	0x0
encoding_tree_2	3602	0x236AF20	key_handler	0x304	3	4	0xF7E810	-
encoding_tree_2	3603	0x236AF30	null_or_data	0x0	-	-	0x305	-
encoding_tree_2	3604	0x236AF40	handler_value	-	-	-	0xF7ECB0	0x0
encoding_tree_2	3605	0x236AF50	key_handler	0x506	5	6	0xF80340	-
encoding_tree_2	3606	0x236AF60	null_or_data	0x0	-	-	0x507	-
encoding_tree_2	3607	0x236AF70	handler_value	-	-	-	0x10693E0	0x0
encoding_tree_2	3608	0x236AF80	key_handler	0x308	3	8	0xF7F150	-
encoding_tree_2	3609	0x236AF90	null_or_data	0x0	-	-	0x309	-
encoding_tree_2	3610	0x236AFA0	handler_value	-	-	-	0xF7FA50	0x0
encoding_tree_2	3611	0x236AFB0	key_handler	0x50A	5	10	0xF7FED0	-
encoding_tree_2	3612	0x236AFC0	null_or_data	0x0	-	-	0x50B	-
encoding_tree_2	3613	0x236AFD0	handler_value	-	-	-	0xF7CEB0	0x0
encoding_tree_2	3614	0x236AFE0	key_handler	0x60C	6	12	0xF7D2E0	-
encoding_tree_2	3615	0x236AFF0	null_or_data	0x0	-	-	0x50D	-
encoding_tree_2	3616	0x236B000	handler_value	-	-	-	0xF7D730	0x0
encoding_tree_2	3617	0x236B010	key_handler	0x60E	6	14	0xF7E3C0	-
encoding_tree_2	3618	0x236B020	null_or_data	0x0	-	-	0x50F	-
encoding_tree_2	3619	0x236B030	handler_value	-	-	-	0xF7DFA0	0x0
encoding_tree_2	3620	0x236B040	key_handler	0x510	5	16	0x1560D20	-
encoding_tree_2	3621	0x236B050	null_or_data	0x0	-	-	0x711	-
encoding_tree_2	3622	0x236B060	handler_value	-	-	-	0x1561570	0x0
encoding_tree_2	3623	0x236B070	key_handler	0x512	5	18	0x1561150	-
encoding_tree_2	3624	0x236B080	null_or_data	0x0	-	-	0x713	-
encoding_tree_2	3625	0x236B090	handler_value	-	-	-	0x1561E10	0x0
encoding_tree_2	3626	0x236B0A0	key_handler	0x514	5	20	0x15619F0	-
encoding_tree_2	3628	0x236B0C0	key_handler	0x700	7	0	0xEF3DA0	-
encoding_tree_2	3629	0x236B0D0	null_or_data	0x0	-	-	0x701	-
encoding_tree_2	3630	0x236B0E0	handler_value	-	-	-	0xEF3900	0x0
encoding_tree_2	3631	0x236B0F0	key_handler	0x702	7	2	0xEF4260	-
encoding_tree_2	3632	0x236B100	null_or_data	0x0	-	-	0x503	-
encoding_tree_2	3633	0x236B110	handler_value	-	-	-	0xEF5540	0x0
encoding_tree_2	3634	0x236B120	key_handler	0x704	7	4	0xEF4BC0	-
encoding_tree_2	3635	0x236B130	null_or_data	0x0	-	-	0x705	-
encoding_tree_2	3636	0x236B140	handler_value	-	-	-	0xEF4720	0x0
encoding_tree_2	3637	0x236B150	key_handler	0x506	5	6	0xEF5990	-
encoding_tree_2	3638	0x236B160	null_or_data	0x0	-	-	0x707	-
encoding_tree_2	3639	0x236B170	handler_value	-	-	-	0xEF5080	0x0
encoding_tree_2	3640	0x236B180	key_handler	0x500	5	0	0xEF6A50	-
encoding_tree_2	3641	0x236B190	null_or_data	0x0	-	-	0x501	-
encoding_tree_2	3642	0x236B1A0	handler_value	-	-	-	0x1803F10	0x0
encoding_tree_2	3643	0x236B1B0	key_handler	0x502	5	2	0x17B2A90	-
encoding_tree_2	3646	0x236B1E0	key_handler	0x300	3	0	0xF9A700	-
encoding_tree_2	3647	0x236B1F0	null_or_data	0x0	-	-	0x601	-
encoding_tree_2	3648	0x236B200	handler_value	-	-	-	0x1804740	0x0
encoding_tree_2	3649	0x236B210	key_handler	0x602	6	2	0x17D8290	-
encoding_tree_2	3650	0x236B220	null_or_data	0x0	-	-	0x603	-
encoding_tree_2	3651	0x236B230	handler_value	-	-	-	0xF9AB60	0x0
encoding_tree_2	3652	0x236B240	key_handler	0x700	7	0	0x10726A0	-
encoding_tree_2	3653	0x236B250	null_or_data	0x0	-	-	0x701	-
encoding_tree_2	3654	0x236B260	handler_value	-	-	-	0x10786F0	0x0
encoding_tree_2	3655	0x236B270	key_handler	0x702	7	2	0xEEFA70	-
encoding_tree_2	3656	0x236B280	null_or_data	0x0	-	-	0x703	-
encoding_tree_2	3657	0x236B290	handler_value	-	-	-	0xEEFF30	0x0
encoding_tree_2	3658	0x236B2A0	key_handler	0x500	5	0	0xEEE570	-
encoding_tree_2	3659	0x236B2B0	null_or_data	0x0	-	-	0x601	-
encoding_tree_2	3660	0x236B2C0	handler_value	-	-	-	0xEEE990	0x0
encoding_tree_2	3661	0x236B2D0	key_handler	0x502	5	2	0xEEEDE0	-
encoding_tree_2	3662	0x236B2E0	null_or_data	0x0	-	-	0x603	-
encoding_tree_2	3663	0x236B2F0	handler_value	-	-	-	0xEEF620	0x0
encoding_tree_2	3664	0x236B300	key_handler	0x504	5	4	0xEEF200	-
encoding_tree_2	3666	0x236B320	key_handler	0x500	5	0	0xEF5DE0	-
encoding_tree_2	3667	0x236B330	null_or_data	0x0	-	-	0x501	-
encoding_tree_2	3668	0x236B340	handler_value	-	-	-	0x17B0730	0x0
encoding_tree_2	3670	0x236B360	key_handler	0x700	7	0	0x10766B0	-
encoding_tree_2	3671	0x236B370	null_or_data	0x0	-	-	0x701	-
encoding_tree_2	3672	0x236B380	handler_value	-	-	-	0x107ECE0	0x0
encoding_tree_2	3673	0x236B390	key_handler	0x702	7	2	0x107B6D0	-
encoding_tree_2	3674	0x236B3A0	null_or_data	0x0	-	-	0x703	-
encoding_tree_2	3675	0x236B3B0	handler_value	-	-	-	0x1084880	0x0
encoding_tree_2	3676	0x236B3C0	key_handler	0x704	7	4	0xEED170	-
encoding_tree_2	3677	0x236B3D0	null_or_data	0x0	-	-	0x705	-
encoding_tree_2	3678	0x236B3E0	handler_value	-	-	-	0xEED640	0x0
encoding_tree_2	3679	0x236B3F0	key_handler	0x706	7	6	0x17AF780	-
encoding_tree_2	3680	0x236B400	null_or_data	0x0	-	-	0x707	-
encoding_tree_2	3681	0x236B410	handler_value	-	-	-	0xEEE040	0x0
encoding_tree_2	3682	0x236B420	key_handler	0x200	2	0	0xFDD8D0	-
encoding_tree_2	3684	0x236B440	key_handler	0xA00	10	0	0xFDDCA0	-
encoding_tree_2	3686	0x236B460	key_handler	0x500	5	0	0xEEBB20	-
encoding_tree_2	3687	0x236B470	null_or_data	0x0	-	-	0x301	-
encoding_tree_2	3688	0x236B480	handler_value	-	-	-	0xEEBF90	0x0
encoding_tree_2	3689	0x236B490	key_handler	0x502	5	2	0xEEC420	-
encoding_tree_2	3690	0x236B4A0	null_or_data	0x0	-	-	0x303	-
encoding_tree_2	3691	0x236B4B0	handler_value	-	-	-	0xEECCF0	0x0
encoding_tree_2	3692	0x236B4C0	key_handler	0x504	5	4	0xEEC890	-
encoding_tree_2	3694	0x236B4E0	key_handler	0x500	5	0	0xF1B4D0	-
encoding_tree_2	3695	0x236B4F0	null_or_data	0x0	-	-	0x301	-
encoding_tree_2	3696	0x236B500	handler_value	-	-	-	0xF1BDB0	0x0
encoding_tree_2	3697	0x236B510	key_handler	0x502	5	2	0xF1B940	-
encoding_tree_2	3698	0x236B520	null_or_data	0x0	-	-	0x303	-
encoding_tree_2	3699	0x236B530	handler_value	-	-	-	0xF1CF50	0x0
encoding_tree_2	3700	0x236B540	key_handler	0x504	5	4	0xF1CAF0	-
encoding_tree_2	3701	0x236B550	null_or_data	0x0	-	-	0x505	-
encoding_tree_2	3702	0x236B560	handler_value	-	-	-	0xF1C690	0x0
encoding_tree_2	3703	0x236B570	key_handler	0x506	5	6	0x106BED0	-
encoding_tree_2	3704	0x236B580	null_or_data	0x0	-	-	0x507	-
encoding_tree_2	3705	0x236B590	handler_value	-	-	-	0xF1C240	0x0
encoding_tree_2	3706	0x236B5A0	key_handler	0x508	5	8	0xF1D3D0	-
encoding_tree_2	3708	0x236B5C0	null_or_data	0x237A080	-	-	0x9	-
encoding_tree_2	3709	0x236B5D0	null_or_data	0x237A000	-	-	0x5	-
encoding_tree_2	3710	0x236B5E0	null_or_data	0x2379FE0	-	-	0x1	-
encoding_tree_2	3711	0x236B5F0	null_or_data	0x2379FC0	-	-	0x1	-
encoding_tree_2	3712	0x236B600	null_or_data	0x2379F00	-	-	0x8	-
encoding_tree_2	3713	0x236B610	null_or_data	0x2379EC0	-	-	0x2	-
encoding_tree_2	3714	0x236B620	null_or_data	0x2379E40	-	-	0x5	-
encoding_tree_2	4081	0x236CD10	key_handler	0x200	2	0	0xEA7440	-
encoding_tree_2	4083	0x236CD30	key_handler	0x200	2	0	0xEA6FE0	-
encoding_tree_2	4085	0x236CD50	key_handler	0x200	2	0	0xEA6B80	-
encoding_tree_2	4087	0x236CD70	key_handler	0x500	5	0	0xEA6710	-
encoding_tree_2	4090	0x236CDA0	key_handler	0x1900	25	0	0x14F8050	-
encoding_tree_2	4091	0x236CDB0	null_or_data	0x0	-	-	0x1901	-
encoding_tree_2	4092	0x236CDC0	handler_value	-	-	-	0x14F7A00	0x0
encoding_tree_2	4093	0x236CDD0	key_handler	0x1902	25	2	0x14F86A0	-
encoding_tree_2	4094	0x236CDE0	null_or_data	0x0	-	-	0x1903	-
encoding_tree_2	4095	0x236CDF0	handler_value	-	-	-	0x14F8D40	0x0
encoding_tree_2	4096	0x236CE00	key_handler	0x1904	25	4	0x14F93E0	-
encoding_tree_2	4097	0x236CE10	null_or_data	0x0	-	-	0x1905	-
encoding_tree_2	4098	0x236CE20	handler_value	-	-	-	0x14F5FA0	0x0
encoding_tree_2	4099	0x236CE30	key_handler	0x1906	25	6	0x14F5950	-
encoding_tree_2	4100	0x236CE40	null_or_data	0x0	-	-	0x1907	-
encoding_tree_2	4101	0x236CE50	handler_value	-	-	-	0x14F65F0	0x0
encoding_tree_2	4102	0x236CE60	key_handler	0x1908	25	8	0x14F6C90	-
encoding_tree_2	4103	0x236CE70	null_or_data	0x0	-	-	0x1909	-
encoding_tree_2	4104	0x236CE80	handler_value	-	-	-	0x14F7330	0x0
encoding_tree_2	4106	0x236CEA0	key_handler	0x200	2	0	0x14D8600	-
encoding_tree_2	4107	0x236CEB0	null_or_data	0x0	-	-	0x201	-
encoding_tree_2	4108	0x236CEC0	handler_value	-	-	-	0x14D8B70	0x0
encoding_tree_2	4110	0x236CEE0	key_handler	0x500	5	0	0xE46790	-
encoding_tree_2	4111	0x236CEF0	null_or_data	0x0	-	-	0x201	-
encoding_tree_2	4112	0x236CF00	handler_value	-	-	-	0xE46320	0x0
encoding_tree_2	4113	0x236CF10	key_handler	0x502	5	2	0xE46C90	-
encoding_tree_2	4116	0x236CF40	key_handler	0xD00	13	0	0x14D03F0	-
encoding_tree_2	4117	0x236CF50	null_or_data	0x0	-	-	0x1301	-
encoding_tree_2	4118	0x236CF60	handler_value	-	-	-	0x14CFD20	0x0
encoding_tree_2	4119	0x236CF70	key_handler	0x1302	19	2	0x14D0B00	-
encoding_tree_2	4120	0x236CF80	null_or_data	0x0	-	-	0x2303	-
encoding_tree_2	4121	0x236CF90	handler_value	-	-	-	0x14D1930	0x0
encoding_tree_2	4122	0x236CFA0	key_handler	0x1304	19	4	0x14D11D0	-
encoding_tree_2	4123	0x236CFB0	null_or_data	0x0	-	-	0x1305	-
encoding_tree_2	4124	0x236CFC0	handler_value	-	-	-	0x14D2090	0x0
encoding_tree_2	4126	0x236CFE0	null_or_data	0x0	-	-	0x14CF110	-
encoding_tree_2	4127	0x236CFF0	null_or_data	0x0	-	-	0x501	-
encoding_tree_2	4128	0x236D000	handler_value	-	-	-	0x14CEAD0	0x0
encoding_tree_2	4129	0x236D010	key_handler	0x502	5	2	0x14CF6E0	-
encoding_tree_2	4130	0x236D020	null_or_data	0x0	-	-	0xD03	-
encoding_tree_2	4131	0x236D030	handler_value	-	-	-	0x14CDDE0	0x0
encoding_tree_2	4132	0x236D040	key_handler	0x504	5	4	0x14CD780	-
encoding_tree_2	4133	0x236D050	null_or_data	0x0	-	-	0x505	-
encoding_tree_2	4134	0x236D060	handler_value	-	-	-	0x14CE470	0x0
encoding_tree_2	4136	0x236D080	key_handler	0x600	6	0	0x14C6880	-
encoding_tree_2	4137	0x236D090	null_or_data	0x0	-	-	0x501	-
encoding_tree_2	4138	0x236D0A0	handler_value	-	-	-	0x14C6310	0x0
encoding_tree_2	4139	0x236D0B0	key_handler	0x502	5	2	0x14C6DD0	-
encoding_tree_2	4140	0x236D0C0	null_or_data	0x0	-	-	0xB03	-
encoding_tree_2	4141	0x236D0D0	handler_value	-	-	-	0x14C3190	0x0
encoding_tree_2	4142	0x236D0E0	key_handler	0x504	5	4	0x14C36F0	-
encoding_tree_2	4143	0x236D0F0	null_or_data	0x0	-	-	0x505	-
encoding_tree_2	4144	0x236D100	handler_value	-	-	-	0x14C3C90	0x0
encoding_tree_2	4145	0x236D110	key_handler	0x606	6	6	0x14C78B0	-
encoding_tree_2	4146	0x236D120	null_or_data	0x0	-	-	0x507	-
encoding_tree_2	4147	0x236D130	handler_value	-	-	-	0x14C7340	0x0
encoding_tree_2	4148	0x236D140	key_handler	0x508	5	8	0x14C7E10	-
encoding_tree_2	4149	0x236D150	null_or_data	0x0	-	-	0x609	-
encoding_tree_2	4150	0x236D160	handler_value	-	-	-	0x14C52A0	0x0
encoding_tree_2	4151	0x236D170	key_handler	0xB0A	11	10	0x14C4D40	-
encoding_tree_2	4152	0x236D180	null_or_data	0x0	-	-	0x50B	-
encoding_tree_2	4153	0x236D190	handler_value	-	-	-	0x14C4230	0x0
encoding_tree_2	4154	0x236D1A0	key_handler	0x50C	5	12	0x14C47D0	-
encoding_tree_2	4155	0x236D1B0	null_or_data	0x0	-	-	0x50D	-
encoding_tree_2	4156	0x236D1C0	handler_value	-	-	-	0x14C5800	0x0
encoding_tree_2	4157	0x236D1D0	key_handler	0x50E	5	14	0x14C5DA0	-
encoding_tree_2	4159	0x236D1F0	key_handler	0x200	2	0	0xE445E0	-
encoding_tree_2	4162	0x236D220	key_handler	0x1900	25	0	0x14E55C0	-
encoding_tree_2	4163	0x236D230	null_or_data	0x0	-	-	0x1901	-
encoding_tree_2	4164	0x236D240	handler_value	-	-	-	0x14E5C10	0x0
encoding_tree_2	4165	0x236D250	key_handler	0x1902	25	2	0x14E6260	-
encoding_tree_2	4166	0x236D260	null_or_data	0x0	-	-	0x1903	-
encoding_tree_2	4167	0x236D270	handler_value	-	-	-	0x14E42A0	0x0
encoding_tree_2	4168	0x236D280	key_handler	0x1904	25	4	0x14E48F0	-
encoding_tree_2	4169	0x236D290	null_or_data	0x0	-	-	0x1905	-
encoding_tree_2	4170	0x236D2A0	handler_value	-	-	-	0x14E4F40	0x0
encoding_tree_2	4172	0x236D2C0	key_handler	0x500	5	0	0xEB2630	-
encoding_tree_2	4173	0x236D2D0	null_or_data	0x0	-	-	0x501	-
encoding_tree_2	4174	0x236D2E0	handler_value	-	-	-	0xEB1C00	0x0
encoding_tree_2	4175	0x236D2F0	key_handler	0x702	7	2	0xEB2AE0	-
encoding_tree_2	4176	0x236D300	null_or_data	0x0	-	-	0x703	-
encoding_tree_2	4177	0x236D310	handler_value	-	-	-	0xEB20E0	0x0
encoding_tree_2	4178	0x236D320	key_handler	0x500	5	0	0xEAB320	-
encoding_tree_2	4180	0x236D340	key_handler	0x500	5	0	0xEAAE30	-
encoding_tree_2	4182	0x236D360	key_handler	0x900	9	0	0x14EB0A0	-
encoding_tree_2	4183	0x236D370	null_or_data	0x0	-	-	0x201	-
encoding_tree_2	4184	0x236D380	handler_value	-	-	-	0x14EAC30	0x0
encoding_tree_2	4186	0x236D3A0	key_handler	0x502	5	2	0x14F5460	-
encoding_tree_2	4187	0x236D3B0	null_or_data	0x0	-	-	0x503	-
encoding_tree_2	4188	0x236D3C0	handler_value	-	-	-	0x14F4FA0	0x0
encoding_tree_2	4190	0x236D3E0	key_handler	0x500	5	0	0x17A9B70	-
encoding_tree_2	4191	0x236D3F0	null_or_data	0x0	-	-	0x501	-
encoding_tree_2	4192	0x236D400	handler_value	-	-	-	0x17A96B0	0x0
encoding_tree_2	4194	0x236D420	key_handler	0x500	5	0	0xEAA0C0	-
encoding_tree_2	4195	0x236D430	null_or_data	0x0	-	-	0x601	-
encoding_tree_2	4196	0x236D440	handler_value	-	-	-	0xEA9C20	0x0
encoding_tree_2	4197	0x236D450	key_handler	0x202	2	2	0xEA97C0	-
encoding_tree_2	4200	0x236D480	key_handler	0xB00	11	0	0x151C480	-
encoding_tree_2	4201	0x236D490	null_or_data	0x0	-	-	0xB01	-
encoding_tree_2	4202	0x236D4A0	handler_value	-	-	-	0x151CE60	0x0
encoding_tree_2	4203	0x236D4B0	key_handler	0x502	5	2	0x151BFA0	-
encoding_tree_2	4204	0x236D4C0	null_or_data	0x0	-	-	0x503	-
encoding_tree_2	4205	0x236D4D0	handler_value	-	-	-	0x151C9A0	0x0
encoding_tree_2	4206	0x236D4E0	key_handler	0x300	3	0	0x151B5B0	-
encoding_tree_2	4207	0x236D4F0	null_or_data	0x0	-	-	0x501	-
encoding_tree_2	4208	0x236D500	handler_value	-	-	-	0x151BAE0	0x0
encoding_tree_2	4210	0x236D520	key_handler	0x300	3	0	0x1515B40	-
encoding_tree_2	4211	0x236D530	null_or_data	0x0	-	-	0x501	-
encoding_tree_2	4212	0x236D540	handler_value	-	-	-	0x15160B0	0x0
encoding_tree_2	4213	0x236D550	key_handler	0xB02	11	2	0x15155E0	-
encoding_tree_2	4214	0x236D560	null_or_data	0x0	-	-	0x2203	-
encoding_tree_2	4215	0x236D570	handler_value	-	-	-	0x1516620	0x0
encoding_tree_2	4216	0x236D580	key_handler	0x300	3	0	0x151E3B0	-
encoding_tree_2	4217	0x236D590	null_or_data	0x0	-	-	0x201	-
encoding_tree_2	4218	0x236D5A0	handler_value	-	-	-	0x151DE60	0x0
encoding_tree_2	4219	0x236D5B0	key_handler	0x200	2	0	0x151AC70	-
encoding_tree_2	4222	0x236D5E0	key_handler	0x500	5	0	0x151D8F0	-
encoding_tree_2	4223	0x236D5F0	null_or_data	0x0	-	-	0x301	-
encoding_tree_2	4224	0x236D600	handler_value	-	-	-	0x151D360	0x0
encoding_tree_2	4226	0x236D620	key_handler	0x200	2	0	0x14F9EF0	-
encoding_tree_2	4227	0x236D630	null_or_data	0x0	-	-	0x201	-
encoding_tree_2	4228	0x236D640	handler_value	-	-	-	0x14FA910	0x0
encoding_tree_2	4229	0x236D650	key_handler	0x302	3	2	0x14FA3D0	-
encoding_tree_2	4230	0x236D660	null_or_data	0x0	-	-	0x703	-
encoding_tree_2	4231	0x236D670	handler_value	-	-	-	0x14FB310	0x0
encoding_tree_2	4232	0x236D680	key_handler	0x204	2	4	0x14FADF0	-
encoding_tree_2	4233	0x236D690	null_or_data	0x0	-	-	0x205	-
encoding_tree_2	4234	0x236D6A0	handler_value	-	-	-	0x14FB880	0x0
encoding_tree_2	4236	0x236D6C0	key_handler	0x500	5	0	0x1514990	-
encoding_tree_2	4237	0x236D6D0	null_or_data	0x0	-	-	0x1301	-
encoding_tree_2	4238	0x236D6E0	handler_value	-	-	-	0x1514F90	0x0
encoding_tree_2	4240	0x236D700	key_handler	0x500	5	0	0x1513C70	-
encoding_tree_2	4241	0x236D710	null_or_data	0x0	-	-	0x1301	-
encoding_tree_2	4242	0x236D720	handler_value	-	-	-	0x15142D0	0x0
encoding_tree_2	4244	0x236D740	key_handler	0x200	2	0	0xEA5BB0	-
encoding_tree_2	4245	0x236D750	null_or_data	0x0	-	-	0xA01	-
encoding_tree_2	4246	0x236D760	handler_value	-	-	-	0xEA5000	0x0
encoding_tree_2	4247	0x236D770	key_handler	0xA05	10	5	0x15136E0	-
encoding_tree_2	4250	0x236D7A0	key_handler	0x1300	19	0	0x1512260	-
encoding_tree_2	4251	0x236D7B0	null_or_data	0x0	-	-	0x1301	-
encoding_tree_2	4252	0x236D7C0	handler_value	-	-	-	0x1513000	0x0
encoding_tree_2	4253	0x236D7D0	key_handler	0x1305	19	5	0x1512920	-
encoding_tree_2	4256	0x236D800	key_handler	0xA00	10	0	0x150EB90	-
encoding_tree_2	4257	0x236D810	null_or_data	0x0	-	-	0xA01	-
encoding_tree_2	4258	0x236D820	handler_value	-	-	-	0x150F7A0	0x0
encoding_tree_2	4259	0x236D830	key_handler	0xA05	10	5	0x150F180	-
encoding_tree_2	4262	0x236D860	key_handler	0x1300	19	0	0x150C0E0	-
encoding_tree_2	4263	0x236D870	null_or_data	0x0	-	-	0x1301	-
encoding_tree_2	4264	0x236D880	handler_value	-	-	-	0x150D600	0x0
encoding_tree_2	4265	0x236D890	key_handler	0x1302	19	2	0x150E450	-
encoding_tree_2	4266	0x236D8A0	null_or_data	0x0	-	-	0x1303	-
encoding_tree_2	4267	0x236D8B0	handler_value	-	-	-	0x150CEF0	0x0
encoding_tree_2	4268	0x236D8C0	key_handler	0x130A	19	10	0x150C7E0	-
encoding_tree_2	4269	0x236D8D0	null_or_data	0x0	-	-	0x130B	-
encoding_tree_2	4270	0x236D8E0	handler_value	-	-	-	0x150DD20	0x0
encoding_tree_2	4272	0x236D900	key_handler	0x1300	19	0	0x1509560	-
encoding_tree_2	4273	0x236D910	null_or_data	0x0	-	-	0x1301	-
encoding_tree_2	4274	0x236D920	handler_value	-	-	-	0x150AAD0	0x0
encoding_tree_2	4275	0x236D930	key_handler	0x1302	19	2	0x150B980	-
encoding_tree_2	4276	0x236D940	null_or_data	0x0	-	-	0x1303	-
encoding_tree_2	4277	0x236D950	handler_value	-	-	-	0x150A3A0	0x0
encoding_tree_2	4278	0x236D960	key_handler	0x130A	19	10	0x1509C70	-
encoding_tree_2	4279	0x236D970	null_or_data	0x0	-	-	0x130B	-
encoding_tree_2	4280	0x236D980	handler_value	-	-	-	0x150B220	0x0
encoding_tree_2	4282	0x236D9A0	key_handler	0x1300	19	0	0x15069F0	-
encoding_tree_2	4283	0x236D9B0	null_or_data	0x0	-	-	0x1301	-
encoding_tree_2	4284	0x236D9C0	handler_value	-	-	-	0x1507F70	0x0
encoding_tree_2	4285	0x236D9D0	key_handler	0x1302	19	2	0x1508E00	-
encoding_tree_2	4286	0x236D9E0	null_or_data	0x0	-	-	0x1303	-
encoding_tree_2	4287	0x236D9F0	handler_value	-	-	-	0x1507840	0x0
encoding_tree_2	4288	0x236DA00	key_handler	0x130A	19	10	0x1507110	-
encoding_tree_2	4289	0x236DA10	null_or_data	0x0	-	-	0x130B	-
encoding_tree_2	4290	0x236DA20	handler_value	-	-	-	0x15086B0	0x0
encoding_tree_2	4292	0x236DA40	key_handler	0x300	3	0	0xE8FFF0	-
encoding_tree_2	4293	0x236DA50	null_or_data	0x0	-	-	0x301	-
encoding_tree_2	4294	0x236DA60	handler_value	-	-	-	0xE91170	0x0
encoding_tree_2	4295	0x236DA70	key_handler	0x502	5	2	0xE916C0	-
encoding_tree_2	4296	0x236DA80	null_or_data	0x0	-	-	0x503	-
encoding_tree_2	4297	0x236DA90	handler_value	-	-	-	0x17A3D80	0x0
encoding_tree_2	4298	0x236DAA0	key_handler	0x304	3	4	0xE91B60	-
encoding_tree_2	4299	0x236DAB0	null_or_data	0x0	-	-	0x305	-
encoding_tree_2	4300	0x236DAC0	handler_value	-	-	-	0xE90BB0	0x0
encoding_tree_2	4301	0x236DAD0	key_handler	0x306	3	6	0xE90600	-
encoding_tree_2	4302	0x236DAE0	null_or_data	0x0	-	-	0x307	-
encoding_tree_2	4303	0x236DAF0	handler_value	-	-	-	0xE92110	0x0
encoding_tree_2	4304	0x236DB00	key_handler	0x308	3	8	0xE926A0	-
encoding_tree_2	4305	0x236DB10	null_or_data	0x0	-	-	0x309	-
encoding_tree_2	4306	0x236DB20	handler_value	-	-	-	0xE92C20	0x0
encoding_tree_2	4308	0x236DB40	key_handler	0x1300	19	0	0x15041D0	-
encoding_tree_2	4309	0x236DB50	null_or_data	0x0	-	-	0x1301	-
encoding_tree_2	4310	0x236DB60	handler_value	-	-	-	0x1504870	0x0
encoding_tree_2	4311	0x236DB70	key_handler	0x1302	19	2	0x1505620	-
encoding_tree_2	4312	0x236DB80	null_or_data	0x0	-	-	0x1303	-
encoding_tree_2	4313	0x236DB90	handler_value	-	-	-	0x1505CA0	0x0
encoding_tree_2	4314	0x236DBA0	key_handler	0x1308	19	8	0x1504F50	-
encoding_tree_2	4315	0x236DBB0	null_or_data	0x0	-	-	0x1309	-
encoding_tree_2	4316	0x236DBC0	handler_value	-	-	-	0x1506350	0x0
encoding_tree_2	4318	0x236DBE0	key_handler	0x2500	37	0	0x1502D00	-
encoding_tree_2	4319	0x236DBF0	null_or_data	0x0	-	-	0x2501	-
encoding_tree_2	4320	0x236DC00	handler_value	-	-	-	0x15033D0	0x0
encoding_tree_2	4321	0x236DC10	key_handler	0x2504	37	4	0x1503AD0	-
encoding_tree_2	4324	0x236DC40	key_handler	0x300	3	0	0x14D6470	-
encoding_tree_2	4325	0x236DC50	null_or_data	0x0	-	-	0x201	-
encoding_tree_2	4326	0x236DC60	handler_value	-	-	-	0x14D5A30	0x0
encoding_tree_2	4327	0x236DC70	key_handler	0x202	2	2	0x14D5F50	-
encoding_tree_2	4328	0x236DC80	null_or_data	0x0	-	-	0x303	-
encoding_tree_2	4329	0x236DC90	handler_value	-	-	-	0x14D7A70	0x0
encoding_tree_2	4330	0x236DCA0	key_handler	0xA04	10	4	0x14D6F10	-
encoding_tree_2	4331	0x236DCB0	null_or_data	0x0	-	-	0xA05	-
encoding_tree_2	4332	0x236DCC0	handler_value	-	-	-	0x14D74C0	0x0
encoding_tree_2	4333	0x236DCD0	key_handler	0x30C	3	12	0x14D69A0	-
encoding_tree_2	4334	0x236DCE0	null_or_data	0x0	-	-	0x30F	-
encoding_tree_2	4335	0x236DCF0	handler_value	-	-	-	0x14D8020	0x0
encoding_tree_2	4336	0x236DD00	key_handler	0x1300	19	0	0x14FF330	-
encoding_tree_2	4337	0x236DD10	null_or_data	0x0	-	-	0x1301	-
encoding_tree_2	4338	0x236DD20	handler_value	-	-	-	0x14FF9F0	0x0
encoding_tree_2	4339	0x236DD30	key_handler	0x1302	19	2	0x15007C0	-
encoding_tree_2	4340	0x236DD40	null_or_data	0x0	-	-	0x1303	-
encoding_tree_2	4341	0x236DD50	handler_value	-	-	-	0x1500E50	0x0
encoding_tree_2	4342	0x236DD60	key_handler	0x1308	19	8	0x15000E0	-
encoding_tree_2	4343	0x236DD70	null_or_data	0x0	-	-	0x1309	-
encoding_tree_2	4344	0x236DD80	handler_value	-	-	-	0x1501510	0x0
encoding_tree_2	4346	0x236DDA0	key_handler	0x1300	19	0	0x14FDE40	-
encoding_tree_2	4347	0x236DDB0	null_or_data	0x0	-	-	0x1301	-
encoding_tree_2	4348	0x236DDC0	handler_value	-	-	-	0x14FE520	0x0
encoding_tree_2	4349	0x236DDD0	key_handler	0x2502	37	2	0x14FC8D0	-
encoding_tree_2	4350	0x236DDE0	null_or_data	0x0	-	-	0x2503	-
encoding_tree_2	4351	0x236DDF0	handler_value	-	-	-	0x14FCFE0	0x0
encoding_tree_2	4352	0x236DE00	key_handler	0x1308	19	8	0x14FEC40	-
encoding_tree_2	4353	0x236DE10	null_or_data	0x0	-	-	0x2509	-
encoding_tree_2	4354	0x236DE20	handler_value	-	-	-	0x14FD720	0x0
encoding_tree_2	4356	0x236DE40	key_handler	0x300	3	0	0x14FC320	-
encoding_tree_2	4357	0x236DE50	null_or_data	0x0	-	-	0x301	-
encoding_tree_2	4358	0x236DE60	handler_value	-	-	-	0x14FBDA0	0x0
encoding_tree_2	4360	0x236DE80	key_handler	0x300	3	0	0xE82370	-
encoding_tree_2	4361	0x236DE90	null_or_data	0x0	-	-	0x301	-
encoding_tree_2	4362	0x236DEA0	handler_value	-	-	-	0xE81E50	0x0
encoding_tree_2	4363	0x236DEB0	key_handler	0x302	3	2	0xE828C0	-
encoding_tree_2	4366	0x236DEE0	key_handler	0x300	3	0	0xE80880	-
encoding_tree_2	4367	0x236DEF0	null_or_data	0x0	-	-	0x301	-
encoding_tree_2	4368	0x236DF00	handler_value	-	-	-	0xE80DD0	0x0
encoding_tree_2	4369	0x236DF10	key_handler	0x302	3	2	0xE818A0	-
encoding_tree_2	4370	0x236DF20	null_or_data	0x0	-	-	0x303	-
encoding_tree_2	4371	0x236DF30	handler_value	-	-	-	0xE81320	0x0
encoding_tree_2	4372	0x236DF40	key_handler	0x1900	25	0	0x17A3640	-
encoding_tree_2	4373	0x236DF50	null_or_data	0x0	-	-	0x1901	-
encoding_tree_2	4374	0x236DF60	handler_value	-	-	-	0x17A2820	0x0
encoding_tree_2	4375	0x236DF70	key_handler	0x1902	25	2	0x17A2F30	-
encoding_tree_2	4376	0x236DF80	null_or_data	0x0	-	-	0x1903	-
encoding_tree_2	4377	0x236DF90	handler_value	-	-	-	0x17A2130	0x0
encoding_tree_2	4378	0x236DFA0	key_handler	0x1904	25	4	0x17A0080	-
encoding_tree_2	4379	0x236DFB0	null_or_data	0x0	-	-	0x1905	-
encoding_tree_2	4380	0x236DFC0	handler_value	-	-	-	0x17A06D0	0x0
encoding_tree_2	4381	0x236DFD0	key_handler	0x1906	25	6	0x17A1A60	-
encoding_tree_2	4382	0x236DFE0	null_or_data	0x0	-	-	0x1907	-
encoding_tree_2	4383	0x236DFF0	handler_value	-	-	-	0x17A0D20	0x0
encoding_tree_2	4384	0x236E000	key_handler	0x1908	25	8	0x17A13C0	-
encoding_tree_2	4386	0x236E020	key_handler	0x1900	25	0	0x179B020	-
encoding_tree_2	4387	0x236E030	null_or_data	0x0	-	-	0x1901	-
encoding_tree_2	4388	0x236E040	handler_value	-	-	-	0x179B640	0x0
encoding_tree_2	4389	0x236E050	key_handler	0x1902	25	2	0x179FA10	-
encoding_tree_2	4390	0x236E060	null_or_data	0x0	-	-	0x1903	-
encoding_tree_2	4391	0x236E070	handler_value	-	-	-	0x179E750	0x0
encoding_tree_2	4392	0x236E080	key_handler	0x1904	25	4	0x179F3C0	-
encoding_tree_2	4393	0x236E090	null_or_data	0x0	-	-	0x1905	-
encoding_tree_2	4394	0x236E0A0	handler_value	-	-	-	0x179ED70	0x0
encoding_tree_2	4395	0x236E0B0	key_handler	0x306	3	6	0x179E150	-
encoding_tree_2	4396	0x236E0C0	null_or_data	0x0	-	-	0x307	-
encoding_tree_2	4397	0x236E0D0	handler_value	-	-	-	0x179CFE0	0x0
encoding_tree_2	4398	0x236E0E0	key_handler	0x308	3	8	0x179DB70	-
encoding_tree_2	4399	0x236E0F0	null_or_data	0x0	-	-	0x309	-
encoding_tree_2	4400	0x236E100	handler_value	-	-	-	0x179D590	0x0
encoding_tree_2	4401	0x236E110	key_handler	0x190A	25	10	0x179C940	-
encoding_tree_2	4402	0x236E120	null_or_data	0x0	-	-	0x190B	-
encoding_tree_2	4403	0x236E130	handler_value	-	-	-	0x179BC60	0x0
encoding_tree_2	4404	0x236E140	key_handler	0x190C	25	12	0x179C2D0	-
encoding_tree_2	4406	0x236E160	key_handler	0x200	2	0	0x1519B90	-
encoding_tree_2	4407	0x236E170	null_or_data	0x0	-	-	0x301	-
encoding_tree_2	4408	0x236E180	handler_value	-	-	-	0x15195A0	0x0
encoding_tree_2	4409	0x236E190	key_handler	0x202	2	2	0x151A6F0	-
encoding_tree_2	4410	0x236E1A0	null_or_data	0x0	-	-	0x303	-
encoding_tree_2	4411	0x236E1B0	handler_value	-	-	-	0x151A100	0x0
encoding_tree_2	4412	0x236E1C0	key_handler	0x204	2	4	0x1519020	-
encoding_tree_2	4413	0x236E1D0	null_or_data	0x0	-	-	0x305	-
encoding_tree_2	4414	0x236E1E0	handler_value	-	-	-	0x1518A30	0x0
encoding_tree_2	4415	0x236E1F0	key_handler	0x200	2	0	0xE7DE90	-
encoding_tree_2	4417	0x236E210	key_handler	0x500	5	0	0xE7DA00	-
encoding_tree_2	4419	0x236E230	key_handler	0x500	5	0	0x14C2820	-
encoding_tree_2	4421	0x236E250	key_handler	0x200	2	0	0xE7CFA0	-
encoding_tree_2	4423	0x236E270	key_handler	0x200	2	0	0xE7CB30	-
encoding_tree_2	4425	0x236E290	key_handler	0x200	2	0	0x14F9AB0	-
encoding_tree_2	4428	0x236E2C0	key_handler	0x700	7	0	0xE7C190	-
encoding_tree_2	4429	0x236E2D0	null_or_data	0x0	-	-	0x501	-
encoding_tree_2	4430	0x236E2E0	handler_value	-	-	-	0xE7C680	0x0
encoding_tree_2	4431	0x236E2F0	key_handler	0x502	5	2	0xE7AEA0	-
encoding_tree_2	4432	0x236E300	null_or_data	0x0	-	-	0x503	-
encoding_tree_2	4433	0x236E310	handler_value	-	-	-	0xE7B830	0x0
encoding_tree_2	4434	0x236E320	key_handler	0x604	6	4	0xE7B350	-
encoding_tree_2	4435	0x236E330	null_or_data	0x0	-	-	0x505	-
encoding_tree_2	4436	0x236E340	handler_value	-	-	-	0xE7BCE0	0x0
encoding_tree_2	4438	0x236E360	key_handler	0x700	7	0	0xE7A3A0	-
encoding_tree_2	4439	0x236E370	null_or_data	0x0	-	-	0x701	-
encoding_tree_2	4440	0x236E380	handler_value	-	-	-	0xE7A920	0x0
encoding_tree_2	4441	0x236E390	key_handler	0x702	7	2	0xE798A0	-
encoding_tree_2	4442	0x236E3A0	null_or_data	0x0	-	-	0x703	-
encoding_tree_2	4443	0x236E3B0	handler_value	-	-	-	0xE79E20	0x0
encoding_tree_2	4444	0x236E3C0	key_handler	0x500	5	0	0xE793D0	-
encoding_tree_2	4446	0x236E3E0	key_handler	0x200	2	0	0x15171E0	-
encoding_tree_2	4447	0x236E3F0	null_or_data	0x0	-	-	0x301	-
encoding_tree_2	4448	0x236E400	handler_value	-	-	-	0x1516BA0	0x0
encoding_tree_2	4449	0x236E410	key_handler	0xA02	10	2	0x1517EB0	-
encoding_tree_2	4450	0x236E420	null_or_data	0x0	-	-	0x303	-
encoding_tree_2	4451	0x236E430	handler_value	-	-	-	0x1517830	0x0
encoding_tree_2	4452	0x236E440	key_handler	0x500	5	0	0x14F4160	-
encoding_tree_2	4454	0x236E460	key_handler	0x300	3	0	0x14F3060	-
encoding_tree_2	4455	0x236E470	null_or_data	0x0	-	-	0x301	-
encoding_tree_2	4456	0x236E480	handler_value	-	-	-	0x14F2B00	0x0
encoding_tree_2	4457	0x236E490	key_handler	0x302	3	2	0x14F35C0	-
encoding_tree_2	4458	0x236E4A0	null_or_data	0x0	-	-	0x303	-
encoding_tree_2	4459	0x236E4B0	handler_value	-	-	-	0x14F3B90	0x0
encoding_tree_2	4460	0x236E4C0	key_handler	0x1300	19	0	0x14EF6B0	-
encoding_tree_2	4461	0x236E4D0	null_or_data	0x0	-	-	0x1301	-
encoding_tree_2	4462	0x236E4E0	handler_value	-	-	-	0x14EFDC0	0x0
encoding_tree_2	4464	0x236E500	key_handler	0xA00	10	0	0x14F0F10	-
encoding_tree_2	4465	0x236E510	null_or_data	0x0	-	-	0x1301	-
encoding_tree_2	4466	0x236E520	handler_value	-	-	-	0x14F1540	0x0
encoding_tree_2	4467	0x236E530	key_handler	0x1302	19	2	0x14F1C40	-
encoding_tree_2	4468	0x236E540	null_or_data	0x0	-	-	0x1303	-
encoding_tree_2	4469	0x236E550	handler_value	-	-	-	0x14F2340	0x0
encoding_tree_2	4470	0x236E560	key_handler	0x500	5	0	0x14C2CE0	-
encoding_tree_2	4472	0x236E580	null_or_data	0x0	-	-	0x1511DA0	-
encoding_tree_2	4474	0x236E5A0	key_handler	0x500	5	0	0xE766E0	-
encoding_tree_2	4476	0x236E5C0	key_handler	0x500	5	0	0x1511930	-
encoding_tree_2	4478	0x236E5E0	key_handler	0x500	5	0	0xE75D40	-
encoding_tree_2	4479	0x236E5F0	null_or_data	0x0	-	-	0x301	-
encoding_tree_2	4480	0x236E600	handler_value	-	-	-	0xE75350	0x0
encoding_tree_2	4481	0x236E610	key_handler	0x502	5	2	0xE74E80	-
encoding_tree_2	4482	0x236E620	null_or_data	0x0	-	-	0x503	-
encoding_tree_2	4483	0x236E630	handler_value	-	-	-	0xE75870	0x0
encoding_tree_2	4484	0x236E640	key_handler	0x504	5	4	0xE76210	-
encoding_tree_2	4486	0x236E660	key_handler	0x200	2	0	0x15114D0	-
encoding_tree_2	4488	0x236E680	key_handler	0x600	6	0	0x14EECC0	-
encoding_tree_2	4489	0x236E690	null_or_data	0x0	-	-	0x501	-
encoding_tree_2	4490	0x236E6A0	handler_value	-	-	-	0x14EE7E0	0x0
encoding_tree_2	4491	0x236E6B0	key_handler	0x502	5	2	0x14EF1D0	-
encoding_tree_2	4494	0x236E6E0	key_handler	0x600	6	0	0xE73F10	-
encoding_tree_2	4495	0x236E6F0	null_or_data	0x0	-	-	0x501	-
encoding_tree_2	4496	0x236E700	handler_value	-	-	-	0xE739D0	0x0
encoding_tree_2	4497	0x236E710	key_handler	0x502	5	2	0xE74490	-
encoding_tree_2	4498	0x236E720	null_or_data	0x0	-	-	0x503	-
encoding_tree_2	4499	0x236E730	handler_value	-	-	-	0xE749D0	0x0
encoding_tree_2	4500	0x236E740	key_handler	0x502	5	2	0x14EBA80	-
encoding_tree_2	4501	0x236E750	null_or_data	0x0	-	-	0x503	-
encoding_tree_2	4502	0x236E760	handler_value	-	-	-	0x14EBF90	0x0
encoding_tree_2	4503	0x236E770	key_handler	0xB04	11	4	0x14EC4A0	-
encoding_tree_2	4504	0x236E780	null_or_data	0x0	-	-	0x505	-
encoding_tree_2	4505	0x236E790	handler_value	-	-	-	0x14EC9D0	0x0
encoding_tree_2	4506	0x236E7A0	key_handler	0x506	5	6	0x14ECF50	-
encoding_tree_2	4507	0x236E7B0	null_or_data	0x0	-	-	0x70A	-
encoding_tree_2	4508	0x236E7C0	handler_value	-	-	-	0x14EB570	0x0
encoding_tree_2	4509	0x236E7D0	key_handler	0x500	5	0	0xE70F50	-
encoding_tree_2	4512	0x236E800	key_handler	0x1000	16	0	0xE6F740	-
encoding_tree_2	4513	0x236E810	null_or_data	0x0	-	-	0x201	-
encoding_tree_2	4514	0x236E820	handler_value	-	-	-	0xE6F290	0x0
encoding_tree_2	4515	0x236E830	key_handler	0x202	2	2	0xE6FC40	-
encoding_tree_2	4516	0x236E840	null_or_data	0x0	-	-	0x1003	-
encoding_tree_2	4517	0x236E850	handler_value	-	-	-	0xE705A0	0x0
encoding_tree_2	4518	0x236E860	key_handler	0x204	2	4	0xE700F0	-
encoding_tree_2	4519	0x236E870	null_or_data	0x0	-	-	0x205	-
encoding_tree_2	4520	0x236E880	handler_value	-	-	-	0xE70AA0	0x0
encoding_tree_2	4521	0x236E890	key_handler	0x506	5	6	0x14E9DE0	-
encoding_tree_2	4522	0x236E8A0	null_or_data	0x0	-	-	0x507	-
encoding_tree_2	4523	0x236E8B0	handler_value	-	-	-	0x14EA280	0x0
encoding_tree_2	4524	0x236E8C0	key_handler	0x708	7	8	0x14EA720	-
encoding_tree_2	4526	0x236E8E0	key_handler	0x500	5	0	0xE6BDD0	-
encoding_tree_2	4527	0x236E8F0	null_or_data	0x0	-	-	0x501	-
encoding_tree_2	4528	0x236E900	handler_value	-	-	-	0xE6C270	0x0
encoding_tree_2	4530	0x236E920	key_handler	0x1200	18	0	0x1510FA0	-
encoding_tree_2	4531	0x236E930	null_or_data	0x0	-	-	0x2001	-
encoding_tree_2	4532	0x236E940	handler_value	-	-	-	0x1510AB0	0x0
encoding_tree_2	4533	0x236E950	key_handler	0x200	2	0	0x1510670	-
encoding_tree_2	4535	0x236E970	key_handler	0x200	2	0	0x1510220	-
encoding_tree_2	4537	0x236E990	key_handler	0x300	3	0	0x14C22E0	-
encoding_tree_2	4539	0x236E9B0	key_handler	0x200	2	0	0xE6B970	-
encoding_tree_2	4541	0x236E9D0	null_or_data	0x0	-	-	0xE6B470	-
encoding_tree_2	4544	0x236EA00	key_handler	0x300	3	0	0x1798970	-
encoding_tree_2	4545	0x236EA10	null_or_data	0x0	-	-	0x301	-
encoding_tree_2	4546	0x236EA20	handler_value	-	-	-	0x17983F0	0x0
encoding_tree_2	4548	0x236EA40	key_handler	0x300	3	0	0xE69E80	-
encoding_tree_2	4549	0x236EA50	null_or_data	0x0	-	-	0x301	-
encoding_tree_2	4550	0x236EA60	handler_value	-	-	-	0xE69960	0x0
encoding_tree_2	4551	0x236EA70	key_handler	0x302	3	2	0xE6A3D0	-
encoding_tree_2	4554	0x236EAA0	key_handler	0x300	3	0	0xE683A0	-
encoding_tree_2	4555	0x236EAB0	null_or_data	0x0	-	-	0x301	-
encoding_tree_2	4556	0x236EAC0	handler_value	-	-	-	0xE688F0	0x0
encoding_tree_2	4557	0x236EAD0	key_handler	0x302	3	2	0xE693B0	-
encoding_tree_2	4558	0x236EAE0	null_or_data	0x0	-	-	0x303	-
encoding_tree_2	4559	0x236EAF0	handler_value	-	-	-	0xE68E40	0x0
encoding_tree_2	4560	0x236EB00	key_handler	0x1A00	26	0	0x14E77A0	-
encoding_tree_2	4561	0x236EB10	null_or_data	0x0	-	-	0x1A01	-
encoding_tree_2	4562	0x236EB20	handler_value	-	-	-	0x14E7F30	0x0
encoding_tree_2	4563	0x236EB30	key_handler	0x1A02	26	2	0x14E86C0	-
encoding_tree_2	4564	0x236EB40	null_or_data	0x0	-	-	0x1A03	-
encoding_tree_2	4565	0x236EB50	handler_value	-	-	-	0x14E8E50	0x0
encoding_tree_2	4566	0x236EB60	key_handler	0x1B04	27	4	0x14E9600	-
encoding_tree_2	4567	0x236EB70	null_or_data	0x0	-	-	0x1A05	-
encoding_tree_2	4568	0x236EB80	handler_value	-	-	-	0x14E68E0	0x0
encoding_tree_2	4569	0x236EB90	key_handler	0x1A06	26	6	0x14E7040	-
encoding_tree_2	4572	0x236EBC0	key_handler	0x1900	25	0	0x1797C70	-
encoding_tree_2	4573	0x236EBD0	null_or_data	0x0	-	-	0x1901	-
encoding_tree_2	4574	0x236EBE0	handler_value	-	-	-	0x1796DB0	0x0
encoding_tree_2	4575	0x236EBF0	key_handler	0x1902	25	2	0x1797510	-
encoding_tree_2	4576	0x236EC00	null_or_data	0x0	-	-	0x1903	-
encoding_tree_2	4577	0x236EC10	handler_value	-	-	-	0x1796670	0x0
encoding_tree_2	4578	0x236EC20	key_handler	0x1904	25	4	0xE661E0	-
encoding_tree_2	4579	0x236EC30	null_or_data	0x0	-	-	0x1905	-
encoding_tree_2	4580	0x236EC40	handler_value	-	-	-	0xE66860	0x0
encoding_tree_2	4581	0x236EC50	key_handler	0x1906	25	6	0xE67CA0	-
encoding_tree_2	4582	0x236EC60	null_or_data	0x0	-	-	0x1907	-
encoding_tree_2	4583	0x236EC70	handler_value	-	-	-	0xE66EE0	0x0
encoding_tree_2	4584	0x236EC80	key_handler	0x1908	25	8	0xE675C0	-
encoding_tree_2	4585	0x236EC90	null_or_data	0x0	-	-	0x1909	-
encoding_tree_2	4586	0x236ECA0	handler_value	-	-	-	0x14E3B10	0x0
encoding_tree_2	4587	0x236ECB0	key_handler	0x190A	25	10	0x14E2C50	-
encoding_tree_2	4588	0x236ECC0	null_or_data	0x0	-	-	0x190B	-
encoding_tree_2	4589	0x236ECD0	handler_value	-	-	-	0x14E33B0	0x0
encoding_tree_2	4590	0x236ECE0	key_handler	0x190C	25	12	0x14E2510	-
encoding_tree_2	4592	0x236ED00	key_handler	0x300	3	0	0xE65180	-
encoding_tree_2	4593	0x236ED10	null_or_data	0x0	-	-	0x301	-
encoding_tree_2	4594	0x236ED20	handler_value	-	-	-	0xE64C00	0x0
encoding_tree_2	4595	0x236ED30	key_handler	0x302	3	2	0xE65700	-
encoding_tree_2	4596	0x236ED40	null_or_data	0x0	-	-	0x303	-
encoding_tree_2	4597	0x236ED50	handler_value	-	-	-	0xE65C70	0x0
encoding_tree_2	4598	0x236ED60	key_handler	0x1900	25	0	0x14DE230	-
encoding_tree_2	4599	0x236ED70	null_or_data	0x0	-	-	0x1901	-
encoding_tree_2	4600	0x236ED80	handler_value	-	-	-	0x14DE890	0x0
encoding_tree_2	4601	0x236ED90	key_handler	0x1902	25	2	0x14DFC70	-
encoding_tree_2	4602	0x236EDA0	null_or_data	0x0	-	-	0x1903	-
encoding_tree_2	4603	0x236EDB0	handler_value	-	-	-	0x14DEEF0	0x0
encoding_tree_2	4604	0x236EDC0	key_handler	0x1904	25	4	0x14DF5B0	-
encoding_tree_2	4606	0x236EDE0	key_handler	0x500	5	0	0xE64780	-
encoding_tree_2	4608	0x236EE00	null_or_data	0x0	-	-	0xE641F0	-
encoding_tree_2	4610	0x236EE20	null_or_data	0x0	-	-	0xE63C60	-
encoding_tree_2	4612	0x236EE40	null_or_data	0x0	-	-	0xE61B40	-
encoding_tree_2	4613	0x236EE50	null_or_data	0x0	-	-	0x1601	-
encoding_tree_2	4614	0x236EE60	handler_value	-	-	-	0xE62B40	0x0
encoding_tree_2	4615	0x236EE70	key_handler	0x1202	18	2	0xE625D0	-
encoding_tree_2	4616	0x236EE80	null_or_data	0x0	-	-	0x1203	-
encoding_tree_2	4617	0x236EE90	handler_value	-	-	-	0xE62070	0x0
encoding_tree_2	4618	0x236EEA0	key_handler	0x1604	22	4	0xE63690	-
encoding_tree_2	4619	0x236EEB0	null_or_data	0x0	-	-	0x1205	-
encoding_tree_2	4620	0x236EEC0	handler_value	-	-	-	0xE63100	0x0
encoding_tree_2	4622	0x236EEE0	key_handler	0x300	3	0	0x14D9690	-
encoding_tree_2	4623	0x236EEF0	null_or_data	0x0	-	-	0xA01	-
encoding_tree_2	4624	0x236EF00	handler_value	-	-	-	0x14D90E0	0x0
encoding_tree_2	4625	0x236EF10	key_handler	0xA02	10	2	0x14D9C70	-
encoding_tree_2	4626	0x236EF20	null_or_data	0x0	-	-	0x303	-
encoding_tree_2	4627	0x236EF30	handler_value	-	-	-	0x14DA7D0	0x0
encoding_tree_2	4628	0x236EF40	key_handler	0xA04	10	4	0x14DA220	-
encoding_tree_2	4629	0x236EF50	null_or_data	0x0	-	-	0xA05	-
encoding_tree_2	4630	0x236EF60	handler_value	-	-	-	0x14DADC0	0x0
encoding_tree_2	4632	0x236EF80	key_handler	0x1300	19	0	0x1793460	-
encoding_tree_2	4633	0x236EF90	null_or_data	0x0	-	-	0x1301	-
encoding_tree_2	4634	0x236EFA0	handler_value	-	-	-	0x1793A80	0x0
encoding_tree_2	4636	0x236EFC0	key_handler	0x300	3	0	0x14E0E70	-
encoding_tree_2	4637	0x236EFD0	null_or_data	0x0	-	-	0x301	-
encoding_tree_2	4638	0x236EFE0	handler_value	-	-	-	0x14E08F0	0x0
encoding_tree_2	4639	0x236EFF0	key_handler	0x302	3	2	0x14E0350	-
encoding_tree_2	4640	0x236F000	null_or_data	0x0	-	-	0x303	-
encoding_tree_2	4641	0x236F010	handler_value	-	-	-	0x14E1F50	0x0
encoding_tree_2	4642	0x236F020	key_handler	0x304	3	4	0x14E19C0	-
encoding_tree_2	4643	0x236F030	null_or_data	0x0	-	-	0x305	-
encoding_tree_2	4644	0x236F040	handler_value	-	-	-	0x14E13F0	0x0
encoding_tree_2	4645	0x236F050	key_handler	0xB00	11	0	0x1795100	-
encoding_tree_2	4647	0x236F070	key_handler	0xB00	11	0	0xE5E2F0	-
encoding_tree_2	4650	0x236F0A0	key_handler	0x1300	19	0	0xE6DCD0	-
encoding_tree_2	4651	0x236F0B0	null_or_data	0x0	-	-	0x1302	-
encoding_tree_2	4652	0x236F0C0	handler_value	-	-	-	0x1798F10	0x0
encoding_tree_2	4654	0x236F0E0	key_handler	0x1900	25	0	0xE71A50	-
encoding_tree_2	4655	0x236F0F0	null_or_data	0x0	-	-	0x501	-
encoding_tree_2	4656	0x236F100	handler_value	-	-	-	0xE71420	0x0
encoding_tree_2	4657	0x236F110	key_handler	0x502	5	2	0xE72070	-
encoding_tree_2	4658	0x236F120	null_or_data	0x0	-	-	0xD06	-
encoding_tree_2	4659	0x236F130	handler_value	-	-	-	0xE72CF0	0x0
encoding_tree_2	4660	0x236F140	key_handler	0x507	5	7	0xE726A0	-
encoding_tree_2	4661	0x236F150	null_or_data	0x0	-	-	0x508	-
encoding_tree_2	4662	0x236F160	handler_value	-	-	-	0xE73380	0x0
encoding_tree_2	4663	0x236F170	key_handler	0x1909	25	9	0x14EDB00	-
encoding_tree_2	4664	0x236F180	null_or_data	0x0	-	-	0x50A	-
encoding_tree_2	4665	0x236F190	handler_value	-	-	-	0x14ED4D0	0x0
encoding_tree_2	4666	0x236F1A0	key_handler	0x1900	25	0	0xE49950	-
encoding_tree_2	4667	0x236F1B0	null_or_data	0x0	-	-	0x1901	-
encoding_tree_2	4668	0x236F1C0	handler_value	-	-	-	0xE4AD00	0x0
encoding_tree_2	4669	0x236F1D0	key_handler	0x1302	19	2	0xE4A670	-
encoding_tree_2	4670	0x236F1E0	null_or_data	0x0	-	-	0x1303	-
encoding_tree_2	4671	0x236F1F0	handler_value	-	-	-	0xE4B390	0x0
encoding_tree_2	4672	0x236F200	key_handler	0x1304	19	4	0xE49FE0	-
encoding_tree_2	4673	0x236F210	null_or_data	0x0	-	-	0xD0A	-
encoding_tree_2	4674	0x236F220	handler_value	-	-	-	0xE501D0	0x0
encoding_tree_2	4675	0x236F230	key_handler	0xD0B	13	11	0xE51650	-
encoding_tree_2	4676	0x236F240	null_or_data	0x0	-	-	0x130C	-
encoding_tree_2	4677	0x236F250	handler_value	-	-	-	0xE50FA0	0x0
encoding_tree_2	4678	0x236F260	key_handler	0x130D	19	13	0xE51D70	-
encoding_tree_2	4679	0x236F270	null_or_data	0x0	-	-	0x130E	-
encoding_tree_2	4680	0x236F280	handler_value	-	-	-	0xE508F0	0x0
encoding_tree_2	4681	0x236F290	key_handler	0xD0F	13	15	0xE52420	-
encoding_tree_2	4682	0x236F2A0	null_or_data	0x0	-	-	0xD10	-
encoding_tree_2	4683	0x236F2B0	handler_value	-	-	-	0xE53970	0x0
encoding_tree_2	4684	0x236F2C0	key_handler	0x1311	19	17	0xE53280	-
encoding_tree_2	4685	0x236F2D0	null_or_data	0x0	-	-	0x1312	-
encoding_tree_2	4686	0x236F2E0	handler_value	-	-	-	0xE540D0	0x0
encoding_tree_2	4687	0x236F2F0	key_handler	0x1313	19	19	0xE52B90	-
encoding_tree_2	4688	0x236F300	null_or_data	0x0	-	-	0x2314	-
encoding_tree_2	4689	0x236F310	handler_value	-	-	-	0xE4C150	0x0
encoding_tree_2	4690	0x236F320	key_handler	0x2315	35	21	0xE4F330	-
encoding_tree_2	4691	0x236F330	null_or_data	0x0	-	-	0x1316	-
encoding_tree_2	4692	0x236F340	handler_value	-	-	-	0xE4EC00	0x0
encoding_tree_2	4693	0x236F350	key_handler	0x1317	19	23	0xE4FAA0	-
encoding_tree_2	4694	0x236F360	null_or_data	0x0	-	-	0x1318	-
encoding_tree_2	4695	0x236F370	handler_value	-	-	-	0xE4E4D0	0x0
encoding_tree_2	4696	0x236F380	key_handler	0x2319	35	25	0xE4BA20	-
encoding_tree_2	4697	0x236F390	null_or_data	0x0	-	-	0x231A	-
encoding_tree_2	4698	0x236F3A0	handler_value	-	-	-	0xE4D6B0	0x0
encoding_tree_2	4699	0x236F3B0	key_handler	0x131B	19	27	0xE4CFC0	-
encoding_tree_2	4700	0x236F3C0	null_or_data	0x0	-	-	0x131C	-
encoding_tree_2	4701	0x236F3D0	handler_value	-	-	-	0xE4DDE0	0x0
encoding_tree_2	4702	0x236F3E0	key_handler	0x131D	19	29	0xE4C8D0	-
encoding_tree_2	4703	0x236F3F0	null_or_data	0x0	-	-	0x191E	-
encoding_tree_2	4704	0x236F400	handler_value	-	-	-	0x14C8380	0x0
encoding_tree_2	4705	0x236F410	key_handler	0x191F	25	31	0x14C90A0	-
encoding_tree_2	4706	0x236F420	null_or_data	0x0	-	-	0x1320	-
encoding_tree_2	4707	0x236F430	handler_value	-	-	-	0x14C8A10	0x0
encoding_tree_2	4708	0x236F440	key_handler	0xA00	10	0	0x14EE120	-
encoding_tree_2	4710	0x236F460	key_handler	0xA00	10	0	0xE5D550	-
encoding_tree_2	4711	0x236F470	null_or_data	0x0	-	-	0xA01	-
encoding_tree_2	4712	0x236F480	handler_value	-	-	-	0xE5DC20	0x0
encoding_tree_2	4713	0x236F490	key_handler	0xA02	10	2	0xE5C930	-
encoding_tree_2	4714	0x236F4A0	null_or_data	0x0	-	-	0xA03	-
encoding_tree_2	4715	0x236F4B0	handler_value	-	-	-	0xE5CF40	0x0
encoding_tree_2	4716	0x236F4C0	key_handler	0x500	5	0	0x1518560	-
encoding_tree_2	4718	0x236F4E0	key_handler	0x200	2	0	0xE59C00	-
encoding_tree_2	4720	0x236F500	key_handler	0x500	5	0	0x14CD200	-
encoding_tree_2	4722	0x236F520	key_handler	0x500	5	0	0x150FDB0	-
encoding_tree_2	4724	0x236F540	key_handler	0x1300	19	0	0x14CAB10	-
encoding_tree_2	4725	0x236F550	null_or_data	0x0	-	-	0x1301	-
encoding_tree_2	4726	0x236F560	handler_value	-	-	-	0x14CBE40	0x0
encoding_tree_2	4727	0x236F570	key_handler	0x1302	19	2	0x14CCB50	-
encoding_tree_2	4728	0x236F580	null_or_data	0x0	-	-	0x1303	-
encoding_tree_2	4729	0x236F590	handler_value	-	-	-	0x14CB7C0	0x0
encoding_tree_2	4730	0x236F5A0	key_handler	0x130A	19	10	0x14CB150	-
encoding_tree_2	4731	0x236F5B0	null_or_data	0x0	-	-	0x130B	-
encoding_tree_2	4732	0x236F5C0	handler_value	-	-	-	0x14CC4B0	0x0
encoding_tree_2	4733	0x236F5D0	key_handler	0x200	2	0	0x17855F0	-
encoding_tree_2	4736	0x236F600	key_handler	0x100	1	0	0xEA7880	-
encoding_tree_2	4737	0x236F610	null_or_data	0x0	-	-	0x1501	-
encoding_tree_2	4738	0x236F620	handler_value	-	-	-	0xEA7DB0	0x0
encoding_tree_2	4740	0x236F640	key_handler	0x300	3	0	0x14C9DE0	-
encoding_tree_2	4741	0x236F650	null_or_data	0x0	-	-	0xA01	-
encoding_tree_2	4742	0x236F660	handler_value	-	-	-	0x14C9730	0x0
encoding_tree_2	4743	0x236F670	key_handler	0xA02	10	2	0x14CA460	-
encoding_tree_2	4746	0x236F6A0	key_handler	0x300	3	0	0x151FF00	-
encoding_tree_2	4747	0x236F6B0	null_or_data	0x0	-	-	0x201	-
encoding_tree_2	4748	0x236F6C0	handler_value	-	-	-	0x151F9B0	0x0
encoding_tree_2	4749	0x236F6D0	key_handler	0x202	2	2	0x15204A0	-
encoding_tree_2	4752	0x236F700	key_handler	0x500	5	0	0x178DB90	-
encoding_tree_2	4753	0x236F710	null_or_data	0x0	-	-	0x501	-
encoding_tree_2	4754	0x236F720	handler_value	-	-	-	0x178E060	0x0
encoding_tree_2	4756	0x236F740	key_handler	0x300	3	0	0x14DC9D0	-
encoding_tree_2	4757	0x236F750	null_or_data	0x0	-	-	0x301	-
encoding_tree_2	4758	0x236F760	handler_value	-	-	-	0x14DB370	0x0
encoding_tree_2	4759	0x236F770	key_handler	0x302	3	2	0x14DD030	-
encoding_tree_2	4760	0x236F780	null_or_data	0x0	-	-	0x303	-
encoding_tree_2	4761	0x236F790	handler_value	-	-	-	0x14DB950	0x0
encoding_tree_2	4762	0x236F7A0	key_handler	0x304	3	4	0x14DD600	-
encoding_tree_2	4763	0x236F7B0	null_or_data	0x0	-	-	0x305	-
encoding_tree_2	4764	0x236F7C0	handler_value	-	-	-	0x14DBEA0	0x0
encoding_tree_2	4765	0x236F7D0	key_handler	0x306	3	6	0x14DDC60	-
encoding_tree_2	4766	0x236F7E0	null_or_data	0x0	-	-	0x307	-
encoding_tree_2	4767	0x236F7F0	handler_value	-	-	-	0x14DC480	0x0
encoding_tree_2	4768	0x236F800	key_handler	0x500	5	0	0xE48AD0	-
encoding_tree_2	4770	0x236F820	key_handler	0x200	2	0	0xE48690	-
encoding_tree_2	4772	0x236F840	key_handler	0x500	5	0	0xE48210	-
encoding_tree_2	4774	0x236F860	key_handler	0x500	5	0	0xE47830	-
encoding_tree_2	4775	0x236F870	null_or_data	0x0	-	-	0x501	-
encoding_tree_2	4776	0x236F880	handler_value	-	-	-	0xE47D20	0x0
encoding_tree_2	4778	0x236F8A0	key_handler	0x200	2	0	0x14D38B0	-
encoding_tree_2	4779	0x236F8B0	null_or_data	0x0	-	-	0x201	-
encoding_tree_2	4780	0x236F8C0	handler_value	-	-	-	0x14D4400	0x0
encoding_tree_2	4781	0x236F8D0	key_handler	0x302	3	2	0x14D3E20	-
encoding_tree_2	4782	0x236F8E0	null_or_data	0x0	-	-	0x203	-
encoding_tree_2	4783	0x236F8F0	handler_value	-	-	-	0x14D4970	0x0
encoding_tree_2	4784	0x236F900	key_handler	0x204	2	4	0x14D54C0	-
encoding_tree_2	4785	0x236F910	null_or_data	0x0	-	-	0x305	-
encoding_tree_2	4786	0x236F920	handler_value	-	-	-	0x14D4EE0	0x0
encoding_tree_2	4787	0x236F930	key_handler	0x206	2	6	0x14D27F0	-
encoding_tree_2	4788	0x236F940	null_or_data	0x0	-	-	0x207	-
encoding_tree_2	4789	0x236F950	handler_value	-	-	-	0x14D3340	0x0
encoding_tree_2	4790	0x236F960	key_handler	0x308	3	8	0x14D2D60	-
encoding_tree_2	4792	0x236F980	key_handler	0x200	2	0	0xE23480	-
encoding_tree_2	4794	0x236F9A0	key_handler	0xA00	10	0	0xE47180	-
encoding_tree_2	4796	0x236F9C0	key_handler	0x300	3	0	0xE45D60	-
encoding_tree_2	4798	0x236F9E0	key_handler	0x500	5	0	0xE458C0	-
encoding_tree_2	4800	0x236FA00	key_handler	0x200	2	0	0xE44A20	-
encoding_tree_2	4801	0x236FA10	null_or_data	0x0	-	-	0x201	-
encoding_tree_2	4802	0x236FA20	handler_value	-	-	-	0xE453E0	0x0
encoding_tree_2	4803	0x236FA30	key_handler	0x202	2	2	0xE44F00	-
encoding_tree_2	4806	0x236FA60	key_handler	0x500	5	0	0xE44170	-
encoding_tree_2	4807	0x236FA70	null_or_data	0x0	-	-	0x501	-
encoding_tree_2	4808	0x236FA80	handler_value	-	-	-	0xE43350	0x0
encoding_tree_2	4809	0x236FA90	key_handler	0x502	5	2	0xE43CE0	-
encoding_tree_2	4812	0x236FAC0	key_handler	0x500	5	0	0xE42EE0	-
encoding_tree_2	4813	0x236FAD0	null_or_data	0x0	-	-	0x501	-
encoding_tree_2	4814	0x236FAE0	handler_value	-	-	-	0xE42A40	0x0
encoding_tree_2	4815	0x236FAF0	key_handler	0x502	5	2	0xE420A0	-
encoding_tree_2	4816	0x236FB00	null_or_data	0x0	-	-	0x603	-
encoding_tree_2	4817	0x236FB10	handler_value	-	-	-	0xE41BA0	0x0
encoding_tree_2	4818	0x236FB20	key_handler	0x604	6	4	0xE42540	-
encoding_tree_2	4820	0x236FB40	key_handler	0x500	5	0	0xE3F8E0	-
encoding_tree_2	4821	0x236FB50	null_or_data	0x0	-	-	0x601	-
encoding_tree_2	4822	0x236FB60	handler_value	-	-	-	0xE406C0	0x0
encoding_tree_2	4823	0x236FB70	key_handler	0x602	6	2	0x1787EF0	-
encoding_tree_2	4824	0x236FB80	null_or_data	0x0	-	-	0x303	-
encoding_tree_2	4825	0x236FB90	handler_value	-	-	-	0x17893D0	0x0
encoding_tree_2	4826	0x236FBA0	key_handler	0x304	3	4	0x1786930	-
encoding_tree_2	4827	0x236FBB0	null_or_data	0x0	-	-	0x505	-
encoding_tree_2	4828	0x236FBC0	handler_value	-	-	-	0xE41180	0x0
encoding_tree_2	4829	0x236FBD0	key_handler	0x506	5	6	0x17889B0	-
encoding_tree_2	4830	0x236FBE0	null_or_data	0x0	-	-	0x507	-
encoding_tree_2	4831	0x236FBF0	handler_value	-	-	-	0x1789F50	0x0
encoding_tree_2	4832	0x236FC00	key_handler	0x508	5	8	0x1787470	-
encoding_tree_2	4833	0x236FC10	null_or_data	0x0	-	-	0x609	-
encoding_tree_2	4834	0x236FC20	handler_value	-	-	-	0xE40C20	0x0
encoding_tree_2	4835	0x236FC30	key_handler	0x60A	6	10	0x1788450	-
encoding_tree_2	4836	0x236FC40	null_or_data	0x0	-	-	0x30B	-
encoding_tree_2	4837	0x236FC50	handler_value	-	-	-	0x1789990	0x0
encoding_tree_2	4838	0x236FC60	key_handler	0x30C	3	12	0x1786ED0	-
encoding_tree_2	4839	0x236FC70	null_or_data	0x0	-	-	0x50D	-
encoding_tree_2	4840	0x236FC80	handler_value	-	-	-	0xE41690	0x0
encoding_tree_2	4841	0x236FC90	key_handler	0x50E	5	14	0x1788EC0	-
encoding_tree_2	4842	0x236FCA0	null_or_data	0x0	-	-	0x50F	-
encoding_tree_2	4843	0x236FCB0	handler_value	-	-	-	0x178A4A0	0x0
encoding_tree_2	4844	0x236FCC0	key_handler	0x510	5	16	0x17879B0	-
encoding_tree_2	4845	0x236FCD0	null_or_data	0x0	-	-	0x511	-
encoding_tree_2	4846	0x236FCE0	handler_value	-	-	-	0x1786490	0x0
encoding_tree_2	4847	0x236FCF0	key_handler	0x512	5	18	0x178B570	-
encoding_tree_2	4848	0x236FD00	null_or_data	0x0	-	-	0x313	-
encoding_tree_2	4849	0x236FD10	handler_value	-	-	-	0x178A9F0	0x0
encoding_tree_2	4850	0x236FD20	key_handler	0x514	5	20	0x178D190	-
encoding_tree_2	4851	0x236FD30	null_or_data	0x0	-	-	0x315	-
encoding_tree_2	4852	0x236FD40	handler_value	-	-	-	0x178C040	0x0
encoding_tree_2	4853	0x236FD50	key_handler	0x516	5	22	0x1785FF0	-
encoding_tree_2	4854	0x236FD60	null_or_data	0x0	-	-	0x319	-
encoding_tree_2	4855	0x236FD70	handler_value	-	-	-	0x178AFC0	0x0
encoding_tree_2	4856	0x236FD80	key_handler	0x31A	3	26	0x178BA70	-
encoding_tree_2	4857	0x236FD90	null_or_data	0x0	-	-	0x31B	-
encoding_tree_2	4858	0x236FDA0	handler_value	-	-	-	0x178CBE0	0x0
encoding_tree_2	4859	0x236FDB0	key_handler	0x31C	3	28	0x178C610	-
encoding_tree_2	4862	0x236FDE0	key_handler	0x700	7	0	0xE3CE00	-
encoding_tree_2	4863	0x236FDF0	null_or_data	0x0	-	-	0x701	-
encoding_tree_2	4864	0x236FE00	handler_value	-	-	-	0xE3D360	0x0
encoding_tree_2	4865	0x236FE10	key_handler	0x702	7	2	0xE3D8E0	-
encoding_tree_2	4866	0x236FE20	null_or_data	0x0	-	-	0x703	-
encoding_tree_2	4867	0x236FE30	handler_value	-	-	-	0xE3DE60	0x0
encoding_tree_2	4868	0x236FE40	key_handler	0x704	7	4	0xE3E3C0	-
encoding_tree_2	4869	0x236FE50	null_or_data	0x0	-	-	0x705	-
encoding_tree_2	4870	0x236FE60	handler_value	-	-	-	0xE3E940	0x0
encoding_tree_2	4871	0x236FE70	key_handler	0x506	5	6	0xE3EEC0	-
encoding_tree_2	4872	0x236FE80	null_or_data	0x0	-	-	0x507	-
encoding_tree_2	4873	0x236FE90	handler_value	-	-	-	0xE3F3D0	0x0
encoding_tree_2	4874	0x236FEA0	key_handler	0x200	2	0	0x151B0D0	-
encoding_tree_2	4876	0x236FEC0	key_handler	0x500	5	0	0x14F4620	-
encoding_tree_2	4877	0x236FED0	null_or_data	0x0	-	-	0x501	-
encoding_tree_2	4878	0x236FEE0	handler_value	-	-	-	0x14F4AE0	0x0
encoding_tree_2	4880	0x236FF00	key_handler	0xA00	10	0	0x1501BD0	-
encoding_tree_2	4881	0x236FF10	null_or_data	0x0	-	-	0xA01	-
encoding_tree_2	4882	0x236FF20	handler_value	-	-	-	0x1502170	0x0
encoding_tree_2	4883	0x236FF30	key_handler	0xA04	10	4	0x1502740	-
encoding_tree_2	4886	0x236FF60	key_handler	0x200	2	0	0x14F0550	-
encoding_tree_2	4887	0x236FF70	null_or_data	0x0	-	-	0x201	-
encoding_tree_2	4888	0x236FF80	handler_value	-	-	-	0x14F0A30	0x0
encoding_tree_2	4890	0x236FFA0	key_handler	0x700	7	0	0xE3B770	-
encoding_tree_2	4891	0x236FFB0	null_or_data	0x0	-	-	0x701	-
encoding_tree_2	4892	0x236FFC0	handler_value	-	-	-	0x1785A30	0x0
encoding_tree_2	4893	0x236FFD0	key_handler	0x702	7	2	0xE3BCD0	-
encoding_tree_2	4894	0x236FFE0	null_or_data	0x0	-	-	0x703	-
encoding_tree_2	4895	0x236FFF0	handler_value	-	-	-	0xE3C820	0x0
encoding_tree_2	4896	0x2370000	key_handler	0x500	5	0	0xE3AE30	-
encoding_tree_2	4897	0x2370010	null_or_data	0x0	-	-	0x501	-
encoding_tree_2	4898	0x2370020	handler_value	-	-	-	0xE3B2D0	0x0
encoding_tree_2	4900	0x2370040	key_handler	0x500	5	0	0xE37DF0	-
encoding_tree_2	4901	0x2370050	null_or_data	0x0	-	-	0x501	-
encoding_tree_2	4902	0x2370060	handler_value	-	-	-	0xE38750	0x0
encoding_tree_2	4903	0x2370070	key_handler	0x502	5	2	0xE382C0	-
encoding_tree_2	4904	0x2370080	null_or_data	0x0	-	-	0x703	-
encoding_tree_2	4905	0x2370090	handler_value	-	-	-	0xE39FD0	0x0
encoding_tree_2	4906	0x23700A0	key_handler	0x504	5	4	0xE3A4D0	-
encoding_tree_2	4907	0x23700B0	null_or_data	0x0	-	-	0x505	-
encoding_tree_2	4908	0x23700C0	handler_value	-	-	-	0xE3A980	0x0
encoding_tree_2	4909	0x23700D0	key_handler	0x606	6	6	0xE39100	-
encoding_tree_2	4910	0x23700E0	null_or_data	0x0	-	-	0x507	-
encoding_tree_2	4911	0x23700F0	handler_value	-	-	-	0xE38C20	0x0
encoding_tree_2	4912	0x2370100	key_handler	0x508	5	8	0xE39620	-
encoding_tree_2	4913	0x2370110	null_or_data	0x0	-	-	0x509	-
encoding_tree_2	4914	0x2370120	handler_value	-	-	-	0xE39B00	0x0
encoding_tree_2	4916	0x2370140	key_handler	0xB00	11	0	0xE31410	-
encoding_tree_2	4917	0x2370150	null_or_data	0x0	-	-	0x501	-
encoding_tree_2	4918	0x2370160	handler_value	-	-	-	0xE30540	0x0
encoding_tree_2	4919	0x2370170	key_handler	0xB02	11	2	0xE2F650	-
encoding_tree_2	4920	0x2370180	null_or_data	0x0	-	-	0x503	-
encoding_tree_2	4921	0x2370190	handler_value	-	-	-	0xE2E7C0	0x0
encoding_tree_2	4922	0x23701A0	key_handler	0x4	0	4	0xE35BA0	-
encoding_tree_2	4923	0x23701B0	null_or_data	0x0	-	-	0x505	-
encoding_tree_2	4924	0x23701C0	handler_value	-	-	-	0xE350F0	0x0
encoding_tree_2	4925	0x23701D0	key_handler	0x6	0	6	0xE345F0	-
encoding_tree_2	4926	0x23701E0	null_or_data	0x0	-	-	0x507	-
encoding_tree_2	4927	0x23701F0	handler_value	-	-	-	0xE33B80	0x0
encoding_tree_2	4928	0x2370200	key_handler	0x8	0	8	0xE36110	-
encoding_tree_2	4929	0x2370210	null_or_data	0x0	-	-	0x509	-
encoding_tree_2	4930	0x2370220	handler_value	-	-	-	0xE35630	0x0
encoding_tree_2	4931	0x2370230	key_handler	0xA	0	10	0xE34B50	-
encoding_tree_2	4932	0x2370240	null_or_data	0x0	-	-	0x50B	-
encoding_tree_2	4933	0x2370250	handler_value	-	-	-	0xE340A0	0x0
encoding_tree_2	4934	0x2370260	key_handler	0xC	0	12	0xE31910	-
encoding_tree_2	4935	0x2370270	null_or_data	0x0	-	-	0x50D	-
encoding_tree_2	4936	0x2370280	handler_value	-	-	-	0xE30A00	0x0
encoding_tree_2	4937	0x2370290	key_handler	0xE	0	14	0xE2FB50	-
encoding_tree_2	4938	0x23702A0	null_or_data	0x0	-	-	0x50F	-
encoding_tree_2	4939	0x23702B0	handler_value	-	-	-	0xE2EC60	0x0
encoding_tree_2	4940	0x23702C0	key_handler	0x510	5	16	0xE336E0	-
encoding_tree_2	4941	0x23702D0	null_or_data	0x0	-	-	0x511	-
encoding_tree_2	4942	0x23702E0	handler_value	-	-	-	0xE31E50	0x0
encoding_tree_2	4943	0x23702F0	key_handler	0xB12	11	18	0xE30F10	-
encoding_tree_2	4944	0x2370300	null_or_data	0x0	-	-	0x513	-
encoding_tree_2	4945	0x2370310	handler_value	-	-	-	0xE30080	0x0
encoding_tree_2	4946	0x2370320	key_handler	0xB14	11	20	0xE2F150	-
encoding_tree_2	4947	0x2370330	null_or_data	0x0	-	-	0x515	-
encoding_tree_2	4948	0x2370340	handler_value	-	-	-	0xE2E320	0x0
encoding_tree_2	4949	0x2370350	key_handler	0xB16	11	22	0xE331B0	-
encoding_tree_2	4950	0x2370360	null_or_data	0x0	-	-	0x517	-
encoding_tree_2	4951	0x2370370	handler_value	-	-	-	0xE32CC0	0x0
encoding_tree_2	4952	0x2370380	key_handler	0xB18	11	24	0xE32790	-
encoding_tree_2	4953	0x2370390	null_or_data	0x0	-	-	0x519	-
encoding_tree_2	4954	0x23703A0	handler_value	-	-	-	0xE322C0	0x0
encoding_tree_2	4956	0x23703C0	key_handler	0x500	5	0	0xE2D520	-
encoding_tree_2	4957	0x23703D0	null_or_data	0x0	-	-	0x501	-
encoding_tree_2	4958	0x23703E0	handler_value	-	-	-	0xE2DE70	0x0
encoding_tree_2	4959	0x23703F0	key_handler	0x502	5	2	0xE2D9E0	-
encoding_tree_2	4962	0x2370420	key_handler	0x300	3	0	0x14BE950	-
encoding_tree_2	4963	0x2370430	null_or_data	0x0	-	-	0x301	-
encoding_tree_2	4964	0x2370440	handler_value	-	-	-	0x14BE3D0	0x0
encoding_tree_2	4965	0x2370450	key_handler	0x302	3	2	0x14BF4C0	-
encoding_tree_2	4966	0x2370460	null_or_data	0x0	-	-	0x303	-
encoding_tree_2	4967	0x2370470	handler_value	-	-	-	0x14BFA70	0x0
encoding_tree_2	4968	0x2370480	key_handler	0x304	3	4	0x14C05B0	-
encoding_tree_2	4969	0x2370490	null_or_data	0x0	-	-	0x305	-
encoding_tree_2	4970	0x23704A0	handler_value	-	-	-	0x14C0020	0x0
encoding_tree_2	4971	0x23704B0	key_handler	0x306	3	6	0x14C1130	-
encoding_tree_2	4972	0x23704C0	null_or_data	0x0	-	-	0x307	-
encoding_tree_2	4973	0x23704D0	handler_value	-	-	-	0x14C0B70	0x0
encoding_tree_2	4974	0x23704E0	key_handler	0x308	3	8	0x14C1CF0	-
encoding_tree_2	4975	0x23704F0	null_or_data	0x0	-	-	0x309	-
encoding_tree_2	4976	0x2370500	handler_value	-	-	-	0x14C1730	0x0
encoding_tree_2	4977	0x2370510	key_handler	0x30A	3	10	0x14BEF00	-
encoding_tree_2	4980	0x2370540	key_handler	0x1900	25	0	0xE2CE80	-
encoding_tree_2	4981	0x2370550	null_or_data	0x0	-	-	0x1901	-
encoding_tree_2	4982	0x2370560	handler_value	-	-	-	0xE2C7E0	0x0
encoding_tree_2	4983	0x2370570	key_handler	0x1902	25	2	0xE2ACC0	-
encoding_tree_2	4984	0x2370580	null_or_data	0x0	-	-	0x1903	-
encoding_tree_2	4985	0x2370590	handler_value	-	-	-	0xE2A630	0x0
encoding_tree_2	4986	0x23705A0	key_handler	0x1904	25	4	0xE2B350	-
encoding_tree_2	4987	0x23705B0	null_or_data	0x0	-	-	0x1905	-
encoding_tree_2	4988	0x23705C0	handler_value	-	-	-	0xE2BA20	0x0
encoding_tree_2	4989	0x23705D0	key_handler	0x1906	25	6	0xE2C0F0	-
encoding_tree_2	4990	0x23705E0	null_or_data	0x0	-	-	0x1907	-
encoding_tree_2	4991	0x23705F0	handler_value	-	-	-	0xE28B10	0x0
encoding_tree_2	4992	0x2370600	key_handler	0x1908	25	8	0xE28480	-
encoding_tree_2	4993	0x2370610	null_or_data	0x0	-	-	0x1909	-
encoding_tree_2	4994	0x2370620	handler_value	-	-	-	0xE291A0	0x0
encoding_tree_2	4995	0x2370630	key_handler	0x190A	25	10	0xE29870	-
encoding_tree_2	4996	0x2370640	null_or_data	0x0	-	-	0x190B	-
encoding_tree_2	4997	0x2370650	handler_value	-	-	-	0xE29F40	0x0
encoding_tree_2	4998	0x2370660	key_handler	0x1900	25	0	0x14B4D60	-
encoding_tree_2	4999	0x2370670	null_or_data	0x0	-	-	0x1901	-
encoding_tree_2	5000	0x2370680	handler_value	-	-	-	0x14B5420	0x0
encoding_tree_2	5001	0x2370690	key_handler	0x1902	25	2	0x14B61B0	-
encoding_tree_2	5002	0x23706A0	null_or_data	0x0	-	-	0x1903	-
encoding_tree_2	5003	0x23706B0	handler_value	-	-	-	0x14B6870	0x0
encoding_tree_2	5004	0x23706C0	key_handler	0x1904	25	4	0x14B9E70	-
encoding_tree_2	5005	0x23706D0	null_or_data	0x0	-	-	0x1905	-
encoding_tree_2	5006	0x23706E0	handler_value	-	-	-	0x14BABE0	0x0
encoding_tree_2	5007	0x23706F0	key_handler	0x1906	25	6	0x14B97D0	-
encoding_tree_2	5008	0x2370700	null_or_data	0x0	-	-	0x1907	-
encoding_tree_2	5009	0x2370710	handler_value	-	-	-	0x14BA510	0x0
encoding_tree_2	5010	0x2370720	key_handler	0x1908	25	8	0x14B7CB0	-
encoding_tree_2	5011	0x2370730	null_or_data	0x0	-	-	0x1909	-
encoding_tree_2	5012	0x2370740	handler_value	-	-	-	0x14B7620	0x0
encoding_tree_2	5013	0x2370750	key_handler	0x190A	25	10	0x14B8340	-
encoding_tree_2	5014	0x2370760	null_or_data	0x0	-	-	0x190B	-
encoding_tree_2	5015	0x2370770	handler_value	-	-	-	0x14B8A10	0x0
encoding_tree_2	5016	0x2370780	key_handler	0x190C	25	12	0x14B90E0	-
encoding_tree_2	5017	0x2370790	null_or_data	0x0	-	-	0x190D	-
encoding_tree_2	5018	0x23707A0	handler_value	-	-	-	0x14BCB40	0x0
encoding_tree_2	5019	0x23707B0	key_handler	0x190E	25	14	0x14BD770	-
encoding_tree_2	5020	0x23707C0	null_or_data	0x0	-	-	0x190F	-
encoding_tree_2	5021	0x23707D0	handler_value	-	-	-	0x14BD150	0x0
encoding_tree_2	5022	0x23707E0	key_handler	0x1910	25	16	0x14BDD90	-
encoding_tree_2	5023	0x23707F0	null_or_data	0x0	-	-	0x1911	-
encoding_tree_2	5024	0x2370800	handler_value	-	-	-	0x14BB2B0	0x0
encoding_tree_2	5025	0x2370810	key_handler	0x1912	25	18	0x14BBEE0	-
encoding_tree_2	5026	0x2370820	null_or_data	0x0	-	-	0x1913	-
encoding_tree_2	5027	0x2370830	handler_value	-	-	-	0x14BB8C0	0x0
encoding_tree_2	5028	0x2370840	key_handler	0x1914	25	20	0x14BC500	-
encoding_tree_2	5029	0x2370850	null_or_data	0x0	-	-	0x1915	-
encoding_tree_2	5030	0x2370860	handler_value	-	-	-	0x14B4000	0x0
encoding_tree_2	5031	0x2370870	key_handler	0x1916	25	22	0x14B3970	-
encoding_tree_2	5032	0x2370880	null_or_data	0x0	-	-	0x1917	-
encoding_tree_2	5033	0x2370890	handler_value	-	-	-	0x14B4690	0x0
encoding_tree_2	5034	0x23708A0	key_handler	0x1918	25	24	0x14B5AE0	-
encoding_tree_2	5035	0x23708B0	null_or_data	0x0	-	-	0x1919	-
encoding_tree_2	5036	0x23708C0	handler_value	-	-	-	0x14B6F30	0x0
encoding_tree_2	5038	0x23708E0	key_handler	0x500	5	0	0xE27F80	-
encoding_tree_2	5039	0x23708F0	null_or_data	0x0	-	-	0x1201	-
encoding_tree_2	5040	0x2370900	handler_value	-	-	-	0xE269B0	0x0
encoding_tree_2	5041	0x2370910	key_handler	0x1202	18	2	0xE27A00	-
encoding_tree_2	5042	0x2370920	null_or_data	0x0	-	-	0x1203	-
encoding_tree_2	5043	0x2370930	handler_value	-	-	-	0xE26460	0x0
encoding_tree_2	5044	0x2370940	key_handler	0x1204	18	4	0xE27480	-
encoding_tree_2	5045	0x2370950	null_or_data	0x0	-	-	0x1205	-
encoding_tree_2	5046	0x2370960	handler_value	-	-	-	0xE26F00	0x0
encoding_tree_2	5047	0x2370970	key_handler	0x300	3	0	0x14B33F0	-
encoding_tree_2	5050	0x23709A0	key_handler	0x500	5	0	0xE25F30	-
encoding_tree_2	5051	0x23709B0	null_or_data	0x0	-	-	0x1201	-
encoding_tree_2	5052	0x23709C0	handler_value	-	-	-	0xE248A0	0x0
encoding_tree_2	5053	0x23709D0	key_handler	0x1202	18	2	0xE25980	-
encoding_tree_2	5054	0x23709E0	null_or_data	0x0	-	-	0x1203	-
encoding_tree_2	5055	0x23709F0	handler_value	-	-	-	0xE24320	0x0
encoding_tree_2	5056	0x2370A00	key_handler	0x1204	18	4	0xE253D0	-
encoding_tree_2	5057	0x2370A10	null_or_data	0x0	-	-	0x1205	-
encoding_tree_2	5058	0x2370A20	handler_value	-	-	-	0xE24E20	0x0
encoding_tree_2	5060	0x2370A40	null_or_data	0x0	-	-	0xE23DF0	-
encoding_tree_2	5061	0x2370A50	null_or_data	0x0	-	-	0x1	-
encoding_tree_2	5062	0x2370A60	handler_value	-	-	-	0xE238C0	0x0
encoding_tree_2	5064	0x2370A80	key_handler	0x500	5	0	0x151E950	-
encoding_tree_2	5065	0x2370A90	null_or_data	0x0	-	-	0x501	-
encoding_tree_2	5066	0x2370AA0	handler_value	-	-	-	0x151F440	0x0
encoding_tree_2	5067	0x2370AB0	key_handler	0x302	3	2	0x151EEB0	-
encoding_tree_2	5070	0x2370AE0	key_handler	0x200	2	0	0x176CEB0	-
encoding_tree_2	5071	0x2370AF0	null_or_data	0x0	-	-	0x301	-
encoding_tree_2	5072	0x2370B00	handler_value	-	-	-	0x176D420	0x0
encoding_tree_2	5073	0x2370B10	key_handler	0x202	2	2	0x176DFD0	-
encoding_tree_2	5074	0x2370B20	null_or_data	0x0	-	-	0x303	-
encoding_tree_2	5075	0x2370B30	handler_value	-	-	-	0x176D9F0	0x0
encoding_tree_2	5076	0x2370B40	key_handler	0x204	2	4	0x176E540	-
encoding_tree_2	5078	0x2370B60	key_handler	0x200	2	0	0x1769230	-
encoding_tree_2	5079	0x2370B70	null_or_data	0x0	-	-	0x201	-
encoding_tree_2	5080	0x2370B80	handler_value	-	-	-	0x176A1C0	0x0
encoding_tree_2	5081	0x2370B90	key_handler	0x302	3	2	0x1769740	-
encoding_tree_2	5082	0x2370BA0	null_or_data	0x0	-	-	0x203	-
encoding_tree_2	5083	0x2370BB0	handler_value	-	-	-	0x1769CB0	0x0
encoding_tree_2	5084	0x2370BC0	key_handler	0x204	2	4	0x1767820	-
encoding_tree_2	5085	0x2370BD0	null_or_data	0x0	-	-	0x305	-
encoding_tree_2	5086	0x2370BE0	handler_value	-	-	-	0x17687B0	0x0
encoding_tree_2	5087	0x2370BF0	key_handler	0x206	2	6	0x1768D20	-
encoding_tree_2	5088	0x2370C00	null_or_data	0x0	-	-	0x307	-
encoding_tree_2	5089	0x2370C10	handler_value	-	-	-	0x1767D30	0x0
encoding_tree_2	5090	0x2370C20	key_handler	0x208	2	8	0x17682A0	-
encoding_tree_2	5092	0x2370C40	key_handler	0xA00	10	0	0x17354B0	-
encoding_tree_2	5093	0x2370C50	null_or_data	0x0	-	-	0xA01	-
encoding_tree_2	5094	0x2370C60	handler_value	-	-	-	0x1736520	0x0
encoding_tree_2	5095	0x2370C70	key_handler	0x302	3	2	0x1735F90	-
encoding_tree_2	5096	0x2370C80	null_or_data	0x0	-	-	0x303	-
encoding_tree_2	5097	0x2370C90	handler_value	-	-	-	0x1737100	0x0
encoding_tree_2	5098	0x2370CA0	key_handler	0xA04	10	4	0x1735A20	-
encoding_tree_2	5099	0x2370CB0	null_or_data	0x0	-	-	0xA05	-
encoding_tree_2	5100	0x2370CC0	handler_value	-	-	-	0x1736B10	0x0
encoding_tree_2	5102	0x2370CE0	key_handler	0x300	3	0	0x17557B0	-
encoding_tree_2	5103	0x2370CF0	null_or_data	0x0	-	-	0xA01	-
encoding_tree_2	5104	0x2370D00	handler_value	-	-	-	0x1755DD0	0x0
encoding_tree_2	5105	0x2370D10	key_handler	0xA02	10	2	0x17551D0	-
encoding_tree_2	5106	0x2370D20	null_or_data	0x0	-	-	0x303	-
encoding_tree_2	5107	0x2370D30	handler_value	-	-	-	0x1752E50	0x0
encoding_tree_2	5108	0x2370D40	key_handler	0x304	3	4	0x1753A10	-
encoding_tree_2	5109	0x2370D50	null_or_data	0x0	-	-	0xA05	-
encoding_tree_2	5110	0x2370D60	handler_value	-	-	-	0x17528A0	0x0
encoding_tree_2	5111	0x2370D70	key_handler	0xA06	10	6	0x1754010	-
encoding_tree_2	5112	0x2370D80	null_or_data	0x0	-	-	0xA07	-
encoding_tree_2	5113	0x2370D90	handler_value	-	-	-	0x1753460	0x0
encoding_tree_2	5114	0x2370DA0	key_handler	0x308	3	8	0x1756990	-
encoding_tree_2	5115	0x2370DB0	null_or_data	0x0	-	-	0xA09	-
encoding_tree_2	5116	0x2370DC0	handler_value	-	-	-	0x17563B0	0x0
encoding_tree_2	5117	0x2370DD0	key_handler	0x30A	3	10	0x17575A0	-
encoding_tree_2	5118	0x2370DE0	null_or_data	0x0	-	-	0xA0B	-
encoding_tree_2	5119	0x2370DF0	handler_value	-	-	-	0x1757BD0	0x0
encoding_tree_2	5120	0x2370E00	key_handler	0xA0C	10	12	0x1756FC0	-
encoding_tree_2	5121	0x2370E10	null_or_data	0x0	-	-	0x30D	-
encoding_tree_2	5122	0x2370E20	handler_value	-	-	-	0x1754BA0	0x0
encoding_tree_2	5123	0x2370E30	key_handler	0xA0E	10	14	0x17545C0	-
encoding_tree_2	5126	0x2370E60	key_handler	0x300	3	0	0xD86B60	-
encoding_tree_2	5127	0x2370E70	null_or_data	0x0	-	-	0xA01	-
encoding_tree_2	5128	0x2370E80	handler_value	-	-	-	0xD864D0	0x0
encoding_tree_2	5129	0x2370E90	key_handler	0xA02	10	2	0xD871C0	-
encoding_tree_2	5130	0x2370EA0	null_or_data	0x0	-	-	0xD03	-
encoding_tree_2	5131	0x2370EB0	handler_value	-	-	-	0xD87F20	0x0
encoding_tree_2	5132	0x2370EC0	key_handler	0x1304	19	4	0xD87850	-
encoding_tree_2	5133	0x2370ED0	null_or_data	0x0	-	-	0x1305	-
encoding_tree_2	5134	0x2370EE0	handler_value	-	-	-	0xD88630	0x0
encoding_tree_2	5135	0x2370EF0	key_handler	0x312	3	18	0x149F640	-
encoding_tree_2	5136	0x2370F00	null_or_data	0x0	-	-	0xA13	-
encoding_tree_2	5137	0x2370F10	handler_value	-	-	-	0x149F090	0x0
encoding_tree_2	5138	0x2370F20	key_handler	0x31A	3	26	0x14A01D0	-
encoding_tree_2	5139	0x2370F30	null_or_data	0x0	-	-	0xA1B	-
encoding_tree_2	5140	0x2370F40	handler_value	-	-	-	0x149FC20	0x0
encoding_tree_2	5141	0x2370F50	key_handler	0x21C	2	28	0xD88D00	-
encoding_tree_2	5142	0x2370F60	null_or_data	0x0	-	-	0x31D	-
encoding_tree_2	5143	0x2370F70	handler_value	-	-	-	0xD89210	0x0
encoding_tree_2	5144	0x2370F80	key_handler	0x21E	2	30	0xD89780	-
encoding_tree_2	5145	0x2370F90	null_or_data	0x0	-	-	0xA1F	-
encoding_tree_2	5146	0x2370FA0	handler_value	-	-	-	0x149BEC0	0x0
encoding_tree_2	5147	0x2370FB0	key_handler	0x320	3	32	0x149C460	-
encoding_tree_2	5148	0x2370FC0	null_or_data	0x0	-	-	0xA21	-
encoding_tree_2	5149	0x2370FD0	handler_value	-	-	-	0x149CA40	0x0
encoding_tree_2	5150	0x2370FE0	key_handler	0x222	2	34	0x149D580	-
encoding_tree_2	5151	0x2370FF0	null_or_data	0x0	-	-	0xA23	-
encoding_tree_2	5152	0x2371000	handler_value	-	-	-	0x149CFE0	0x0
encoding_tree_2	5153	0x2371010	key_handler	0x324	3	36	0x149E070	-
encoding_tree_2	5154	0x2371020	null_or_data	0x0	-	-	0x325	-
encoding_tree_2	5155	0x2371030	handler_value	-	-	-	0x149DA90	0x0
encoding_tree_2	5156	0x2371040	key_handler	0x226	2	38	0x149EB80	-
encoding_tree_2	5157	0x2371050	null_or_data	0x0	-	-	0xA27	-
encoding_tree_2	5158	0x2371060	handler_value	-	-	-	0x149E5E0	0x0
encoding_tree_2	5159	0x2371070	key_handler	0x500	5	0	0xE09FF0	-
encoding_tree_2	5162	0x23710A0	key_handler	0x500	5	0	0xDF11F0	-
encoding_tree_2	5163	0x23710B0	null_or_data	0x0	-	-	0x1E01	-
encoding_tree_2	5164	0x23710C0	handler_value	-	-	-	0xDF1660	0x0
encoding_tree_2	5166	0x23710E0	key_handler	0x500	5	0	0xD0BFB0	-
encoding_tree_2	5167	0x23710F0	null_or_data	0x0	-	-	0x303	-
encoding_tree_2	5168	0x2371100	handler_value	-	-	-	0xD0CA50	0x0
encoding_tree_2	5169	0x2371110	key_handler	0x304	3	4	0xD0C4A0	-
encoding_tree_2	5172	0x2371140	key_handler	0xA00	10	0	0x1776320	-
encoding_tree_2	5173	0x2371150	null_or_data	0x0	-	-	0x1301	-
encoding_tree_2	5174	0x2371160	handler_value	-	-	-	0x17768D0	0x0
encoding_tree_2	5175	0x2371170	key_handler	0x502	5	2	0x1776EA0	-
encoding_tree_2	5176	0x2371180	null_or_data	0x0	-	-	0x503	-
encoding_tree_2	5177	0x2371190	handler_value	-	-	-	0x1777430	0x0
encoding_tree_2	5178	0x23711A0	key_handler	0x504	5	4	0x1774360	-
encoding_tree_2	5179	0x23711B0	null_or_data	0x0	-	-	0x2205	-
encoding_tree_2	5180	0x23711C0	handler_value	-	-	-	0x1775300	0x0
encoding_tree_2	5181	0x23711D0	key_handler	0x506	5	6	0x17748C0	-
encoding_tree_2	5182	0x23711E0	null_or_data	0x0	-	-	0x507	-
encoding_tree_2	5183	0x23711F0	handler_value	-	-	-	0x1775880	0x0
encoding_tree_2	5184	0x2371200	key_handler	0x508	5	8	0x1774DE0	-
encoding_tree_2	5185	0x2371210	null_or_data	0x0	-	-	0x509	-
encoding_tree_2	5186	0x2371220	handler_value	-	-	-	0x1775DD0	0x0
encoding_tree_2	5187	0x2371230	key_handler	0xA0A	10	10	0x1782CD0	-
encoding_tree_2	5188	0x2371240	null_or_data	0x0	-	-	0xA0B	-
encoding_tree_2	5189	0x2371250	handler_value	-	-	-	0x1782630	0x0
encoding_tree_2	5190	0x2371260	key_handler	0xA0C	10	12	0x1783A10	-
encoding_tree_2	5191	0x2371270	null_or_data	0x0	-	-	0xA0D	-
encoding_tree_2	5192	0x2371280	handler_value	-	-	-	0x1783370	0x0
encoding_tree_2	5193	0x2371290	key_handler	0xA0E	10	14	0x177DC00	-
encoding_tree_2	5194	0x23712A0	null_or_data	0x0	-	-	0xA0F	-
encoding_tree_2	5195	0x23712B0	handler_value	-	-	-	0x177D560	0x0
encoding_tree_2	5196	0x23712C0	key_handler	0xA10	10	16	0x177E940	-
encoding_tree_2	5197	0x23712D0	null_or_data	0x0	-	-	0xA11	-
encoding_tree_2	5198	0x23712E0	handler_value	-	-	-	0x177E2A0	0x0
encoding_tree_2	5199	0x23712F0	key_handler	0x1312	19	18	0x1C068A0	-
encoding_tree_2	5200	0x2371300	null_or_data	0x0	-	-	0x1313	-
encoding_tree_2	5201	0x2371310	handler_value	-	-	-	0x1C061F0	0x0
encoding_tree_2	5202	0x2371320	key_handler	0x1314	19	20	0x1C07600	-
encoding_tree_2	5203	0x2371330	null_or_data	0x0	-	-	0x1315	-
encoding_tree_2	5204	0x2371340	handler_value	-	-	-	0x1C06F50	0x0
encoding_tree_2	5205	0x2371350	key_handler	0x2216	34	22	0x1778580	-
encoding_tree_2	5206	0x2371360	null_or_data	0x0	-	-	0x2217	-
encoding_tree_2	5207	0x2371370	handler_value	-	-	-	0x17779F0	0x0
encoding_tree_2	5208	0x2371380	key_handler	0x518	5	24	0x1778B60	-
encoding_tree_2	5209	0x2371390	null_or_data	0x0	-	-	0x519	-
encoding_tree_2	5210	0x23713A0	handler_value	-	-	-	0x1777FA0	0x0
encoding_tree_2	5211	0x23713B0	key_handler	0x191A	25	26	0x1779160	-
encoding_tree_2	5212	0x23713C0	null_or_data	0x0	-	-	0x191B	-
encoding_tree_2	5213	0x23713D0	handler_value	-	-	-	0x1779750	0x0
encoding_tree_2	5214	0x23713E0	key_handler	0x131C	19	28	0x177AB60	-
encoding_tree_2	5215	0x23713F0	null_or_data	0x0	-	-	0x131D	-
encoding_tree_2	5216	0x2371400	handler_value	-	-	-	0x177A3F0	0x0
encoding_tree_2	5217	0x2371410	key_handler	0xA1E	10	30	0x177B2F0	-
encoding_tree_2	5218	0x2371420	null_or_data	0x0	-	-	0xA1F	-
encoding_tree_2	5219	0x2371430	handler_value	-	-	-	0x1779D40	0x0
encoding_tree_2	5220	0x2371440	key_handler	0x1320	19	32	0x17811D0	-
encoding_tree_2	5221	0x2371450	null_or_data	0x0	-	-	0x1321	-
encoding_tree_2	5222	0x2371460	handler_value	-	-	-	0x1780AA0	0x0
encoding_tree_2	5223	0x2371470	key_handler	0xA22	10	34	0x1781F90	-
encoding_tree_2	5224	0x2371480	null_or_data	0x0	-	-	0xA23	-
encoding_tree_2	5225	0x2371490	handler_value	-	-	-	0x1781920	0x0
encoding_tree_2	5226	0x23714A0	key_handler	0x1325	19	37	0x177C100	-
encoding_tree_2	5227	0x23714B0	null_or_data	0x0	-	-	0x1326	-
encoding_tree_2	5228	0x23714C0	handler_value	-	-	-	0x177B9D0	0x0
encoding_tree_2	5229	0x23714D0	key_handler	0xA27	10	39	0x177CEC0	-
encoding_tree_2	5230	0x23714E0	null_or_data	0x0	-	-	0xA28	-
encoding_tree_2	5231	0x23714F0	handler_value	-	-	-	0x177C850	0x0
encoding_tree_2	5232	0x2371500	key_handler	0x329	3	41	0x1772B70	-
encoding_tree_2	5233	0x2371510	null_or_data	0x0	-	-	0x212A	-
encoding_tree_2	5234	0x2371520	handler_value	-	-	-	0x1773120	0x0
encoding_tree_2	5235	0x2371530	key_handler	0x212B	33	43	0x16DFDE0	-
encoding_tree_2	5236	0x2371540	null_or_data	0x0	-	-	0x192C	-
encoding_tree_2	5237	0x2371550	handler_value	-	-	-	0x16DF770	0x0
encoding_tree_2	5238	0x2371560	key_handler	0x62D	6	45	0x17840B0	-
encoding_tree_2	5239	0x2371570	null_or_data	0x0	-	-	0x62E	-
encoding_tree_2	5240	0x2371580	handler_value	-	-	-	0x1784640	0x0
encoding_tree_2	5241	0x2371590	key_handler	0x32F	3	47	0x1773770	-
encoding_tree_2	5242	0x23715A0	null_or_data	0x0	-	-	0x2130	-
encoding_tree_2	5243	0x23715B0	handler_value	-	-	-	0x1773D20	0x0
encoding_tree_2	5244	0x23715C0	key_handler	0x531	5	49	0x1771E20	-
encoding_tree_2	5245	0x23715D0	null_or_data	0x0	-	-	0x532	-
encoding_tree_2	5246	0x23715E0	handler_value	-	-	-	0x1772290	0x0
encoding_tree_2	5247	0x23715F0	key_handler	0x533	5	51	0x1772700	-
encoding_tree_2	5250	0x2371620	key_handler	0x500	5	0	0xD22060	-
encoding_tree_2	5251	0x2371630	null_or_data	0x0	-	-	0x501	-
encoding_tree_2	5252	0x2371640	handler_value	-	-	-	0xD21BF0	0x0
encoding_tree_2	5254	0x2371660	key_handler	0xA00	10	0	0xE0A930	-
encoding_tree_2	5255	0x2371670	null_or_data	0x0	-	-	0x301	-
encoding_tree_2	5256	0x2371680	handler_value	-	-	-	0xE0B3E0	0x0
encoding_tree_2	5257	0x2371690	key_handler	0xA02	10	2	0xE0BEA0	-
encoding_tree_2	5258	0x23716A0	null_or_data	0x0	-	-	0x303	-
encoding_tree_2	5259	0x23716B0	handler_value	-	-	-	0xE0AE60	0x0
encoding_tree_2	5260	0x23716C0	key_handler	0xA04	10	4	0xE0B970	-
encoding_tree_2	5262	0x23716E0	key_handler	0x300	3	0	0x1771230	-
encoding_tree_2	5263	0x23716F0	null_or_data	0x0	-	-	0x301	-
encoding_tree_2	5264	0x2371700	handler_value	-	-	-	0x1771810	0x0
encoding_tree_2	5265	0x2371710	key_handler	0x302	3	2	0xE01F30	-
encoding_tree_2	5266	0x2371720	null_or_data	0x0	-	-	0x303	-
encoding_tree_2	5267	0x2371730	handler_value	-	-	-	0xE02510	0x0
encoding_tree_2	5268	0x2371740	key_handler	0x500	5	0	0xDCB560	-
encoding_tree_2	5269	0x2371750	null_or_data	0x0	-	-	0x201	-
encoding_tree_2	5270	0x2371760	handler_value	-	-	-	0xDCBA70	0x0
encoding_tree_2	5271	0x2371770	key_handler	0x502	5	2	0xDCA620	-
encoding_tree_2	5272	0x2371780	null_or_data	0x0	-	-	0x203	-
encoding_tree_2	5273	0x2371790	handler_value	-	-	-	0xDCB030	0x0
encoding_tree_2	5274	0x23717A0	key_handler	0x504	5	4	0xDCAB10	-
encoding_tree_2	5276	0x23717C0	key_handler	0x1900	25	0	0xD9BA90	-
encoding_tree_2	5277	0x23717D0	null_or_data	0x0	-	-	0x1901	-
encoding_tree_2	5278	0x23717E0	handler_value	-	-	-	0xD9B440	0x0
encoding_tree_2	5279	0x23717F0	key_handler	0x1902	25	2	0xD9ADF0	-
encoding_tree_2	5280	0x2371800	null_or_data	0x0	-	-	0x1903	-
encoding_tree_2	5281	0x2371810	handler_value	-	-	-	0xD9A7A0	0x0
encoding_tree_2	5282	0x2371820	key_handler	0x1904	25	4	0x17671D0	-
encoding_tree_2	5283	0x2371830	null_or_data	0x0	-	-	0x1905	-
encoding_tree_2	5284	0x2371840	handler_value	-	-	-	0x1766B80	0x0
encoding_tree_2	5285	0x2371850	key_handler	0x1906	25	6	0xD9A150	-
encoding_tree_2	5286	0x2371860	null_or_data	0x0	-	-	0x1907	-
encoding_tree_2	5287	0x2371870	handler_value	-	-	-	0xD99B00	0x0
encoding_tree_2	5288	0x2371880	key_handler	0x1908	25	8	0xD994B0	-
encoding_tree_2	5289	0x2371890	null_or_data	0x0	-	-	0x1909	-
encoding_tree_2	5290	0x23718A0	handler_value	-	-	-	0xD98E60	0x0
encoding_tree_2	5291	0x23718B0	key_handler	0x190A	25	10	0x1766530	-
encoding_tree_2	5292	0x23718C0	null_or_data	0x0	-	-	0x190B	-
encoding_tree_2	5293	0x23718D0	handler_value	-	-	-	0x1765EE0	0x0
encoding_tree_2	5294	0x23718E0	key_handler	0x190C	25	12	0xD9E610	-
encoding_tree_2	5295	0x23718F0	null_or_data	0x0	-	-	0x190D	-
encoding_tree_2	5296	0x2371900	handler_value	-	-	-	0xD9F270	0x0
encoding_tree_2	5297	0x2371910	key_handler	0x190E	25	14	0xD9EC30	-
encoding_tree_2	5298	0x2371920	null_or_data	0x0	-	-	0x190F	-
encoding_tree_2	5299	0x2371930	handler_value	-	-	-	0xD9C0D0	0x0
encoding_tree_2	5300	0x2371940	key_handler	0x1910	25	16	0xD9CD30	-
encoding_tree_2	5301	0x2371950	null_or_data	0x0	-	-	0x1911	-
encoding_tree_2	5302	0x2371960	handler_value	-	-	-	0xD9C6F0	0x0
encoding_tree_2	5303	0x2371970	key_handler	0x1912	25	18	0xD9F8B0	-
encoding_tree_2	5304	0x2371980	null_or_data	0x0	-	-	0x1913	-
encoding_tree_2	5305	0x2371990	handler_value	-	-	-	0xDA0510	0x0
encoding_tree_2	5306	0x23719A0	key_handler	0x1914	25	20	0xD9FED0	-
encoding_tree_2	5307	0x23719B0	null_or_data	0x0	-	-	0x1915	-
encoding_tree_2	5308	0x23719C0	handler_value	-	-	-	0xD9D370	0x0
encoding_tree_2	5309	0x23719D0	key_handler	0x1916	25	22	0xD9DFD0	-
encoding_tree_2	5310	0x23719E0	null_or_data	0x0	-	-	0x1917	-
encoding_tree_2	5311	0x23719F0	handler_value	-	-	-	0xD9D990	0x0
encoding_tree_2	5312	0x2371A00	key_handler	0x1918	25	24	0xDA1D90	-
encoding_tree_2	5313	0x2371A10	null_or_data	0x0	-	-	0x1919	-
encoding_tree_2	5314	0x2371A20	handler_value	-	-	-	0xDA29B0	0x0
encoding_tree_2	5315	0x2371A30	key_handler	0x191A	25	26	0xDA2390	-
encoding_tree_2	5316	0x2371A40	null_or_data	0x0	-	-	0x191B	-
encoding_tree_2	5317	0x2371A50	handler_value	-	-	-	0xDA0B50	0x0
encoding_tree_2	5318	0x2371A60	key_handler	0x191C	25	28	0xDA1770	-
encoding_tree_2	5319	0x2371A70	null_or_data	0x0	-	-	0x191D	-
encoding_tree_2	5320	0x2371A80	handler_value	-	-	-	0xDA1150	0x0
encoding_tree_2	5322	0x2371AA0	key_handler	0x500	5	0	0xC6A200	-
encoding_tree_2	5323	0x2371AB0	null_or_data	0x0	-	-	0x501	-
encoding_tree_2	5324	0x2371AC0	handler_value	-	-	-	0xC6A6C0	0x0
encoding_tree_2	5325	0x2371AD0	key_handler	0x500	5	0	0xD90F90	-
encoding_tree_2	5328	0x2371B00	key_handler	0x300	3	0	0xD32C30	-
encoding_tree_2	5329	0x2371B10	null_or_data	0x0	-	-	0x301	-
encoding_tree_2	5330	0x2371B20	handler_value	-	-	-	0xD33200	0x0
encoding_tree_2	5332	0x2371B40	key_handler	0x1300	19	0	0xD8A470	-
encoding_tree_2	5333	0x2371B50	null_or_data	0x0	-	-	0x1302	-
encoding_tree_2	5334	0x2371B60	handler_value	-	-	-	0xD89C90	0x0
encoding_tree_2	5335	0x2371B70	key_handler	0x1304	19	4	0xD8B2E0	-
encoding_tree_2	5336	0x2371B80	null_or_data	0x0	-	-	0x1306	-
encoding_tree_2	5337	0x2371B90	handler_value	-	-	-	0xD8AB60	0x0
encoding_tree_2	5338	0x2371BA0	key_handler	0x1308	19	8	0xD8B9A0	-
encoding_tree_2	5339	0x2371BB0	null_or_data	0x0	-	-	0x130A	-
encoding_tree_2	5340	0x2371BC0	handler_value	-	-	-	0x14A0ED0	0x0
encoding_tree_2	5341	0x2371BD0	key_handler	0x130B	19	11	0x14A2520	-
encoding_tree_2	5342	0x2371BE0	null_or_data	0x0	-	-	0x130C	-
encoding_tree_2	5343	0x2371BF0	handler_value	-	-	-	0x14A07B0	0x0
encoding_tree_2	5344	0x2371C00	key_handler	0x130D	19	13	0x14A1E60	-
encoding_tree_2	5345	0x2371C10	null_or_data	0x0	-	-	0x130E	-
encoding_tree_2	5346	0x2371C20	handler_value	-	-	-	0x14A1650	0x0
encoding_tree_2	5347	0x2371C30	key_handler	0x130F	19	15	0x14A3450	-
encoding_tree_2	5348	0x2371C40	null_or_data	0x0	-	-	0x1310	-
encoding_tree_2	5349	0x2371C50	handler_value	-	-	-	0x14A2CD0	0x0
encoding_tree_2	5350	0x2371C60	key_handler	0x500	5	0	0xCC1280	-
encoding_tree_2	5351	0x2371C70	null_or_data	0x0	-	-	0x501	-
encoding_tree_2	5352	0x2371C80	handler_value	-	-	-	0xCC0DE0	0x0
encoding_tree_2	5354	0x2371CA0	key_handler	0x500	5	0	0x1739EF0	-
encoding_tree_2	5355	0x2371CB0	null_or_data	0x0	-	-	0x501	-
encoding_tree_2	5356	0x2371CC0	handler_value	-	-	-	0x1739A50	0x0
encoding_tree_2	5357	0x2371CD0	key_handler	0x502	5	2	0x173A390	-
encoding_tree_2	5358	0x2371CE0	null_or_data	0x0	-	-	0x503	-
encoding_tree_2	5359	0x2371CF0	handler_value	-	-	-	0x173AD30	0x0
encoding_tree_2	5360	0x2371D00	key_handler	0x2204	34	4	0x173B200	-
encoding_tree_2	5361	0x2371D10	null_or_data	0x0	-	-	0x2205	-
encoding_tree_2	5362	0x2371D20	handler_value	-	-	-	0x173B780	0x0
encoding_tree_2	5363	0x2371D30	key_handler	0x506	5	6	0x173A860	-
encoding_tree_2	5366	0x2371D60	key_handler	0xB00	11	0	0xE059E0	-
encoding_tree_2	5367	0x2371D70	null_or_data	0x0	-	-	0x501	-
encoding_tree_2	5368	0x2371D80	handler_value	-	-	-	0xE05F00	0x0
encoding_tree_2	5369	0x2371D90	key_handler	0x502	5	2	0xE06470	-
encoding_tree_2	5370	0x2371DA0	null_or_data	0x0	-	-	0x603	-
encoding_tree_2	5371	0x2371DB0	handler_value	-	-	-	0xE04A40	0x0
encoding_tree_2	5372	0x2371DC0	key_handler	0x504	5	4	0xE04F60	-
encoding_tree_2	5373	0x2371DD0	null_or_data	0x0	-	-	0x505	-
encoding_tree_2	5374	0x2371DE0	handler_value	-	-	-	0xE054A0	0x0
encoding_tree_2	5376	0x2371E00	key_handler	0xB00	11	0	0xDF2B00	-
encoding_tree_2	5377	0x2371E10	null_or_data	0x0	-	-	0x501	-
encoding_tree_2	5378	0x2371E20	handler_value	-	-	-	0xDF3020	0x0
encoding_tree_2	5379	0x2371E30	key_handler	0x502	5	2	0xDF3590	-
encoding_tree_2	5380	0x2371E40	null_or_data	0x0	-	-	0x603	-
encoding_tree_2	5381	0x2371E50	handler_value	-	-	-	0xDF1B60	0x0
encoding_tree_2	5382	0x2371E60	key_handler	0x504	5	4	0xDF2080	-
encoding_tree_2	5383	0x2371E70	null_or_data	0x0	-	-	0x505	-
encoding_tree_2	5384	0x2371E80	handler_value	-	-	-	0xDF25C0	0x0
encoding_tree_2	5386	0x2371EA0	key_handler	0xB00	11	0	0xCC2BE0	-
encoding_tree_2	5387	0x2371EB0	null_or_data	0x0	-	-	0x501	-
encoding_tree_2	5388	0x2371EC0	handler_value	-	-	-	0xCC3130	0x0
encoding_tree_2	5389	0x2371ED0	key_handler	0x502	5	2	0xCC36D0	-
encoding_tree_2	5390	0x2371EE0	null_or_data	0x0	-	-	0x603	-
encoding_tree_2	5391	0x2371EF0	handler_value	-	-	-	0xCC1BB0	0x0
encoding_tree_2	5392	0x2371F00	key_handler	0x504	5	4	0xCC2100	-
encoding_tree_2	5393	0x2371F10	null_or_data	0x0	-	-	0x505	-
encoding_tree_2	5394	0x2371F20	handler_value	-	-	-	0xCC2670	0x0
encoding_tree_2	5396	0x2371F40	key_handler	0xB00	11	0	0xDED500	-
encoding_tree_2	5397	0x2371F50	null_or_data	0x0	-	-	0x501	-
encoding_tree_2	5398	0x2371F60	handler_value	-	-	-	0xDEDA50	0x0
encoding_tree_2	5399	0x2371F70	key_handler	0x502	5	2	0xDEDFF0	-
encoding_tree_2	5400	0x2371F80	null_or_data	0x0	-	-	0x603	-
encoding_tree_2	5401	0x2371F90	handler_value	-	-	-	0xDEC4D0	0x0
encoding_tree_2	5402	0x2371FA0	key_handler	0x504	5	4	0xDECA20	-
encoding_tree_2	5403	0x2371FB0	null_or_data	0x0	-	-	0x505	-
encoding_tree_2	5404	0x2371FC0	handler_value	-	-	-	0xDECF90	0x0
encoding_tree_2	5406	0x2371FE0	key_handler	0xB00	11	0	0xD41B80	-
encoding_tree_2	5407	0x2371FF0	null_or_data	0x0	-	-	0x501	-
encoding_tree_2	5408	0x2372000	handler_value	-	-	-	0xD420A0	0x0
encoding_tree_2	5409	0x2372010	key_handler	0x502	5	2	0xD42610	-
encoding_tree_2	5410	0x2372020	null_or_data	0x0	-	-	0x603	-
encoding_tree_2	5411	0x2372030	handler_value	-	-	-	0xD40BE0	0x0
encoding_tree_2	5412	0x2372040	key_handler	0x504	5	4	0xD41100	-
encoding_tree_2	5413	0x2372050	null_or_data	0x0	-	-	0x505	-
encoding_tree_2	5414	0x2372060	handler_value	-	-	-	0xD41640	0x0
encoding_tree_2	5416	0x2372080	key_handler	0xB00	11	0	0xD0DF80	-
encoding_tree_2	5417	0x2372090	null_or_data	0x0	-	-	0x501	-
encoding_tree_2	5418	0x23720A0	handler_value	-	-	-	0xD0E4A0	0x0
encoding_tree_2	5419	0x23720B0	key_handler	0x502	5	2	0xD0EA10	-
encoding_tree_2	5420	0x23720C0	null_or_data	0x0	-	-	0x603	-
encoding_tree_2	5421	0x23720D0	handler_value	-	-	-	0xD0CFE0	0x0
encoding_tree_2	5422	0x23720E0	key_handler	0x504	5	4	0xD0D500	-
encoding_tree_2	5423	0x23720F0	null_or_data	0x0	-	-	0x505	-
encoding_tree_2	5424	0x2372100	handler_value	-	-	-	0xD0DA40	0x0
encoding_tree_2	5425	0x2372110	key_handler	0xD06	13	6	0x1C05C40	-
encoding_tree_2	5426	0x2372120	null_or_data	0x0	-	-	0x507	-
encoding_tree_2	5427	0x2372130	handler_value	-	-	-	0x1C051C0	0x0
encoding_tree_2	5428	0x2372140	key_handler	0x508	5	8	0x1C05700	-
encoding_tree_2	5430	0x2372160	key_handler	0xB00	11	0	0xDC7C70	-
encoding_tree_2	5431	0x2372170	null_or_data	0x0	-	-	0x501	-
encoding_tree_2	5432	0x2372180	handler_value	-	-	-	0xDC8190	0x0
encoding_tree_2	5433	0x2372190	key_handler	0x502	5	2	0xDC8700	-
encoding_tree_2	5434	0x23721A0	null_or_data	0x0	-	-	0x603	-
encoding_tree_2	5435	0x23721B0	handler_value	-	-	-	0xDC5D20	0x0
encoding_tree_2	5436	0x23721C0	key_handler	0x504	5	4	0xDC6770	-
encoding_tree_2	5437	0x23721D0	null_or_data	0x0	-	-	0x505	-
encoding_tree_2	5438	0x23721E0	handler_value	-	-	-	0xDC71F0	0x0
encoding_tree_2	5439	0x23721F0	key_handler	0x706	7	6	0xDC6240	-
encoding_tree_2	5440	0x2372200	null_or_data	0x0	-	-	0x507	-
encoding_tree_2	5441	0x2372210	handler_value	-	-	-	0xDC6CB0	0x0
encoding_tree_2	5442	0x2372220	key_handler	0x508	5	8	0xDC7730	-
encoding_tree_2	5444	0x2372240	key_handler	0xB00	11	0	0xDB8490	-
encoding_tree_2	5445	0x2372250	null_or_data	0x0	-	-	0x501	-
encoding_tree_2	5446	0x2372260	handler_value	-	-	-	0xDB89B0	0x0
encoding_tree_2	5447	0x2372270	key_handler	0x502	5	2	0xDB8F20	-
encoding_tree_2	5448	0x2372280	null_or_data	0x0	-	-	0x603	-
encoding_tree_2	5449	0x2372290	handler_value	-	-	-	0xDB6540	0x0
encoding_tree_2	5450	0x23722A0	key_handler	0x504	5	4	0xDB6F90	-
encoding_tree_2	5451	0x23722B0	null_or_data	0x0	-	-	0x505	-
encoding_tree_2	5452	0x23722C0	handler_value	-	-	-	0xDB7A10	0x0
encoding_tree_2	5453	0x23722D0	key_handler	0x706	7	6	0xDB6A60	-
encoding_tree_2	5454	0x23722E0	null_or_data	0x0	-	-	0x507	-
encoding_tree_2	5455	0x23722F0	handler_value	-	-	-	0xDB74D0	0x0
encoding_tree_2	5456	0x2372300	key_handler	0x508	5	8	0xDB7F50	-
encoding_tree_2	5458	0x2372320	key_handler	0x300	3	0	0xC92210	-
encoding_tree_2	5459	0x2372330	null_or_data	0x0	-	-	0x301	-
encoding_tree_2	5460	0x2372340	handler_value	-	-	-	0xC8CDD0	0x0
encoding_tree_2	5461	0x2372350	key_handler	0x302	3	2	0xC8D3D0	-
encoding_tree_2	5462	0x2372360	null_or_data	0x0	-	-	0x303	-
encoding_tree_2	5463	0x2372370	handler_value	-	-	-	0xC92800	0x0
encoding_tree_2	5464	0x2372380	key_handler	0x304	3	4	0xC8DA00	-
encoding_tree_2	5465	0x2372390	null_or_data	0x0	-	-	0x1905	-
encoding_tree_2	5466	0x23723A0	handler_value	-	-	-	0xC8E030	0x0
encoding_tree_2	5467	0x23723B0	key_handler	0x306	3	6	0xC90A40	-
encoding_tree_2	5468	0x23723C0	null_or_data	0x0	-	-	0x307	-
encoding_tree_2	5469	0x23723D0	handler_value	-	-	-	0xC91610	0x0
encoding_tree_2	5470	0x23723E0	key_handler	0x308	3	8	0xC91020	-
encoding_tree_2	5471	0x23723F0	null_or_data	0x0	-	-	0x1909	-
encoding_tree_2	5472	0x2372400	handler_value	-	-	-	0xC91C00	0x0
encoding_tree_2	5473	0x2372410	key_handler	0x30A	3	10	0xC8A320	-
encoding_tree_2	5474	0x2372420	null_or_data	0x0	-	-	0x30B	-
encoding_tree_2	5475	0x2372430	handler_value	-	-	-	0xC8BB80	0x0
encoding_tree_2	5476	0x2372440	key_handler	0x30C	3	12	0xC8AF40	-
encoding_tree_2	5477	0x2372450	null_or_data	0x0	-	-	0x190D	-
encoding_tree_2	5478	0x2372460	handler_value	-	-	-	0xC8A900	0x0
encoding_tree_2	5479	0x2372470	key_handler	0x190E	25	14	0xC8C170	-
encoding_tree_2	5480	0x2372480	null_or_data	0x0	-	-	0x190F	-
encoding_tree_2	5481	0x2372490	handler_value	-	-	-	0xC8B530	0x0
encoding_tree_2	5482	0x23724A0	key_handler	0x1910	25	16	0xC8C7C0	-
encoding_tree_2	5483	0x23724B0	null_or_data	0x0	-	-	0x1911	-
encoding_tree_2	5484	0x23724C0	handler_value	-	-	-	0xC9C380	0x0
encoding_tree_2	5485	0x23724D0	key_handler	0x1912	25	18	0xC985B0	-
encoding_tree_2	5486	0x23724E0	null_or_data	0x0	-	-	0x1913	-
encoding_tree_2	5487	0x23724F0	handler_value	-	-	-	0xC98C00	0x0
encoding_tree_2	5488	0x2372500	key_handler	0x1914	25	20	0xC9AB00	-
encoding_tree_2	5489	0x2372510	null_or_data	0x0	-	-	0x1915	-
encoding_tree_2	5490	0x2372520	handler_value	-	-	-	0xC9B720	0x0
encoding_tree_2	5491	0x2372530	key_handler	0x1916	25	22	0xC9B100	-
encoding_tree_2	5492	0x2372540	null_or_data	0x0	-	-	0x1917	-
encoding_tree_2	5493	0x2372550	handler_value	-	-	-	0xC9BD40	0x0
encoding_tree_2	5494	0x2372560	key_handler	0x1918	25	24	0xC959F0	-
encoding_tree_2	5495	0x2372570	null_or_data	0x0	-	-	0x1919	-
encoding_tree_2	5496	0x2372580	handler_value	-	-	-	0xC972E0	0x0
encoding_tree_2	5497	0x2372590	key_handler	0x191A	25	26	0xC96650	-
encoding_tree_2	5498	0x23725A0	null_or_data	0x0	-	-	0x191B	-
encoding_tree_2	5499	0x23725B0	handler_value	-	-	-	0xC95FF0	0x0
encoding_tree_2	5500	0x23725C0	key_handler	0x191C	25	28	0xC97900	-
encoding_tree_2	5501	0x23725D0	null_or_data	0x0	-	-	0x191D	-
encoding_tree_2	5502	0x23725E0	handler_value	-	-	-	0xC96C70	0x0
encoding_tree_2	5503	0x23725F0	key_handler	0x191E	25	30	0xC97F70	-
encoding_tree_2	5504	0x2372600	null_or_data	0x0	-	-	0x191F	-
encoding_tree_2	5505	0x2372610	handler_value	-	-	-	0xC99280	0x0
encoding_tree_2	5506	0x2372620	key_handler	0x1920	25	32	0xC99EA0	-
encoding_tree_2	5507	0x2372630	null_or_data	0x0	-	-	0x1921	-
encoding_tree_2	5508	0x2372640	handler_value	-	-	-	0xC99880	0x0
encoding_tree_2	5509	0x2372650	key_handler	0x1922	25	34	0xC9A4C0	-
encoding_tree_2	5510	0x2372660	null_or_data	0x0	-	-	0x1923	-
encoding_tree_2	5511	0x2372670	handler_value	-	-	-	0xC92E30	0x0
encoding_tree_2	5512	0x2372680	key_handler	0x1924	25	36	0xC94720	-
encoding_tree_2	5513	0x2372690	null_or_data	0x0	-	-	0x1925	-
encoding_tree_2	5514	0x23726A0	handler_value	-	-	-	0xC93A90	0x0
encoding_tree_2	5515	0x23726B0	key_handler	0x1926	25	38	0xC93430	-
encoding_tree_2	5516	0x23726C0	null_or_data	0x0	-	-	0x1927	-
encoding_tree_2	5517	0x23726D0	handler_value	-	-	-	0xC94D40	0x0
encoding_tree_2	5518	0x23726E0	key_handler	0x1928	25	40	0xC940B0	-
encoding_tree_2	5519	0x23726F0	null_or_data	0x0	-	-	0x1929	-
encoding_tree_2	5520	0x2372700	handler_value	-	-	-	0xC953B0	0x0
encoding_tree_2	5521	0x2372710	key_handler	0x32A	3	42	0xC8E6B0	-
encoding_tree_2	5522	0x2372720	null_or_data	0x0	-	-	0x32B	-
encoding_tree_2	5523	0x2372730	handler_value	-	-	-	0xC8F280	0x0
encoding_tree_2	5524	0x2372740	key_handler	0x32C	3	44	0xC8EC90	-
encoding_tree_2	5525	0x2372750	null_or_data	0x0	-	-	0x192D	-
encoding_tree_2	5526	0x2372760	handler_value	-	-	-	0xC8F870	0x0
encoding_tree_2	5527	0x2372770	key_handler	0x32E	3	46	0xC86030	-
encoding_tree_2	5528	0x2372780	null_or_data	0x0	-	-	0x32F	-
encoding_tree_2	5529	0x2372790	handler_value	-	-	-	0xC86C00	0x0
encoding_tree_2	5530	0x23727A0	key_handler	0x330	3	48	0xC86610	-
encoding_tree_2	5531	0x23727B0	null_or_data	0x0	-	-	0x1931	-
encoding_tree_2	5532	0x23727C0	handler_value	-	-	-	0xC87DB0	0x0
encoding_tree_2	5533	0x23727D0	key_handler	0x1932	25	50	0xC88A40	-
encoding_tree_2	5534	0x23727E0	null_or_data	0x0	-	-	0x1933	-
encoding_tree_2	5535	0x23727F0	handler_value	-	-	-	0xC883F0	0x0
encoding_tree_2	5536	0x2372800	key_handler	0x1934	25	52	0xC89D10	-
encoding_tree_2	5537	0x2372810	null_or_data	0x0	-	-	0x335	-
encoding_tree_2	5538	0x2372820	handler_value	-	-	-	0xC90460	0x0
encoding_tree_2	5539	0x2372830	key_handler	0x336	3	54	0xC8FE80	-
encoding_tree_2	5540	0x2372840	null_or_data	0x0	-	-	0x337	-
encoding_tree_2	5541	0x2372850	handler_value	-	-	-	0xC877D0	0x0
encoding_tree_2	5542	0x2372860	key_handler	0x338	3	56	0xC871F0	-
encoding_tree_2	5543	0x2372870	null_or_data	0x0	-	-	0x1939	-
encoding_tree_2	5544	0x2372880	handler_value	-	-	-	0xC896D0	0x0
encoding_tree_2	5545	0x2372890	key_handler	0x193A	25	58	0xC89090	-
encoding_tree_2	5546	0x23728A0	null_or_data	0x0	-	-	0x193B	-
encoding_tree_2	5547	0x23728B0	handler_value	-	-	-	0xC9E120	0x0
encoding_tree_2	5548	0x23728C0	key_handler	0x33C	3	60	0xC9CF80	-
encoding_tree_2	5549	0x23728D0	null_or_data	0x0	-	-	0x193D	-
encoding_tree_2	5550	0x23728E0	handler_value	-	-	-	0x1737D00	0x0
encoding_tree_2	5551	0x23728F0	key_handler	0x193E	25	62	0xC9E750	-
encoding_tree_2	5552	0x2372900	null_or_data	0x0	-	-	0x33F	-
encoding_tree_2	5553	0x2372910	handler_value	-	-	-	0x1737710	0x0
encoding_tree_2	5554	0x2372920	key_handler	0x340	3	64	0xC9D540	-
encoding_tree_2	5555	0x2372930	null_or_data	0x0	-	-	0x1941	-
encoding_tree_2	5556	0x2372940	handler_value	-	-	-	0xC9DB30	0x0
encoding_tree_2	5557	0x2372950	key_handler	0x1942	25	66	0xC9F960	-
encoding_tree_2	5558	0x2372960	null_or_data	0x0	-	-	0x343	-
encoding_tree_2	5559	0x2372970	handler_value	-	-	-	0xC9C9D0	0x0
encoding_tree_2	5560	0x2372980	key_handler	0x344	3	68	0xC9EDB0	-
encoding_tree_2	5561	0x2372990	null_or_data	0x0	-	-	0x1945	-
encoding_tree_2	5562	0x23729A0	handler_value	-	-	-	0xC9FF90	0x0
encoding_tree_2	5563	0x23729B0	key_handler	0x346	3	70	0xC9F390	-
encoding_tree_2	5566	0x23729E0	key_handler	0x1900	25	0	0x176B090	-
encoding_tree_2	5567	0x23729F0	null_or_data	0x0	-	-	0x1901	-
encoding_tree_2	5568	0x2372A00	handler_value	-	-	-	0x176B700	0x0
encoding_tree_2	5569	0x2372A10	key_handler	0x1902	25	2	0xDB9AC0	-
encoding_tree_2	5570	0x2372A20	null_or_data	0x0	-	-	0x1903	-
encoding_tree_2	5571	0x2372A30	handler_value	-	-	-	0xDB9490	0x0
encoding_tree_2	5572	0x2372A40	key_handler	0x1904	25	4	0xDBD210	-
encoding_tree_2	5573	0x2372A50	null_or_data	0x0	-	-	0x1905	-
encoding_tree_2	5574	0x2372A60	handler_value	-	-	-	0xDBEA50	0x0
encoding_tree_2	5575	0x2372A70	key_handler	0x1906	25	6	0xDBDE20	-
encoding_tree_2	5576	0x2372A80	null_or_data	0x0	-	-	0x1907	-
encoding_tree_2	5577	0x2372A90	handler_value	-	-	-	0xDBF090	0x0
encoding_tree_2	5578	0x2372AA0	key_handler	0x1908	25	8	0xDC20D0	-
encoding_tree_2	5579	0x2372AB0	null_or_data	0x0	-	-	0x1909	-
encoding_tree_2	5580	0x2372AC0	handler_value	-	-	-	0xDC0F30	0x0
encoding_tree_2	5581	0x2372AD0	key_handler	0x190A	25	10	0xDC1AE0	-
encoding_tree_2	5582	0x2372AE0	null_or_data	0x0	-	-	0x190B	-
encoding_tree_2	5583	0x2372AF0	handler_value	-	-	-	0xDC14F0	0x0
encoding_tree_2	5584	0x2372B00	key_handler	0x190C	25	12	0xDBCC50	-
encoding_tree_2	5585	0x2372B10	null_or_data	0x0	-	-	0x190D	-
encoding_tree_2	5586	0x2372B20	handler_value	-	-	-	0xDBE460	0x0
encoding_tree_2	5587	0x2372B30	key_handler	0x190E	25	14	0xDBD830	-
encoding_tree_2	5588	0x2372B40	null_or_data	0x0	-	-	0x190F	-
encoding_tree_2	5589	0x2372B50	handler_value	-	-	-	0xDBB360	0x0
encoding_tree_2	5590	0x2372B60	key_handler	0x1910	25	16	0xDBBFC0	-
encoding_tree_2	5591	0x2372B70	null_or_data	0x0	-	-	0x1911	-
encoding_tree_2	5592	0x2372B80	handler_value	-	-	-	0xDBB980	0x0
encoding_tree_2	5593	0x2372B90	key_handler	0x1912	25	18	0xDBC600	-
encoding_tree_2	5594	0x2372BA0	null_or_data	0x0	-	-	0x1913	-
encoding_tree_2	5595	0x2372BB0	handler_value	-	-	-	0xDC08E0	0x0
encoding_tree_2	5596	0x2372BC0	key_handler	0x1914	25	20	0xDBF6A0	-
encoding_tree_2	5597	0x2372BD0	null_or_data	0x0	-	-	0x1915	-
encoding_tree_2	5598	0x2372BE0	handler_value	-	-	-	0xDC02C0	0x0
encoding_tree_2	5599	0x2372BF0	key_handler	0x1916	25	22	0xDBFCA0	-
encoding_tree_2	5600	0x2372C00	null_or_data	0x0	-	-	0x1917	-
encoding_tree_2	5601	0x2372C10	handler_value	-	-	-	0xDBA120	0x0
encoding_tree_2	5602	0x2372C20	key_handler	0x1918	25	24	0xDBAD40	-
encoding_tree_2	5603	0x2372C30	null_or_data	0x0	-	-	0x1919	-
encoding_tree_2	5604	0x2372C40	handler_value	-	-	-	0xDBA720	0x0
encoding_tree_2	5606	0x2372C60	key_handler	0x500	5	0	0xE0C3D0	-
encoding_tree_2	5607	0x2372C70	null_or_data	0x0	-	-	0x501	-
encoding_tree_2	5608	0x2372C80	handler_value	-	-	-	0xE0C8F0	0x0
encoding_tree_2	5609	0x2372C90	key_handler	0x306	3	6	0xE0D3F0	-
encoding_tree_2	5610	0x2372CA0	null_or_data	0x0	-	-	0x307	-
encoding_tree_2	5611	0x2372CB0	handler_value	-	-	-	0xE0CE10	0x0
encoding_tree_2	5612	0x2372CC0	key_handler	0xA00	10	0	0xDE41B0	-
encoding_tree_2	5613	0x2372CD0	null_or_data	0x0	-	-	0x1201	-
encoding_tree_2	5614	0x2372CE0	handler_value	-	-	-	0xDE4C40	0x0
encoding_tree_2	5615	0x2372CF0	key_handler	0xA02	10	2	0xDE46E0	-
encoding_tree_2	5616	0x2372D00	null_or_data	0x0	-	-	0x1203	-
encoding_tree_2	5617	0x2372D10	handler_value	-	-	-	0xDE51D0	0x0
encoding_tree_2	5618	0x2372D20	key_handler	0x30C	3	12	0xDE5D70	-
encoding_tree_2	5619	0x2372D30	null_or_data	0x0	-	-	0x30D	-
encoding_tree_2	5620	0x2372D40	handler_value	-	-	-	0xDE5770	0x0
encoding_tree_2	5621	0x2372D50	key_handler	0x160E	22	14	0xDE7560	-
encoding_tree_2	5622	0x2372D60	null_or_data	0x0	-	-	0x160F	-
encoding_tree_2	5623	0x2372D70	handler_value	-	-	-	0xDE6F20	0x0
encoding_tree_2	5624	0x2372D80	key_handler	0x310	3	16	0xDE6930	-
encoding_tree_2	5625	0x2372D90	null_or_data	0x0	-	-	0x311	-
encoding_tree_2	5626	0x2372DA0	handler_value	-	-	-	0xDE6340	0x0
encoding_tree_2	5627	0x2372DB0	key_handler	0x1612	22	18	0xDE8200	-
encoding_tree_2	5628	0x2372DC0	null_or_data	0x0	-	-	0x1613	-
encoding_tree_2	5629	0x2372DD0	handler_value	-	-	-	0xDE7B90	0x0
encoding_tree_2	5630	0x2372DE0	key_handler	0x500	5	0	0xD601B0	-
encoding_tree_2	5631	0x2372DF0	null_or_data	0x0	-	-	0x303	-
encoding_tree_2	5632	0x2372E00	handler_value	-	-	-	0xD61830	0x0
encoding_tree_2	5633	0x2372E10	key_handler	0x304	3	4	0xD61240	-
encoding_tree_2	5634	0x2372E20	null_or_data	0x0	-	-	0x505	-
encoding_tree_2	5635	0x2372E30	handler_value	-	-	-	0xD5FCB0	0x0
encoding_tree_2	5636	0x2372E40	key_handler	0x308	3	8	0xD60C90	-
encoding_tree_2	5637	0x2372E50	null_or_data	0x0	-	-	0x309	-
encoding_tree_2	5638	0x2372E60	handler_value	-	-	-	0xD606C0	0x0
encoding_tree_2	5640	0x2372E80	key_handler	0x500	5	0	0xD11850	-
encoding_tree_2	5641	0x2372E90	null_or_data	0x0	-	-	0x501	-
encoding_tree_2	5642	0x2372EA0	handler_value	-	-	-	0xD14990	0x0
encoding_tree_2	5643	0x2372EB0	key_handler	0x502	5	2	0xD10A10	-
encoding_tree_2	5644	0x2372EC0	null_or_data	0x0	-	-	0x503	-
encoding_tree_2	5645	0x2372ED0	handler_value	-	-	-	0xD10540	0x0
encoding_tree_2	5646	0x2372EE0	key_handler	0x504	5	4	0xD10EB0	-
encoding_tree_2	5647	0x2372EF0	null_or_data	0x0	-	-	0x505	-
encoding_tree_2	5648	0x2372F00	handler_value	-	-	-	0xD11380	0x0
encoding_tree_2	5649	0x2372F10	key_handler	0x506	5	6	0xD14020	-
encoding_tree_2	5650	0x2372F20	null_or_data	0x0	-	-	0x507	-
encoding_tree_2	5651	0x2372F30	handler_value	-	-	-	0xD11CF0	0x0
encoding_tree_2	5652	0x2372F40	key_handler	0x508	5	8	0xD144F0	-
encoding_tree_2	5653	0x2372F50	null_or_data	0x0	-	-	0x509	-
encoding_tree_2	5654	0x2372F60	handler_value	-	-	-	0xD13620	0x0
encoding_tree_2	5655	0x2372F70	key_handler	0xB0A	11	10	0xD12690	-
encoding_tree_2	5656	0x2372F80	null_or_data	0x0	-	-	0x50B	-
encoding_tree_2	5657	0x2372F90	handler_value	-	-	-	0xD12190	0x0
encoding_tree_2	5658	0x2372FA0	key_handler	0x50C	5	12	0xD13150	-
encoding_tree_2	5659	0x2372FB0	null_or_data	0x0	-	-	0x50D	-
encoding_tree_2	5660	0x2372FC0	handler_value	-	-	-	0xD13AF0	0x0
encoding_tree_2	5661	0x2372FD0	key_handler	0x50E	5	14	0xD12C20	-
encoding_tree_2	5663	0x2372FF0	key_handler	0x300	3	0	0x1761ED0	-
encoding_tree_2	5666	0x2373020	key_handler	0x500	5	0	0xCAF0A0	-
encoding_tree_2	5667	0x2373030	null_or_data	0x0	-	-	0x1E02	-
encoding_tree_2	5668	0x2373040	handler_value	-	-	-	0xCAF5A0	0x0
encoding_tree_2	5669	0x2373050	key_handler	0x503	5	3	0xCAFB30	-
encoding_tree_2	5670	0x2373060	null_or_data	0x0	-	-	0x1E05	-
encoding_tree_2	5671	0x2373070	handler_value	-	-	-	0xCB0030	0x0
encoding_tree_2	5672	0x2373080	key_handler	0x506	5	6	0xCA2990	-
encoding_tree_2	5673	0x2373090	null_or_data	0x0	-	-	0xB07	-
encoding_tree_2	5674	0x23730A0	handler_value	-	-	-	0xCA19C0	0x0
encoding_tree_2	5675	0x23730B0	key_handler	0x508	5	8	0xCA1F10	-
encoding_tree_2	5676	0x23730C0	null_or_data	0x0	-	-	0xB09	-
encoding_tree_2	5677	0x23730D0	handler_value	-	-	-	0xCA2430	0x0
encoding_tree_2	5678	0x23730E0	key_handler	0x30E	3	14	0xCA3410	-
encoding_tree_2	5679	0x23730F0	null_or_data	0x0	-	-	0x160F	-
encoding_tree_2	5680	0x2373100	handler_value	-	-	-	0xCA3FA0	0x0
encoding_tree_2	5681	0x2373110	key_handler	0x310	3	16	0xCA4B50	-
encoding_tree_2	5682	0x2373120	null_or_data	0x0	-	-	0x1611	-
encoding_tree_2	5683	0x2373130	handler_value	-	-	-	0xCA5700	0x0
encoding_tree_2	5684	0x2373140	key_handler	0x212	2	18	0xCA6F50	-
encoding_tree_2	5685	0x2373150	null_or_data	0x0	-	-	0x1213	-
encoding_tree_2	5686	0x2373160	handler_value	-	-	-	0xCA8820	0x0
encoding_tree_2	5687	0x2373170	key_handler	0x214	2	20	0xCAA090	-
encoding_tree_2	5688	0x2373180	null_or_data	0x0	-	-	0x1215	-
encoding_tree_2	5689	0x2373190	handler_value	-	-	-	0xCAB9D0	0x0
encoding_tree_2	5690	0x23731A0	key_handler	0x31A	3	26	0xCA6360	-
encoding_tree_2	5691	0x23731B0	null_or_data	0x0	-	-	0x161B	-
encoding_tree_2	5692	0x23731C0	handler_value	-	-	-	0xCA7B80	0x0
encoding_tree_2	5693	0x23731D0	key_handler	0x31C	3	28	0xCA9480	-
encoding_tree_2	5694	0x23731E0	null_or_data	0x0	-	-	0x161D	-
encoding_tree_2	5695	0x23731F0	handler_value	-	-	-	0xCAAD00	0x0
encoding_tree_2	5696	0x2373200	key_handler	0x21E	2	30	0xCA69A0	-
encoding_tree_2	5697	0x2373210	null_or_data	0x0	-	-	0x121F	-
encoding_tree_2	5698	0x2373220	handler_value	-	-	-	0xCA8220	0x0
encoding_tree_2	5699	0x2373230	key_handler	0x220	2	32	0xCA9AE0	-
encoding_tree_2	5700	0x2373240	null_or_data	0x0	-	-	0x1221	-
encoding_tree_2	5701	0x2373250	handler_value	-	-	-	0xCAB3B0	0x0
encoding_tree_2	5702	0x2373260	key_handler	0x326	3	38	0xCA5D10	-
encoding_tree_2	5703	0x2373270	null_or_data	0x0	-	-	0x1627	-
encoding_tree_2	5704	0x2373280	handler_value	-	-	-	0xCA74E0	0x0
encoding_tree_2	5705	0x2373290	key_handler	0x328	3	40	0xCA8E20	-
encoding_tree_2	5706	0x23732A0	null_or_data	0x0	-	-	0x1629	-
encoding_tree_2	5707	0x23732B0	handler_value	-	-	-	0xCAA640	0x0
encoding_tree_2	5708	0x23732C0	key_handler	0x52A	5	42	0xCA14F0	-
encoding_tree_2	5709	0x23732D0	null_or_data	0x0	-	-	0xB2B	-
encoding_tree_2	5710	0x23732E0	handler_value	-	-	-	0xCA05B0	0x0
encoding_tree_2	5711	0x23732F0	key_handler	0x52C	5	44	0xCA0AD0	-
encoding_tree_2	5712	0x2373300	null_or_data	0x0	-	-	0xB2D	-
encoding_tree_2	5713	0x2373310	handler_value	-	-	-	0xCA0FC0	0x0
encoding_tree_2	5714	0x2373320	key_handler	0x332	3	50	0xCA2E90	-
encoding_tree_2	5715	0x2373330	null_or_data	0x0	-	-	0x1633	-
encoding_tree_2	5716	0x2373340	handler_value	-	-	-	0xCA39C0	0x0
encoding_tree_2	5717	0x2373350	key_handler	0x334	3	52	0xCA45B0	-
encoding_tree_2	5718	0x2373360	null_or_data	0x0	-	-	0x1635	-
encoding_tree_2	5719	0x2373370	handler_value	-	-	-	0xCA5120	0x0
encoding_tree_2	5720	0x2373380	key_handler	0x536	5	54	0xCABFE0	-
encoding_tree_2	5721	0x2373390	null_or_data	0x0	-	-	0x537	-
encoding_tree_2	5722	0x23733A0	handler_value	-	-	-	0xCADFD0	0x0
encoding_tree_2	5723	0x23733B0	key_handler	0x538	5	56	0xCADA30	-
encoding_tree_2	5724	0x23733C0	null_or_data	0x0	-	-	0x639	-
encoding_tree_2	5725	0x23733D0	handler_value	-	-	-	0xCAEAF0	0x0
encoding_tree_2	5726	0x23733E0	key_handler	0x33A	3	58	0xCAE510	-
encoding_tree_2	5727	0x23733F0	null_or_data	0x0	-	-	0x53B	-
encoding_tree_2	5728	0x2373400	handler_value	-	-	-	0xCAC480	0x0
encoding_tree_2	5729	0x2373410	key_handler	0x53C	5	60	0xCAD4C0	-
encoding_tree_2	5730	0x2373420	null_or_data	0x0	-	-	0x63D	-
encoding_tree_2	5731	0x2373430	handler_value	-	-	-	0xCACF40	0x0
encoding_tree_2	5732	0x2373440	key_handler	0x33E	3	62	0xCAC990	-
encoding_tree_2	5734	0x2373460	key_handler	0x500	5	0	0xE0A490	-
encoding_tree_2	5736	0x2373480	key_handler	0xA00	10	0	0xDC8C70	-
encoding_tree_2	5737	0x2373490	null_or_data	0x0	-	-	0x301	-
encoding_tree_2	5738	0x23734A0	handler_value	-	-	-	0xDC96C0	0x0
encoding_tree_2	5739	0x23734B0	key_handler	0xA02	10	2	0xDCA120	-
encoding_tree_2	5740	0x23734C0	null_or_data	0x0	-	-	0x303	-
encoding_tree_2	5741	0x23734D0	handler_value	-	-	-	0xDC9170	0x0
encoding_tree_2	5742	0x23734E0	key_handler	0xA04	10	4	0xDC9C20	-
encoding_tree_2	5744	0x2373500	key_handler	0x1E00	30	0	0x17850C0	-
encoding_tree_2	5745	0x2373510	null_or_data	0x0	-	-	0x501	-
encoding_tree_2	5746	0x2373520	handler_value	-	-	-	0x1784BD0	0x0
encoding_tree_2	5748	0x2373540	key_handler	0x200	2	0	0xC7C710	-
encoding_tree_2	5749	0x2373550	null_or_data	0x0	-	-	0x301	-
encoding_tree_2	5750	0x2373560	handler_value	-	-	-	0xC7D190	0x0
encoding_tree_2	5751	0x2373570	key_handler	0x202	2	2	0xC7D740	-
encoding_tree_2	5752	0x2373580	null_or_data	0x0	-	-	0x303	-
encoding_tree_2	5753	0x2373590	handler_value	-	-	-	0xC7C1A0	0x0
encoding_tree_2	5754	0x23735A0	key_handler	0x204	2	4	0xC7CC50	-
encoding_tree_2	5756	0x23735C0	key_handler	0x200	2	0	0xC7AC30	-
encoding_tree_2	5757	0x23735D0	null_or_data	0x0	-	-	0x301	-
encoding_tree_2	5758	0x23735E0	handler_value	-	-	-	0xC7B6B0	0x0
encoding_tree_2	5759	0x23735F0	key_handler	0x202	2	2	0xC7BC60	-
encoding_tree_2	5760	0x2373600	null_or_data	0x0	-	-	0x303	-
encoding_tree_2	5761	0x2373610	handler_value	-	-	-	0xC7A6C0	0x0
encoding_tree_2	5762	0x2373620	key_handler	0x204	2	4	0xC7B170	-
encoding_tree_2	5764	0x2373640	key_handler	0x2300	35	0	0xD84690	-
encoding_tree_2	5765	0x2373650	null_or_data	0x0	-	-	0x1301	-
encoding_tree_2	5766	0x2373660	handler_value	-	-	-	0xD83F40	0x0
encoding_tree_2	5767	0x2373670	key_handler	0x1302	19	2	0xD84DF0	-
encoding_tree_2	5768	0x2373680	null_or_data	0x0	-	-	0x203	-
encoding_tree_2	5769	0x2373690	handler_value	-	-	-	0xD85540	0x0
encoding_tree_2	5770	0x23736A0	key_handler	0x304	3	4	0xD85A50	-
encoding_tree_2	5771	0x23736B0	null_or_data	0x0	-	-	0x205	-
encoding_tree_2	5772	0x23736C0	handler_value	-	-	-	0xD85FC0	0x0
encoding_tree_2	5773	0x23736D0	key_handler	0x306	3	6	0x1762440	-
encoding_tree_2	5774	0x23736E0	null_or_data	0x0	-	-	0xA07	-
encoding_tree_2	5775	0x23736F0	handler_value	-	-	-	0x1763150	0x0
encoding_tree_2	5776	0x2373700	key_handler	0xA08	10	8	0x1762AC0	-
encoding_tree_2	5778	0x2373720	key_handler	0xA00	10	0	0xE09040	-
encoding_tree_2	5780	0x2373740	key_handler	0x1300	19	0	0xE089A0	-
encoding_tree_2	5782	0x2373760	key_handler	0xA00	10	0	0xE07D10	-
encoding_tree_2	5783	0x2373770	null_or_data	0x0	-	-	0xA01	-
encoding_tree_2	5784	0x2373780	handler_value	-	-	-	0xE08370	0x0
encoding_tree_2	5786	0x23737A0	key_handler	0x500	5	0	0xE04410	-
encoding_tree_2	5787	0x23737B0	null_or_data	0x0	-	-	0x1301	-
encoding_tree_2	5788	0x23737C0	handler_value	-	-	-	0xE03DD0	0x0
encoding_tree_2	5790	0x23737E0	key_handler	0x1300	19	0	0xE03170	-
encoding_tree_2	5791	0x23737F0	null_or_data	0x0	-	-	0x1301	-
encoding_tree_2	5792	0x2373800	handler_value	-	-	-	0xE037A0	0x0
encoding_tree_2	5794	0x2373820	key_handler	0x2300	35	0	0xD691F0	-
encoding_tree_2	5795	0x2373830	null_or_data	0x0	-	-	0x1301	-
encoding_tree_2	5796	0x2373840	handler_value	-	-	-	0xD68AA0	0x0
encoding_tree_2	5797	0x2373850	key_handler	0x1302	19	2	0xD69950	-
encoding_tree_2	5798	0x2373860	null_or_data	0x0	-	-	0x203	-
encoding_tree_2	5799	0x2373870	handler_value	-	-	-	0xD6A0A0	0x0
encoding_tree_2	5800	0x2373880	key_handler	0x304	3	4	0xD6A5B0	-
encoding_tree_2	5801	0x2373890	null_or_data	0x0	-	-	0x205	-
encoding_tree_2	5802	0x23738A0	handler_value	-	-	-	0xD6AB20	0x0
encoding_tree_2	5803	0x23738B0	key_handler	0x306	3	6	0x1760080	-
encoding_tree_2	5804	0x23738C0	null_or_data	0x0	-	-	0xA07	-
encoding_tree_2	5805	0x23738D0	handler_value	-	-	-	0x1760D90	0x0
encoding_tree_2	5806	0x23738E0	key_handler	0xA08	10	8	0x1760700	-
encoding_tree_2	5808	0x2373900	key_handler	0x1300	19	0	0xE02B20	-
encoding_tree_2	5810	0x2373920	key_handler	0x500	5	0	0xD5CEA0	-
encoding_tree_2	5811	0x2373930	null_or_data	0x0	-	-	0x501	-
encoding_tree_2	5812	0x2373940	handler_value	-	-	-	0xD5E360	0x0
encoding_tree_2	5813	0x2373950	key_handler	0x502	5	2	0xD5C440	-
encoding_tree_2	5814	0x2373960	null_or_data	0x0	-	-	0x503	-
encoding_tree_2	5815	0x2373970	handler_value	-	-	-	0xD5D900	0x0
encoding_tree_2	5816	0x2373980	key_handler	0x504	5	4	0xD5ED90	-
encoding_tree_2	5817	0x2373990	null_or_data	0x0	-	-	0x505	-
encoding_tree_2	5818	0x23739A0	handler_value	-	-	-	0xD5F7A0	0x0
encoding_tree_2	5819	0x23739B0	key_handler	0x506	5	6	0xD5E890	-
encoding_tree_2	5820	0x23739C0	null_or_data	0x0	-	-	0x507	-
encoding_tree_2	5821	0x23739D0	handler_value	-	-	-	0xD5F290	0x0
encoding_tree_2	5822	0x23739E0	key_handler	0x508	5	8	0xD5C970	-
encoding_tree_2	5823	0x23739F0	null_or_data	0x0	-	-	0x509	-
encoding_tree_2	5824	0x2373A00	handler_value	-	-	-	0xD5DE30	0x0
encoding_tree_2	5825	0x2373A10	key_handler	0x50A	5	10	0xD5BF10	-
encoding_tree_2	5826	0x2373A20	null_or_data	0x0	-	-	0x50B	-
encoding_tree_2	5827	0x2373A30	handler_value	-	-	-	0xD5D3D0	0x0
encoding_tree_2	5828	0x2373A40	key_handler	0x1900	25	0	0x1770520	-
encoding_tree_2	5829	0x2373A50	null_or_data	0x0	-	-	0x1901	-
encoding_tree_2	5830	0x2373A60	handler_value	-	-	-	0x1770B90	0x0
encoding_tree_2	5831	0x2373A70	key_handler	0x302	3	2	0xDF91B0	-
encoding_tree_2	5832	0x2373A80	null_or_data	0x0	-	-	0x303	-
encoding_tree_2	5833	0x2373A90	handler_value	-	-	-	0xDF8BC0	0x0
encoding_tree_2	5834	0x2373AA0	key_handler	0x1904	25	4	0xDF97C0	-
encoding_tree_2	5835	0x2373AB0	null_or_data	0x0	-	-	0x1905	-
encoding_tree_2	5836	0x2373AC0	handler_value	-	-	-	0xDFBB30	0x0
encoding_tree_2	5837	0x2373AD0	key_handler	0x1906	25	6	0xDFA940	-
encoding_tree_2	5838	0x2373AE0	null_or_data	0x0	-	-	0x1907	-
encoding_tree_2	5839	0x2373AF0	handler_value	-	-	-	0xDFCD20	0x0
encoding_tree_2	5840	0x2373B00	key_handler	0x1908	25	8	0xDFE5B0	-
encoding_tree_2	5841	0x2373B10	null_or_data	0x0	-	-	0x1909	-
encoding_tree_2	5842	0x2373B20	handler_value	-	-	-	0xDFD370	0x0
encoding_tree_2	5843	0x2373B30	key_handler	0x190A	25	10	0xDFDF90	-
encoding_tree_2	5844	0x2373B40	null_or_data	0x0	-	-	0x190B	-
encoding_tree_2	5845	0x2373B50	handler_value	-	-	-	0xDFD970	0x0
encoding_tree_2	5846	0x2373B60	key_handler	0x190C	25	12	0xDF9DC0	-
encoding_tree_2	5847	0x2373B70	null_or_data	0x0	-	-	0x190D	-
encoding_tree_2	5848	0x2373B80	handler_value	-	-	-	0xDFC150	0x0
encoding_tree_2	5849	0x2373B90	key_handler	0x190E	25	14	0xDFAF60	-
encoding_tree_2	5850	0x2373BA0	null_or_data	0x0	-	-	0x30F	-
encoding_tree_2	5851	0x2373BB0	handler_value	-	-	-	0xDFF1B0	0x0
encoding_tree_2	5852	0x2373BC0	key_handler	0x310	3	16	0xDFF780	-
encoding_tree_2	5853	0x2373BD0	null_or_data	0x0	-	-	0x311	-
encoding_tree_2	5854	0x2373BE0	handler_value	-	-	-	0xDFEC00	0x0
encoding_tree_2	5855	0x2373BF0	key_handler	0x312	3	18	0xDF3B00	-
encoding_tree_2	5856	0x2373C00	null_or_data	0x0	-	-	0x313	-
encoding_tree_2	5857	0x2373C10	handler_value	-	-	-	0xDF4690	0x0
encoding_tree_2	5858	0x2373C20	key_handler	0x314	3	20	0xDF40B0	-
encoding_tree_2	5859	0x2373C30	null_or_data	0x0	-	-	0x1915	-
encoding_tree_2	5860	0x2373C40	handler_value	-	-	-	0xDF6E10	0x0
encoding_tree_2	5861	0x2373C50	key_handler	0x1916	25	22	0xDF85A0	-
encoding_tree_2	5862	0x2373C60	null_or_data	0x0	-	-	0x317	-
encoding_tree_2	5863	0x2373C70	handler_value	-	-	-	0xDF7430	0x0
encoding_tree_2	5864	0x2373C80	key_handler	0x318	3	24	0xDF7FC0	-
encoding_tree_2	5865	0x2373C90	null_or_data	0x0	-	-	0x319	-
encoding_tree_2	5866	0x2373CA0	handler_value	-	-	-	0xDF79E0	0x0
encoding_tree_2	5867	0x2373CB0	key_handler	0x31A	3	26	0xE007D0	-
encoding_tree_2	5868	0x2373CC0	null_or_data	0x0	-	-	0x191B	-
encoding_tree_2	5869	0x2373CD0	handler_value	-	-	-	0xE01910	0x0
encoding_tree_2	5870	0x2373CE0	key_handler	0x31C	3	28	0xDFFD00	-
encoding_tree_2	5871	0x2373CF0	null_or_data	0x0	-	-	0x31D	-
encoding_tree_2	5872	0x2373D00	handler_value	-	-	-	0xE00D80	0x0
encoding_tree_2	5873	0x2373D10	key_handler	0x31E	3	30	0xDF4C70	-
encoding_tree_2	5874	0x2373D20	null_or_data	0x0	-	-	0x31F	-
encoding_tree_2	5875	0x2373D30	handler_value	-	-	-	0xDF5800	0x0
encoding_tree_2	5876	0x2373D40	key_handler	0x320	3	32	0xDF5220	-
encoding_tree_2	5877	0x2373D50	null_or_data	0x0	-	-	0x321	-
encoding_tree_2	5878	0x2373D60	handler_value	-	-	-	0xDFA3C0	0x0
encoding_tree_2	5879	0x2373D70	key_handler	0x322	3	34	0xDFC770	-
encoding_tree_2	5880	0x2373D80	null_or_data	0x0	-	-	0x323	-
encoding_tree_2	5881	0x2373D90	handler_value	-	-	-	0xDFB580	0x0
encoding_tree_2	5882	0x2373DA0	key_handler	0x324	3	36	0xE00250	-
encoding_tree_2	5883	0x2373DB0	null_or_data	0x0	-	-	0x325	-
encoding_tree_2	5884	0x2373DC0	handler_value	-	-	-	0xE01330	0x0
encoding_tree_2	5885	0x2373DD0	key_handler	0x326	3	38	0xDF5DE0	-
encoding_tree_2	5886	0x2373DE0	null_or_data	0x0	-	-	0x327	-
encoding_tree_2	5887	0x2373DF0	handler_value	-	-	-	0xDF68A0	0x0
encoding_tree_2	5888	0x2373E00	key_handler	0x328	3	40	0xDF6330	-
encoding_tree_2	5889	0x2373E10	null_or_data	0x0	-	-	0x1929	-
encoding_tree_2	5890	0x2373E20	handler_value	-	-	-	0x176FE60	0x0
encoding_tree_2	5891	0x2373E30	key_handler	0x192A	25	42	0x176F7D0	-
encoding_tree_2	5892	0x2373E40	null_or_data	0x0	-	-	0x192B	-
encoding_tree_2	5893	0x2373E50	handler_value	-	-	-	0x176F140	0x0
encoding_tree_2	5894	0x2373E60	key_handler	0x192C	25	44	0x176EAB0	-
encoding_tree_2	5896	0x2373E80	key_handler	0x500	5	0	0xDEAB30	-
encoding_tree_2	5897	0x2373E90	null_or_data	0x0	-	-	0x301	-
encoding_tree_2	5898	0x2373EA0	handler_value	-	-	-	0xDEB030	0x0
encoding_tree_2	5899	0x2373EB0	key_handler	0x502	5	2	0xDEB580	-
encoding_tree_2	5900	0x2373EC0	null_or_data	0x0	-	-	0x303	-
encoding_tree_2	5901	0x2373ED0	handler_value	-	-	-	0xDEBF80	0x0
encoding_tree_2	5902	0x2373EE0	key_handler	0x504	5	4	0xDEBA80	-
encoding_tree_2	5904	0x2373F00	key_handler	0x500	5	0	0xDE8840	-
encoding_tree_2	5905	0x2373F10	null_or_data	0x0	-	-	0x301	-
encoding_tree_2	5906	0x2373F20	handler_value	-	-	-	0xDE8D10	0x0
encoding_tree_2	5907	0x2373F30	key_handler	0x302	3	2	0xDE9700	-
encoding_tree_2	5908	0x2373F40	null_or_data	0x0	-	-	0x503	-
encoding_tree_2	5909	0x2373F50	handler_value	-	-	-	0xDE9230	0x0
encoding_tree_2	5910	0x2373F60	key_handler	0x304	3	4	0xDEA0F0	-
encoding_tree_2	5911	0x2373F70	null_or_data	0x0	-	-	0x305	-
encoding_tree_2	5912	0x2373F80	handler_value	-	-	-	0xDEA610	0x0
encoding_tree_2	5913	0x2373F90	key_handler	0x506	5	6	0xDE9C20	-
encoding_tree_2	5916	0x2373FC0	key_handler	0x200	2	0	0xDE1490	-
encoding_tree_2	5917	0x2373FD0	null_or_data	0x0	-	-	0x301	-
encoding_tree_2	5918	0x2373FE0	handler_value	-	-	-	0xDE1A00	0x0
encoding_tree_2	5919	0x2373FF0	key_handler	0x202	2	2	0xDE25B0	-
encoding_tree_2	5920	0x2374000	null_or_data	0x0	-	-	0x303	-
encoding_tree_2	5921	0x2374010	handler_value	-	-	-	0xDE1FD0	0x0
encoding_tree_2	5922	0x2374020	key_handler	0x304	3	4	0xDE3BD0	-
encoding_tree_2	5923	0x2374030	null_or_data	0x0	-	-	0x205	-
encoding_tree_2	5924	0x2374040	handler_value	-	-	-	0xDE2B20	0x0
encoding_tree_2	5925	0x2374050	key_handler	0x306	3	6	0xDE3600	-
encoding_tree_2	5926	0x2374060	null_or_data	0x0	-	-	0x207	-
encoding_tree_2	5927	0x2374070	handler_value	-	-	-	0xDE3090	0x0
encoding_tree_2	5928	0x2374080	key_handler	0x500	5	0	0xDDFAF0	-
encoding_tree_2	5929	0x2374090	null_or_data	0x0	-	-	0x301	-
encoding_tree_2	5930	0x23740A0	handler_value	-	-	-	0xDDFFF0	0x0
encoding_tree_2	5931	0x23740B0	key_handler	0x502	5	2	0xDE0540	-
encoding_tree_2	5932	0x23740C0	null_or_data	0x0	-	-	0x303	-
encoding_tree_2	5933	0x23740D0	handler_value	-	-	-	0xDE0F40	0x0
encoding_tree_2	5934	0x23740E0	key_handler	0x504	5	4	0xDE0A40	-
encoding_tree_2	5936	0x2374100	key_handler	0x700	7	0	0xDC5280	-
encoding_tree_2	5937	0x2374110	null_or_data	0x0	-	-	0x701	-
encoding_tree_2	5938	0x2374120	handler_value	-	-	-	0xDC57D0	0x0
encoding_tree_2	5939	0x2374130	key_handler	0x702	7	2	0xDC47E0	-
encoding_tree_2	5940	0x2374140	null_or_data	0x0	-	-	0x703	-
encoding_tree_2	5941	0x2374150	handler_value	-	-	-	0xDC4D30	0x0
encoding_tree_2	5942	0x2374160	key_handler	0x500	5	0	0xDC26E0	-
encoding_tree_2	5943	0x2374170	null_or_data	0x0	-	-	0x303	-
encoding_tree_2	5944	0x2374180	handler_value	-	-	-	0xDC36B0	0x0
encoding_tree_2	5945	0x2374190	key_handler	0x304	3	4	0xDC30E0	-
encoding_tree_2	5946	0x23741A0	null_or_data	0x0	-	-	0x505	-
encoding_tree_2	5947	0x23741B0	handler_value	-	-	-	0x176BDA0	0x0
encoding_tree_2	5948	0x23741C0	key_handler	0x306	3	6	0x176C2D0	-
encoding_tree_2	5949	0x23741D0	null_or_data	0x0	-	-	0x307	-
encoding_tree_2	5950	0x23741E0	handler_value	-	-	-	0x176C8B0	0x0
encoding_tree_2	5951	0x23741F0	key_handler	0x508	5	8	0xDC2BE0	-
encoding_tree_2	5952	0x2374200	null_or_data	0x0	-	-	0x30B	-
encoding_tree_2	5953	0x2374210	handler_value	-	-	-	0xDC4230	0x0
encoding_tree_2	5954	0x2374220	key_handler	0x30C	3	12	0xDC3C60	-
encoding_tree_2	5956	0x2374240	key_handler	0x300	3	0	0xD224D0	-
encoding_tree_2	5957	0x2374250	null_or_data	0x0	-	-	0x301	-
encoding_tree_2	5958	0x2374260	handler_value	-	-	-	0xD22F20	0x0
encoding_tree_2	5959	0x2374270	key_handler	0x302	3	2	0xD229F0	-
encoding_tree_2	5962	0x23742A0	key_handler	0x200	2	0	0xDB40A0	-
encoding_tree_2	5963	0x23742B0	null_or_data	0x0	-	-	0x301	-
encoding_tree_2	5964	0x23742C0	handler_value	-	-	-	0xDB5030	0x0
encoding_tree_2	5965	0x23742D0	key_handler	0x202	2	2	0xDB55A0	-
encoding_tree_2	5966	0x23742E0	null_or_data	0x0	-	-	0x303	-
encoding_tree_2	5967	0x23742F0	handler_value	-	-	-	0xDB45B0	0x0
encoding_tree_2	5968	0x2374300	key_handler	0x204	2	4	0xDB4B20	-
encoding_tree_2	5969	0x2374310	null_or_data	0x0	-	-	0x305	-
encoding_tree_2	5970	0x2374320	handler_value	-	-	-	0xDB5FC0	0x0
encoding_tree_2	5971	0x2374330	key_handler	0x206	2	6	0xDB5AB0	-
encoding_tree_2	5974	0x2374360	key_handler	0x500	5	0	0xDB1E30	-
encoding_tree_2	5975	0x2374370	null_or_data	0x0	-	-	0x601	-
encoding_tree_2	5976	0x2374380	handler_value	-	-	-	0xDB2300	0x0
encoding_tree_2	5977	0x2374390	key_handler	0x502	5	2	0xDB27F0	-
encoding_tree_2	5978	0x23743A0	null_or_data	0x0	-	-	0x603	-
encoding_tree_2	5979	0x23743B0	handler_value	-	-	-	0xDB31B0	0x0
encoding_tree_2	5980	0x23743C0	key_handler	0x504	5	4	0xDB2CD0	-
encoding_tree_2	5982	0x23743E0	key_handler	0xB00	11	0	0xDB1960	-
encoding_tree_2	5984	0x2374400	key_handler	0x200	2	0	0xDA43F0	-
encoding_tree_2	5986	0x2374420	key_handler	0x500	5	0	0xDA3F40	-
encoding_tree_2	5987	0x2374430	null_or_data	0x0	-	-	0x501	-
encoding_tree_2	5988	0x2374440	handler_value	-	-	-	0xDA2FD0	0x0
encoding_tree_2	5989	0x2374450	key_handler	0x602	6	2	0xDA34E0	-
encoding_tree_2	5990	0x2374460	null_or_data	0x0	-	-	0x503	-
encoding_tree_2	5991	0x2374470	handler_value	-	-	-	0xDA3A30	0x0
encoding_tree_2	5992	0x2374480	key_handler	0x500	5	0	0xDA58A0	-
encoding_tree_2	5993	0x2374490	null_or_data	0x0	-	-	0x301	-
encoding_tree_2	5994	0x23744A0	handler_value	-	-	-	0xDA5D90	0x0
encoding_tree_2	5995	0x23744B0	key_handler	0x502	5	2	0xDA62B0	-
encoding_tree_2	5996	0x23744C0	null_or_data	0x0	-	-	0x303	-
encoding_tree_2	5997	0x23744D0	handler_value	-	-	-	0xDA8140	0x0
encoding_tree_2	5998	0x23744E0	key_handler	0x504	5	4	0xDA7C50	-
encoding_tree_2	5999	0x23744F0	null_or_data	0x0	-	-	0x205	-
encoding_tree_2	6000	0x2374500	handler_value	-	-	-	0xDA4820	0x0
encoding_tree_2	6001	0x2374510	key_handler	0x306	3	6	0xDA4D90	-
encoding_tree_2	6002	0x2374520	null_or_data	0x0	-	-	0x207	-
encoding_tree_2	6003	0x2374530	handler_value	-	-	-	0xDA5330	0x0
encoding_tree_2	6004	0x2374540	key_handler	0x308	3	8	0xDA76B0	-
encoding_tree_2	6005	0x2374550	null_or_data	0x0	-	-	0x209	-
encoding_tree_2	6006	0x2374560	handler_value	-	-	-	0xDA7140	0x0
encoding_tree_2	6007	0x2374570	key_handler	0x50A	5	10	0xDA6C70	-
encoding_tree_2	6008	0x2374580	null_or_data	0x0	-	-	0x50B	-
encoding_tree_2	6009	0x2374590	handler_value	-	-	-	0xDA67A0	0x0
encoding_tree_2	6010	0x23745A0	key_handler	0x50C	5	12	0xDA8660	-
encoding_tree_2	6012	0x23745C0	key_handler	0xA00	10	0	0xD43D10	-
encoding_tree_2	6013	0x23745D0	null_or_data	0x0	-	-	0x301	-
encoding_tree_2	6014	0x23745E0	handler_value	-	-	-	0xD44240	0x0
encoding_tree_2	6015	0x23745F0	key_handler	0xA02	10	2	0xD447D0	-
encoding_tree_2	6016	0x2374600	null_or_data	0x0	-	-	0x303	-
encoding_tree_2	6017	0x2374610	handler_value	-	-	-	0xD47560	0x0
encoding_tree_2	6018	0x2374620	key_handler	0xA04	10	4	0xD47020	-
encoding_tree_2	6019	0x2374630	null_or_data	0x0	-	-	0xA05	-
encoding_tree_2	6020	0x2374640	handler_value	-	-	-	0xD42B80	0x0
encoding_tree_2	6021	0x2374650	key_handler	0x306	3	6	0xD43140	-
encoding_tree_2	6022	0x2374660	null_or_data	0x0	-	-	0xA07	-
encoding_tree_2	6023	0x2374670	handler_value	-	-	-	0xD43750	0x0
encoding_tree_2	6024	0x2374680	key_handler	0x308	3	8	0xD46A10	-
encoding_tree_2	6025	0x2374690	null_or_data	0x0	-	-	0xA09	-
encoding_tree_2	6026	0x23746A0	handler_value	-	-	-	0xD46450	0x0
encoding_tree_2	6027	0x23746B0	key_handler	0xA0A	10	10	0xD44D10	-
encoding_tree_2	6028	0x23746C0	null_or_data	0x0	-	-	0xA0B	-
encoding_tree_2	6029	0x23746D0	handler_value	-	-	-	0xD4A990	0x0
encoding_tree_2	6030	0x23746E0	key_handler	0xA0C	10	12	0xD49210	-
encoding_tree_2	6031	0x23746F0	null_or_data	0x0	-	-	0xA0D	-
encoding_tree_2	6032	0x2374700	handler_value	-	-	-	0xD4B590	0x0
encoding_tree_2	6033	0x2374710	key_handler	0xA0E	10	14	0xD4BBA0	-
encoding_tree_2	6034	0x2374720	null_or_data	0x0	-	-	0xA0F	-
encoding_tree_2	6035	0x2374730	handler_value	-	-	-	0xD458B0	0x0
encoding_tree_2	6036	0x2374740	key_handler	0xA10	10	16	0xD4AF90	-
encoding_tree_2	6037	0x2374750	null_or_data	0x0	-	-	0xA11	-
encoding_tree_2	6038	0x2374760	handler_value	-	-	-	0xD49810	0x0
encoding_tree_2	6039	0x2374770	key_handler	0xA12	10	18	0xD47AF0	-
encoding_tree_2	6040	0x2374780	null_or_data	0x0	-	-	0xA13	-
encoding_tree_2	6041	0x2374790	handler_value	-	-	-	0xD4D910	0x0
encoding_tree_2	6042	0x23747A0	key_handler	0xA14	10	20	0xD4CD50	-
encoding_tree_2	6043	0x23747B0	null_or_data	0x0	-	-	0xA15	-
encoding_tree_2	6044	0x23747C0	handler_value	-	-	-	0xD4E4D0	0x0
encoding_tree_2	6045	0x23747D0	key_handler	0xA16	10	22	0xD45EA0	-
encoding_tree_2	6046	0x23747E0	null_or_data	0x0	-	-	0xA17	-
encoding_tree_2	6047	0x23747F0	handler_value	-	-	-	0xD49E10	0x0
encoding_tree_2	6048	0x2374800	key_handler	0xA18	10	24	0xD48690	-
encoding_tree_2	6049	0x2374810	null_or_data	0x0	-	-	0xA19	-
encoding_tree_2	6050	0x2374820	handler_value	-	-	-	0xD4C1B0	0x0
encoding_tree_2	6051	0x2374830	key_handler	0xA1A	10	26	0xD4C780	-
encoding_tree_2	6052	0x2374840	null_or_data	0x0	-	-	0xA1B	-
encoding_tree_2	6053	0x2374850	handler_value	-	-	-	0xD45300	0x0
encoding_tree_2	6054	0x2374860	key_handler	0xA1C	10	28	0xD480E0	-
encoding_tree_2	6055	0x2374870	null_or_data	0x0	-	-	0xA1D	-
encoding_tree_2	6056	0x2374880	handler_value	-	-	-	0xD4DF10	0x0
encoding_tree_2	6057	0x2374890	key_handler	0xA1E	10	30	0xD4D350	-
encoding_tree_2	6058	0x23748A0	null_or_data	0x0	-	-	0xA1F	-
encoding_tree_2	6059	0x23748B0	handler_value	-	-	-	0xD4A3D0	0x0
encoding_tree_2	6060	0x23748C0	key_handler	0xA20	10	32	0xD48C50	-
encoding_tree_2	6061	0x23748D0	null_or_data	0x0	-	-	0xA21	-
encoding_tree_2	6062	0x23748E0	handler_value	-	-	-	0xD4EAE0	0x0
encoding_tree_2	6064	0x2374900	key_handler	0x200	2	0	0xE1BDF0	-
encoding_tree_2	6065	0x2374910	null_or_data	0x0	-	-	0xA01	-
encoding_tree_2	6066	0x2374920	handler_value	-	-	-	0xE1E090	0x0
encoding_tree_2	6067	0x2374930	key_handler	0x302	3	2	0xE1C890	-
encoding_tree_2	6068	0x2374940	null_or_data	0x0	-	-	0x303	-
encoding_tree_2	6069	0x2374950	handler_value	-	-	-	0xE1EBD0	0x0
encoding_tree_2	6070	0x2374960	key_handler	0x204	2	4	0xE1C340	-
encoding_tree_2	6071	0x2374970	null_or_data	0x0	-	-	0xA05	-
encoding_tree_2	6072	0x2374980	handler_value	-	-	-	0xE1E630	0x0
encoding_tree_2	6073	0x2374990	key_handler	0x306	3	6	0xE20D60	-
encoding_tree_2	6074	0x23749A0	null_or_data	0x0	-	-	0x307	-
encoding_tree_2	6075	0x23749B0	handler_value	-	-	-	0xE224E0	0x0
encoding_tree_2	6076	0x23749C0	key_handler	0x208	2	8	0xE20230	-
encoding_tree_2	6077	0x23749D0	null_or_data	0x0	-	-	0xA09	-
encoding_tree_2	6078	0x23749E0	handler_value	-	-	-	0xE218F0	0x0
encoding_tree_2	6079	0x23749F0	key_handler	0xA0A	10	10	0xE1AC50	-
encoding_tree_2	6080	0x2374A00	null_or_data	0x0	-	-	0xA0B	-
encoding_tree_2	6081	0x2374A10	handler_value	-	-	-	0xE1CDF0	0x0
encoding_tree_2	6082	0x2374A20	key_handler	0x30C	3	12	0xE1B810	-
encoding_tree_2	6083	0x2374A30	null_or_data	0x0	-	-	0x30D	-
encoding_tree_2	6084	0x2374A40	handler_value	-	-	-	0xE1DA50	0x0
encoding_tree_2	6085	0x2374A50	key_handler	0xA0E	10	14	0xE1B230	-
encoding_tree_2	6086	0x2374A60	null_or_data	0x0	-	-	0xA0F	-
encoding_tree_2	6087	0x2374A70	handler_value	-	-	-	0xE1D420	0x0
encoding_tree_2	6088	0x2374A80	key_handler	0x310	3	16	0xE20780	-
encoding_tree_2	6089	0x2374A90	null_or_data	0x0	-	-	0x311	-
encoding_tree_2	6090	0x2374AA0	handler_value	-	-	-	0xE21EA0	0x0
encoding_tree_2	6091	0x2374AB0	key_handler	0xA12	10	18	0xE1FC50	-
encoding_tree_2	6092	0x2374AC0	null_or_data	0x0	-	-	0xA13	-
encoding_tree_2	6093	0x2374AD0	handler_value	-	-	-	0xE212C0	0x0
encoding_tree_2	6094	0x2374AE0	key_handler	0x214	2	20	0xE1F6F0	-
encoding_tree_2	6095	0x2374AF0	null_or_data	0x0	-	-	0x215	-
encoding_tree_2	6096	0x2374B00	handler_value	-	-	-	0xE1F190	0x0
encoding_tree_2	6097	0x2374B10	key_handler	0x216	2	22	0xE22AA0	-
encoding_tree_2	6100	0x2374B40	key_handler	0x200	2	0	0xDAA750	-
encoding_tree_2	6101	0x2374B50	null_or_data	0x0	-	-	0xA01	-
encoding_tree_2	6102	0x2374B60	handler_value	-	-	-	0xDAC9F0	0x0
encoding_tree_2	6103	0x2374B70	key_handler	0x302	3	2	0xDAB1F0	-
encoding_tree_2	6104	0x2374B80	null_or_data	0x0	-	-	0x303	-
encoding_tree_2	6105	0x2374B90	handler_value	-	-	-	0xDAD530	0x0
encoding_tree_2	6106	0x2374BA0	key_handler	0x204	2	4	0xDAACA0	-
encoding_tree_2	6107	0x2374BB0	null_or_data	0x0	-	-	0xA05	-
encoding_tree_2	6108	0x2374BC0	handler_value	-	-	-	0xDACF90	0x0
encoding_tree_2	6109	0x2374BD0	key_handler	0x306	3	6	0xDAF6C0	-
encoding_tree_2	6110	0x2374BE0	null_or_data	0x0	-	-	0x307	-
encoding_tree_2	6111	0x2374BF0	handler_value	-	-	-	0xDB0E40	0x0
encoding_tree_2	6112	0x2374C00	key_handler	0x208	2	8	0xDAEB90	-
encoding_tree_2	6113	0x2374C10	null_or_data	0x0	-	-	0xA09	-
encoding_tree_2	6114	0x2374C20	handler_value	-	-	-	0xDB0250	0x0
encoding_tree_2	6115	0x2374C30	key_handler	0xA0A	10	10	0xDA95B0	-
encoding_tree_2	6116	0x2374C40	null_or_data	0x0	-	-	0xA0B	-
encoding_tree_2	6117	0x2374C50	handler_value	-	-	-	0xDAB750	0x0
encoding_tree_2	6118	0x2374C60	key_handler	0x30C	3	12	0xDAA170	-
encoding_tree_2	6119	0x2374C70	null_or_data	0x0	-	-	0x30D	-
encoding_tree_2	6120	0x2374C80	handler_value	-	-	-	0xDAC3B0	0x0
encoding_tree_2	6121	0x2374C90	key_handler	0xA0E	10	14	0xDA9B90	-
encoding_tree_2	6122	0x2374CA0	null_or_data	0x0	-	-	0xA0F	-
encoding_tree_2	6123	0x2374CB0	handler_value	-	-	-	0xDABD80	0x0
encoding_tree_2	6124	0x2374CC0	key_handler	0x310	3	16	0xDAF0E0	-
encoding_tree_2	6125	0x2374CD0	null_or_data	0x0	-	-	0x311	-
encoding_tree_2	6126	0x2374CE0	handler_value	-	-	-	0xDB0800	0x0
encoding_tree_2	6127	0x2374CF0	key_handler	0xA12	10	18	0xDAE5B0	-
encoding_tree_2	6128	0x2374D00	null_or_data	0x0	-	-	0xA13	-
encoding_tree_2	6129	0x2374D10	handler_value	-	-	-	0xDAFC20	0x0
encoding_tree_2	6130	0x2374D20	key_handler	0x214	2	20	0xDAE050	-
encoding_tree_2	6131	0x2374D30	null_or_data	0x0	-	-	0x215	-
encoding_tree_2	6132	0x2374D40	handler_value	-	-	-	0xDADAF0	0x0
encoding_tree_2	6133	0x2374D50	key_handler	0x216	2	22	0xDB1400	-
encoding_tree_2	6136	0x2374D80	key_handler	0x200	2	0	0xC7EE20	-
encoding_tree_2	6137	0x2374D90	null_or_data	0x0	-	-	0xA01	-
encoding_tree_2	6138	0x2374DA0	handler_value	-	-	-	0xC810C0	0x0
encoding_tree_2	6139	0x2374DB0	key_handler	0x302	3	2	0xC7F8C0	-
encoding_tree_2	6140	0x2374DC0	null_or_data	0x0	-	-	0x303	-
encoding_tree_2	6141	0x2374DD0	handler_value	-	-	-	0xC81C00	0x0
encoding_tree_2	6142	0x2374DE0	key_handler	0x204	2	4	0xC7F370	-
encoding_tree_2	6143	0x2374DF0	null_or_data	0x0	-	-	0xA05	-
encoding_tree_2	6144	0x2374E00	handler_value	-	-	-	0xC81660	0x0
encoding_tree_2	6145	0x2374E10	key_handler	0x306	3	6	0xC83D90	-
encoding_tree_2	6146	0x2374E20	null_or_data	0x0	-	-	0x307	-
encoding_tree_2	6147	0x2374E30	handler_value	-	-	-	0xC85510	0x0
encoding_tree_2	6148	0x2374E40	key_handler	0x208	2	8	0xC83260	-
encoding_tree_2	6149	0x2374E50	null_or_data	0x0	-	-	0xA09	-
encoding_tree_2	6150	0x2374E60	handler_value	-	-	-	0xC84920	0x0
encoding_tree_2	6151	0x2374E70	key_handler	0xA0A	10	10	0xC7DC80	-
encoding_tree_2	6152	0x2374E80	null_or_data	0x0	-	-	0xA0B	-
encoding_tree_2	6153	0x2374E90	handler_value	-	-	-	0xC7FE20	0x0
encoding_tree_2	6154	0x2374EA0	key_handler	0x30C	3	12	0xC7E840	-
encoding_tree_2	6155	0x2374EB0	null_or_data	0x0	-	-	0x30D	-
encoding_tree_2	6156	0x2374EC0	handler_value	-	-	-	0xC80A80	0x0
encoding_tree_2	6157	0x2374ED0	key_handler	0xA0E	10	14	0xC7E260	-
encoding_tree_2	6158	0x2374EE0	null_or_data	0x0	-	-	0xA0F	-
encoding_tree_2	6159	0x2374EF0	handler_value	-	-	-	0xC80450	0x0
encoding_tree_2	6160	0x2374F00	key_handler	0x310	3	16	0xC837B0	-
encoding_tree_2	6161	0x2374F10	null_or_data	0x0	-	-	0x311	-
encoding_tree_2	6162	0x2374F20	handler_value	-	-	-	0xC84ED0	0x0
encoding_tree_2	6163	0x2374F30	key_handler	0xA12	10	18	0xC82C80	-
encoding_tree_2	6164	0x2374F40	null_or_data	0x0	-	-	0xA13	-
encoding_tree_2	6165	0x2374F50	handler_value	-	-	-	0xC842F0	0x0
encoding_tree_2	6166	0x2374F60	key_handler	0x214	2	20	0xC82720	-
encoding_tree_2	6167	0x2374F70	null_or_data	0x0	-	-	0x215	-
encoding_tree_2	6168	0x2374F80	handler_value	-	-	-	0xC821C0	0x0
encoding_tree_2	6169	0x2374F90	key_handler	0x216	2	22	0xC85AD0	-
encoding_tree_2	6172	0x2374FC0	key_handler	0x900	9	0	0xD40240	-
encoding_tree_2	6173	0x2374FD0	null_or_data	0x0	-	-	0x901	-
encoding_tree_2	6174	0x2374FE0	handler_value	-	-	-	0xD40710	0x0
encoding_tree_2	6176	0x2375000	key_handler	0xA00	10	0	0xD38E20	-
encoding_tree_2	6177	0x2375010	null_or_data	0x0	-	-	0x301	-
encoding_tree_2	6178	0x2375020	handler_value	-	-	-	0xD3A0A0	0x0
encoding_tree_2	6179	0x2375030	key_handler	0x302	3	2	0xD39A60	-
encoding_tree_2	6180	0x2375040	null_or_data	0x0	-	-	0xA03	-
encoding_tree_2	6181	0x2375050	handler_value	-	-	-	0xD39440	0x0
encoding_tree_2	6182	0x2375060	key_handler	0x304	3	4	0xD3B950	-
encoding_tree_2	6183	0x2375070	null_or_data	0x0	-	-	0x305	-
encoding_tree_2	6184	0x2375080	handler_value	-	-	-	0xD3BF90	0x0
encoding_tree_2	6185	0x2375090	key_handler	0xA06	10	6	0xD3B320	-
encoding_tree_2	6186	0x23750A0	null_or_data	0x0	-	-	0xA07	-
encoding_tree_2	6187	0x23750B0	handler_value	-	-	-	0xD3D730	0x0
encoding_tree_2	6188	0x23750C0	key_handler	0x308	3	8	0xD3E3B0	-
encoding_tree_2	6189	0x23750D0	null_or_data	0x0	-	-	0xA09	-
encoding_tree_2	6190	0x23750E0	handler_value	-	-	-	0xD3DD70	0x0
encoding_tree_2	6191	0x23750F0	key_handler	0x30A	3	10	0xD3FBF0	-
encoding_tree_2	6192	0x2375100	null_or_data	0x0	-	-	0xA0B	-
encoding_tree_2	6193	0x2375110	handler_value	-	-	-	0xD3F5A0	0x0
encoding_tree_2	6194	0x2375120	key_handler	0xA0C	10	12	0xD348B0	-
encoding_tree_2	6195	0x2375130	null_or_data	0x0	-	-	0x30D	-
encoding_tree_2	6196	0x2375140	handler_value	-	-	-	0xD359B0	0x0
encoding_tree_2	6197	0x2375150	key_handler	0x30E	3	14	0xD353F0	-
encoding_tree_2	6198	0x2375160	null_or_data	0x0	-	-	0xA0F	-
encoding_tree_2	6199	0x2375170	handler_value	-	-	-	0xD34E50	0x0
encoding_tree_2	6200	0x2375180	key_handler	0x310	3	16	0xD37060	-
encoding_tree_2	6201	0x2375190	null_or_data	0x0	-	-	0x311	-
encoding_tree_2	6202	0x23751A0	handler_value	-	-	-	0xD37620	0x0
encoding_tree_2	6203	0x23751B0	key_handler	0xA12	10	18	0xD36AB0	-
encoding_tree_2	6204	0x23751C0	null_or_data	0x0	-	-	0xA13	-
encoding_tree_2	6205	0x23751D0	handler_value	-	-	-	0xD3C5E0	0x0
encoding_tree_2	6206	0x23751E0	key_handler	0x314	3	20	0xD3D160	-
encoding_tree_2	6207	0x23751F0	null_or_data	0x0	-	-	0xA15	-
encoding_tree_2	6208	0x2375200	handler_value	-	-	-	0xD3CBA0	0x0
encoding_tree_2	6209	0x2375210	key_handler	0x316	3	22	0xD3EFD0	-
encoding_tree_2	6210	0x2375220	null_or_data	0x0	-	-	0xA17	-
encoding_tree_2	6211	0x2375230	handler_value	-	-	-	0xD3EA00	0x0
encoding_tree_2	6212	0x2375240	key_handler	0xA18	10	24	0xD37BF0	-
encoding_tree_2	6213	0x2375250	null_or_data	0x0	-	-	0x319	-
encoding_tree_2	6214	0x2375260	handler_value	-	-	-	0xD38810	0x0
encoding_tree_2	6215	0x2375270	key_handler	0xA1A	10	26	0xD38200	-
encoding_tree_2	6216	0x2375280	null_or_data	0x0	-	-	0x31B	-
encoding_tree_2	6217	0x2375290	handler_value	-	-	-	0xD3AD00	0x0
encoding_tree_2	6218	0x23752A0	key_handler	0xA1C	10	28	0xD3A6E0	-
encoding_tree_2	6219	0x23752B0	null_or_data	0x0	-	-	0xA1D	-
encoding_tree_2	6220	0x23752C0	handler_value	-	-	-	0xD337F0	0x0
encoding_tree_2	6221	0x23752D0	key_handler	0x31E	3	30	0xD34310	-
encoding_tree_2	6222	0x23752E0	null_or_data	0x0	-	-	0xA1F	-
encoding_tree_2	6223	0x23752F0	handler_value	-	-	-	0xD33D80	0x0
encoding_tree_2	6224	0x2375300	key_handler	0x320	3	32	0xD36510	-
encoding_tree_2	6225	0x2375310	null_or_data	0x0	-	-	0xA21	-
encoding_tree_2	6226	0x2375320	handler_value	-	-	-	0xD35F70	0x0
encoding_tree_2	6227	0x2375330	key_handler	0x500	5	0	0xE23000	-
encoding_tree_2	6230	0x2375360	key_handler	0x500	5	0	0xCCEA80	-
encoding_tree_2	6231	0x2375370	null_or_data	0x0	-	-	0x501	-
encoding_tree_2	6232	0x2375380	handler_value	-	-	-	0xCC79C0	0x0
encoding_tree_2	6233	0x2375390	key_handler	0x1302	19	2	0x173D2E0	-
encoding_tree_2	6234	0x23753A0	null_or_data	0x0	-	-	0x503	-
encoding_tree_2	6235	0x23753B0	handler_value	-	-	-	0x173C620	0x0
encoding_tree_2	6236	0x23753C0	key_handler	0x1304	19	4	0x1741C60	-
encoding_tree_2	6237	0x23753D0	null_or_data	0x0	-	-	0x507	-
encoding_tree_2	6238	0x23753E0	handler_value	-	-	-	0x1741660	0x0
encoding_tree_2	6239	0x23753F0	key_handler	0x508	5	8	0xCCF940	-
encoding_tree_2	6240	0x2375400	null_or_data	0x0	-	-	0x509	-
encoding_tree_2	6241	0x2375410	handler_value	-	-	-	0xCCFE40	0x0
encoding_tree_2	6242	0x2375420	key_handler	0x50A	5	10	0xCD0370	-
encoding_tree_2	6243	0x2375430	null_or_data	0x0	-	-	0x130D	-
encoding_tree_2	6244	0x2375440	handler_value	-	-	-	0x173F460	0x0
encoding_tree_2	6245	0x2375450	key_handler	0x130E	19	14	0x173EDF0	-
encoding_tree_2	6246	0x2375460	null_or_data	0x0	-	-	0x130F	-
encoding_tree_2	6247	0x2375470	handler_value	-	-	-	0xCC91E0	0x0
encoding_tree_2	6248	0x2375480	key_handler	0x1312	19	18	0x1740200	-
encoding_tree_2	6249	0x2375490	null_or_data	0x0	-	-	0x1313	-
encoding_tree_2	6250	0x23754A0	handler_value	-	-	-	0x173FB30	0x0
encoding_tree_2	6251	0x23754B0	key_handler	0x1314	19	20	0xCC8B00	-
encoding_tree_2	6252	0x23754C0	null_or_data	0x0	-	-	0x515	-
encoding_tree_2	6253	0x23754D0	handler_value	-	-	-	0xCCEF50	0x0
encoding_tree_2	6254	0x23754E0	key_handler	0x516	5	22	0xCCF450	-
encoding_tree_2	6255	0x23754F0	null_or_data	0x0	-	-	0x517	-
encoding_tree_2	6256	0x2375500	handler_value	-	-	-	0xCC47B0	0x0
encoding_tree_2	6257	0x2375510	key_handler	0x1A18	26	24	0xCC6A50	-
encoding_tree_2	6258	0x2375520	null_or_data	0x0	-	-	0x2619	-
encoding_tree_2	6259	0x2375530	handler_value	-	-	-	0xCC71F0	0x0
encoding_tree_2	6260	0x2375540	key_handler	0x1A1A	26	26	0xCC53D0	-
encoding_tree_2	6261	0x2375550	null_or_data	0x0	-	-	0x1A1B	-
encoding_tree_2	6262	0x2375560	handler_value	-	-	-	0xCC4C50	0x0
encoding_tree_2	6263	0x2375570	key_handler	0x1A1C	26	28	0xCC62D0	-
encoding_tree_2	6264	0x2375580	null_or_data	0x0	-	-	0x1A1D	-
encoding_tree_2	6265	0x2375590	handler_value	-	-	-	0xCC5B50	0x0
encoding_tree_2	6266	0x23755A0	key_handler	0x31E	3	30	0xCC3C70	-
encoding_tree_2	6267	0x23755B0	null_or_data	0x0	-	-	0x31F	-
encoding_tree_2	6268	0x23755C0	handler_value	-	-	-	0xCC4210	0x0
encoding_tree_2	6269	0x23755D0	key_handler	0x520	5	32	0xCCE0F0	-
encoding_tree_2	6270	0x23755E0	null_or_data	0x0	-	-	0x521	-
encoding_tree_2	6271	0x23755F0	handler_value	-	-	-	0xCCE5C0	0x0
encoding_tree_2	6272	0x2375600	key_handler	0x1322	19	34	0xCCA660	-
encoding_tree_2	6273	0x2375610	null_or_data	0x0	-	-	0x1323	-
encoding_tree_2	6274	0x2375620	handler_value	-	-	-	0xCC9910	0x0
encoding_tree_2	6275	0x2375630	key_handler	0x1324	19	36	0x1740F90	-
encoding_tree_2	6276	0x2375640	null_or_data	0x0	-	-	0x1326	-
encoding_tree_2	6277	0x2375650	handler_value	-	-	-	0x1740900	0x0
encoding_tree_2	6278	0x2375660	key_handler	0x1328	19	40	0xCC9FB0	-
encoding_tree_2	6279	0x2375670	null_or_data	0x0	-	-	0x1329	-
encoding_tree_2	6280	0x2375680	handler_value	-	-	-	0x173D960	0x0
encoding_tree_2	6281	0x2375690	key_handler	0x132A	19	42	0x173CC50	-
encoding_tree_2	6282	0x23756A0	null_or_data	0x0	-	-	0x1331	-
encoding_tree_2	6283	0x23756B0	handler_value	-	-	-	0x173E6F0	0x0
encoding_tree_2	6284	0x23756C0	key_handler	0x1332	19	50	0x173E040	-
encoding_tree_2	6286	0x23756E0	key_handler	0x1900	25	0	0xD283E0	-
encoding_tree_2	6287	0x23756F0	null_or_data	0x0	-	-	0x1901	-
encoding_tree_2	6288	0x2375700	handler_value	-	-	-	0xD270E0	0x0
encoding_tree_2	6289	0x2375710	key_handler	0x1902	25	2	0xD27D80	-
encoding_tree_2	6290	0x2375720	null_or_data	0x0	-	-	0x1903	-
encoding_tree_2	6291	0x2375730	handler_value	-	-	-	0xD27720	0x0
encoding_tree_2	6292	0x2375740	key_handler	0x304	3	4	0xD30F80	-
encoding_tree_2	6293	0x2375750	null_or_data	0x0	-	-	0x305	-
encoding_tree_2	6294	0x2375760	handler_value	-	-	-	0xD314F0	0x0
encoding_tree_2	6295	0x2375770	key_handler	0x306	3	6	0xD30A00	-
encoding_tree_2	6296	0x2375780	null_or_data	0x0	-	-	0x307	-
encoding_tree_2	6297	0x2375790	handler_value	-	-	-	0xD30490	0x0
encoding_tree_2	6298	0x23757A0	key_handler	0x1908	25	8	0xD2DC60	-
encoding_tree_2	6299	0x23757B0	null_or_data	0x0	-	-	0x1909	-
encoding_tree_2	6300	0x23757C0	handler_value	-	-	-	0xD2C8E0	0x0
encoding_tree_2	6301	0x23757D0	key_handler	0x190A	25	10	0xD2D5D0	-
encoding_tree_2	6302	0x23757E0	null_or_data	0x0	-	-	0x190B	-
encoding_tree_2	6303	0x23757F0	handler_value	-	-	-	0xD2CF40	0x0
encoding_tree_2	6304	0x2375800	key_handler	0x190C	25	12	0xD28A60	-
encoding_tree_2	6305	0x2375810	null_or_data	0x0	-	-	0x190D	-
encoding_tree_2	6306	0x2375820	handler_value	-	-	-	0xD2AF70	0x0
encoding_tree_2	6307	0x2375830	key_handler	0x190E	25	14	0xD29CB0	-
encoding_tree_2	6308	0x2375840	null_or_data	0x0	-	-	0x190F	-
encoding_tree_2	6309	0x2375850	handler_value	-	-	-	0xD2C230	0x0
encoding_tree_2	6310	0x2375860	key_handler	0x1910	25	16	0xD290A0	-
encoding_tree_2	6311	0x2375870	null_or_data	0x0	-	-	0x1911	-
encoding_tree_2	6312	0x2375880	handler_value	-	-	-	0xD2B5D0	0x0
encoding_tree_2	6313	0x2375890	key_handler	0x1912	25	18	0xD2A310	-
encoding_tree_2	6314	0x23758A0	null_or_data	0x0	-	-	0x313	-
encoding_tree_2	6315	0x23758B0	handler_value	-	-	-	0xD2E8B0	0x0
encoding_tree_2	6316	0x23758C0	key_handler	0x314	3	20	0xD2EE90	-
encoding_tree_2	6317	0x23758D0	null_or_data	0x0	-	-	0x315	-
encoding_tree_2	6318	0x23758E0	handler_value	-	-	-	0xD2E310	0x0
encoding_tree_2	6319	0x23758F0	key_handler	0x316	3	22	0xD23450	-
encoding_tree_2	6320	0x2375900	null_or_data	0x0	-	-	0x317	-
encoding_tree_2	6321	0x2375910	handler_value	-	-	-	0xD24070	0x0
encoding_tree_2	6322	0x2375920	key_handler	0x318	3	24	0xD23A50	-
encoding_tree_2	6323	0x2375930	null_or_data	0x0	-	-	0x1919	-
encoding_tree_2	6324	0x2375940	handler_value	-	-	-	0xD26A50	0x0
encoding_tree_2	6325	0x2375950	key_handler	0x31A	3	26	0xD2FEE0	-
encoding_tree_2	6326	0x2375960	null_or_data	0x0	-	-	0x191B	-
encoding_tree_2	6327	0x2375970	handler_value	-	-	-	0xD32600	0x0
encoding_tree_2	6328	0x2375980	key_handler	0x31C	3	28	0xD2F410	-
encoding_tree_2	6329	0x2375990	null_or_data	0x0	-	-	0x31D	-
encoding_tree_2	6330	0x23759A0	handler_value	-	-	-	0xD31A70	0x0
encoding_tree_2	6331	0x23759B0	key_handler	0x191E	25	30	0xD24690	-
encoding_tree_2	6332	0x23759C0	null_or_data	0x0	-	-	0x191F	-
encoding_tree_2	6333	0x23759D0	handler_value	-	-	-	0xD25330	0x0
encoding_tree_2	6334	0x23759E0	key_handler	0x1920	25	32	0xD24CD0	-
encoding_tree_2	6335	0x23759F0	null_or_data	0x0	-	-	0x321	-
encoding_tree_2	6336	0x2375A00	handler_value	-	-	-	0xD29700	0x0
encoding_tree_2	6337	0x2375A10	key_handler	0x322	3	34	0xD2BC60	-
encoding_tree_2	6338	0x2375A20	null_or_data	0x0	-	-	0x323	-
encoding_tree_2	6339	0x2375A30	handler_value	-	-	-	0xD2A9A0	0x0
encoding_tree_2	6340	0x2375A40	key_handler	0x324	3	36	0xD2F960	-
encoding_tree_2	6341	0x2375A50	null_or_data	0x0	-	-	0x325	-
encoding_tree_2	6342	0x2375A60	handler_value	-	-	-	0xD32020	0x0
encoding_tree_2	6343	0x2375A70	key_handler	0x326	3	38	0xD25990	-
encoding_tree_2	6344	0x2375A80	null_or_data	0x0	-	-	0x327	-
encoding_tree_2	6345	0x2375A90	handler_value	-	-	-	0xD264B0	0x0
encoding_tree_2	6346	0x2375AA0	key_handler	0x328	3	40	0xD25F10	-
encoding_tree_2	6347	0x2375AB0	null_or_data	0x0	-	-	0x329	-
encoding_tree_2	6348	0x2375AC0	handler_value	-	-	-	0x1495B00	0x0
encoding_tree_2	6349	0x2375AD0	key_handler	0x192A	25	42	0x175F240	-
encoding_tree_2	6350	0x2375AE0	null_or_data	0x0	-	-	0x192B	-
encoding_tree_2	6351	0x2375AF0	handler_value	-	-	-	0x175EB30	0x0
encoding_tree_2	6352	0x2375B00	key_handler	0x192C	25	44	0x175F950	-
encoding_tree_2	6353	0x2375B10	null_or_data	0x0	-	-	0x192D	-
encoding_tree_2	6354	0x2375B20	handler_value	-	-	-	0x175E420	0x0
encoding_tree_2	6356	0x2375B40	key_handler	0xB00	11	0	0xDA9080	-
encoding_tree_2	6357	0x2375B50	null_or_data	0x0	-	-	0xB02	-
encoding_tree_2	6358	0x2375B60	handler_value	-	-	-	0xDA8B30	0x0
encoding_tree_2	6360	0x2375B80	key_handler	0xA00	10	0	0xD56D50	-
encoding_tree_2	6361	0x2375B90	null_or_data	0x0	-	-	0xA01	-
encoding_tree_2	6362	0x2375BA0	handler_value	-	-	-	0xD57F70	0x0
encoding_tree_2	6363	0x2375BB0	key_handler	0x302	3	2	0xD57340	-
encoding_tree_2	6364	0x2375BC0	null_or_data	0x0	-	-	0xA03	-
encoding_tree_2	6365	0x2375BD0	handler_value	-	-	-	0xD57980	0x0
encoding_tree_2	6366	0x2375BE0	key_handler	0xA04	10	4	0xD521A0	-
encoding_tree_2	6367	0x2375BF0	null_or_data	0x0	-	-	0xA05	-
encoding_tree_2	6368	0x2375C00	handler_value	-	-	-	0xD53240	0x0
encoding_tree_2	6369	0x2375C10	key_handler	0x306	3	6	0xD52710	-
encoding_tree_2	6370	0x2375C20	null_or_data	0x0	-	-	0xA07	-
encoding_tree_2	6371	0x2375C30	handler_value	-	-	-	0xD52CD0	0x0
encoding_tree_2	6372	0x2375C40	key_handler	0xA08	10	8	0xD537B0	-
encoding_tree_2	6373	0x2375C50	null_or_data	0x0	-	-	0x309	-
encoding_tree_2	6374	0x2375C60	handler_value	-	-	-	0xD54980	0x0
encoding_tree_2	6375	0x2375C70	key_handler	0xA0A	10	10	0xD54F70	-
encoding_tree_2	6376	0x2375C80	null_or_data	0x0	-	-	0x30B	-
encoding_tree_2	6377	0x2375C90	handler_value	-	-	-	0xD53D80	0x0
encoding_tree_2	6378	0x2375CA0	key_handler	0xA0C	10	12	0xD543B0	-
encoding_tree_2	6379	0x2375CB0	null_or_data	0x0	-	-	0x30D	-
encoding_tree_2	6380	0x2375CC0	handler_value	-	-	-	0xD59B90	0x0
encoding_tree_2	6381	0x2375CD0	key_handler	0x30E	3	14	0xD5A1C0	-
encoding_tree_2	6382	0x2375CE0	null_or_data	0x0	-	-	0xA0F	-
encoding_tree_2	6383	0x2375CF0	handler_value	-	-	-	0xD595C0	0x0
encoding_tree_2	6384	0x2375D00	key_handler	0x210	2	16	0xD4F620	-
encoding_tree_2	6385	0x2375D10	null_or_data	0x0	-	-	0x311	-
encoding_tree_2	6386	0x2375D20	handler_value	-	-	-	0xD4F0B0	0x0
encoding_tree_2	6387	0x2375D30	key_handler	0x212	2	18	0xD50650	-
encoding_tree_2	6388	0x2375D40	null_or_data	0x0	-	-	0x313	-
encoding_tree_2	6389	0x2375D50	handler_value	-	-	-	0xD4FB60	0x0
encoding_tree_2	6390	0x2375D60	key_handler	0x214	2	20	0xD50110	-
encoding_tree_2	6391	0x2375D70	null_or_data	0x0	-	-	0x315	-
encoding_tree_2	6392	0x2375D80	handler_value	-	-	-	0xD58AA0	0x0
encoding_tree_2	6393	0x2375D90	key_handler	0x316	3	22	0xD59050	-
encoding_tree_2	6394	0x2375DA0	null_or_data	0x0	-	-	0x217	-
encoding_tree_2	6395	0x2375DB0	handler_value	-	-	-	0xD58560	0x0
encoding_tree_2	6396	0x2375DC0	key_handler	0xA18	10	24	0xD55540	-
encoding_tree_2	6397	0x2375DD0	null_or_data	0x0	-	-	0xA19	-
encoding_tree_2	6398	0x2375DE0	handler_value	-	-	-	0xD56760	0x0
encoding_tree_2	6399	0x2375DF0	key_handler	0x31A	3	26	0xD55B30	-
encoding_tree_2	6400	0x2375E00	null_or_data	0x0	-	-	0xA1B	-
encoding_tree_2	6401	0x2375E10	handler_value	-	-	-	0xD56170	0x0
encoding_tree_2	6402	0x2375E20	key_handler	0x31C	3	28	0xD5B8D0	-
encoding_tree_2	6403	0x2375E30	null_or_data	0x0	-	-	0xA1D	-
encoding_tree_2	6404	0x2375E40	handler_value	-	-	-	0xD5B2E0	0x0
encoding_tree_2	6405	0x2375E50	key_handler	0xA1E	10	30	0xD50B90	-
encoding_tree_2	6406	0x2375E60	null_or_data	0x0	-	-	0xA1F	-
encoding_tree_2	6407	0x2375E70	handler_value	-	-	-	0xD51C30	0x0
encoding_tree_2	6408	0x2375E80	key_handler	0x320	3	32	0xD51100	-
encoding_tree_2	6409	0x2375E90	null_or_data	0x0	-	-	0xA21	-
encoding_tree_2	6410	0x2375EA0	handler_value	-	-	-	0xD516C0	0x0
encoding_tree_2	6411	0x2375EB0	key_handler	0x322	3	34	0xD5AD20	-
encoding_tree_2	6412	0x2375EC0	null_or_data	0x0	-	-	0xA23	-
encoding_tree_2	6413	0x2375ED0	handler_value	-	-	-	0xD5A7B0	0x0
encoding_tree_2	6414	0x2375EE0	key_handler	0x324	3	36	0x1497200	-
encoding_tree_2	6415	0x2375EF0	null_or_data	0x0	-	-	0xA25	-
encoding_tree_2	6416	0x2375F00	handler_value	-	-	-	0x1496C10	0x0
encoding_tree_2	6417	0x2375F10	key_handler	0x326	3	38	0x1496650	-
encoding_tree_2	6418	0x2375F20	null_or_data	0x0	-	-	0xA27	-
encoding_tree_2	6419	0x2375F30	handler_value	-	-	-	0x14960E0	0x0
encoding_tree_2	6420	0x2375F40	key_handler	0x200	2	0	0xD0A4E0	-
encoding_tree_2	6421	0x2375F50	null_or_data	0x0	-	-	0x201	-
encoding_tree_2	6422	0x2375F60	handler_value	-	-	-	0xD0AFC0	0x0
encoding_tree_2	6423	0x2375F70	key_handler	0x202	2	2	0xD09F70	-
encoding_tree_2	6424	0x2375F80	null_or_data	0x0	-	-	0x203	-
encoding_tree_2	6425	0x2375F90	handler_value	-	-	-	0xD0AA50	0x0
encoding_tree_2	6426	0x2375FA0	key_handler	0x200	2	0	0xD0B530	-
encoding_tree_2	6427	0x2375FB0	null_or_data	0x0	-	-	0x201	-
encoding_tree_2	6428	0x2375FC0	handler_value	-	-	-	0xD0BA70	0x0
encoding_tree_2	6430	0x2375FE0	key_handler	0x2700	39	0	0xC7A000	-
encoding_tree_2	6431	0x2375FF0	null_or_data	0x0	-	-	0xA01	-
encoding_tree_2	6432	0x2376000	handler_value	-	-	-	0xC79970	0x0
encoding_tree_2	6433	0x2376010	key_handler	0x702	7	2	0xC77280	-
encoding_tree_2	6434	0x2376020	null_or_data	0x0	-	-	0xA03	-
encoding_tree_2	6435	0x2376030	handler_value	-	-	-	0xC76CC0	0x0
encoding_tree_2	6436	0x2376040	key_handler	0xA04	10	4	0xC77860	-
encoding_tree_2	6437	0x2376050	null_or_data	0x0	-	-	0x305	-
encoding_tree_2	6438	0x2376060	handler_value	-	-	-	0xC78580	0x0
encoding_tree_2	6439	0x2376070	key_handler	0xA06	10	6	0xC77EF0	-
encoding_tree_2	6440	0x2376080	null_or_data	0x0	-	-	0x307	-
encoding_tree_2	6441	0x2376090	handler_value	-	-	-	0xC792C0	0x0
encoding_tree_2	6442	0x23760A0	key_handler	0xA08	10	8	0xC78C30	-
encoding_tree_2	6443	0x23760B0	null_or_data	0x0	-	-	0xA09	-
encoding_tree_2	6444	0x23760C0	handler_value	-	-	-	0xC74FC0	0x0
encoding_tree_2	6445	0x23760D0	key_handler	0x30A	3	10	0xC75B40	-
encoding_tree_2	6446	0x23760E0	null_or_data	0x0	-	-	0xA0B	-
encoding_tree_2	6447	0x23760F0	handler_value	-	-	-	0xC75580	0x0
encoding_tree_2	6448	0x2376100	key_handler	0x30C	3	12	0xC766E0	-
encoding_tree_2	6449	0x2376110	null_or_data	0x0	-	-	0xA0D	-
encoding_tree_2	6450	0x2376120	handler_value	-	-	-	0xC76120	0x0
encoding_tree_2	6452	0x2376140	key_handler	0x500	5	0	0xC693D0	-
encoding_tree_2	6453	0x2376150	null_or_data	0x0	-	-	0x601	-
encoding_tree_2	6454	0x2376160	handler_value	-	-	-	0xC69D10	0x0
encoding_tree_2	6455	0x2376170	key_handler	0x502	5	2	0xC69870	-
encoding_tree_2	6456	0x2376180	null_or_data	0x0	-	-	0x603	-
encoding_tree_2	6457	0x2376190	handler_value	-	-	-	0x14771E0	0x0
encoding_tree_2	6458	0x23761A0	key_handler	0x504	5	4	0x14776E0	-
encoding_tree_2	6460	0x23761C0	key_handler	0x1900	25	0	0xD7C5E0	-
encoding_tree_2	6461	0x23761D0	null_or_data	0x0	-	-	0x1901	-
encoding_tree_2	6462	0x23761E0	handler_value	-	-	-	0xD7CC30	0x0
encoding_tree_2	6463	0x23761F0	key_handler	0x1902	25	2	0xD73520	-
encoding_tree_2	6464	0x2376200	null_or_data	0x0	-	-	0x1903	-
encoding_tree_2	6465	0x2376210	handler_value	-	-	-	0xD76090	0x0
encoding_tree_2	6466	0x2376220	key_handler	0x1904	25	4	0xD766D0	-
encoding_tree_2	6467	0x2376230	null_or_data	0x0	-	-	0x1905	-
encoding_tree_2	6468	0x2376240	handler_value	-	-	-	0xD73B60	0x0
encoding_tree_2	6469	0x2376250	key_handler	0x1906	25	6	0xD70B60	-
encoding_tree_2	6470	0x2376260	null_or_data	0x0	-	-	0x1907	-
encoding_tree_2	6471	0x2376270	handler_value	-	-	-	0xD6D6A0	0x0
encoding_tree_2	6472	0x2376280	key_handler	0x1908	25	8	0xD6E250	-
encoding_tree_2	6473	0x2376290	null_or_data	0x0	-	-	0x1909	-
encoding_tree_2	6474	0x23762A0	handler_value	-	-	-	0xD71710	0x0
encoding_tree_2	6475	0x23762B0	key_handler	0x190A	25	10	0xD71120	-
encoding_tree_2	6476	0x23762C0	null_or_data	0x0	-	-	0x190B	-
encoding_tree_2	6477	0x23762D0	handler_value	-	-	-	0xD71D00	0x0
encoding_tree_2	6478	0x23762E0	key_handler	0x190C	25	12	0xD6DC60	-
encoding_tree_2	6479	0x23762F0	null_or_data	0x0	-	-	0x190D	-
encoding_tree_2	6480	0x2376300	handler_value	-	-	-	0xD6E840	0x0
encoding_tree_2	6481	0x2376310	key_handler	0x190E	25	14	0xD72880	-
encoding_tree_2	6482	0x2376320	null_or_data	0x0	-	-	0x190F	-
encoding_tree_2	6483	0x2376330	handler_value	-	-	-	0xD753F0	0x0
encoding_tree_2	6484	0x2376340	key_handler	0x1910	25	16	0xD75A30	-
encoding_tree_2	6485	0x2376350	null_or_data	0x0	-	-	0x1911	-
encoding_tree_2	6486	0x2376360	handler_value	-	-	-	0xD72EC0	0x0
encoding_tree_2	6487	0x2376370	key_handler	0x1912	25	18	0xD6F3C0	-
encoding_tree_2	6488	0x2376380	null_or_data	0x0	-	-	0x1913	-
encoding_tree_2	6489	0x2376390	handler_value	-	-	-	0xD6BF00	0x0
encoding_tree_2	6490	0x23763A0	key_handler	0x1914	25	20	0xD6CAB0	-
encoding_tree_2	6491	0x23763B0	null_or_data	0x0	-	-	0x1915	-
encoding_tree_2	6492	0x23763C0	handler_value	-	-	-	0xD6FF70	0x0
encoding_tree_2	6493	0x23763D0	key_handler	0x1916	25	22	0xD6F980	-
encoding_tree_2	6494	0x23763E0	null_or_data	0x0	-	-	0x1917	-
encoding_tree_2	6495	0x23763F0	handler_value	-	-	-	0xD70560	0x0
encoding_tree_2	6496	0x2376400	key_handler	0x1918	25	24	0xD6C4C0	-
encoding_tree_2	6497	0x2376410	null_or_data	0x0	-	-	0x1919	-
encoding_tree_2	6498	0x2376420	handler_value	-	-	-	0xD6D0A0	0x0
encoding_tree_2	6499	0x2376430	key_handler	0x191A	25	26	0xD74DD0	-
encoding_tree_2	6500	0x2376440	null_or_data	0x0	-	-	0x51B	-
encoding_tree_2	6501	0x2376450	handler_value	-	-	-	0xD6BA00	0x0
encoding_tree_2	6502	0x2376460	key_handler	0x51C	5	28	0xD6B030	-
encoding_tree_2	6503	0x2376470	null_or_data	0x0	-	-	0x191D	-
encoding_tree_2	6504	0x2376480	handler_value	-	-	-	0xD741C0	0x0
encoding_tree_2	6505	0x2376490	key_handler	0x191E	25	30	0xD747B0	-
encoding_tree_2	6506	0x23764A0	null_or_data	0x0	-	-	0x31F	-
encoding_tree_2	6507	0x23764B0	handler_value	-	-	-	0xD6EE40	0x0
encoding_tree_2	6508	0x23764C0	key_handler	0x520	5	32	0xD6B530	-
encoding_tree_2	6509	0x23764D0	null_or_data	0x0	-	-	0x1921	-
encoding_tree_2	6510	0x23764E0	handler_value	-	-	-	0xD7A660	0x0
encoding_tree_2	6511	0x23764F0	key_handler	0x1922	25	34	0xD78690	-
encoding_tree_2	6512	0x2376500	null_or_data	0x0	-	-	0x1923	-
encoding_tree_2	6513	0x2376510	handler_value	-	-	-	0xD76D30	0x0
encoding_tree_2	6514	0x2376520	key_handler	0x1924	25	36	0xD77A10	-
encoding_tree_2	6515	0x2376530	null_or_data	0x0	-	-	0x1925	-
encoding_tree_2	6516	0x2376540	handler_value	-	-	-	0xD7AC90	0x0
encoding_tree_2	6517	0x2376550	key_handler	0x1926	25	38	0xD78CD0	-
encoding_tree_2	6518	0x2376560	null_or_data	0x0	-	-	0x1927	-
encoding_tree_2	6519	0x2376570	handler_value	-	-	-	0xD79310	0x0
encoding_tree_2	6520	0x2376580	key_handler	0x2128	33	40	0xD79FB0	-
encoding_tree_2	6521	0x2376590	null_or_data	0x0	-	-	0x1929	-
encoding_tree_2	6522	0x23765A0	handler_value	-	-	-	0xD79960	0x0
encoding_tree_2	6523	0x23765B0	key_handler	0x192A	25	42	0xD7B2C0	-
encoding_tree_2	6524	0x23765C0	null_or_data	0x0	-	-	0x212B	-
encoding_tree_2	6525	0x23765D0	handler_value	-	-	-	0xD7BF40	0x0
encoding_tree_2	6526	0x23765E0	key_handler	0x192C	25	44	0xD7B900	-
encoding_tree_2	6527	0x23765F0	null_or_data	0x0	-	-	0x192D	-
encoding_tree_2	6528	0x2376600	handler_value	-	-	-	0xD773A0	0x0
encoding_tree_2	6529	0x2376610	key_handler	0x192E	25	46	0xD78050	-
encoding_tree_2	6530	0x2376620	null_or_data	0x0	-	-	0x32F	-
encoding_tree_2	6531	0x2376630	handler_value	-	-	-	0xD72300	0x0
encoding_tree_2	6532	0x2376640	key_handler	0x530	5	48	0x1761420	-
encoding_tree_2	6533	0x2376650	null_or_data	0x0	-	-	0x331	-
encoding_tree_2	6534	0x2376660	handler_value	-	-	-	0x1761920	0x0
encoding_tree_2	6536	0x2376680	key_handler	0x1900	25	0	0xDCC680	-
encoding_tree_2	6537	0x2376690	null_or_data	0x0	-	-	0x1301	-
encoding_tree_2	6538	0x23766A0	handler_value	-	-	-	0xDCBFD0	0x0
encoding_tree_2	6539	0x23766B0	key_handler	0x1302	19	2	0xDCCD10	-
encoding_tree_2	6540	0x23766C0	null_or_data	0x0	-	-	0x303	-
encoding_tree_2	6541	0x23766D0	handler_value	-	-	-	0xDCD9D0	0x0
encoding_tree_2	6542	0x23766E0	key_handler	0x504	5	4	0xDCD3C0	-
encoding_tree_2	6543	0x23766F0	null_or_data	0x0	-	-	0x505	-
encoding_tree_2	6544	0x2376700	handler_value	-	-	-	0xDCDFE0	0x0
encoding_tree_2	6545	0x2376710	key_handler	0x2306	35	6	0xDCED10	-
encoding_tree_2	6546	0x2376720	null_or_data	0x0	-	-	0x1307	-
encoding_tree_2	6547	0x2376730	handler_value	-	-	-	0xDCE5F0	0x0
encoding_tree_2	6548	0x2376740	key_handler	0x1308	19	8	0xDCF450	-
encoding_tree_2	6549	0x2376750	null_or_data	0x0	-	-	0x1909	-
encoding_tree_2	6550	0x2376760	handler_value	-	-	-	0x14A6B20	0x0
encoding_tree_2	6551	0x2376770	key_handler	0x130A	19	10	0x14A71B0	-
encoding_tree_2	6552	0x2376780	null_or_data	0x0	-	-	0x30B	-
encoding_tree_2	6553	0x2376790	handler_value	-	-	-	0x14A7860	0x0
encoding_tree_2	6554	0x23767A0	key_handler	0x50C	5	12	0x14A7E70	-
encoding_tree_2	6556	0x23767C0	key_handler	0x300	3	0	0xDF05D0	-
encoding_tree_2	6557	0x23767D0	null_or_data	0x0	-	-	0x201	-
encoding_tree_2	6558	0x23767E0	handler_value	-	-	-	0xDEFFB0	0x0
encoding_tree_2	6559	0x23767F0	key_handler	0x202	2	2	0xDF0BD0	-
encoding_tree_2	6560	0x2376800	null_or_data	0x0	-	-	0x203	-
encoding_tree_2	6561	0x2376810	handler_value	-	-	-	0xDEE590	0x0
encoding_tree_2	6562	0x2376820	key_handler	0x304	3	4	0xDEEAA0	-
encoding_tree_2	6563	0x2376830	null_or_data	0x0	-	-	0x205	-
encoding_tree_2	6564	0x2376840	handler_value	-	-	-	0xDEF010	0x0
encoding_tree_2	6565	0x2376850	key_handler	0x306	3	6	0xDEFA40	-
encoding_tree_2	6566	0x2376860	null_or_data	0x0	-	-	0x207	-
encoding_tree_2	6567	0x2376870	handler_value	-	-	-	0xDEF520	0x0
encoding_tree_2	6568	0x2376880	key_handler	0x208	2	8	0x14B0DB0	-
encoding_tree_2	6569	0x2376890	null_or_data	0x0	-	-	0x709	-
encoding_tree_2	6570	0x23768A0	handler_value	-	-	-	0x14B12C0	0x0
encoding_tree_2	6571	0x23768B0	key_handler	0x20A	2	10	0x14B1820	-
encoding_tree_2	6572	0x23768C0	null_or_data	0x0	-	-	0x70B	-
encoding_tree_2	6573	0x23768D0	handler_value	-	-	-	0x14B2250	0x0
encoding_tree_2	6574	0x23768E0	key_handler	0x20C	2	12	0x14B1D30	-
encoding_tree_2	6575	0x23768F0	null_or_data	0x0	-	-	0x30D	-
encoding_tree_2	6576	0x2376900	handler_value	-	-	-	0x14B27C0	0x0
encoding_tree_2	6577	0x2376910	key_handler	0x20E	2	14	0x14B2DD0	-
encoding_tree_2	6580	0x2376940	key_handler	0x1900	25	0	0xE069E0	-
encoding_tree_2	6581	0x2376950	null_or_data	0x0	-	-	0x1901	-
encoding_tree_2	6582	0x2376960	handler_value	-	-	-	0xE076A0	0x0
encoding_tree_2	6583	0x2376970	key_handler	0x1902	25	2	0xE07030	-
encoding_tree_2	6586	0x23769A0	key_handler	0xA00	10	0	0xD82F40	-
encoding_tree_2	6587	0x23769B0	null_or_data	0x0	-	-	0x301	-
encoding_tree_2	6588	0x23769C0	handler_value	-	-	-	0xD83480	0x0
encoding_tree_2	6589	0x23769D0	key_handler	0xA02	10	2	0xD83A00	-
encoding_tree_2	6590	0x23769E0	null_or_data	0x0	-	-	0x303	-
encoding_tree_2	6591	0x23769F0	handler_value	-	-	-	0xD7EB70	0x0
encoding_tree_2	6592	0x2376A00	key_handler	0xA04	10	4	0xD7E510	-
encoding_tree_2	6593	0x2376A10	null_or_data	0x0	-	-	0xA05	-
encoding_tree_2	6594	0x2376A20	handler_value	-	-	-	0xD7F1A0	0x0
encoding_tree_2	6595	0x2376A30	key_handler	0x306	3	6	0xD7D8C0	-
encoding_tree_2	6596	0x2376A40	null_or_data	0x0	-	-	0x507	-
encoding_tree_2	6597	0x2376A50	handler_value	-	-	-	0xD7D290	0x0
encoding_tree_2	6598	0x2376A60	key_handler	0x508	5	8	0xD7DEE0	-
encoding_tree_2	6599	0x2376A70	null_or_data	0x0	-	-	0xD09	-
encoding_tree_2	6600	0x2376A80	handler_value	-	-	-	0xD81250	0x0
encoding_tree_2	6601	0x2376A90	key_handler	0x130A	19	10	0xD80BA0	-
encoding_tree_2	6602	0x2376AA0	null_or_data	0x0	-	-	0x130B	-
encoding_tree_2	6603	0x2376AB0	handler_value	-	-	-	0xD81940	0x0
encoding_tree_2	6604	0x2376AC0	key_handler	0xD0C	13	12	0xD7FE70	-
encoding_tree_2	6605	0x2376AD0	null_or_data	0x0	-	-	0x50D	-
encoding_tree_2	6606	0x2376AE0	handler_value	-	-	-	0xD7F800	0x0
encoding_tree_2	6607	0x2376AF0	key_handler	0x50E	5	14	0xD80530	-
encoding_tree_2	6608	0x2376B00	null_or_data	0x0	-	-	0x50F	-
encoding_tree_2	6609	0x2376B10	handler_value	-	-	-	0xD81FF0	0x0
encoding_tree_2	6610	0x2376B20	key_handler	0x310	3	16	0xD824F0	-
encoding_tree_2	6611	0x2376B30	null_or_data	0x0	-	-	0x511	-
encoding_tree_2	6612	0x2376B40	handler_value	-	-	-	0xD82A40	0x0
encoding_tree_2	6613	0x2376B50	key_handler	0x312	3	18	0x149A7E0	-
encoding_tree_2	6614	0x2376B60	null_or_data	0x0	-	-	0xA13	-
encoding_tree_2	6615	0x2376B70	handler_value	-	-	-	0x149AE10	0x0
encoding_tree_2	6616	0x2376B80	key_handler	0x314	3	20	0x1499B80	-
encoding_tree_2	6617	0x2376B90	null_or_data	0x0	-	-	0x515	-
encoding_tree_2	6618	0x2376BA0	handler_value	-	-	-	0x149A1A0	0x0
encoding_tree_2	6619	0x2376BB0	key_handler	0x316	3	22	0x149B970	-
encoding_tree_2	6620	0x2376BC0	null_or_data	0x0	-	-	0x517	-
encoding_tree_2	6621	0x2376BD0	handler_value	-	-	-	0x149B470	0x0
encoding_tree_2	6622	0x2376BE0	key_handler	0xA00	10	0	0xD67AA0	-
encoding_tree_2	6623	0x2376BF0	null_or_data	0x0	-	-	0x301	-
encoding_tree_2	6624	0x2376C00	handler_value	-	-	-	0xD67FE0	0x0
encoding_tree_2	6625	0x2376C10	key_handler	0xA02	10	2	0xD68560	-
encoding_tree_2	6626	0x2376C20	null_or_data	0x0	-	-	0x303	-
encoding_tree_2	6627	0x2376C30	handler_value	-	-	-	0xD636D0	0x0
encoding_tree_2	6628	0x2376C40	key_handler	0xA04	10	4	0xD63070	-
encoding_tree_2	6629	0x2376C50	null_or_data	0x0	-	-	0xA05	-
encoding_tree_2	6630	0x2376C60	handler_value	-	-	-	0xD63D00	0x0
encoding_tree_2	6631	0x2376C70	key_handler	0x306	3	6	0xD62420	-
encoding_tree_2	6632	0x2376C80	null_or_data	0x0	-	-	0x507	-
encoding_tree_2	6633	0x2376C90	handler_value	-	-	-	0xD61DF0	0x0
encoding_tree_2	6634	0x2376CA0	key_handler	0x508	5	8	0xD62A40	-
encoding_tree_2	6635	0x2376CB0	null_or_data	0x0	-	-	0xD09	-
encoding_tree_2	6636	0x2376CC0	handler_value	-	-	-	0xD65DB0	0x0
encoding_tree_2	6637	0x2376CD0	key_handler	0x130A	19	10	0xD65700	-
encoding_tree_2	6638	0x2376CE0	null_or_data	0x0	-	-	0x130B	-
encoding_tree_2	6639	0x2376CF0	handler_value	-	-	-	0xD664A0	0x0
encoding_tree_2	6640	0x2376D00	key_handler	0xD0C	13	12	0xD649D0	-
encoding_tree_2	6641	0x2376D10	null_or_data	0x0	-	-	0x50D	-
encoding_tree_2	6642	0x2376D20	handler_value	-	-	-	0xD64360	0x0
encoding_tree_2	6643	0x2376D30	key_handler	0x50E	5	14	0xD65090	-
encoding_tree_2	6644	0x2376D40	null_or_data	0x0	-	-	0x50F	-
encoding_tree_2	6645	0x2376D50	handler_value	-	-	-	0xD66B50	0x0
encoding_tree_2	6646	0x2376D60	key_handler	0x310	3	16	0xD67050	-
encoding_tree_2	6647	0x2376D70	null_or_data	0x0	-	-	0x511	-
encoding_tree_2	6648	0x2376D80	handler_value	-	-	-	0xD675A0	0x0
encoding_tree_2	6649	0x2376D90	key_handler	0x312	3	18	0x14984A0	-
encoding_tree_2	6650	0x2376DA0	null_or_data	0x0	-	-	0xA13	-
encoding_tree_2	6651	0x2376DB0	handler_value	-	-	-	0x1498AD0	0x0
encoding_tree_2	6652	0x2376DC0	key_handler	0x314	3	20	0x1497840	-
encoding_tree_2	6653	0x2376DD0	null_or_data	0x0	-	-	0x515	-
encoding_tree_2	6654	0x2376DE0	handler_value	-	-	-	0x1497E60	0x0
encoding_tree_2	6655	0x2376DF0	key_handler	0x316	3	22	0x1499630	-
encoding_tree_2	6656	0x2376E00	null_or_data	0x0	-	-	0x517	-
encoding_tree_2	6657	0x2376E10	handler_value	-	-	-	0x1499130	0x0
encoding_tree_2	6658	0x2376E20	key_handler	0x500	5	0	0xCB05C0	-
encoding_tree_2	6659	0x2376E30	null_or_data	0x0	-	-	0x301	-
encoding_tree_2	6660	0x2376E40	handler_value	-	-	-	0xCB0AE0	0x0
encoding_tree_2	6661	0x2376E50	key_handler	0x502	5	2	0xCB1030	-
encoding_tree_2	6662	0x2376E60	null_or_data	0x0	-	-	0x303	-
encoding_tree_2	6663	0x2376E70	handler_value	-	-	-	0xCB1A70	0x0
encoding_tree_2	6664	0x2376E80	key_handler	0x504	5	4	0xCB1550	-
encoding_tree_2	6666	0x2376EA0	key_handler	0x300	3	0	0xD0F9C0	-
encoding_tree_2	6667	0x2376EB0	null_or_data	0x0	-	-	0x501	-
encoding_tree_2	6668	0x2376EC0	handler_value	-	-	-	0xD0F400	0x0
encoding_tree_2	6669	0x2376ED0	key_handler	0x502	5	2	0xD0FF80	-
encoding_tree_2	6672	0x2376F00	key_handler	0x200	2	0	0xCD0D60	-
encoding_tree_2	6673	0x2376F10	null_or_data	0x0	-	-	0x501	-
encoding_tree_2	6674	0x2376F20	handler_value	-	-	-	0xCD0890	0x0
encoding_tree_2	6675	0x2376F30	key_handler	0x2	0	2	0xCD12A0	-
encoding_tree_2	6678	0x2376F60	key_handler	0xB00	11	0	0xCF9A30	-
encoding_tree_2	6679	0x2376F70	null_or_data	0x0	-	-	0x2201	-
encoding_tree_2	6680	0x2376F80	handler_value	-	-	-	0xCF9490	0x0
encoding_tree_2	6681	0x2376F90	key_handler	0x2202	34	2	0xCF9FA0	-
encoding_tree_2	6682	0x2376FA0	null_or_data	0x0	-	-	0xB03	-
encoding_tree_2	6683	0x2376FB0	handler_value	-	-	-	0xCD28B0	0x0
encoding_tree_2	6684	0x2376FC0	key_handler	0x2204	34	4	0xCDAF50	-
encoding_tree_2	6685	0x2376FD0	null_or_data	0x0	-	-	0x2205	-
encoding_tree_2	6686	0x2376FE0	handler_value	-	-	-	0xCDC6D0	0x0
encoding_tree_2	6687	0x2376FF0	key_handler	0x306	3	6	0xCD44A0	-
encoding_tree_2	6688	0x2377000	null_or_data	0x0	-	-	0x507	-
encoding_tree_2	6689	0x2377010	handler_value	-	-	-	0xCD6BA0	0x0
encoding_tree_2	6690	0x2377020	key_handler	0x508	5	8	0xCD76C0	-
encoding_tree_2	6691	0x2377030	null_or_data	0x0	-	-	0x709	-
encoding_tree_2	6692	0x2377040	handler_value	-	-	-	0xCD5560	0x0
encoding_tree_2	6693	0x2377050	key_handler	0x50A	5	10	0xCD8770	-
encoding_tree_2	6694	0x2377060	null_or_data	0x0	-	-	0x50B	-
encoding_tree_2	6695	0x2377070	handler_value	-	-	-	0xCD9820	0x0
encoding_tree_2	6696	0x2377080	key_handler	0x50C	5	12	0x1747360	-
encoding_tree_2	6697	0x2377090	null_or_data	0x0	-	-	0x190D	-
encoding_tree_2	6698	0x23770A0	handler_value	-	-	-	0x1748640	0x0
encoding_tree_2	6699	0x23770B0	key_handler	0x50E	5	14	0x1748CC0	-
encoding_tree_2	6700	0x23770C0	null_or_data	0x0	-	-	0x190F	-
encoding_tree_2	6701	0x23770D0	handler_value	-	-	-	0x1747990	0x0
encoding_tree_2	6702	0x23770E0	key_handler	0x510	5	16	0x1748010	-
encoding_tree_2	6703	0x23770F0	null_or_data	0x0	-	-	0x511	-
encoding_tree_2	6704	0x2377100	handler_value	-	-	-	0x17453D0	0x0
encoding_tree_2	6705	0x2377110	key_handler	0x1912	25	18	0x17466B0	-
encoding_tree_2	6706	0x2377120	null_or_data	0x0	-	-	0x513	-
encoding_tree_2	6707	0x2377130	handler_value	-	-	-	0x1746D30	0x0
encoding_tree_2	6708	0x2377140	key_handler	0x1914	25	20	0x1745A00	-
encoding_tree_2	6709	0x2377150	null_or_data	0x0	-	-	0x515	-
encoding_tree_2	6710	0x2377160	handler_value	-	-	-	0x1746080	0x0
encoding_tree_2	6711	0x2377170	key_handler	0x516	5	22	0x1743330	-
encoding_tree_2	6712	0x2377180	null_or_data	0x0	-	-	0x317	-
encoding_tree_2	6713	0x2377190	handler_value	-	-	-	0x1743870	0x0
encoding_tree_2	6714	0x23771A0	key_handler	0x518	5	24	0x1743E10	-
encoding_tree_2	6715	0x23771B0	null_or_data	0x0	-	-	0x1919	-
encoding_tree_2	6716	0x23771C0	handler_value	-	-	-	0xCE0B00	0x0
encoding_tree_2	6717	0x23771D0	key_handler	0x51A	5	26	0xCE0520	-
encoding_tree_2	6718	0x23771E0	null_or_data	0x0	-	-	0x191B	-
encoding_tree_2	6719	0x23771F0	handler_value	-	-	-	0xCE1710	0x0
encoding_tree_2	6720	0x2377200	key_handler	0x51C	5	28	0xCE1D40	-
encoding_tree_2	6721	0x2377210	null_or_data	0x0	-	-	0x51D	-
encoding_tree_2	6722	0x2377220	handler_value	-	-	-	0xCE1130	0x0
encoding_tree_2	6723	0x2377230	key_handler	0x51E	5	30	0xCE7020	-
encoding_tree_2	6724	0x2377240	null_or_data	0x0	-	-	0x51F	-
encoding_tree_2	6725	0x2377250	handler_value	-	-	-	0xCE7560	0x0
encoding_tree_2	6726	0x2377260	key_handler	0x520	5	32	0xCE7AA0	-
encoding_tree_2	6727	0x2377270	null_or_data	0x0	-	-	0x521	-
encoding_tree_2	6728	0x2377280	handler_value	-	-	-	0xCE8A40	0x0
encoding_tree_2	6729	0x2377290	key_handler	0x522	5	34	0xCE8F40	-
encoding_tree_2	6730	0x23772A0	null_or_data	0x0	-	-	0x523	-
encoding_tree_2	6731	0x23772B0	handler_value	-	-	-	0xCE9F00	0x0
encoding_tree_2	6732	0x23772C0	key_handler	0x524	5	36	0xCFE910	-
encoding_tree_2	6733	0x23772D0	null_or_data	0x0	-	-	0x525	-
encoding_tree_2	6734	0x23772E0	handler_value	-	-	-	0xCFEE50	0x0
encoding_tree_2	6735	0x23772F0	key_handler	0x626	6	38	0xCE84F0	-
encoding_tree_2	6736	0x2377300	null_or_data	0x0	-	-	0x727	-
encoding_tree_2	6737	0x2377310	handler_value	-	-	-	0xCE99A0	0x0
encoding_tree_2	6738	0x2377320	key_handler	0x628	6	40	0xCE7FA0	-
encoding_tree_2	6739	0x2377330	null_or_data	0x0	-	-	0x729	-
encoding_tree_2	6740	0x2377340	handler_value	-	-	-	0xCE9440	0x0
encoding_tree_2	6741	0x2377350	key_handler	0xB2A	11	42	0xCD2320	-
encoding_tree_2	6742	0x2377360	null_or_data	0x0	-	-	0x222B	-
encoding_tree_2	6743	0x2377370	handler_value	-	-	-	0xCDA970	0x0
encoding_tree_2	6744	0x2377380	key_handler	0x222C	34	44	0xCDC0F0	-
encoding_tree_2	6745	0x2377390	null_or_data	0x0	-	-	0xB2D	-
encoding_tree_2	6746	0x23773A0	handler_value	-	-	-	0xCF8980	0x0
encoding_tree_2	6747	0x23773B0	key_handler	0x222E	34	46	0xCF83E0	-
encoding_tree_2	6748	0x23773C0	null_or_data	0x0	-	-	0x222F	-
encoding_tree_2	6749	0x23773D0	handler_value	-	-	-	0xCF8EF0	0x0
encoding_tree_2	6750	0x23773E0	key_handler	0x330	3	48	0xCD3F00	-
encoding_tree_2	6751	0x23773F0	null_or_data	0x0	-	-	0x531	-
encoding_tree_2	6752	0x2377400	handler_value	-	-	-	0xCD6610	0x0
encoding_tree_2	6753	0x2377410	key_handler	0x532	5	50	0xCD7130	-
encoding_tree_2	6754	0x2377420	null_or_data	0x0	-	-	0x733	-
encoding_tree_2	6755	0x2377430	handler_value	-	-	-	0xCD4A40	0x0
encoding_tree_2	6756	0x2377440	key_handler	0x534	5	52	0xCD7C50	-
encoding_tree_2	6757	0x2377450	null_or_data	0x0	-	-	0x535	-
encoding_tree_2	6758	0x2377460	handler_value	-	-	-	0xCD8D00	0x0
encoding_tree_2	6759	0x2377470	key_handler	0x536	5	54	0x1744350	-
encoding_tree_2	6760	0x2377480	null_or_data	0x0	-	-	0x337	-
encoding_tree_2	6761	0x2377490	handler_value	-	-	-	0x17448B0	0x0
encoding_tree_2	6762	0x23774A0	key_handler	0x538	5	56	0x1744E70	-
encoding_tree_2	6763	0x23774B0	null_or_data	0x0	-	-	0x539	-
encoding_tree_2	6764	0x23774C0	handler_value	-	-	-	0xCE41C0	0x0
encoding_tree_2	6765	0x23774D0	key_handler	0x33A	3	58	0xCE4730	-
encoding_tree_2	6766	0x23774E0	null_or_data	0x0	-	-	0x53B	-
encoding_tree_2	6767	0x23774F0	handler_value	-	-	-	0xCE4D00	0x0
encoding_tree_2	6768	0x2377500	key_handler	0x53C	5	60	0x17581B0	-
encoding_tree_2	6769	0x2377510	null_or_data	0x0	-	-	0xB3D	-
encoding_tree_2	6770	0x2377520	handler_value	-	-	-	0xCD1D90	0x0
encoding_tree_2	6771	0x2377530	key_handler	0x223E	34	62	0xCDA390	-
encoding_tree_2	6772	0x2377540	null_or_data	0x0	-	-	0x223F	-
encoding_tree_2	6773	0x2377550	handler_value	-	-	-	0xCDBB10	0x0
encoding_tree_2	6774	0x2377560	key_handler	0xB40	11	64	0xCFC600	-
encoding_tree_2	6775	0x2377570	null_or_data	0x0	-	-	0x541	-
encoding_tree_2	6776	0x2377580	handler_value	-	-	-	0xCFDCF0	0x0
encoding_tree_2	6777	0x2377590	key_handler	0x542	5	66	0xCFE300	-
encoding_tree_2	6778	0x23775A0	null_or_data	0x0	-	-	0xB43	-
encoding_tree_2	6779	0x23775B0	handler_value	-	-	-	0xCD1800	0x0
encoding_tree_2	6780	0x23775C0	key_handler	0x2244	34	68	0xCD9DB0	-
encoding_tree_2	6781	0x23775D0	null_or_data	0x0	-	-	0x2245	-
encoding_tree_2	6782	0x23775E0	handler_value	-	-	-	0xCDB530	0x0
encoding_tree_2	6783	0x23775F0	key_handler	0x1946	25	70	0xCFAAB0	-
encoding_tree_2	6784	0x2377600	null_or_data	0x0	-	-	0x2247	-
encoding_tree_2	6785	0x2377610	handler_value	-	-	-	0xCFA540	0x0
encoding_tree_2	6786	0x2377620	key_handler	0x2248	34	72	0xCFB030	-
encoding_tree_2	6787	0x2377630	null_or_data	0x0	-	-	0x749	-
encoding_tree_2	6788	0x2377640	handler_value	-	-	-	0xCD4FD0	0x0
encoding_tree_2	6789	0x2377650	key_handler	0x54A	5	74	0xCD81E0	-
encoding_tree_2	6790	0x2377660	null_or_data	0x0	-	-	0x54B	-
encoding_tree_2	6791	0x2377670	handler_value	-	-	-	0xCD9290	0x0
encoding_tree_2	6792	0x2377680	key_handler	0x54C	5	76	0xCFFE10	-
encoding_tree_2	6793	0x2377690	null_or_data	0x0	-	-	0x54D	-
encoding_tree_2	6794	0x23776A0	handler_value	-	-	-	0xD00340	0x0
encoding_tree_2	6795	0x23776B0	key_handler	0x34E	3	78	0xD00E10	-
encoding_tree_2	6796	0x23776C0	null_or_data	0x0	-	-	0x34F	-
encoding_tree_2	6797	0x23776D0	handler_value	-	-	-	0xD00870	0x0
encoding_tree_2	6798	0x23776E0	key_handler	0xB50	11	80	0xCD33D0	-
encoding_tree_2	6799	0x23776F0	null_or_data	0x0	-	-	0x2251	-
encoding_tree_2	6800	0x2377700	handler_value	-	-	-	0xCDD290	0x0
encoding_tree_2	6801	0x2377710	key_handler	0x2252	34	82	0xCDDE50	-
encoding_tree_2	6802	0x2377720	null_or_data	0x0	-	-	0xB53	-
encoding_tree_2	6803	0x2377730	handler_value	-	-	-	0xCD2E40	0x0
encoding_tree_2	6804	0x2377740	key_handler	0x2254	34	84	0xCDCCB0	-
encoding_tree_2	6805	0x2377750	null_or_data	0x0	-	-	0x2255	-
encoding_tree_2	6806	0x2377760	handler_value	-	-	-	0xCDD870	0x0
encoding_tree_2	6807	0x2377770	key_handler	0x356	3	86	0xCD3960	-
encoding_tree_2	6808	0x2377780	null_or_data	0x0	-	-	0x557	-
encoding_tree_2	6809	0x2377790	handler_value	-	-	-	0xCD5AF0	0x0
encoding_tree_2	6810	0x23777A0	key_handler	0x558	5	88	0xCD6080	-
encoding_tree_2	6811	0x23777B0	null_or_data	0x0	-	-	0x1759	-
encoding_tree_2	6812	0x23777C0	handler_value	-	-	-	0xCFBB10	0x0
encoding_tree_2	6813	0x23777D0	key_handler	0x225A	34	90	0xCFB5A0	-
encoding_tree_2	6814	0x23777E0	null_or_data	0x0	-	-	0x225B	-
encoding_tree_2	6815	0x23777F0	handler_value	-	-	-	0xCFC090	0x0
encoding_tree_2	6816	0x2377800	key_handler	0x55C	5	92	0xCEA400	-
encoding_tree_2	6817	0x2377810	null_or_data	0x0	-	-	0x55D	-
encoding_tree_2	6818	0x2377820	handler_value	-	-	-	0xCEA940	0x0
encoding_tree_2	6819	0x2377830	key_handler	0x55E	5	94	0xCEAE80	-
encoding_tree_2	6820	0x2377840	null_or_data	0x0	-	-	0x55F	-
encoding_tree_2	6821	0x2377850	handler_value	-	-	-	0xCEBE20	0x0
encoding_tree_2	6822	0x2377860	key_handler	0x560	5	96	0xCEC320	-
encoding_tree_2	6823	0x2377870	null_or_data	0x0	-	-	0x561	-
encoding_tree_2	6824	0x2377880	handler_value	-	-	-	0xCED2E0	0x0
encoding_tree_2	6825	0x2377890	key_handler	0x562	5	98	0xCFF390	-
encoding_tree_2	6826	0x23778A0	null_or_data	0x0	-	-	0x563	-
encoding_tree_2	6827	0x23778B0	handler_value	-	-	-	0xCFF8D0	0x0
encoding_tree_2	6828	0x23778C0	key_handler	0x664	6	100	0xCEB8D0	-
encoding_tree_2	6829	0x23778D0	null_or_data	0x0	-	-	0x765	-
encoding_tree_2	6830	0x23778E0	handler_value	-	-	-	0xCECD80	0x0
encoding_tree_2	6831	0x23778F0	key_handler	0x666	6	102	0xCEB380	-
encoding_tree_2	6832	0x2377900	null_or_data	0x0	-	-	0x767	-
encoding_tree_2	6833	0x2377910	handler_value	-	-	-	0xCEC820	0x0
encoding_tree_2	6834	0x2377920	key_handler	0x368	3	104	0xCDF9B0	-
encoding_tree_2	6835	0x2377930	null_or_data	0x0	-	-	0x569	-
encoding_tree_2	6836	0x2377940	handler_value	-	-	-	0xCDF420	0x0
encoding_tree_2	6837	0x2377950	key_handler	0x56A	5	106	0xCDFF90	-
encoding_tree_2	6838	0x2377960	null_or_data	0x0	-	-	0x36B	-
encoding_tree_2	6839	0x2377970	handler_value	-	-	-	0x174D340	0x0
encoding_tree_2	6840	0x2377980	key_handler	0xA6C	10	108	0x174CD60	-
encoding_tree_2	6841	0x2377990	null_or_data	0x0	-	-	0x36D	-
encoding_tree_2	6842	0x23779A0	handler_value	-	-	-	0x174DF50	0x0
encoding_tree_2	6843	0x23779B0	key_handler	0xA6E	10	110	0x174E580	-
encoding_tree_2	6844	0x23779C0	null_or_data	0x0	-	-	0xA6F	-
encoding_tree_2	6845	0x23779D0	handler_value	-	-	-	0x174D970	0x0
encoding_tree_2	6846	0x23779E0	key_handler	0x570	5	112	0x174B0A0	-
encoding_tree_2	6847	0x23779F0	null_or_data	0x0	-	-	0x1971	-
encoding_tree_2	6848	0x2377A00	handler_value	-	-	-	0x174C1D0	0x0
encoding_tree_2	6849	0x2377A10	key_handler	0x572	5	114	0x174C7C0	-
encoding_tree_2	6850	0x2377A20	null_or_data	0x0	-	-	0x1973	-
encoding_tree_2	6851	0x2377A30	handler_value	-	-	-	0x174B640	0x0
encoding_tree_2	6852	0x2377A40	key_handler	0x574	5	116	0x174BC30	-
encoding_tree_2	6853	0x2377A50	null_or_data	0x0	-	-	0x1975	-
encoding_tree_2	6854	0x2377A60	handler_value	-	-	-	0xCE2920	0x0
encoding_tree_2	6855	0x2377A70	key_handler	0x1376	19	118	0xCE2320	-
encoding_tree_2	6856	0x2377A80	null_or_data	0x0	-	-	0x1977	-
encoding_tree_2	6857	0x2377A90	handler_value	-	-	-	0xCE3570	0x0
encoding_tree_2	6858	0x2377AA0	key_handler	0x1378	19	120	0xCE3BC0	-
encoding_tree_2	6859	0x2377AB0	null_or_data	0x0	-	-	0x1379	-
encoding_tree_2	6860	0x2377AC0	handler_value	-	-	-	0xCE2F70	0x0
encoding_tree_2	6861	0x2377AD0	key_handler	0xB7A	11	122	0x148DC00	-
encoding_tree_2	6862	0x2377AE0	null_or_data	0x0	-	-	0x227B	-
encoding_tree_2	6863	0x2377AF0	handler_value	-	-	-	0x148E170	0x0
encoding_tree_2	6864	0x2377B00	key_handler	0xB7C	11	124	0x147F290	-
encoding_tree_2	6865	0x2377B10	null_or_data	0x0	-	-	0x227D	-
encoding_tree_2	6866	0x2377B20	handler_value	-	-	-	0x1481FF0	0x0
encoding_tree_2	6867	0x2377B30	key_handler	0x37E	3	126	0x1480350	-
encoding_tree_2	6868	0x2377B40	null_or_data	0x0	-	-	0x57F	-
encoding_tree_2	6869	0x2377B50	handler_value	-	-	-	0xD013B0	0x0
encoding_tree_2	6870	0x2377B60	key_handler	0x680	6	128	0xD018B0	-
encoding_tree_2	6871	0x2377B70	null_or_data	0x0	-	-	0x581	-
encoding_tree_2	6872	0x2377B80	handler_value	-	-	-	0xD01E00	0x0
encoding_tree_2	6873	0x2377B90	key_handler	0x582	5	130	0xD02300	-
encoding_tree_2	6874	0x2377BA0	null_or_data	0x0	-	-	0x383	-
encoding_tree_2	6875	0x2377BB0	handler_value	-	-	-	0xD02830	0x0
encoding_tree_2	6876	0x2377BC0	key_handler	0x584	5	132	0xD02DB0	-
encoding_tree_2	6877	0x2377BD0	null_or_data	0x0	-	-	0xA85	-
encoding_tree_2	6878	0x2377BE0	handler_value	-	-	-	0xD05600	0x0
encoding_tree_2	6879	0x2377BF0	key_handler	0x386	3	134	0xD05BC0	-
encoding_tree_2	6880	0x2377C00	null_or_data	0x0	-	-	0xA87	-
encoding_tree_2	6881	0x2377C10	handler_value	-	-	-	0xD061D0	0x0
encoding_tree_2	6882	0x2377C20	key_handler	0xA88	10	136	0xD04470	-
encoding_tree_2	6883	0x2377C30	null_or_data	0x0	-	-	0x389	-
encoding_tree_2	6884	0x2377C40	handler_value	-	-	-	0xD04A30	0x0
encoding_tree_2	6885	0x2377C50	key_handler	0xA8A	10	138	0xD05040	-
encoding_tree_2	6886	0x2377C60	null_or_data	0x0	-	-	0xB8B	-
encoding_tree_2	6887	0x2377C70	handler_value	-	-	-	0xCF3630	0x0
encoding_tree_2	6888	0x2377C80	key_handler	0x228C	34	140	0xCF3020	-
encoding_tree_2	6889	0x2377C90	null_or_data	0x0	-	-	0x228D	-
encoding_tree_2	6890	0x2377CA0	handler_value	-	-	-	0xCF3BF0	0x0
encoding_tree_2	6891	0x2377CB0	key_handler	0xB8E	11	142	0xCF2450	-
encoding_tree_2	6892	0x2377CC0	null_or_data	0x0	-	-	0x228F	-
encoding_tree_2	6893	0x2377CD0	handler_value	-	-	-	0xCF1E40	0x0
encoding_tree_2	6894	0x2377CE0	key_handler	0x2290	34	144	0xCF2A10	-
encoding_tree_2	6895	0x2377CF0	null_or_data	0x0	-	-	0x391	-
encoding_tree_2	6896	0x2377D00	handler_value	-	-	-	0xCF47C0	0x0
encoding_tree_2	6897	0x2377D10	key_handler	0x2292	34	146	0xCF4200	-
encoding_tree_2	6898	0x2377D20	null_or_data	0x0	-	-	0x2293	-
encoding_tree_2	6899	0x2377D30	handler_value	-	-	-	0xCF4D90	0x0
encoding_tree_2	6900	0x2377D40	key_handler	0x794	7	148	0xCF5910	-
encoding_tree_2	6901	0x2377D50	null_or_data	0x0	-	-	0x2295	-
encoding_tree_2	6902	0x2377D60	handler_value	-	-	-	0xCF5350	0x0
encoding_tree_2	6903	0x2377D70	key_handler	0x2296	34	150	0xCF5EE0	-
encoding_tree_2	6904	0x2377D80	null_or_data	0x0	-	-	0x397	-
encoding_tree_2	6905	0x2377D90	handler_value	-	-	-	0xCF6AC0	0x0
encoding_tree_2	6906	0x2377DA0	key_handler	0xA98	10	152	0xCF64A0	-
encoding_tree_2	6907	0x2377DB0	null_or_data	0x0	-	-	0x399	-
encoding_tree_2	6908	0x2377DC0	handler_value	-	-	-	0xCF7750	0x0
encoding_tree_2	6909	0x2377DD0	key_handler	0xA9A	10	154	0xCF7DC0	-
encoding_tree_2	6910	0x2377DE0	null_or_data	0x0	-	-	0xA9B	-
encoding_tree_2	6911	0x2377DF0	handler_value	-	-	-	0xCF7130	0x0
encoding_tree_2	6912	0x2377E00	key_handler	0xA9C	10	156	0xD032E0	-
encoding_tree_2	6913	0x2377E10	null_or_data	0x0	-	-	0x39D	-
encoding_tree_2	6914	0x2377E20	handler_value	-	-	-	0xD038A0	0x0
encoding_tree_2	6915	0x2377E30	key_handler	0xA9E	10	158	0xD03EB0	-
encoding_tree_2	6916	0x2377E40	null_or_data	0x0	-	-	0xB9F	-
encoding_tree_2	6917	0x2377E50	handler_value	-	-	-	0xCEEFD0	0x0
encoding_tree_2	6918	0x2377E60	key_handler	0x22A0	34	160	0xCEE9C0	-
encoding_tree_2	6919	0x2377E70	null_or_data	0x0	-	-	0x22A1	-
encoding_tree_2	6920	0x2377E80	handler_value	-	-	-	0xCEF590	0x0
encoding_tree_2	6921	0x2377E90	key_handler	0xBA2	11	162	0xCEDDF0	-
encoding_tree_2	6922	0x2377EA0	null_or_data	0x0	-	-	0x22A3	-
encoding_tree_2	6923	0x2377EB0	handler_value	-	-	-	0xCED7E0	0x0
encoding_tree_2	6924	0x2377EC0	key_handler	0x22A4	34	164	0xCEE3B0	-
encoding_tree_2	6925	0x2377ED0	null_or_data	0x0	-	-	0x3A5	-
encoding_tree_2	6926	0x2377EE0	handler_value	-	-	-	0xCF0160	0x0
encoding_tree_2	6927	0x2377EF0	key_handler	0x22A6	34	166	0xCEFBA0	-
encoding_tree_2	6928	0x2377F00	null_or_data	0x0	-	-	0x22A7	-
encoding_tree_2	6929	0x2377F10	handler_value	-	-	-	0xCF0730	0x0
encoding_tree_2	6930	0x2377F20	key_handler	0x7A8	7	168	0xCF12B0	-
encoding_tree_2	6931	0x2377F30	null_or_data	0x0	-	-	0x22A9	-
encoding_tree_2	6932	0x2377F40	handler_value	-	-	-	0xCF0CF0	0x0
encoding_tree_2	6933	0x2377F50	key_handler	0x22AA	34	170	0xCF1880	-
encoding_tree_2	6934	0x2377F60	null_or_data	0x0	-	-	0x5AB	-
encoding_tree_2	6935	0x2377F70	handler_value	-	-	-	0x174EB60	0x0
encoding_tree_2	6936	0x2377F80	key_handler	0x19AC	25	172	0x174FDB0	-
encoding_tree_2	6937	0x2377F90	null_or_data	0x0	-	-	0x5AD	-
encoding_tree_2	6938	0x2377FA0	handler_value	-	-	-	0x1750400	0x0
encoding_tree_2	6939	0x2377FB0	key_handler	0x19AE	25	174	0x174F160	-
encoding_tree_2	6940	0x2377FC0	null_or_data	0x0	-	-	0x5AF	-
encoding_tree_2	6941	0x2377FD0	handler_value	-	-	-	0x174F7B0	0x0
encoding_tree_2	6942	0x2377FE0	key_handler	0x19B0	25	176	0x1751000	-
encoding_tree_2	6943	0x2377FF0	null_or_data	0x0	-	-	0x13B1	-
encoding_tree_2	6944	0x2378000	handler_value	-	-	-	0x1750A00	0x0
encoding_tree_2	6945	0x2378010	key_handler	0x19B2	25	178	0x1751C50	-
encoding_tree_2	6946	0x2378020	null_or_data	0x0	-	-	0x13B3	-
encoding_tree_2	6947	0x2378030	handler_value	-	-	-	0x17522A0	0x0
encoding_tree_2	6948	0x2378040	key_handler	0x13B4	19	180	0x1751650	-
encoding_tree_2	6949	0x2378050	null_or_data	0x0	-	-	0x6B5	-
encoding_tree_2	6950	0x2378060	handler_value	-	-	-	0x1742810	0x0
encoding_tree_2	6951	0x2378070	key_handler	0x5B6	5	182	0x17422B0	-
encoding_tree_2	6952	0x2378080	null_or_data	0x0	-	-	0x5B7	-
encoding_tree_2	6953	0x2378090	handler_value	-	-	-	0x1742DD0	0x0
encoding_tree_2	6954	0x23780A0	key_handler	0x3B8	3	184	0x1484320	-
encoding_tree_2	6955	0x23780B0	null_or_data	0x0	-	-	0x3B9	-
encoding_tree_2	6956	0x23780C0	handler_value	-	-	-	0x1483720	0x0
encoding_tree_2	6957	0x23780D0	key_handler	0x5BA	5	186	0x1483D30	-
encoding_tree_2	6958	0x23780E0	null_or_data	0x0	-	-	0x3BB	-
encoding_tree_2	6959	0x23780F0	handler_value	-	-	-	0x1483140	0x0
encoding_tree_2	6960	0x2378100	key_handler	0x5BC	5	188	0x1482BB0	-
encoding_tree_2	6961	0x2378110	null_or_data	0x0	-	-	0x5BD	-
encoding_tree_2	6962	0x2378120	handler_value	-	-	-	0x17492F0	0x0
encoding_tree_2	6963	0x2378130	key_handler	0x19BE	25	190	0x174A4B0	-
encoding_tree_2	6964	0x2378140	null_or_data	0x0	-	-	0x5BF	-
encoding_tree_2	6965	0x2378150	handler_value	-	-	-	0x174AAD0	0x0
encoding_tree_2	6966	0x2378160	key_handler	0x19C0	25	192	0x17498C0	-
encoding_tree_2	6967	0x2378170	null_or_data	0x0	-	-	0x5C1	-
encoding_tree_2	6968	0x2378180	handler_value	-	-	-	0x1749EE0	0x0
encoding_tree_2	6969	0x2378190	key_handler	0x5C2	5	194	0x1480E90	-
encoding_tree_2	6970	0x23781A0	null_or_data	0x0	-	-	0x5C6	-
encoding_tree_2	6971	0x23781B0	handler_value	-	-	-	0x14885B0	0x0
encoding_tree_2	6972	0x23781C0	key_handler	0x5C7	5	199	0x1488AF0	-
encoding_tree_2	6973	0x23781D0	null_or_data	0x0	-	-	0x5C8	-
encoding_tree_2	6974	0x23781E0	handler_value	-	-	-	0x148F200	0x0
encoding_tree_2	6975	0x23781F0	key_handler	0x6C9	6	201	0x1489560	-
encoding_tree_2	6976	0x2378200	null_or_data	0x0	-	-	0x6CA	-
encoding_tree_2	6977	0x2378210	handler_value	-	-	-	0x1489000	0x0
encoding_tree_2	6978	0x2378220	key_handler	0xBCB	11	203	0x147F820	-
encoding_tree_2	6979	0x2378230	null_or_data	0x0	-	-	0x22CC	-
encoding_tree_2	6980	0x2378240	handler_value	-	-	-	0x14825D0	0x0
encoding_tree_2	6981	0x2378250	key_handler	0xBCD	11	205	0x148D0F0	-
encoding_tree_2	6982	0x2378260	null_or_data	0x0	-	-	0x22CE	-
encoding_tree_2	6983	0x2378270	handler_value	-	-	-	0x148D660	0x0
encoding_tree_2	6984	0x2378280	key_handler	0x3CF	3	207	0x147FDB0	-
encoding_tree_2	6985	0x2378290	null_or_data	0x0	-	-	0x5D0	-
encoding_tree_2	6986	0x23782A0	handler_value	-	-	-	0x14808F0	0x0
encoding_tree_2	6987	0x23782B0	key_handler	0x3D1	3	209	0x1485A10	-
encoding_tree_2	6988	0x23782C0	null_or_data	0x0	-	-	0x5D2	-
encoding_tree_2	6989	0x23782D0	handler_value	-	-	-	0x14854A0	0x0
encoding_tree_2	6990	0x23782E0	key_handler	0xBD3	11	211	0x147ED00	-
encoding_tree_2	6991	0x23782F0	null_or_data	0x0	-	-	0x22D4	-
encoding_tree_2	6992	0x2378300	handler_value	-	-	-	0x1481A10	0x0
encoding_tree_2	6993	0x2378310	key_handler	0xBD5	11	213	0x147E770	-
encoding_tree_2	6994	0x2378320	null_or_data	0x0	-	-	0x22D6	-
encoding_tree_2	6995	0x2378330	handler_value	-	-	-	0x1481430	0x0
encoding_tree_2	6996	0x2378340	key_handler	0x19D7	25	215	0x148E710	-
encoding_tree_2	6997	0x2378350	null_or_data	0x0	-	-	0x22D8	-
encoding_tree_2	6998	0x2378360	handler_value	-	-	-	0x148EC90	0x0
encoding_tree_2	6999	0x2378370	key_handler	0x5D9	5	217	0x148F740	-
encoding_tree_2	7000	0x2378380	null_or_data	0x0	-	-	0x3DA	-
encoding_tree_2	7001	0x2378390	handler_value	-	-	-	0x1490220	0x0
encoding_tree_2	7002	0x23783A0	key_handler	0x3DB	3	219	0x148FC80	-
encoding_tree_2	7003	0x23783B0	null_or_data	0x0	-	-	0x19DE	-
encoding_tree_2	7004	0x23783C0	handler_value	-	-	-	0x1486600	0x0
encoding_tree_2	7005	0x23783D0	key_handler	0x19DF	25	223	0x1486C70	-
encoding_tree_2	7006	0x23783E0	null_or_data	0x0	-	-	0x5E0	-
encoding_tree_2	7007	0x23783F0	handler_value	-	-	-	0x1485FE0	0x0
encoding_tree_2	7008	0x2378400	key_handler	0x3E1	3	225	0x14878E0	-
encoding_tree_2	7009	0x2378410	null_or_data	0x0	-	-	0x3E2	-
encoding_tree_2	7010	0x2378420	handler_value	-	-	-	0x1487F50	0x0
encoding_tree_2	7011	0x2378430	key_handler	0xAE3	10	227	0x14872D0	-
encoding_tree_2	7012	0x2378440	null_or_data	0x0	-	-	0x6E4	-
encoding_tree_2	7013	0x2378450	handler_value	-	-	-	0x14907C0	0x0
encoding_tree_2	7014	0x2378460	key_handler	0x5E5	5	229	0x1490D20	-
encoding_tree_2	7015	0x2378470	null_or_data	0x0	-	-	0x3E6	-
encoding_tree_2	7016	0x2378480	handler_value	-	-	-	0x1491230	0x0
encoding_tree_2	7017	0x2378490	key_handler	0x5E7	5	231	0x14917B0	-
encoding_tree_2	7018	0x23784A0	null_or_data	0x0	-	-	0x3E8	-
encoding_tree_2	7019	0x23784B0	handler_value	-	-	-	0x1493480	0x0
encoding_tree_2	7020	0x23784C0	key_handler	0xAE9	10	233	0x1493A90	-
encoding_tree_2	7021	0x23784D0	null_or_data	0x0	-	-	0x3EA	-
encoding_tree_2	7022	0x23784E0	handler_value	-	-	-	0x14928B0	0x0
encoding_tree_2	7023	0x23784F0	key_handler	0xAEB	10	235	0x1492EC0	-
encoding_tree_2	7024	0x2378500	null_or_data	0x0	-	-	0x3EC	-
encoding_tree_2	7025	0x2378510	handler_value	-	-	-	0x148C410	0x0
encoding_tree_2	7026	0x2378520	key_handler	0x3ED	3	237	0x148CA80	-
encoding_tree_2	7027	0x2378530	null_or_data	0x0	-	-	0xAEE	-
encoding_tree_2	7028	0x2378540	handler_value	-	-	-	0x148BDF0	0x0
encoding_tree_2	7029	0x2378550	key_handler	0x3EF	3	239	0x1491CE0	-
encoding_tree_2	7030	0x2378560	null_or_data	0x0	-	-	0xAF0	-
encoding_tree_2	7031	0x2378570	handler_value	-	-	-	0x14922F0	0x0
encoding_tree_2	7032	0x2378580	key_handler	0xBF1	11	241	0x148B830	-
encoding_tree_2	7033	0x2378590	null_or_data	0x0	-	-	0x22F2	-
encoding_tree_2	7034	0x23785A0	handler_value	-	-	-	0x148B220	0x0
encoding_tree_2	7035	0x23785B0	key_handler	0xBF3	11	243	0x148A0D0	-
encoding_tree_2	7036	0x23785C0	null_or_data	0x0	-	-	0x22F4	-
encoding_tree_2	7037	0x23785D0	handler_value	-	-	-	0x1489AC0	0x0
encoding_tree_2	7038	0x23785E0	key_handler	0x3F5	3	245	0x148AC50	-
encoding_tree_2	7039	0x23785F0	null_or_data	0x0	-	-	0x22F6	-
encoding_tree_2	7040	0x2378600	handler_value	-	-	-	0x148A690	0x0
encoding_tree_2	7041	0x2378610	key_handler	0x3F7	3	247	0x1484ED0	-
encoding_tree_2	7042	0x2378620	null_or_data	0x0	-	-	0x5F8	-
encoding_tree_2	7043	0x2378630	handler_value	-	-	-	0x1484960	0x0
encoding_tree_2	7044	0x2378640	key_handler	0x500	5	0	0xD0EF80	-
encoding_tree_2	7046	0x2378660	key_handler	0xA00	10	0	0xDDE920	-
encoding_tree_2	7047	0x2378670	null_or_data	0x0	-	-	0xA01	-
encoding_tree_2	7048	0x2378680	handler_value	-	-	-	0xDDEF10	0x0
encoding_tree_2	7049	0x2378690	key_handler	0xA02	10	2	0xDDF500	-
encoding_tree_2	7050	0x23786A0	null_or_data	0x0	-	-	0x503	-
encoding_tree_2	7051	0x23786B0	handler_value	-	-	-	0xDCFB70	0x0
encoding_tree_2	7052	0x23786C0	key_handler	0x504	5	4	0xDD00B0	-
encoding_tree_2	7053	0x23786D0	null_or_data	0x0	-	-	0x705	-
encoding_tree_2	7054	0x23786E0	handler_value	-	-	-	0xDD0C40	0x0
encoding_tree_2	7055	0x23786F0	key_handler	0x1306	19	6	0xDD0600	-
encoding_tree_2	7056	0x2378700	null_or_data	0x0	-	-	0x1307	-
encoding_tree_2	7057	0x2378710	handler_value	-	-	-	0xDD1280	0x0
encoding_tree_2	7058	0x2378720	key_handler	0x1908	25	8	0xDD3060	-
encoding_tree_2	7059	0x2378730	null_or_data	0x0	-	-	0x1309	-
encoding_tree_2	7060	0x2378740	handler_value	-	-	-	0xDD2A00	0x0
encoding_tree_2	7061	0x2378750	key_handler	0x130A	19	10	0xDD36C0	-
encoding_tree_2	7062	0x2378760	null_or_data	0x0	-	-	0x70B	-
encoding_tree_2	7063	0x2378770	handler_value	-	-	-	0xDD1E80	0x0
encoding_tree_2	7064	0x2378780	key_handler	0x50C	5	12	0xDD18C0	-
encoding_tree_2	7065	0x2378790	null_or_data	0x0	-	-	0x50D	-
encoding_tree_2	7066	0x23787A0	handler_value	-	-	-	0xDD2440	0x0
encoding_tree_2	7067	0x23787B0	key_handler	0x30E	3	14	0xDD4300	-
encoding_tree_2	7068	0x23787C0	null_or_data	0x0	-	-	0x50F	-
encoding_tree_2	7069	0x23787D0	handler_value	-	-	-	0xDD3D20	0x0
encoding_tree_2	7070	0x23787E0	key_handler	0x510	5	16	0xDD48F0	-
encoding_tree_2	7071	0x23787F0	null_or_data	0x0	-	-	0x2311	-
encoding_tree_2	7072	0x2378800	handler_value	-	-	-	0xDD55F0	0x0
encoding_tree_2	7073	0x2378810	key_handler	0x1312	19	18	0xDD4ED0	-
encoding_tree_2	7074	0x2378820	null_or_data	0x0	-	-	0x1313	-
encoding_tree_2	7075	0x2378830	handler_value	-	-	-	0xDD5D50	0x0
encoding_tree_2	7076	0x2378840	key_handler	0x2314	35	20	0xDD6B20	-
encoding_tree_2	7077	0x2378850	null_or_data	0x0	-	-	0x1315	-
encoding_tree_2	7078	0x2378860	handler_value	-	-	-	0xDD6470	0x0
encoding_tree_2	7079	0x2378870	key_handler	0x1316	19	22	0xDD71E0	-
encoding_tree_2	7080	0x2378880	null_or_data	0x0	-	-	0xA17	-
encoding_tree_2	7081	0x2378890	handler_value	-	-	-	0xDD7890	0x0
encoding_tree_2	7082	0x23788A0	key_handler	0x318	3	24	0xDD7E20	-
encoding_tree_2	7083	0x23788B0	null_or_data	0x0	-	-	0xA19	-
encoding_tree_2	7084	0x23788C0	handler_value	-	-	-	0xDD8400	0x0
encoding_tree_2	7085	0x23788D0	key_handler	0x31A	3	26	0xDD9E50	-
encoding_tree_2	7086	0x23788E0	null_or_data	0x0	-	-	0xA1B	-
encoding_tree_2	7087	0x23788F0	handler_value	-	-	-	0xDD98C0	0x0
encoding_tree_2	7088	0x2378900	key_handler	0xA1C	10	28	0xDDAE70	-
encoding_tree_2	7089	0x2378910	null_or_data	0x0	-	-	0x31D	-
encoding_tree_2	7090	0x2378920	handler_value	-	-	-	0xDDB480	0x0
encoding_tree_2	7091	0x2378930	key_handler	0xA1E	10	30	0xDDBAE0	-
encoding_tree_2	7092	0x2378940	null_or_data	0x0	-	-	0x31F	-
encoding_tree_2	7093	0x2378950	handler_value	-	-	-	0xDDD790	0x0
encoding_tree_2	7094	0x2378960	key_handler	0xA20	10	32	0xDDD180	-
encoding_tree_2	7095	0x2378970	null_or_data	0x0	-	-	0x521	-
encoding_tree_2	7096	0x2378980	handler_value	-	-	-	0xDD8990	0x0
encoding_tree_2	7097	0x2378990	key_handler	0x322	3	34	0xDD8E80	-
encoding_tree_2	7098	0x23789A0	null_or_data	0x0	-	-	0x523	-
encoding_tree_2	7099	0x23789B0	handler_value	-	-	-	0xDD93D0	0x0
encoding_tree_2	7100	0x23789C0	key_handler	0x324	3	36	0xDDA920	-
encoding_tree_2	7101	0x23789D0	null_or_data	0x0	-	-	0x525	-
encoding_tree_2	7102	0x23789E0	handler_value	-	-	-	0xDDA430	0x0
encoding_tree_2	7103	0x23789F0	key_handler	0x226	2	38	0xDDC0F0	-
encoding_tree_2	7104	0x2378A00	null_or_data	0x0	-	-	0x327	-
encoding_tree_2	7105	0x2378A10	handler_value	-	-	-	0xDDC650	0x0
encoding_tree_2	7106	0x2378A20	key_handler	0x228	2	40	0xDDCC20	-
encoding_tree_2	7107	0x2378A30	null_or_data	0x0	-	-	0x329	-
encoding_tree_2	7108	0x2378A40	handler_value	-	-	-	0xDDE350	0x0
encoding_tree_2	7109	0x2378A50	key_handler	0x22A	2	42	0xDDDDF0	-
encoding_tree_2	7110	0x2378A60	null_or_data	0x0	-	-	0x192B	-
encoding_tree_2	7111	0x2378A70	handler_value	-	-	-	0x14AF510	0x0
encoding_tree_2	7112	0x2378A80	key_handler	0x132C	19	44	0x14AFB70	-
encoding_tree_2	7113	0x2378A90	null_or_data	0x0	-	-	0x32D	-
encoding_tree_2	7114	0x2378AA0	handler_value	-	-	-	0x14B01D0	0x0
encoding_tree_2	7115	0x2378AB0	key_handler	0x52E	5	46	0x14B07C0	-
encoding_tree_2	7116	0x2378AC0	null_or_data	0x0	-	-	0xA2F	-
encoding_tree_2	7117	0x2378AD0	handler_value	-	-	-	0x14A8480	0x0
encoding_tree_2	7118	0x2378AE0	key_handler	0x730	7	48	0x14A8A10	-
encoding_tree_2	7119	0x2378AF0	null_or_data	0x0	-	-	0xA31	-
encoding_tree_2	7120	0x2378B00	handler_value	-	-	-	0x14A8FF0	0x0
encoding_tree_2	7121	0x2378B10	key_handler	0x732	7	50	0x14AAA40	-
encoding_tree_2	7122	0x2378B20	null_or_data	0x0	-	-	0xA33	-
encoding_tree_2	7123	0x2378B30	handler_value	-	-	-	0x14AA4B0	0x0
encoding_tree_2	7124	0x2378B40	key_handler	0xA34	10	52	0x14ABA60	-
encoding_tree_2	7125	0x2378B50	null_or_data	0x0	-	-	0x735	-
encoding_tree_2	7126	0x2378B60	handler_value	-	-	-	0x14AC070	0x0
encoding_tree_2	7127	0x2378B70	key_handler	0xA36	10	54	0x14AC6D0	-
encoding_tree_2	7128	0x2378B80	null_or_data	0x0	-	-	0x737	-
encoding_tree_2	7129	0x2378B90	handler_value	-	-	-	0x14AE380	0x0
encoding_tree_2	7130	0x2378BA0	key_handler	0xA38	10	56	0x14ADD70	-
encoding_tree_2	7131	0x2378BB0	null_or_data	0x0	-	-	0x539	-
encoding_tree_2	7132	0x2378BC0	handler_value	-	-	-	0x14A9580	0x0
encoding_tree_2	7133	0x2378BD0	key_handler	0x73A	7	58	0x14A9A70	-
encoding_tree_2	7134	0x2378BE0	null_or_data	0x0	-	-	0x53B	-
encoding_tree_2	7135	0x2378BF0	handler_value	-	-	-	0x14A9FC0	0x0
encoding_tree_2	7136	0x2378C00	key_handler	0x73C	7	60	0x14AB510	-
encoding_tree_2	7137	0x2378C10	null_or_data	0x0	-	-	0x53D	-
encoding_tree_2	7138	0x2378C20	handler_value	-	-	-	0x14AB020	0x0
encoding_tree_2	7139	0x2378C30	key_handler	0x23E	2	62	0x14ACCE0	-
encoding_tree_2	7140	0x2378C40	null_or_data	0x0	-	-	0x73F	-
encoding_tree_2	7141	0x2378C50	handler_value	-	-	-	0x14AD240	0x0
encoding_tree_2	7142	0x2378C60	key_handler	0x240	2	64	0x14AD810	-
encoding_tree_2	7143	0x2378C70	null_or_data	0x0	-	-	0x741	-
encoding_tree_2	7144	0x2378C80	handler_value	-	-	-	0x14AEF40	0x0
encoding_tree_2	7145	0x2378C90	key_handler	0x242	2	66	0x14AE9E0	-
encoding_tree_2	7148	0x2378CC0	key_handler	0x500	5	0	0x1764B60	-
encoding_tree_2	7149	0x2378CD0	null_or_data	0x0	-	-	0x1901	-
encoding_tree_2	7150	0x2378CE0	handler_value	-	-	-	0x17651F0	0x0
encoding_tree_2	7151	0x2378CF0	key_handler	0x502	5	2	0x1765850	-
encoding_tree_2	7152	0x2378D00	null_or_data	0x0	-	-	0x1903	-
encoding_tree_2	7153	0x2378D10	handler_value	-	-	-	0xD92C10	0x0
encoding_tree_2	7154	0x2378D20	key_handler	0x504	5	4	0xD925F0	-
encoding_tree_2	7155	0x2378D30	null_or_data	0x0	-	-	0x505	-
encoding_tree_2	7156	0x2378D40	handler_value	-	-	-	0xD93230	0x0
encoding_tree_2	7157	0x2378D50	key_handler	0x1906	25	6	0x1763E70	-
encoding_tree_2	7158	0x2378D60	null_or_data	0x0	-	-	0x507	-
encoding_tree_2	7159	0x2378D70	handler_value	-	-	-	0x17637E0	0x0
encoding_tree_2	7160	0x2378D80	key_handler	0x508	5	8	0x17644D0	-
encoding_tree_2	7161	0x2378D90	null_or_data	0x0	-	-	0x709	-
encoding_tree_2	7162	0x2378DA0	handler_value	-	-	-	0xD91A60	0x0
encoding_tree_2	7163	0x2378DB0	key_handler	0x50A	5	10	0xD91490	-
encoding_tree_2	7164	0x2378DC0	null_or_data	0x0	-	-	0x50B	-
encoding_tree_2	7165	0x2378DD0	handler_value	-	-	-	0xD92020	0x0
encoding_tree_2	7166	0x2378DE0	key_handler	0xD0C	13	12	0xD93EA0	-
encoding_tree_2	7167	0x2378DF0	null_or_data	0x0	-	-	0x50D	-
encoding_tree_2	7168	0x2378E00	handler_value	-	-	-	0xD93850	0x0
encoding_tree_2	7169	0x2378E10	key_handler	0x50E	5	14	0xD94530	-
encoding_tree_2	7170	0x2378E20	null_or_data	0x0	-	-	0x50F	-
encoding_tree_2	7171	0x2378E30	handler_value	-	-	-	0xD94B80	0x0
encoding_tree_2	7172	0x2378E40	key_handler	0x310	3	16	0xD95080	-
encoding_tree_2	7173	0x2378E50	null_or_data	0x0	-	-	0x511	-
encoding_tree_2	7174	0x2378E60	handler_value	-	-	-	0xD955D0	0x0
encoding_tree_2	7175	0x2378E70	key_handler	0x512	5	18	0xD95AD0	-
encoding_tree_2	7176	0x2378E80	null_or_data	0x0	-	-	0x313	-
encoding_tree_2	7177	0x2378E90	handler_value	-	-	-	0xD95FD0	0x0
encoding_tree_2	7178	0x2378EA0	key_handler	0x514	5	20	0xD96520	-
encoding_tree_2	7179	0x2378EB0	null_or_data	0x0	-	-	0x315	-
encoding_tree_2	7180	0x2378EC0	handler_value	-	-	-	0xD97EA0	0x0
encoding_tree_2	7181	0x2378ED0	key_handler	0x516	5	22	0xD979A0	-
encoding_tree_2	7182	0x2378EE0	null_or_data	0x0	-	-	0x217	-
encoding_tree_2	7183	0x2378EF0	handler_value	-	-	-	0xD96A20	0x0
encoding_tree_2	7184	0x2378F00	key_handler	0x318	3	24	0xD96F30	-
encoding_tree_2	7185	0x2378F10	null_or_data	0x0	-	-	0x219	-
encoding_tree_2	7186	0x2378F20	handler_value	-	-	-	0xD97490	0x0
encoding_tree_2	7187	0x2378F30	key_handler	0x31A	3	26	0xD98900	-
encoding_tree_2	7188	0x2378F40	null_or_data	0x0	-	-	0x21B	-
encoding_tree_2	7189	0x2378F50	handler_value	-	-	-	0xD983F0	0x0
encoding_tree_2	7190	0x2378F60	key_handler	0x191C	25	28	0x14A5A90	-
encoding_tree_2	7191	0x2378F70	null_or_data	0x0	-	-	0x51D	-
encoding_tree_2	7192	0x2378F80	handler_value	-	-	-	0x14A5460	0x0
encoding_tree_2	7193	0x2378F90	key_handler	0x31E	3	30	0x14A65C0	-
encoding_tree_2	7194	0x2378FA0	null_or_data	0x0	-	-	0x21F	-
encoding_tree_2	7195	0x2378FB0	handler_value	-	-	-	0x14A60B0	0x0
encoding_tree_2	7196	0x2378FC0	key_handler	0x600	6	0	0xCB9DD0	-
encoding_tree_2	7197	0x2378FD0	null_or_data	0x0	-	-	0x601	-
encoding_tree_2	7198	0x2378FE0	handler_value	-	-	-	0xCBA2F0	0x0
encoding_tree_2	7199	0x2378FF0	key_handler	0x502	5	2	0xCBB780	-
encoding_tree_2	7200	0x2379000	null_or_data	0x0	-	-	0x503	-
encoding_tree_2	7201	0x2379010	handler_value	-	-	-	0xCBBCF0	0x0
encoding_tree_2	7202	0x2379020	key_handler	0x2204	34	4	0x1738920	-
encoding_tree_2	7203	0x2379030	null_or_data	0x0	-	-	0x507	-
encoding_tree_2	7204	0x2379040	handler_value	-	-	-	0xCBD380	0x0
encoding_tree_2	7205	0x2379050	key_handler	0x1308	19	8	0xCBD9B0	-
encoding_tree_2	7206	0x2379060	null_or_data	0x0	-	-	0x509	-
encoding_tree_2	7207	0x2379070	handler_value	-	-	-	0x1738F30	0x0
encoding_tree_2	7208	0x2379080	key_handler	0x60A	6	10	0xCBA810	-
encoding_tree_2	7209	0x2379090	null_or_data	0x0	-	-	0x60B	-
encoding_tree_2	7210	0x23790A0	handler_value	-	-	-	0xCB98B0	0x0
encoding_tree_2	7211	0x23790B0	key_handler	0x60C	6	12	0xCB9390	-
encoding_tree_2	7212	0x23790C0	null_or_data	0x0	-	-	0x60D	-
encoding_tree_2	7213	0x23790D0	handler_value	-	-	-	0xCBAD30	0x0
encoding_tree_2	7214	0x23790E0	key_handler	0x50E	5	14	0xCBB280	-
encoding_tree_2	7215	0x23790F0	null_or_data	0x0	-	-	0x50F	-
encoding_tree_2	7216	0x2379100	handler_value	-	-	-	0xCBC2B0	0x0
encoding_tree_2	7218	0x2379120	key_handler	0x1300	19	0	0x175B250	-
encoding_tree_2	7219	0x2379130	null_or_data	0x0	-	-	0x1301	-
encoding_tree_2	7220	0x2379140	handler_value	-	-	-	0x175B940	0x0
encoding_tree_2	7221	0x2379150	key_handler	0x1302	19	2	0x175AB50	-
encoding_tree_2	7222	0x2379160	null_or_data	0x0	-	-	0x1903	-
encoding_tree_2	7223	0x2379170	handler_value	-	-	-	0xD16DE0	0x0
encoding_tree_2	7224	0x2379180	key_handler	0x1904	25	4	0xD18190	-
encoding_tree_2	7225	0x2379190	null_or_data	0x0	-	-	0x1305	-
encoding_tree_2	7226	0x23791A0	handler_value	-	-	-	0xD17B00	0x0
encoding_tree_2	7227	0x23791B0	key_handler	0x1306	19	6	0xD18820	-
encoding_tree_2	7228	0x23791C0	null_or_data	0x0	-	-	0x1307	-
encoding_tree_2	7229	0x23791D0	handler_value	-	-	-	0xD17470	0x0
encoding_tree_2	7230	0x23791E0	key_handler	0x1908	25	8	0x1759CA0	-
encoding_tree_2	7231	0x23791F0	null_or_data	0x0	-	-	0x1909	-
encoding_tree_2	7232	0x2379200	handler_value	-	-	-	0x1758DF0	0x0
encoding_tree_2	7233	0x2379210	key_handler	0x130A	19	10	0x1758680	-
encoding_tree_2	7234	0x2379220	null_or_data	0x0	-	-	0x130B	-
encoding_tree_2	7235	0x2379230	handler_value	-	-	-	0x1759530	0x0
encoding_tree_2	7236	0x2379240	key_handler	0x130C	19	12	0x175A3E0	-
encoding_tree_2	7237	0x2379250	null_or_data	0x0	-	-	0x70D	-
encoding_tree_2	7238	0x2379260	handler_value	-	-	-	0xD14E30	0x0
encoding_tree_2	7239	0x2379270	key_handler	0x70E	7	14	0xD16140	-
encoding_tree_2	7240	0x2379280	null_or_data	0x0	-	-	0xA0F	-
encoding_tree_2	7241	0x2379290	handler_value	-	-	-	0xD15AE0	0x0
encoding_tree_2	7242	0x23792A0	key_handler	0xA10	10	16	0xD16780	-
encoding_tree_2	7243	0x23792B0	null_or_data	0x0	-	-	0xA11	-
encoding_tree_2	7244	0x23792C0	handler_value	-	-	-	0xD15480	0x0
encoding_tree_2	7245	0x23792D0	key_handler	0xD12	13	18	0xD1D610	-
encoding_tree_2	7246	0x23792E0	null_or_data	0x0	-	-	0xD13	-
encoding_tree_2	7247	0x23792F0	handler_value	-	-	-	0xD1EA90	0x0
encoding_tree_2	7248	0x2379300	key_handler	0x1314	19	20	0xD1E3E0	-
encoding_tree_2	7249	0x2379310	null_or_data	0x0	-	-	0x1315	-
encoding_tree_2	7250	0x2379320	handler_value	-	-	-	0xD1F1B0	0x0
encoding_tree_2	7251	0x2379330	key_handler	0x1316	19	22	0xD1DD30	-
encoding_tree_2	7252	0x2379340	null_or_data	0x0	-	-	0xD17	-
encoding_tree_2	7253	0x2379350	handler_value	-	-	-	0xD1F860	0x0
encoding_tree_2	7254	0x2379360	key_handler	0xD18	13	24	0xD20DA0	-
encoding_tree_2	7255	0x2379370	null_or_data	0x0	-	-	0x1319	-
encoding_tree_2	7256	0x2379380	handler_value	-	-	-	0xD206B0	0x0
encoding_tree_2	7257	0x2379390	key_handler	0x131A	19	26	0xD21500	-
encoding_tree_2	7258	0x23793A0	null_or_data	0x0	-	-	0x131B	-
encoding_tree_2	7259	0x23793B0	handler_value	-	-	-	0xD1FFC0	0x0
encoding_tree_2	7260	0x23793C0	key_handler	0x231C	35	28	0xD195E0	-
encoding_tree_2	7261	0x23793D0	null_or_data	0x0	-	-	0x231D	-
encoding_tree_2	7262	0x23793E0	handler_value	-	-	-	0xD1C770	0x0
encoding_tree_2	7263	0x23793F0	key_handler	0x131E	19	30	0xD1C040	-
encoding_tree_2	7264	0x2379400	null_or_data	0x0	-	-	0x131F	-
encoding_tree_2	7265	0x2379410	handler_value	-	-	-	0xD1CEE0	0x0
encoding_tree_2	7266	0x2379420	key_handler	0x1320	19	32	0xD1B910	-
encoding_tree_2	7267	0x2379430	null_or_data	0x0	-	-	0x2321	-
encoding_tree_2	7268	0x2379440	handler_value	-	-	-	0xD18EB0	0x0
encoding_tree_2	7269	0x2379450	key_handler	0x2322	35	34	0xD1AB10	-
encoding_tree_2	7270	0x2379460	null_or_data	0x0	-	-	0x1323	-
encoding_tree_2	7271	0x2379470	handler_value	-	-	-	0xD1A430	0x0
encoding_tree_2	7272	0x2379480	key_handler	0x1324	19	36	0xD1B230	-
encoding_tree_2	7273	0x2379490	null_or_data	0x0	-	-	0x1325	-
encoding_tree_2	7274	0x23794A0	handler_value	-	-	-	0xD19D50	0x0
encoding_tree_2	7275	0x23794B0	key_handler	0x1326	19	38	0x175C750	-
encoding_tree_2	7276	0x23794C0	null_or_data	0x0	-	-	0x1927	-
encoding_tree_2	7277	0x23794D0	handler_value	-	-	-	0x175C040	0x0
encoding_tree_2	7278	0x23794E0	key_handler	0x1328	19	40	0x175DCE0	-
encoding_tree_2	7279	0x23794F0	null_or_data	0x0	-	-	0x1929	-
encoding_tree_2	7280	0x2379500	handler_value	-	-	-	0x175CE90	0x0
encoding_tree_2	7281	0x2379510	key_handler	0x132A	19	42	0x175D5A0	-
encoding_tree_2	7282	0x2379520	null_or_data	0x0	-	-	0x132B	-
encoding_tree_2	7283	0x2379530	handler_value	-	-	-	0x1495400	0x0
encoding_tree_2	7284	0x2379540	key_handler	0x192C	25	44	0x1494050	-
encoding_tree_2	7285	0x2379550	null_or_data	0x0	-	-	0x192D	-
encoding_tree_2	7286	0x2379560	handler_value	-	-	-	0x1494D70	0x0
encoding_tree_2	7287	0x2379570	key_handler	0x132E	19	46	0x14946E0	-
encoding_tree_2	7290	0x23795A0	key_handler	0x700	7	0	0xC72B10	-
encoding_tree_2	7291	0x23795B0	null_or_data	0x0	-	-	0xA01	-
encoding_tree_2	7292	0x23795C0	handler_value	-	-	-	0xC72530	0x0
encoding_tree_2	7293	0x23795D0	key_handler	0x502	5	2	0x17347D0	-
encoding_tree_2	7294	0x23795E0	null_or_data	0x0	-	-	0x303	-
encoding_tree_2	7295	0x23795F0	handler_value	-	-	-	0x17341B0	0x0
encoding_tree_2	7296	0x2379600	key_handler	0x504	5	4	0x1734E40	-
encoding_tree_2	7297	0x2379610	null_or_data	0x0	-	-	0x705	-
encoding_tree_2	7298	0x2379620	handler_value	-	-	-	0xC70270	0x0
encoding_tree_2	7299	0x2379630	key_handler	0x206	2	6	0xC6FD20	-
encoding_tree_2	7300	0x2379640	null_or_data	0x0	-	-	0x307	-
encoding_tree_2	7301	0x2379650	handler_value	-	-	-	0xC6C300	0x0
encoding_tree_2	7302	0x2379660	key_handler	0x508	5	8	0xC6BCE0	-
encoding_tree_2	7303	0x2379670	null_or_data	0x0	-	-	0x509	-
encoding_tree_2	7304	0x2379680	handler_value	-	-	-	0xC6C920	0x0
encoding_tree_2	7305	0x2379690	key_handler	0x50A	5	10	0x17334F0	-
encoding_tree_2	7306	0x23796A0	null_or_data	0x0	-	-	0x50B	-
encoding_tree_2	7307	0x23796B0	handler_value	-	-	-	0x1733B50	0x0
encoding_tree_2	7308	0x23796C0	key_handler	0x190C	25	12	0x1732E90	-
encoding_tree_2	7309	0x23796D0	null_or_data	0x0	-	-	0x50D	-
encoding_tree_2	7310	0x23796E0	handler_value	-	-	-	0x1732170	0x0
encoding_tree_2	7311	0x23796F0	key_handler	0x50E	5	14	0x1732800	-
encoding_tree_2	7312	0x2379700	null_or_data	0x0	-	-	0x70F	-
encoding_tree_2	7313	0x2379710	handler_value	-	-	-	0xC6B720	0x0
encoding_tree_2	7314	0x2379720	key_handler	0x510	5	16	0xC6AB80	-
encoding_tree_2	7315	0x2379730	null_or_data	0x0	-	-	0x511	-
encoding_tree_2	7316	0x2379740	handler_value	-	-	-	0xC6B150	0x0
encoding_tree_2	7317	0x2379750	key_handler	0xD12	13	18	0xC6D590	-
encoding_tree_2	7318	0x2379760	null_or_data	0x0	-	-	0x513	-
encoding_tree_2	7319	0x2379770	handler_value	-	-	-	0xC6CF40	0x0
encoding_tree_2	7320	0x2379780	key_handler	0x514	5	20	0xC6DC20	-
encoding_tree_2	7321	0x2379790	null_or_data	0x0	-	-	0x515	-
encoding_tree_2	7322	0x23797A0	handler_value	-	-	-	0x147BAC0	0x0
encoding_tree_2	7323	0x23797B0	key_handler	0x316	3	22	0x147C030	-
encoding_tree_2	7324	0x23797C0	null_or_data	0x0	-	-	0x517	-
encoding_tree_2	7325	0x23797D0	handler_value	-	-	-	0x147C5B0	0x0
encoding_tree_2	7326	0x23797E0	key_handler	0xA18	10	24	0xC707D0	-
encoding_tree_2	7327	0x23797F0	null_or_data	0x0	-	-	0x319	-
encoding_tree_2	7328	0x2379800	handler_value	-	-	-	0xC71390	0x0
encoding_tree_2	7329	0x2379810	key_handler	0xA1A	10	26	0xC70DB0	-
encoding_tree_2	7330	0x2379820	null_or_data	0x0	-	-	0x31B	-
encoding_tree_2	7331	0x2379830	handler_value	-	-	-	0xC71F50	0x0
encoding_tree_2	7332	0x2379840	key_handler	0xA1C	10	28	0xC71970	-
encoding_tree_2	7333	0x2379850	null_or_data	0x0	-	-	0x51D	-
encoding_tree_2	7334	0x2379860	handler_value	-	-	-	0x147D680	0x0
encoding_tree_2	7335	0x2379870	key_handler	0x31E	3	30	0x147DC20	-
encoding_tree_2	7336	0x2379880	null_or_data	0x0	-	-	0x51F	-
encoding_tree_2	7337	0x2379890	handler_value	-	-	-	0x147E1D0	0x0
encoding_tree_2	7338	0x23798A0	key_handler	0x220	2	32	0xC6E270	-
encoding_tree_2	7339	0x23798B0	null_or_data	0x0	-	-	0x321	-
encoding_tree_2	7340	0x23798C0	handler_value	-	-	-	0xC6ED10	0x0
encoding_tree_2	7341	0x23798D0	key_handler	0x222	2	34	0xC6E7C0	-
encoding_tree_2	7342	0x23798E0	null_or_data	0x0	-	-	0x323	-
encoding_tree_2	7343	0x23798F0	handler_value	-	-	-	0xC6F7C0	0x0
encoding_tree_2	7344	0x2379900	key_handler	0x224	2	36	0xC6F270	-
encoding_tree_2	7345	0x2379910	null_or_data	0x0	-	-	0xA25	-
encoding_tree_2	7346	0x2379920	handler_value	-	-	-	0x1478B80	0x0
encoding_tree_2	7347	0x2379930	key_handler	0x726	7	38	0x1479740	-
encoding_tree_2	7348	0x2379940	null_or_data	0x0	-	-	0xA27	-
encoding_tree_2	7349	0x2379950	handler_value	-	-	-	0x1479160	0x0
encoding_tree_2	7350	0x2379960	key_handler	0x228	2	40	0x1477B80	-
encoding_tree_2	7351	0x2379970	null_or_data	0x0	-	-	0x729	-
encoding_tree_2	7352	0x2379980	handler_value	-	-	-	0x1478620	0x0
encoding_tree_2	7353	0x2379990	key_handler	0x22A	2	42	0x14780D0	-
encoding_tree_2	7354	0x23799A0	null_or_data	0x0	-	-	0x32B	-
encoding_tree_2	7355	0x23799B0	handler_value	-	-	-	0x1479D20	0x0
encoding_tree_2	7356	0x23799C0	key_handler	0x52C	5	44	0x147A340	-
encoding_tree_2	7357	0x23799D0	null_or_data	0x0	-	-	0x52D	-
encoding_tree_2	7358	0x23799E0	handler_value	-	-	-	0x147A960	0x0
encoding_tree_2	7359	0x23799F0	key_handler	0x32E	3	46	0x147AFC0	-
encoding_tree_2	7360	0x2379A00	null_or_data	0x0	-	-	0x52F	-
encoding_tree_2	7361	0x2379A10	handler_value	-	-	-	0x147B550	0x0
encoding_tree_2	7362	0x2379A20	key_handler	0x330	3	48	0x147CB20	-
encoding_tree_2	7363	0x2379A30	null_or_data	0x0	-	-	0x531	-
encoding_tree_2	7364	0x2379A40	handler_value	-	-	-	0x147D0E0	0x0
encoding_tree_2	7366	0x2379A60	key_handler	0x500	5	0	0xD8EDB0	-
encoding_tree_2	7367	0x2379A70	null_or_data	0x0	-	-	0x501	-
encoding_tree_2	7368	0x2379A80	handler_value	-	-	-	0xD8CF40	0x0
encoding_tree_2	7369	0x2379A90	key_handler	0x502	5	2	0xD90190	-
encoding_tree_2	7370	0x2379AA0	null_or_data	0x0	-	-	0x503	-
encoding_tree_2	7371	0x2379AB0	handler_value	-	-	-	0xD90630	0x0
encoding_tree_2	7372	0x2379AC0	key_handler	0x304	3	4	0xD8DDA0	-
encoding_tree_2	7373	0x2379AD0	null_or_data	0x0	-	-	0x305	-
encoding_tree_2	7374	0x2379AE0	handler_value	-	-	-	0xD8E300	0x0
encoding_tree_2	7375	0x2379AF0	key_handler	0x506	5	6	0xD8FCF0	-
encoding_tree_2	7376	0x2379B00	null_or_data	0x0	-	-	0x507	-
encoding_tree_2	7377	0x2379B10	handler_value	-	-	-	0xD90AE0	0x0
encoding_tree_2	7378	0x2379B20	key_handler	0x308	3	8	0xD8E860	-
encoding_tree_2	7379	0x2379B30	null_or_data	0x0	-	-	0x309	-
encoding_tree_2	7380	0x2379B40	handler_value	-	-	-	0xD8F290	0x0
encoding_tree_2	7381	0x2379B50	key_handler	0x50A	5	10	0xD8F7F0	-
encoding_tree_2	7382	0x2379B60	null_or_data	0x0	-	-	0x50B	-
encoding_tree_2	7383	0x2379B70	handler_value	-	-	-	0xD8C110	0x0
encoding_tree_2	7384	0x2379B80	key_handler	0x60C	6	12	0xD8C5B0	-
encoding_tree_2	7385	0x2379B90	null_or_data	0x0	-	-	0x50D	-
encoding_tree_2	7386	0x2379BA0	handler_value	-	-	-	0xD8CAA0	0x0
encoding_tree_2	7387	0x2379BB0	key_handler	0x60E	6	14	0xD8D8A0	-
encoding_tree_2	7388	0x2379BC0	null_or_data	0x0	-	-	0x50F	-
encoding_tree_2	7389	0x2379BD0	handler_value	-	-	-	0xD8D400	0x0
encoding_tree_2	7390	0x2379BE0	key_handler	0x510	5	16	0x14A3C80	-
encoding_tree_2	7391	0x2379BF0	null_or_data	0x0	-	-	0x711	-
encoding_tree_2	7392	0x2379C00	handler_value	-	-	-	0x14A45C0	0x0
encoding_tree_2	7393	0x2379C10	key_handler	0x512	5	18	0x14A4120	-
encoding_tree_2	7394	0x2379C20	null_or_data	0x0	-	-	0x713	-
encoding_tree_2	7395	0x2379C30	handler_value	-	-	-	0x14A4F60	0x0
encoding_tree_2	7396	0x2379C40	key_handler	0x514	5	20	0x14A4AC0	-
encoding_tree_2	7398	0x2379C60	key_handler	0x700	7	0	0xCBE550	-
encoding_tree_2	7399	0x2379C70	null_or_data	0x0	-	-	0x701	-
encoding_tree_2	7400	0x2379C80	handler_value	-	-	-	0xCBE030	0x0
encoding_tree_2	7401	0x2379C90	key_handler	0x702	7	2	0xCBEAA0	-
encoding_tree_2	7402	0x2379CA0	null_or_data	0x0	-	-	0x503	-
encoding_tree_2	7403	0x2379CB0	handler_value	-	-	-	0xCBFFB0	0x0
encoding_tree_2	7404	0x2379CC0	key_handler	0x704	7	4	0xCBF510	-
encoding_tree_2	7405	0x2379CD0	null_or_data	0x0	-	-	0x705	-
encoding_tree_2	7406	0x2379CE0	handler_value	-	-	-	0xCBEFF0	0x0
encoding_tree_2	7407	0x2379CF0	key_handler	0x506	5	6	0xCC0480	-
encoding_tree_2	7408	0x2379D00	null_or_data	0x0	-	-	0x707	-
encoding_tree_2	7409	0x2379D10	handler_value	-	-	-	0xCBFA60	0x0
encoding_tree_2	7410	0x2379D20	key_handler	0x500	5	0	0xCC1720	-
encoding_tree_2	7411	0x2379D30	null_or_data	0x0	-	-	0x501	-
encoding_tree_2	7412	0x2379D40	handler_value	-	-	-	0x173C1A0	0x0
encoding_tree_2	7413	0x2379D50	key_handler	0x502	5	2	0x173BD20	-
encoding_tree_2	7416	0x2379D80	key_handler	0x300	3	0	0xDB36B0	-
encoding_tree_2	7417	0x2379D90	null_or_data	0x0	-	-	0x601	-
encoding_tree_2	7418	0x2379DA0	handler_value	-	-	-	0x176ABB0	0x0
encoding_tree_2	7419	0x2379DB0	key_handler	0x602	6	2	0x176A6D0	-
encoding_tree_2	7420	0x2379DC0	null_or_data	0x0	-	-	0x603	-
encoding_tree_2	7421	0x2379DD0	handler_value	-	-	-	0xDB3BC0	0x0
encoding_tree_2	7422	0x2379DE0	key_handler	0x700	7	0	0xCB8340	-
encoding_tree_2	7423	0x2379DF0	null_or_data	0x0	-	-	0x701	-
