# entry_format={u64 dispatch_opcode, u64 handler_ptr, u64 padding} opcode_encoding=(format_id << 8) | minor_opcode
table_id	start_va	dispatch_opcode	dispatch_opcode_hex	format_id	minor_opcode	handler_va	entry_format
sm50_7x	0x22E7AD0	1	0x0001	0	1	0xE23DF0	A
sm50_7x	0x22E7AD0	2	0x0002	0	2	0xCD0890	A
sm50_7x	0x22E7AD0	4	0x0004	0	4	0xE2E7C0	A
sm50_7x	0x22E7AD0	6	0x0006	0	6	0xE350F0	A
sm50_7x	0x22E7AD0	8	0x0008	0	8	0xE33B80	A
sm50_7x	0x22E7AD0	10	0x000A	0	10	0xE35630	A
sm50_7x	0x22E7AD0	12	0x000C	0	12	0xE340A0	A
sm50_7x	0x22E7AD0	14	0x000E	0	14	0xE30A00	A
sm50_7x	0x22E7AD0	512	0x0200	2	0	0xCB54F0	A
sm50_7x	0x22E7AD0	512	0x0200	2	0	0xD0AA50	A
sm50_7x	0x22E7AD0	512	0x0200	2	0	0xD5A7B0	A
sm50_7x	0x22E7AD0	512	0x0200	2	0	0xE3F3D0	A
sm50_7x	0x22E7AD0	512	0x0200	2	0	0xE445E0	B
sm50_7x	0x22E7AD0	512	0x0200	2	0	0xE47D20	A
sm50_7x	0x22E7AD0	512	0x0200	2	0	0xE5B3D0	A
sm50_7x	0x22E7AD0	512	0x0200	2	0	0xE6C270	A
sm50_7x	0x22E7AD0	512	0x0200	2	0	0xEA6B80	B
sm50_7x	0x22E7AD0	512	0x0200	2	0	0xEA6FE0	B
sm50_7x	0x22E7AD0	512	0x0200	2	0	0xEA7440	B
sm50_7x	0x22E7AD0	513	0x0201	2	1	0xD0A4E0	A
sm50_7x	0x22E7AD0	513	0x0201	2	1	0xD0B530	A
sm50_7x	0x22E7AD0	513	0x0201	2	1	0xDCB560	A
sm50_7x	0x22E7AD0	513	0x0201	2	1	0xDF05D0	A
sm50_7x	0x22E7AD0	513	0x0201	2	1	0xE44A20	A
sm50_7x	0x22E7AD0	513	0x0201	2	1	0xE46320	B
sm50_7x	0x22E7AD0	513	0x0201	2	1	0xE46790	A
sm50_7x	0x22E7AD0	513	0x0201	2	1	0xE6F740	A
sm50_7x	0x22E7AD0	514	0x0202	2	2	0xC7B6B0	A
sm50_7x	0x22E7AD0	514	0x0202	2	2	0xC7D190	A
sm50_7x	0x22E7AD0	514	0x0202	2	2	0xD0AFC0	A
sm50_7x	0x22E7AD0	514	0x0202	2	2	0xDB5030	A
sm50_7x	0x22E7AD0	514	0x0202	2	2	0xDE1A00	A
sm50_7x	0x22E7AD0	514	0x0202	2	2	0xDEFFB0	A
sm50_7x	0x22E7AD0	514	0x0202	2	2	0xE453E0	A
sm50_7x	0x22E7AD0	514	0x0202	2	2	0xE6F290	A
sm50_7x	0x22E7AD0	514	0x0202	2	2	0xEA9C20	A
sm50_7x	0x22E7AD0	515	0x0203	2	3	0xD09F70	A
sm50_7x	0x22E7AD0	515	0x0203	2	3	0xD69950	A
sm50_7x	0x22E7AD0	515	0x0203	2	3	0xD84DF0	A
sm50_7x	0x22E7AD0	515	0x0203	2	3	0xDCA620	A
sm50_7x	0x22E7AD0	515	0x0203	2	3	0xDF0BD0	A
sm50_7x	0x22E7AD0	516	0x0204	2	4	0xC7A6C0	A
sm50_7x	0x22E7AD0	516	0x0204	2	4	0xC7C1A0	A
sm50_7x	0x22E7AD0	516	0x0204	2	4	0xC81C00	A
sm50_7x	0x22E7AD0	516	0x0204	2	4	0xDAD530	A
sm50_7x	0x22E7AD0	516	0x0204	2	4	0xDB45B0	A
sm50_7x	0x22E7AD0	516	0x0204	2	4	0xE1EBD0	A
sm50_7x	0x22E7AD0	516	0x0204	2	4	0xE705A0	A
sm50_7x	0x22E7AD0	517	0x0205	2	5	0xD6A5B0	A
sm50_7x	0x22E7AD0	517	0x0205	2	5	0xD85A50	A
sm50_7x	0x22E7AD0	517	0x0205	2	5	0xDA7C50	A
sm50_7x	0x22E7AD0	517	0x0205	2	5	0xDE3BD0	A
sm50_7x	0x22E7AD0	517	0x0205	2	5	0xDEEAA0	A
sm50_7x	0x22E7AD0	517	0x0205	2	5	0xE700F0	A
sm50_7x	0x22E7AD0	518	0x0206	2	6	0xC70270	A
sm50_7x	0x22E7AD0	518	0x0206	2	6	0xDB5FC0	A
sm50_7x	0x22E7AD0	519	0x0207	2	7	0xDA4D90	A
sm50_7x	0x22E7AD0	519	0x0207	2	7	0xDE3600	A
sm50_7x	0x22E7AD0	519	0x0207	2	7	0xDEFA40	A
sm50_7x	0x22E7AD0	520	0x0208	2	8	0xC85510	A
sm50_7x	0x22E7AD0	520	0x0208	2	8	0xDB0E40	A
sm50_7x	0x22E7AD0	520	0x0208	2	8	0xE224E0	A
sm50_7x	0x22E7AD0	521	0x0209	2	9	0xDA76B0	A
sm50_7x	0x22E7AD0	528	0x0210	2	16	0xD595C0	A
sm50_7x	0x22E7AD0	530	0x0212	2	18	0xCA5700	A
sm50_7x	0x22E7AD0	530	0x0212	2	18	0xD4F0B0	A
sm50_7x	0x22E7AD0	532	0x0214	2	20	0xC842F0	A
sm50_7x	0x22E7AD0	532	0x0214	2	20	0xCA8820	A
sm50_7x	0x22E7AD0	532	0x0214	2	20	0xD4FB60	A
sm50_7x	0x22E7AD0	532	0x0214	2	20	0xDAFC20	A
sm50_7x	0x22E7AD0	532	0x0214	2	20	0xE212C0	A
sm50_7x	0x22E7AD0	533	0x0215	2	21	0xC82720	A
sm50_7x	0x22E7AD0	533	0x0215	2	21	0xDAE050	A
sm50_7x	0x22E7AD0	533	0x0215	2	21	0xE1F6F0	A
sm50_7x	0x22E7AD0	534	0x0216	2	22	0xC821C0	A
sm50_7x	0x22E7AD0	534	0x0216	2	22	0xDADAF0	A
sm50_7x	0x22E7AD0	534	0x0216	2	22	0xE1F190	A
sm50_7x	0x22E7AD0	535	0x0217	2	23	0xD59050	A
sm50_7x	0x22E7AD0	535	0x0217	2	23	0xD979A0	A
sm50_7x	0x22E7AD0	537	0x0219	2	25	0xD96F30	A
sm50_7x	0x22E7AD0	539	0x021B	2	27	0xD98900	A
sm50_7x	0x22E7AD0	540	0x021C	2	28	0xD88630	A
sm50_7x	0x22E7AD0	542	0x021E	2	30	0xCAAD00	A
sm50_7x	0x22E7AD0	542	0x021E	2	30	0xD89210	A
sm50_7x	0x22E7AD0	544	0x0220	2	32	0xC74A90	A
sm50_7x	0x22E7AD0	544	0x0220	2	32	0xCA8220	A
sm50_7x	0x22E7AD0	546	0x0222	2	34	0xC6ED10	A
sm50_7x	0x22E7AD0	548	0x0224	2	36	0xC6F7C0	A
sm50_7x	0x22E7AD0	550	0x0226	2	38	0xDDA430	A
sm50_7x	0x22E7AD0	552	0x0228	2	40	0xDDC650	A
sm50_7x	0x22E7AD0	554	0x022A	2	42	0xDDE350	A
sm50_7x	0x22E7AD0	768	0x0300	3	0	0xE83570	A
sm50_7x	0x22E7AD0	768	0x0300	3	0	0xEA9270	A
sm50_7x	0x22E7AD0	769	0x0301	3	1	0xC7AC30	A
sm50_7x	0x22E7AD0	769	0x0301	3	1	0xC7C710	A
sm50_7x	0x22E7AD0	769	0x0301	3	1	0xC92210	A
sm50_7x	0x22E7AD0	769	0x0301	3	1	0xCB05C0	A
sm50_7x	0x22E7AD0	769	0x0301	3	1	0xCB1FC0	A
sm50_7x	0x22E7AD0	769	0x0301	3	1	0xD07240	A
sm50_7x	0x22E7AD0	769	0x0301	3	1	0xD224D0	A
sm50_7x	0x22E7AD0	769	0x0301	3	1	0xD32C30	A
sm50_7x	0x22E7AD0	769	0x0301	3	1	0xD38E20	A
sm50_7x	0x22E7AD0	769	0x0301	3	1	0xD43D10	A
sm50_7x	0x22E7AD0	769	0x0301	3	1	0xD67AA0	A
sm50_7x	0x22E7AD0	769	0x0301	3	1	0xD82F40	A
sm50_7x	0x22E7AD0	769	0x0301	3	1	0xDA58A0	A
sm50_7x	0x22E7AD0	769	0x0301	3	1	0xDB40A0	A
sm50_7x	0x22E7AD0	769	0x0301	3	1	0xDC8C70	A
sm50_7x	0x22E7AD0	769	0x0301	3	1	0xDDFAF0	A
sm50_7x	0x22E7AD0	769	0x0301	3	1	0xDE1490	A
sm50_7x	0x22E7AD0	769	0x0301	3	1	0xDE8840	A
sm50_7x	0x22E7AD0	769	0x0301	3	1	0xDEAB30	A
sm50_7x	0x22E7AD0	769	0x0301	3	1	0xE0A930	A
sm50_7x	0x22E7AD0	769	0x0301	3	1	0xE65180	A
sm50_7x	0x22E7AD0	769	0x0301	3	1	0xE683A0	A
sm50_7x	0x22E7AD0	769	0x0301	3	1	0xE69E80	A
sm50_7x	0x22E7AD0	769	0x0301	3	1	0xE6AED0	A
sm50_7x	0x22E7AD0	769	0x0301	3	1	0xE75D40	A
sm50_7x	0x22E7AD0	769	0x0301	3	1	0xE80880	A
sm50_7x	0x22E7AD0	769	0x0301	3	1	0xE82370	A
sm50_7x	0x22E7AD0	769	0x0301	3	1	0xE8FFF0	A
sm50_7x	0x22E7AD0	769	0x0301	3	1	0xEA8D30	A
sm50_7x	0x22E7AD0	770	0x0302	3	2	0xC810C0	A
sm50_7x	0x22E7AD0	770	0x0302	3	2	0xC8CDD0	A
sm50_7x	0x22E7AD0	770	0x0302	3	2	0xD22F20	A
sm50_7x	0x22E7AD0	770	0x0302	3	2	0xD3A0A0	A
sm50_7x	0x22E7AD0	770	0x0302	3	2	0xD57F70	A
sm50_7x	0x22E7AD0	770	0x0302	3	2	0xD5D3D0	A
sm50_7x	0x22E7AD0	770	0x0302	3	2	0xDAC9F0	A
sm50_7x	0x22E7AD0	770	0x0302	3	2	0xDE8D10	A
sm50_7x	0x22E7AD0	770	0x0302	3	2	0xE1E090	A
sm50_7x	0x22E7AD0	770	0x0302	3	2	0xE64C00	A
sm50_7x	0x22E7AD0	770	0x0302	3	2	0xE688F0	A
sm50_7x	0x22E7AD0	770	0x0302	3	2	0xE69960	A
sm50_7x	0x22E7AD0	770	0x0302	3	2	0xE80DD0	A
sm50_7x	0x22E7AD0	770	0x0302	3	2	0xE81E50	A
sm50_7x	0x22E7AD0	770	0x0302	3	2	0xEA8810	A
sm50_7x	0x22E7AD0	771	0x0303	3	3	0xC7BC60	A
sm50_7x	0x22E7AD0	771	0x0303	3	3	0xC7D740	A
sm50_7x	0x22E7AD0	771	0x0303	3	3	0xC7F8C0	A
sm50_7x	0x22E7AD0	771	0x0303	3	3	0xC8D3D0	A
sm50_7x	0x22E7AD0	771	0x0303	3	3	0xCB1030	A
sm50_7x	0x22E7AD0	771	0x0303	3	3	0xCB2A10	A
sm50_7x	0x22E7AD0	771	0x0303	3	3	0xD07730	A
sm50_7x	0x22E7AD0	771	0x0303	3	3	0xD0BFB0	A
sm50_7x	0x22E7AD0	771	0x0303	3	3	0xD447D0	A
sm50_7x	0x22E7AD0	771	0x0303	3	3	0xD601B0	A
sm50_7x	0x22E7AD0	771	0x0303	3	3	0xD68560	A
sm50_7x	0x22E7AD0	771	0x0303	3	3	0xD83A00	A
sm50_7x	0x22E7AD0	771	0x0303	3	3	0xDA62B0	A
sm50_7x	0x22E7AD0	771	0x0303	3	3	0xDAB1F0	A
sm50_7x	0x22E7AD0	771	0x0303	3	3	0xDB55A0	A
sm50_7x	0x22E7AD0	771	0x0303	3	3	0xDC26E0	A
sm50_7x	0x22E7AD0	771	0x0303	3	3	0xDCA120	A
sm50_7x	0x22E7AD0	771	0x0303	3	3	0xDCCD10	A
sm50_7x	0x22E7AD0	771	0x0303	3	3	0xDE0540	A
sm50_7x	0x22E7AD0	771	0x0303	3	3	0xDE25B0	A
sm50_7x	0x22E7AD0	771	0x0303	3	3	0xDEB580	A
sm50_7x	0x22E7AD0	771	0x0303	3	3	0xDF91B0	A
sm50_7x	0x22E7AD0	771	0x0303	3	3	0xE01F30	A
sm50_7x	0x22E7AD0	771	0x0303	3	3	0xE0BEA0	A
sm50_7x	0x22E7AD0	771	0x0303	3	3	0xE1C890	A
sm50_7x	0x22E7AD0	771	0x0303	3	3	0xE65700	A
sm50_7x	0x22E7AD0	771	0x0303	3	3	0xE693B0	A
sm50_7x	0x22E7AD0	771	0x0303	3	3	0xE818A0	A
sm50_7x	0x22E7AD0	771	0x0303	3	3	0xEA82A0	A
sm50_7x	0x22E7AD0	772	0x0304	3	4	0xC92800	A
sm50_7x	0x22E7AD0	772	0x0304	3	4	0xD0CA50	A
sm50_7x	0x22E7AD0	772	0x0304	3	4	0xD27720	A
sm50_7x	0x22E7AD0	772	0x0304	3	4	0xD39440	A
sm50_7x	0x22E7AD0	772	0x0304	3	4	0xD61830	A
sm50_7x	0x22E7AD0	772	0x0304	3	4	0xD6A0A0	A
sm50_7x	0x22E7AD0	772	0x0304	3	4	0xD85540	A
sm50_7x	0x22E7AD0	772	0x0304	3	4	0xD90630	A
sm50_7x	0x22E7AD0	772	0x0304	3	4	0xDC36B0	A
sm50_7x	0x22E7AD0	772	0x0304	3	4	0xDE1FD0	A
sm50_7x	0x22E7AD0	772	0x0304	3	4	0xDE9230	A
sm50_7x	0x22E7AD0	772	0x0304	3	4	0xDEE590	A
sm50_7x	0x22E7AD0	772	0x0304	3	4	0xE916C0	A
sm50_7x	0x22E7AD0	773	0x0305	3	5	0xC77860	A
sm50_7x	0x22E7AD0	773	0x0305	3	5	0xD30F80	A
sm50_7x	0x22E7AD0	773	0x0305	3	5	0xD3B950	A
sm50_7x	0x22E7AD0	773	0x0305	3	5	0xD8DDA0	A
sm50_7x	0x22E7AD0	773	0x0305	3	5	0xDB4B20	A
sm50_7x	0x22E7AD0	773	0x0305	3	5	0xDEA0F0	A
sm50_7x	0x22E7AD0	773	0x0305	3	5	0xE91B60	A
sm50_7x	0x22E7AD0	774	0x0306	3	6	0xC81660	A
sm50_7x	0x22E7AD0	774	0x0306	3	6	0xC8E030	A
sm50_7x	0x22E7AD0	774	0x0306	3	6	0xCDC6D0	A
sm50_7x	0x22E7AD0	774	0x0306	3	6	0xD314F0	A
sm50_7x	0x22E7AD0	774	0x0306	3	6	0xD42B80	A
sm50_7x	0x22E7AD0	774	0x0306	3	6	0xD53240	A
sm50_7x	0x22E7AD0	774	0x0306	3	6	0xD63D00	A
sm50_7x	0x22E7AD0	774	0x0306	3	6	0xD7F1A0	A
sm50_7x	0x22E7AD0	774	0x0306	3	6	0xDA4820	A
sm50_7x	0x22E7AD0	774	0x0306	3	6	0xDACF90	A
sm50_7x	0x22E7AD0	774	0x0306	3	6	0xDE2B20	A
sm50_7x	0x22E7AD0	774	0x0306	3	6	0xDEF010	A
sm50_7x	0x22E7AD0	774	0x0306	3	6	0xE0C8F0	A
sm50_7x	0x22E7AD0	774	0x0306	3	6	0xE1E630	A
sm50_7x	0x22E7AD0	774	0x0306	3	6	0xE90BB0	A
sm50_7x	0x22E7AD0	775	0x0307	3	7	0xC6FD20	A
sm50_7x	0x22E7AD0	775	0x0307	3	7	0xC77EF0	A
sm50_7x	0x22E7AD0	775	0x0307	3	7	0xC83D90	A
sm50_7x	0x22E7AD0	775	0x0307	3	7	0xC90A40	A
sm50_7x	0x22E7AD0	775	0x0307	3	7	0xD30A00	A
sm50_7x	0x22E7AD0	775	0x0307	3	7	0xDAF6C0	A
sm50_7x	0x22E7AD0	775	0x0307	3	7	0xE0D3F0	A
sm50_7x	0x22E7AD0	775	0x0307	3	7	0xE20D60	A
sm50_7x	0x22E7AD0	775	0x0307	3	7	0xE90600	A
sm50_7x	0x22E7AD0	776	0x0308	3	8	0xC91610	A
sm50_7x	0x22E7AD0	776	0x0308	3	8	0xD3D730	A
sm50_7x	0x22E7AD0	776	0x0308	3	8	0xD43750	A
sm50_7x	0x22E7AD0	776	0x0308	3	8	0xD5FCB0	A
sm50_7x	0x22E7AD0	776	0x0308	3	8	0xD90AE0	A
sm50_7x	0x22E7AD0	776	0x0308	3	8	0xDA5330	A
sm50_7x	0x22E7AD0	776	0x0308	3	8	0xE92110	A
sm50_7x	0x22E7AD0	777	0x0309	3	9	0xD537B0	A
sm50_7x	0x22E7AD0	777	0x0309	3	9	0xD60C90	A
sm50_7x	0x22E7AD0	777	0x0309	3	9	0xD8E860	A
sm50_7x	0x22E7AD0	777	0x0309	3	9	0xE926A0	A
sm50_7x	0x22E7AD0	778	0x030A	3	10	0xC74FC0	A
sm50_7x	0x22E7AD0	778	0x030A	3	10	0xC91C00	A
sm50_7x	0x22E7AD0	778	0x030A	3	10	0xD3DD70	A
sm50_7x	0x22E7AD0	779	0x030B	3	11	0xC8A320	A
sm50_7x	0x22E7AD0	779	0x030B	3	11	0xD54F70	A
sm50_7x	0x22E7AD0	779	0x030B	3	11	0xDC2BE0	A
sm50_7x	0x22E7AD0	780	0x030C	3	12	0xC75580	A
sm50_7x	0x22E7AD0	780	0x030C	3	12	0xC7FE20	A
sm50_7x	0x22E7AD0	780	0x030C	3	12	0xC8BB80	A
sm50_7x	0x22E7AD0	780	0x030C	3	12	0xDAB750	A
sm50_7x	0x22E7AD0	780	0x030C	3	12	0xDC4230	A
sm50_7x	0x22E7AD0	780	0x030C	3	12	0xDE51D0	A
sm50_7x	0x22E7AD0	780	0x030C	3	12	0xE1CDF0	A
sm50_7x	0x22E7AD0	781	0x030D	3	13	0xC7E840	A
sm50_7x	0x22E7AD0	781	0x030D	3	13	0xD348B0	A
sm50_7x	0x22E7AD0	781	0x030D	3	13	0xD543B0	A
sm50_7x	0x22E7AD0	781	0x030D	3	13	0xDAA170	A
sm50_7x	0x22E7AD0	781	0x030D	3	13	0xDE5D70	A
sm50_7x	0x22E7AD0	781	0x030D	3	13	0xE1B810	A
sm50_7x	0x22E7AD0	782	0x030E	3	14	0xCA2430	A
sm50_7x	0x22E7AD0	782	0x030E	3	14	0xD359B0	A
sm50_7x	0x22E7AD0	782	0x030E	3	14	0xD59B90	A
sm50_7x	0x22E7AD0	782	0x030E	3	14	0xDD2440	A
sm50_7x	0x22E7AD0	783	0x030F	3	15	0xDFAF60	A
sm50_7x	0x22E7AD0	784	0x0310	3	16	0xC80450	A
sm50_7x	0x22E7AD0	784	0x0310	3	16	0xCA3FA0	A
sm50_7x	0x22E7AD0	784	0x0310	3	16	0xD34E50	A
sm50_7x	0x22E7AD0	784	0x0310	3	16	0xD66B50	A
sm50_7x	0x22E7AD0	784	0x0310	3	16	0xD81FF0	A
sm50_7x	0x22E7AD0	784	0x0310	3	16	0xD94B80	A
sm50_7x	0x22E7AD0	784	0x0310	3	16	0xDABD80	A
sm50_7x	0x22E7AD0	784	0x0310	3	16	0xDE6F20	A
sm50_7x	0x22E7AD0	784	0x0310	3	16	0xDFF1B0	A
sm50_7x	0x22E7AD0	784	0x0310	3	16	0xE1D420	A
sm50_7x	0x22E7AD0	785	0x0311	3	17	0xC837B0	A
sm50_7x	0x22E7AD0	785	0x0311	3	17	0xD37060	A
sm50_7x	0x22E7AD0	785	0x0311	3	17	0xD4F620	A
sm50_7x	0x22E7AD0	785	0x0311	3	17	0xDAF0E0	A
sm50_7x	0x22E7AD0	785	0x0311	3	17	0xDE6930	A
sm50_7x	0x22E7AD0	785	0x0311	3	17	0xDFF780	A
sm50_7x	0x22E7AD0	785	0x0311	3	17	0xE20780	A
sm50_7x	0x22E7AD0	786	0x0312	3	18	0xDFEC00	A
sm50_7x	0x22E7AD0	787	0x0313	3	19	0xD2A310	A
sm50_7x	0x22E7AD0	787	0x0313	3	19	0xD50650	A
sm50_7x	0x22E7AD0	787	0x0313	3	19	0xD95AD0	A
sm50_7x	0x22E7AD0	787	0x0313	3	19	0xDF3B00	A
sm50_7x	0x22E7AD0	788	0x0314	3	20	0xD2E8B0	A
sm50_7x	0x22E7AD0	788	0x0314	3	20	0xD3C5E0	A
sm50_7x	0x22E7AD0	788	0x0314	3	20	0xDF4690	A
sm50_7x	0x22E7AD0	789	0x0315	3	21	0xD2EE90	A
sm50_7x	0x22E7AD0	789	0x0315	3	21	0xD50110	A
sm50_7x	0x22E7AD0	789	0x0315	3	21	0xD96520	A
sm50_7x	0x22E7AD0	790	0x0316	3	22	0xC730F0	A
sm50_7x	0x22E7AD0	790	0x0316	3	22	0xD2E310	A
sm50_7x	0x22E7AD0	790	0x0316	3	22	0xD3CBA0	A
sm50_7x	0x22E7AD0	790	0x0316	3	22	0xD58AA0	A
sm50_7x	0x22E7AD0	791	0x0317	3	23	0xD23450	A
sm50_7x	0x22E7AD0	791	0x0317	3	23	0xDF85A0	A
sm50_7x	0x22E7AD0	792	0x0318	3	24	0xD24070	A
sm50_7x	0x22E7AD0	792	0x0318	3	24	0xD96A20	A
sm50_7x	0x22E7AD0	792	0x0318	3	24	0xDD7890	A
sm50_7x	0x22E7AD0	792	0x0318	3	24	0xDF7430	A
sm50_7x	0x22E7AD0	793	0x0319	3	25	0xC707D0	A
sm50_7x	0x22E7AD0	793	0x0319	3	25	0xD37BF0	A
sm50_7x	0x22E7AD0	793	0x0319	3	25	0xDF7FC0	A
sm50_7x	0x22E7AD0	794	0x031A	3	26	0xCAB9D0	A
sm50_7x	0x22E7AD0	794	0x031A	3	26	0xD26A50	A
sm50_7x	0x22E7AD0	794	0x031A	3	26	0xD56760	A
sm50_7x	0x22E7AD0	794	0x031A	3	26	0xD97490	A
sm50_7x	0x22E7AD0	794	0x031A	3	26	0xDD8400	A
sm50_7x	0x22E7AD0	794	0x031A	3	26	0xDF79E0	A
sm50_7x	0x22E7AD0	795	0x031B	3	27	0xC70DB0	A
sm50_7x	0x22E7AD0	795	0x031B	3	27	0xD38200	A
sm50_7x	0x22E7AD0	796	0x031C	3	28	0xCA7B80	A
sm50_7x	0x22E7AD0	796	0x031C	3	28	0xD32600	A
sm50_7x	0x22E7AD0	796	0x031C	3	28	0xD56170	A
sm50_7x	0x22E7AD0	796	0x031C	3	28	0xE01910	A
sm50_7x	0x22E7AD0	797	0x031D	3	29	0xD2F410	A
sm50_7x	0x22E7AD0	797	0x031D	3	29	0xD88D00	A
sm50_7x	0x22E7AD0	797	0x031D	3	29	0xDDAE70	A
sm50_7x	0x22E7AD0	797	0x031D	3	29	0xDFFD00	A
sm50_7x	0x22E7AD0	798	0x031E	3	30	0xC74010	A
sm50_7x	0x22E7AD0	798	0x031E	3	30	0xCC5B50	A
sm50_7x	0x22E7AD0	798	0x031E	3	30	0xD337F0	A
sm50_7x	0x22E7AD0	798	0x031E	3	30	0xE00D80	A
sm50_7x	0x22E7AD0	799	0x031F	3	31	0xCC3C70	A
sm50_7x	0x22E7AD0	799	0x031F	3	31	0xD747B0	A
sm50_7x	0x22E7AD0	799	0x031F	3	31	0xDDBAE0	A
sm50_7x	0x22E7AD0	799	0x031F	3	31	0xDF4C70	A
sm50_7x	0x22E7AD0	800	0x0320	3	32	0xD33D80	A
sm50_7x	0x22E7AD0	800	0x0320	3	32	0xD51C30	A
sm50_7x	0x22E7AD0	800	0x0320	3	32	0xDF5800	A
sm50_7x	0x22E7AD0	801	0x0321	3	33	0xC6E270	A
sm50_7x	0x22E7AD0	801	0x0321	3	33	0xD24CD0	A
sm50_7x	0x22E7AD0	801	0x0321	3	33	0xDF5220	A
sm50_7x	0x22E7AD0	802	0x0322	3	34	0xD29700	A
sm50_7x	0x22E7AD0	802	0x0322	3	34	0xD516C0	A
sm50_7x	0x22E7AD0	802	0x0322	3	34	0xDD8990	A
sm50_7x	0x22E7AD0	802	0x0322	3	34	0xDFA3C0	A
sm50_7x	0x22E7AD0	803	0x0323	3	35	0xC6E7C0	A
sm50_7x	0x22E7AD0	803	0x0323	3	35	0xD2BC60	A
sm50_7x	0x22E7AD0	803	0x0323	3	35	0xDFC770	A
sm50_7x	0x22E7AD0	804	0x0324	3	36	0xD2A9A0	A
sm50_7x	0x22E7AD0	804	0x0324	3	36	0xDD93D0	A
sm50_7x	0x22E7AD0	804	0x0324	3	36	0xDFB580	A
sm50_7x	0x22E7AD0	805	0x0325	3	37	0xD2F960	A
sm50_7x	0x22E7AD0	805	0x0325	3	37	0xE00250	A
sm50_7x	0x22E7AD0	806	0x0326	3	38	0xCAB3B0	A
sm50_7x	0x22E7AD0	806	0x0326	3	38	0xD32020	A
sm50_7x	0x22E7AD0	806	0x0326	3	38	0xE01330	A
sm50_7x	0x22E7AD0	807	0x0327	3	39	0xD25990	A
sm50_7x	0x22E7AD0	807	0x0327	3	39	0xDDC0F0	A
sm50_7x	0x22E7AD0	807	0x0327	3	39	0xDF5DE0	A
sm50_7x	0x22E7AD0	808	0x0328	3	40	0xCA74E0	A
sm50_7x	0x22E7AD0	808	0x0328	3	40	0xD264B0	A
sm50_7x	0x22E7AD0	808	0x0328	3	40	0xDF68A0	A
sm50_7x	0x22E7AD0	809	0x0329	3	41	0xDDCC20	A
sm50_7x	0x22E7AD0	810	0x032A	3	42	0xC953B0	A
sm50_7x	0x22E7AD0	811	0x032B	3	43	0xC8E6B0	A
sm50_7x	0x22E7AD0	812	0x032C	3	44	0xC8F280	A
sm50_7x	0x22E7AD0	814	0x032E	3	46	0xC8F870	A
sm50_7x	0x22E7AD0	815	0x032F	3	47	0xC86030	A
sm50_7x	0x22E7AD0	815	0x032F	3	47	0xD78050	A
sm50_7x	0x22E7AD0	816	0x0330	3	48	0xC86C00	A
sm50_7x	0x22E7AD0	816	0x0330	3	48	0xCF8EF0	A
sm50_7x	0x22E7AD0	818	0x0332	3	50	0xCA0FC0	A
sm50_7x	0x22E7AD0	820	0x0334	3	52	0xCA39C0	A
sm50_7x	0x22E7AD0	821	0x0335	3	53	0xC89D10	A
sm50_7x	0x22E7AD0	822	0x0336	3	54	0xC90460	A
sm50_7x	0x22E7AD0	823	0x0337	3	55	0xC8FE80	A
sm50_7x	0x22E7AD0	824	0x0338	3	56	0xC877D0	A
sm50_7x	0x22E7AD0	826	0x033A	3	58	0xCAEAF0	A
sm50_7x	0x22E7AD0	826	0x033A	3	58	0xCE41C0	A
sm50_7x	0x22E7AD0	828	0x033C	3	60	0xC9E120	A
sm50_7x	0x22E7AD0	830	0x033E	3	62	0xCACF40	A
sm50_7x	0x22E7AD0	832	0x0340	3	64	0xC9E750	A
sm50_7x	0x22E7AD0	835	0x0343	3	67	0xC9F960	A
sm50_7x	0x22E7AD0	836	0x0344	3	68	0xC9C9D0	A
sm50_7x	0x22E7AD0	838	0x0346	3	70	0xC9FF90	A
sm50_7x	0x22E7AD0	846	0x034E	3	78	0xD00340	A
sm50_7x	0x22E7AD0	847	0x034F	3	79	0xD00E10	A
sm50_7x	0x22E7AD0	854	0x0356	3	86	0xCDD870	A
sm50_7x	0x22E7AD0	872	0x0368	3	104	0xCEC820	A
sm50_7x	0x22E7AD0	899	0x0383	3	131	0xD02300	A
sm50_7x	0x22E7AD0	902	0x0386	3	134	0xD05600	A
sm50_7x	0x22E7AD0	905	0x0389	3	137	0xD04470	A
sm50_7x	0x22E7AD0	913	0x0391	3	145	0xCF2A10	A
sm50_7x	0x22E7AD0	919	0x0397	3	151	0xCF5EE0	A
sm50_7x	0x22E7AD0	921	0x0399	3	153	0xCF64A0	A
sm50_7x	0x22E7AD0	925	0x039D	3	157	0xD032E0	A
sm50_7x	0x22E7AD0	933	0x03A5	3	165	0xCEE3B0	A
sm50_7x	0x22E7AD0	952	0x03B8	3	184	0xCDEEF0	A
sm50_7x	0x22E7AD0	953	0x03B9	3	185	0xCFD160	A
sm50_7x	0x22E7AD0	955	0x03BB	3	187	0xCFCBC0	A
sm50_7x	0x22E7AD0	1280	0x0500	5	0	0xC6A6C0	A
sm50_7x	0x22E7AD0	1280	0x0500	5	0	0xCB8890	A
sm50_7x	0x22E7AD0	1280	0x0500	5	0	0xCBFA60	A
sm50_7x	0x22E7AD0	1280	0x0500	5	0	0xCE5E60	A
sm50_7x	0x22E7AD0	1280	0x0500	5	0	0xD35F70	A
sm50_7x	0x22E7AD0	1280	0x0500	5	0	0xDA3A30	A
sm50_7x	0x22E7AD0	1280	0x0500	5	0	0xDBA720	A
sm50_7x	0x22E7AD0	1280	0x0500	5	0	0xDC4D30	A
sm50_7x	0x22E7AD0	1280	0x0500	5	0	0xDE3090	A
sm50_7x	0x22E7AD0	1280	0x0500	5	0	0xDE7B90	A
sm50_7x	0x22E7AD0	1280	0x0500	5	0	0xE29F40	A
sm50_7x	0x22E7AD0	1280	0x0500	5	0	0xE3C820	A
sm50_7x	0x22E7AD0	1280	0x0500	5	0	0xE437E0	A
sm50_7x	0x22E7AD0	1280	0x0500	5	0	0xE46790	B
sm50_7x	0x22E7AD0	1280	0x0500	5	0	0xE49480	A
sm50_7x	0x22E7AD0	1280	0x0500	5	0	0xE65C70	A
sm50_7x	0x22E7AD0	1280	0x0500	5	0	0xE749D0	A
sm50_7x	0x22E7AD0	1280	0x0500	5	0	0xE79E20	A
sm50_7x	0x22E7AD0	1280	0x0500	5	0	0xEA6710	B
sm50_7x	0x22E7AD0	1280	0x0500	5	0	0xEAB810	B
sm50_7x	0x22E7AD0	1280	0x0500	5	0	0xEAF5D0	A
sm50_7x	0x22E7AD0	1280	0x0500	5	0	0xEB20E0	A
sm50_7x	0x22E7AD0	1280	0x0500	5	0	0xEB2630	B
sm50_7x	0x22E7AD0	1281	0x0501	5	1	0xC6A200	A
sm50_7x	0x22E7AD0	1281	0x0501	5	1	0xCC1280	A
sm50_7x	0x22E7AD0	1281	0x0501	5	1	0xCC2BE0	A
sm50_7x	0x22E7AD0	1281	0x0501	5	1	0xCCEA80	A
sm50_7x	0x22E7AD0	1281	0x0501	5	1	0xCD0D60	A
sm50_7x	0x22E7AD0	1281	0x0501	5	1	0xD0DF80	A
sm50_7x	0x22E7AD0	1281	0x0501	5	1	0xD0F9C0	A
sm50_7x	0x22E7AD0	1281	0x0501	5	1	0xD11850	A
sm50_7x	0x22E7AD0	1281	0x0501	5	1	0xD22060	A
sm50_7x	0x22E7AD0	1281	0x0501	5	1	0xD41B80	A
sm50_7x	0x22E7AD0	1281	0x0501	5	1	0xD5CEA0	A
sm50_7x	0x22E7AD0	1281	0x0501	5	1	0xD8EDB0	A
sm50_7x	0x22E7AD0	1281	0x0501	5	1	0xDA3F40	A
sm50_7x	0x22E7AD0	1281	0x0501	5	1	0xDB8490	A
sm50_7x	0x22E7AD0	1281	0x0501	5	1	0xDC7C70	A
sm50_7x	0x22E7AD0	1281	0x0501	5	1	0xDED500	A
sm50_7x	0x22E7AD0	1281	0x0501	5	1	0xDF2B00	A
sm50_7x	0x22E7AD0	1281	0x0501	5	1	0xE059E0	A
sm50_7x	0x22E7AD0	1281	0x0501	5	1	0xE0C3D0	A
sm50_7x	0x22E7AD0	1281	0x0501	5	1	0xE0E5C0	A
sm50_7x	0x22E7AD0	1281	0x0501	5	1	0xE2D520	A
sm50_7x	0x22E7AD0	1281	0x0501	5	1	0xE31410	A
sm50_7x	0x22E7AD0	1281	0x0501	5	1	0xE37DF0	A
sm50_7x	0x22E7AD0	1281	0x0501	5	1	0xE3AE30	A
sm50_7x	0x22E7AD0	1281	0x0501	5	1	0xE42EE0	A
sm50_7x	0x22E7AD0	1281	0x0501	5	1	0xE44170	A
sm50_7x	0x22E7AD0	1281	0x0501	5	1	0xE47830	A
sm50_7x	0x22E7AD0	1281	0x0501	5	1	0xE48FB0	A
sm50_7x	0x22E7AD0	1281	0x0501	5	1	0xE6BDD0	A
sm50_7x	0x22E7AD0	1281	0x0501	5	1	0xE71A50	A
sm50_7x	0x22E7AD0	1281	0x0501	5	1	0xE73F10	A
sm50_7x	0x22E7AD0	1281	0x0501	5	1	0xE7C190	A
sm50_7x	0x22E7AD0	1281	0x0501	5	1	0xEAA9C0	A
sm50_7x	0x22E7AD0	1281	0x0501	5	1	0xEAB810	A
sm50_7x	0x22E7AD0	1281	0x0501	5	1	0xEABC80	B
sm50_7x	0x22E7AD0	1281	0x0501	5	1	0xEB1C00	B
sm50_7x	0x22E7AD0	1281	0x0501	5	1	0xEB2630	A
sm50_7x	0x22E7AD0	1282	0x0502	5	2	0xC69D10	A
sm50_7x	0x22E7AD0	1282	0x0502	5	2	0xCB0AE0	A
sm50_7x	0x22E7AD0	1282	0x0502	5	2	0xCB24C0	A
sm50_7x	0x22E7AD0	1282	0x0502	5	2	0xCB6AC0	A
sm50_7x	0x22E7AD0	1282	0x0502	5	2	0xCBA2F0	A
sm50_7x	0x22E7AD0	1282	0x0502	5	2	0xCC3130	A
sm50_7x	0x22E7AD0	1282	0x0502	5	2	0xD07C30	A
sm50_7x	0x22E7AD0	1282	0x0502	5	2	0xD0E4A0	A
sm50_7x	0x22E7AD0	1282	0x0502	5	2	0xD0F400	A
sm50_7x	0x22E7AD0	1282	0x0502	5	2	0xD14990	A
sm50_7x	0x22E7AD0	1282	0x0502	5	2	0xD420A0	A
sm50_7x	0x22E7AD0	1282	0x0502	5	2	0xD5E360	A
sm50_7x	0x22E7AD0	1282	0x0502	5	2	0xD8CF40	A
sm50_7x	0x22E7AD0	1282	0x0502	5	2	0xDA5D90	A
sm50_7x	0x22E7AD0	1282	0x0502	5	2	0xDB2300	A
sm50_7x	0x22E7AD0	1282	0x0502	5	2	0xDB89B0	A
sm50_7x	0x22E7AD0	1282	0x0502	5	2	0xDC8190	A
sm50_7x	0x22E7AD0	1282	0x0502	5	2	0xDCBA70	A
sm50_7x	0x22E7AD0	1282	0x0502	5	2	0xDDFFF0	A
sm50_7x	0x22E7AD0	1282	0x0502	5	2	0xDEB030	A
sm50_7x	0x22E7AD0	1282	0x0502	5	2	0xDEDA50	A
sm50_7x	0x22E7AD0	1282	0x0502	5	2	0xDF3020	A
sm50_7x	0x22E7AD0	1282	0x0502	5	2	0xE05F00	A
sm50_7x	0x22E7AD0	1282	0x0502	5	2	0xE2DE70	A
sm50_7x	0x22E7AD0	1282	0x0502	5	2	0xE38750	A
sm50_7x	0x22E7AD0	1282	0x0502	5	2	0xE42A40	A
sm50_7x	0x22E7AD0	1282	0x0502	5	2	0xE43350	A
sm50_7x	0x22E7AD0	1282	0x0502	5	2	0xE46320	A
sm50_7x	0x22E7AD0	1282	0x0502	5	2	0xE46C90	B
sm50_7x	0x22E7AD0	1282	0x0502	5	2	0xE71420	A
sm50_7x	0x22E7AD0	1282	0x0502	5	2	0xE739D0	A
sm50_7x	0x22E7AD0	1282	0x0502	5	2	0xE75350	A
sm50_7x	0x22E7AD0	1282	0x0502	5	2	0xE7C680	A
sm50_7x	0x22E7AD0	1282	0x0502	5	2	0xE91170	A
sm50_7x	0x22E7AD0	1283	0x0503	5	3	0xCAF5A0	A
sm50_7x	0x22E7AD0	1283	0x0503	5	3	0xCBB780	A
sm50_7x	0x22E7AD0	1283	0x0503	5	3	0xCBEAA0	A
sm50_7x	0x22E7AD0	1283	0x0503	5	3	0xCC84A0	A
sm50_7x	0x22E7AD0	1283	0x0503	5	3	0xD10A10	A
sm50_7x	0x22E7AD0	1283	0x0503	5	3	0xD5C440	A
sm50_7x	0x22E7AD0	1283	0x0503	5	3	0xD90190	A
sm50_7x	0x22E7AD0	1283	0x0503	5	3	0xDA34E0	A
sm50_7x	0x22E7AD0	1283	0x0503	5	3	0xDDF500	A
sm50_7x	0x22E7AD0	1283	0x0503	5	3	0xDE9700	A
sm50_7x	0x22E7AD0	1283	0x0503	5	3	0xE2F650	A
sm50_7x	0x22E7AD0	1283	0x0503	5	3	0xE74490	A
sm50_7x	0x22E7AD0	1283	0x0503	5	3	0xE74E80	A
sm50_7x	0x22E7AD0	1283	0x0503	5	3	0xE7AEA0	A
sm50_7x	0x22E7AD0	1284	0x0504	5	4	0xCB1A70	A
sm50_7x	0x22E7AD0	1284	0x0504	5	4	0xCB3410	A
sm50_7x	0x22E7AD0	1284	0x0504	5	4	0xCB78F0	A
sm50_7x	0x22E7AD0	1284	0x0504	5	4	0xCC1BB0	A
sm50_7x	0x22E7AD0	1284	0x0504	5	4	0xD09050	A
sm50_7x	0x22E7AD0	1284	0x0504	5	4	0xD0CFE0	A
sm50_7x	0x22E7AD0	1284	0x0504	5	4	0xD10540	A
sm50_7x	0x22E7AD0	1284	0x0504	5	4	0xD40BE0	A
sm50_7x	0x22E7AD0	1284	0x0504	5	4	0xD5D900	A
sm50_7x	0x22E7AD0	1284	0x0504	5	4	0xD92C10	A
sm50_7x	0x22E7AD0	1284	0x0504	5	4	0xDA8140	A
sm50_7x	0x22E7AD0	1284	0x0504	5	4	0xDB31B0	A
sm50_7x	0x22E7AD0	1284	0x0504	5	4	0xDB6540	A
sm50_7x	0x22E7AD0	1284	0x0504	5	4	0xDC5D20	A
sm50_7x	0x22E7AD0	1284	0x0504	5	4	0xDCB030	A
sm50_7x	0x22E7AD0	1284	0x0504	5	4	0xDCD9D0	A
sm50_7x	0x22E7AD0	1284	0x0504	5	4	0xDCFB70	A
sm50_7x	0x22E7AD0	1284	0x0504	5	4	0xDE0F40	A
sm50_7x	0x22E7AD0	1284	0x0504	5	4	0xDEBF80	A
sm50_7x	0x22E7AD0	1284	0x0504	5	4	0xDEC4D0	A
sm50_7x	0x22E7AD0	1284	0x0504	5	4	0xDF1B60	A
sm50_7x	0x22E7AD0	1284	0x0504	5	4	0xE04A40	A
sm50_7x	0x22E7AD0	1284	0x0504	5	4	0xE39FD0	A
sm50_7x	0x22E7AD0	1284	0x0504	5	4	0xE75870	A
sm50_7x	0x22E7AD0	1285	0x0505	5	5	0xCC2100	A
sm50_7x	0x22E7AD0	1285	0x0505	5	5	0xD08B50	A
sm50_7x	0x22E7AD0	1285	0x0505	5	5	0xD0D500	A
sm50_7x	0x22E7AD0	1285	0x0505	5	5	0xD10EB0	A
sm50_7x	0x22E7AD0	1285	0x0505	5	5	0xD41100	A
sm50_7x	0x22E7AD0	1285	0x0505	5	5	0xD5ED90	A
sm50_7x	0x22E7AD0	1285	0x0505	5	5	0xD61240	A
sm50_7x	0x22E7AD0	1285	0x0505	5	5	0xD925F0	A
sm50_7x	0x22E7AD0	1285	0x0505	5	5	0xDB6F90	A
sm50_7x	0x22E7AD0	1285	0x0505	5	5	0xDC6770	A
sm50_7x	0x22E7AD0	1285	0x0505	5	5	0xDCD3C0	A
sm50_7x	0x22E7AD0	1285	0x0505	5	5	0xDECA20	A
sm50_7x	0x22E7AD0	1285	0x0505	5	5	0xDF2080	A
sm50_7x	0x22E7AD0	1285	0x0505	5	5	0xE04F60	A
sm50_7x	0x22E7AD0	1285	0x0505	5	5	0xE35BA0	A
sm50_7x	0x22E7AD0	1285	0x0505	5	5	0xE3A4D0	A
sm50_7x	0x22E7AD0	1285	0x0505	5	5	0xE406C0	A
sm50_7x	0x22E7AD0	1285	0x0505	5	5	0xE7B350	A
sm50_7x	0x22E7AD0	1286	0x0506	5	6	0xCB0030	A
sm50_7x	0x22E7AD0	1286	0x0506	5	6	0xCBEFF0	A
sm50_7x	0x22E7AD0	1286	0x0506	5	6	0xD08650	A
sm50_7x	0x22E7AD0	1286	0x0506	5	6	0xD11380	A
sm50_7x	0x22E7AD0	1286	0x0506	5	6	0xD5F7A0	A
sm50_7x	0x22E7AD0	1286	0x0506	5	6	0xD8E300	A
sm50_7x	0x22E7AD0	1286	0x0506	5	6	0xDEA610	A
sm50_7x	0x22E7AD0	1286	0x0506	5	6	0xE3E940	A
sm50_7x	0x22E7AD0	1287	0x0507	5	7	0xCBC770	A
sm50_7x	0x22E7AD0	1287	0x0507	5	7	0xCCDAA0	A
sm50_7x	0x22E7AD0	1287	0x0507	5	7	0xCD44A0	A
sm50_7x	0x22E7AD0	1287	0x0507	5	7	0xD09A70	A
sm50_7x	0x22E7AD0	1287	0x0507	5	7	0xD14020	A
sm50_7x	0x22E7AD0	1287	0x0507	5	7	0xD5E890	A
sm50_7x	0x22E7AD0	1287	0x0507	5	7	0xD62420	A
sm50_7x	0x22E7AD0	1287	0x0507	5	7	0xD7D8C0	A
sm50_7x	0x22E7AD0	1287	0x0507	5	7	0xD8FCF0	A
sm50_7x	0x22E7AD0	1287	0x0507	5	7	0xDB6A60	A
sm50_7x	0x22E7AD0	1287	0x0507	5	7	0xDC6240	A
sm50_7x	0x22E7AD0	1287	0x0507	5	7	0xE345F0	A
sm50_7x	0x22E7AD0	1287	0x0507	5	7	0xE39100	A
sm50_7x	0x22E7AD0	1287	0x0507	5	7	0xE3EEC0	A
sm50_7x	0x22E7AD0	1287	0x0507	5	7	0xE72CF0	A
sm50_7x	0x22E7AD0	1288	0x0508	5	8	0xC6C300	A
sm50_7x	0x22E7AD0	1288	0x0508	5	8	0xCA19C0	A
sm50_7x	0x22E7AD0	1288	0x0508	5	8	0xCCD4A0	A
sm50_7x	0x22E7AD0	1288	0x0508	5	8	0xCD6BA0	A
sm50_7x	0x22E7AD0	1288	0x0508	5	8	0xD08180	A
sm50_7x	0x22E7AD0	1288	0x0508	5	8	0xD11CF0	A
sm50_7x	0x22E7AD0	1288	0x0508	5	8	0xD5F290	A
sm50_7x	0x22E7AD0	1288	0x0508	5	8	0xD61DF0	A
sm50_7x	0x22E7AD0	1288	0x0508	5	8	0xD7D290	A
sm50_7x	0x22E7AD0	1288	0x0508	5	8	0xDB74D0	A
sm50_7x	0x22E7AD0	1288	0x0508	5	8	0xDC30E0	A
sm50_7x	0x22E7AD0	1288	0x0508	5	8	0xDC6CB0	A
sm50_7x	0x22E7AD0	1288	0x0508	5	8	0xE38C20	A
sm50_7x	0x22E7AD0	1288	0x0508	5	8	0xE726A0	A
sm50_7x	0x22E7AD0	1289	0x0509	5	9	0xC6BCE0	A
sm50_7x	0x22E7AD0	1289	0x0509	5	9	0xCBD9B0	A
sm50_7x	0x22E7AD0	1289	0x0509	5	9	0xCCF940	A
sm50_7x	0x22E7AD0	1289	0x0509	5	9	0xD144F0	A
sm50_7x	0x22E7AD0	1289	0x0509	5	9	0xD5C970	A
sm50_7x	0x22E7AD0	1289	0x0509	5	9	0xE36110	A
sm50_7x	0x22E7AD0	1289	0x0509	5	9	0xE39620	A
sm50_7x	0x22E7AD0	1290	0x050A	5	10	0xCCFE40	A
sm50_7x	0x22E7AD0	1290	0x050A	5	10	0xCD5560	A
sm50_7x	0x22E7AD0	1290	0x050A	5	10	0xD5DE30	A
sm50_7x	0x22E7AD0	1290	0x050A	5	10	0xD8F290	A
sm50_7x	0x22E7AD0	1290	0x050A	5	10	0xD91A60	A
sm50_7x	0x22E7AD0	1290	0x050A	5	10	0xDA7140	A
sm50_7x	0x22E7AD0	1291	0x050B	5	11	0xCD8770	A
sm50_7x	0x22E7AD0	1291	0x050B	5	11	0xD12690	A
sm50_7x	0x22E7AD0	1291	0x050B	5	11	0xD5BF10	A
sm50_7x	0x22E7AD0	1291	0x050B	5	11	0xD8F7F0	A
sm50_7x	0x22E7AD0	1291	0x050B	5	11	0xD91490	A
sm50_7x	0x22E7AD0	1291	0x050B	5	11	0xDA6C70	A
sm50_7x	0x22E7AD0	1291	0x050B	5	11	0xE34B50	A
sm50_7x	0x22E7AD0	1292	0x050C	5	12	0xD12190	A
sm50_7x	0x22E7AD0	1292	0x050C	5	12	0xDA67A0	A
sm50_7x	0x22E7AD0	1292	0x050C	5	12	0xDD1E80	A
sm50_7x	0x22E7AD0	1293	0x050D	5	13	0xD13150	A
sm50_7x	0x22E7AD0	1293	0x050D	5	13	0xD649D0	A
sm50_7x	0x22E7AD0	1293	0x050D	5	13	0xD7FE70	A
sm50_7x	0x22E7AD0	1293	0x050D	5	13	0xD8C5B0	A
sm50_7x	0x22E7AD0	1293	0x050D	5	13	0xD93EA0	A
sm50_7x	0x22E7AD0	1293	0x050D	5	13	0xDD18C0	A
sm50_7x	0x22E7AD0	1293	0x050D	5	13	0xE31910	A
sm50_7x	0x22E7AD0	1293	0x050D	5	13	0xE40C20	A
sm50_7x	0x22E7AD0	1294	0x050E	5	14	0xCBAD30	A
sm50_7x	0x22E7AD0	1294	0x050E	5	14	0xD13AF0	A
sm50_7x	0x22E7AD0	1294	0x050E	5	14	0xD64360	A
sm50_7x	0x22E7AD0	1294	0x050E	5	14	0xD7F800	A
sm50_7x	0x22E7AD0	1294	0x050E	5	14	0xD93850	A
sm50_7x	0x22E7AD0	1295	0x050F	5	15	0xCBB280	A
sm50_7x	0x22E7AD0	1295	0x050F	5	15	0xD65090	A
sm50_7x	0x22E7AD0	1295	0x050F	5	15	0xD80530	A
sm50_7x	0x22E7AD0	1295	0x050F	5	15	0xD8D8A0	A
sm50_7x	0x22E7AD0	1295	0x050F	5	15	0xD94530	A
sm50_7x	0x22E7AD0	1295	0x050F	5	15	0xDD4300	A
sm50_7x	0x22E7AD0	1295	0x050F	5	15	0xE2FB50	A
sm50_7x	0x22E7AD0	1296	0x0510	5	16	0xC6B720	A
sm50_7x	0x22E7AD0	1296	0x0510	5	16	0xDD3D20	A
sm50_7x	0x22E7AD0	1296	0x0510	5	16	0xE2EC60	A
sm50_7x	0x22E7AD0	1297	0x0511	5	17	0xC6AB80	A
sm50_7x	0x22E7AD0	1297	0x0511	5	17	0xD67050	A
sm50_7x	0x22E7AD0	1297	0x0511	5	17	0xD824F0	A
sm50_7x	0x22E7AD0	1297	0x0511	5	17	0xD95080	A
sm50_7x	0x22E7AD0	1297	0x0511	5	17	0xE336E0	A
sm50_7x	0x22E7AD0	1298	0x0512	5	18	0xD955D0	A
sm50_7x	0x22E7AD0	1299	0x0513	5	19	0xC6D590	A
sm50_7x	0x22E7AD0	1299	0x0513	5	19	0xE30F10	A
sm50_7x	0x22E7AD0	1300	0x0514	5	20	0xC6CF40	A
sm50_7x	0x22E7AD0	1300	0x0514	5	20	0xD95FD0	A
sm50_7x	0x22E7AD0	1301	0x0515	5	21	0xC6DC20	A
sm50_7x	0x22E7AD0	1301	0x0515	5	21	0xCC8B00	A
sm50_7x	0x22E7AD0	1301	0x0515	5	21	0xE2F150	A
sm50_7x	0x22E7AD0	1302	0x0516	5	22	0xCCEF50	A
sm50_7x	0x22E7AD0	1302	0x0516	5	22	0xD97EA0	A
sm50_7x	0x22E7AD0	1303	0x0517	5	23	0xC735F0	A
sm50_7x	0x22E7AD0	1303	0x0517	5	23	0xCCF450	A
sm50_7x	0x22E7AD0	1303	0x0517	5	23	0xE331B0	A
sm50_7x	0x22E7AD0	1303	0x0517	5	23	0xE41690	A
sm50_7x	0x22E7AD0	1304	0x0518	5	24	0xE3FD80	A
sm50_7x	0x22E7AD0	1305	0x0519	5	25	0xE17110	A
sm50_7x	0x22E7AD0	1305	0x0519	5	25	0xE32790	A
sm50_7x	0x22E7AD0	1306	0x051A	5	26	0xCE0B00	A
sm50_7x	0x22E7AD0	1306	0x051A	5	26	0xE10EC0	A
sm50_7x	0x22E7AD0	1307	0x051B	5	27	0xD74DD0	A
sm50_7x	0x22E7AD0	1307	0x051B	5	27	0xE0EEA0	A
sm50_7x	0x22E7AD0	1308	0x051C	5	28	0xCE1710	A
sm50_7x	0x22E7AD0	1308	0x051C	5	28	0xD6BA00	A
sm50_7x	0x22E7AD0	1308	0x051C	5	28	0xE10990	A
sm50_7x	0x22E7AD0	1309	0x051D	5	29	0xC71970	A
sm50_7x	0x22E7AD0	1309	0x051D	5	29	0xCE1D40	A
sm50_7x	0x22E7AD0	1309	0x051D	5	29	0xE0EA30	A
sm50_7x	0x22E7AD0	1310	0x051E	5	30	0xCE1130	A
sm50_7x	0x22E7AD0	1311	0x051F	5	31	0xC74540	A
sm50_7x	0x22E7AD0	1311	0x051F	5	31	0xCE7020	A
sm50_7x	0x22E7AD0	1312	0x0520	5	32	0xCC4210	A
sm50_7x	0x22E7AD0	1312	0x0520	5	32	0xCE7560	A
sm50_7x	0x22E7AD0	1312	0x0520	5	32	0xD6EE40	A
sm50_7x	0x22E7AD0	1313	0x0521	5	33	0xCCE0F0	A
sm50_7x	0x22E7AD0	1313	0x0521	5	33	0xCE7AA0	A
sm50_7x	0x22E7AD0	1313	0x0521	5	33	0xDDD180	A
sm50_7x	0x22E7AD0	1314	0x0522	5	34	0xCE8A40	A
sm50_7x	0x22E7AD0	1315	0x0523	5	35	0xCE8F40	A
sm50_7x	0x22E7AD0	1315	0x0523	5	35	0xDD8E80	A
sm50_7x	0x22E7AD0	1316	0x0524	5	36	0xCE9F00	A
sm50_7x	0x22E7AD0	1317	0x0525	5	37	0xCFE910	A
sm50_7x	0x22E7AD0	1317	0x0525	5	37	0xDDA920	A
sm50_7x	0x22E7AD0	1322	0x052A	5	42	0xCAA640	A
sm50_7x	0x22E7AD0	1324	0x052C	5	44	0xCA05B0	A
sm50_7x	0x22E7AD0	1329	0x0531	5	49	0xCD3F00	A
sm50_7x	0x22E7AD0	1330	0x0532	5	50	0xCD6610	A
sm50_7x	0x22E7AD0	1332	0x0534	5	52	0xCD4A40	A
sm50_7x	0x22E7AD0	1333	0x0535	5	53	0xCD7C50	A
sm50_7x	0x22E7AD0	1334	0x0536	5	54	0xCA5120	A
sm50_7x	0x22E7AD0	1335	0x0537	5	55	0xCABFE0	A
sm50_7x	0x22E7AD0	1336	0x0538	5	56	0xCADFD0	A
sm50_7x	0x22E7AD0	1337	0x0539	5	57	0xCD8D00	A
sm50_7x	0x22E7AD0	1339	0x053B	5	59	0xCAE510	A
sm50_7x	0x22E7AD0	1339	0x053B	5	59	0xCE4730	A
sm50_7x	0x22E7AD0	1340	0x053C	5	60	0xCAC480	A
sm50_7x	0x22E7AD0	1345	0x0541	5	65	0xCFC600	A
sm50_7x	0x22E7AD0	1346	0x0542	5	66	0xCFDCF0	A
sm50_7x	0x22E7AD0	1354	0x054A	5	74	0xCD4FD0	A
sm50_7x	0x22E7AD0	1355	0x054B	5	75	0xCD81E0	A
sm50_7x	0x22E7AD0	1356	0x054C	5	76	0xCD9290	A
sm50_7x	0x22E7AD0	1357	0x054D	5	77	0xCFFE10	A
sm50_7x	0x22E7AD0	1367	0x0557	5	87	0xCD3960	A
sm50_7x	0x22E7AD0	1368	0x0558	5	88	0xCD5AF0	A
sm50_7x	0x22E7AD0	1372	0x055C	5	92	0xCFC090	A
sm50_7x	0x22E7AD0	1373	0x055D	5	93	0xCEA400	A
sm50_7x	0x22E7AD0	1374	0x055E	5	94	0xCEA940	A
sm50_7x	0x22E7AD0	1375	0x055F	5	95	0xCEAE80	A
sm50_7x	0x22E7AD0	1376	0x0560	5	96	0xCEBE20	A
sm50_7x	0x22E7AD0	1377	0x0561	5	97	0xCEC320	A
sm50_7x	0x22E7AD0	1378	0x0562	5	98	0xCED2E0	A
sm50_7x	0x22E7AD0	1379	0x0563	5	99	0xCFF390	A
sm50_7x	0x22E7AD0	1385	0x0569	5	105	0xCDF9B0	A
sm50_7x	0x22E7AD0	1386	0x056A	5	106	0xCDF420	A
sm50_7x	0x22E7AD0	1407	0x057F	5	127	0xCE2F70	A
sm50_7x	0x22E7AD0	1409	0x0581	5	129	0xD018B0	A
sm50_7x	0x22E7AD0	1410	0x0582	5	130	0xD01E00	A
sm50_7x	0x22E7AD0	1412	0x0584	5	132	0xD02830	A
sm50_7x	0x22E7AD0	1462	0x05B6	5	182	0xCDE960	A
sm50_7x	0x22E7AD0	1463	0x05B7	5	183	0xCDE430	A
sm50_7x	0x22E7AD0	1466	0x05BA	5	186	0xCFD740	A
sm50_7x	0x22E7AD0	1468	0x05BC	5	188	0xD06CC0	A
sm50_7x	0x22E7AD0	1469	0x05BD	5	189	0xD06790	A
sm50_7x	0x22E7AD0	1471	0x05BF	5	191	0xCE6430	A
sm50_7x	0x22E7AD0	1473	0x05C1	5	193	0xCE5840	A
sm50_7x	0x22E7AD0	1537	0x0601	6	1	0xC693D0	A
sm50_7x	0x22E7AD0	1537	0x0601	6	1	0xCB6620	A
sm50_7x	0x22E7AD0	1537	0x0601	6	1	0xCB9DD0	A
sm50_7x	0x22E7AD0	1537	0x0601	6	1	0xDB1E30	A
sm50_7x	0x22E7AD0	1537	0x0601	6	1	0xE3F8E0	A
sm50_7x	0x22E7AD0	1537	0x0601	6	1	0xEAA0C0	A
sm50_7x	0x22E7AD0	1538	0x0602	6	2	0xDA2FD0	A
sm50_7x	0x22E7AD0	1539	0x0603	6	3	0xCB6FB0	A
sm50_7x	0x22E7AD0	1539	0x0603	6	3	0xCC36D0	A
sm50_7x	0x22E7AD0	1539	0x0603	6	3	0xD0EA10	A
sm50_7x	0x22E7AD0	1539	0x0603	6	3	0xD42610	A
sm50_7x	0x22E7AD0	1539	0x0603	6	3	0xDB27F0	A
sm50_7x	0x22E7AD0	1539	0x0603	6	3	0xDB36B0	A
sm50_7x	0x22E7AD0	1539	0x0603	6	3	0xDB8F20	A
sm50_7x	0x22E7AD0	1539	0x0603	6	3	0xDC8700	A
sm50_7x	0x22E7AD0	1539	0x0603	6	3	0xDEDFF0	A
sm50_7x	0x22E7AD0	1539	0x0603	6	3	0xDF3590	A
sm50_7x	0x22E7AD0	1539	0x0603	6	3	0xE06470	A
sm50_7x	0x22E7AD0	1539	0x0603	6	3	0xE420A0	A
sm50_7x	0x22E7AD0	1540	0x0604	6	4	0xE41BA0	A
sm50_7x	0x22E7AD0	1540	0x0604	6	4	0xE7B830	A
sm50_7x	0x22E7AD0	1542	0x0606	6	6	0xE3A980	A
sm50_7x	0x22E7AD0	1545	0x0609	6	9	0xE41180	A
sm50_7x	0x22E7AD0	1546	0x060A	6	10	0xCBCD50	A
sm50_7x	0x22E7AD0	1547	0x060B	6	11	0xCBA810	A
sm50_7x	0x22E7AD0	1548	0x060C	6	12	0xCB98B0	A
sm50_7x	0x22E7AD0	1548	0x060C	6	12	0xD8C110	A
sm50_7x	0x22E7AD0	1549	0x060D	6	13	0xCB9390	A
sm50_7x	0x22E7AD0	1550	0x060E	6	14	0xD8CAA0	A
sm50_7x	0x22E7AD0	1574	0x0626	6	38	0xCFEE50	A
sm50_7x	0x22E7AD0	1576	0x0628	6	40	0xCE99A0	A
sm50_7x	0x22E7AD0	1593	0x0639	6	57	0xCADA30	A
sm50_7x	0x22E7AD0	1597	0x063D	6	61	0xCAD4C0	A
sm50_7x	0x22E7AD0	1636	0x0664	6	100	0xCFF8D0	A
sm50_7x	0x22E7AD0	1638	0x0666	6	102	0xCECD80	A
sm50_7x	0x22E7AD0	1664	0x0680	6	128	0xD013B0	A
sm50_7x	0x22E7AD0	1717	0x06B5	6	181	0xCF1880	A
sm50_7x	0x22E7AD0	1792	0x0700	7	0	0xD8D400	A
sm50_7x	0x22E7AD0	1792	0x0700	7	0	0xE8A0E0	A
sm50_7x	0x22E7AD0	1793	0x0701	7	1	0xCB4460	A
sm50_7x	0x22E7AD0	1793	0x0701	7	1	0xCB8340	A
sm50_7x	0x22E7AD0	1793	0x0701	7	1	0xCBE550	A
sm50_7x	0x22E7AD0	1793	0x0701	7	1	0xDC5280	A
sm50_7x	0x22E7AD0	1793	0x0701	7	1	0xE3B770	A
sm50_7x	0x22E7AD0	1793	0x0701	7	1	0xE3CE00	A
sm50_7x	0x22E7AD0	1793	0x0701	7	1	0xE7A3A0	A
sm50_7x	0x22E7AD0	1794	0x0702	7	2	0xC79970	A
sm50_7x	0x22E7AD0	1794	0x0702	7	2	0xCB49B0	A
sm50_7x	0x22E7AD0	1794	0x0702	7	2	0xCB8E10	A
sm50_7x	0x22E7AD0	1794	0x0702	7	2	0xCBE030	A
sm50_7x	0x22E7AD0	1794	0x0702	7	2	0xDC57D0	A
sm50_7x	0x22E7AD0	1794	0x0702	7	2	0xE3C290	A
sm50_7x	0x22E7AD0	1794	0x0702	7	2	0xE3D360	A
sm50_7x	0x22E7AD0	1794	0x0702	7	2	0xE7A920	A
sm50_7x	0x22E7AD0	1794	0x0702	7	2	0xEB1C00	A
sm50_7x	0x22E7AD0	1794	0x0702	7	2	0xEB2AE0	B
sm50_7x	0x22E7AD0	1795	0x0703	7	3	0xCB5AC0	A
sm50_7x	0x22E7AD0	1795	0x0703	7	3	0xCB7DF0	A
sm50_7x	0x22E7AD0	1795	0x0703	7	3	0xDC47E0	A
sm50_7x	0x22E7AD0	1795	0x0703	7	3	0xE382C0	A
sm50_7x	0x22E7AD0	1795	0x0703	7	3	0xE3BCD0	A
sm50_7x	0x22E7AD0	1795	0x0703	7	3	0xE3D8E0	A
sm50_7x	0x22E7AD0	1795	0x0703	7	3	0xE798A0	A
sm50_7x	0x22E7AD0	1795	0x0703	7	3	0xEB20E0	B
sm50_7x	0x22E7AD0	1795	0x0703	7	3	0xEB2AE0	A
sm50_7x	0x22E7AD0	1796	0x0704	7	4	0xCB6050	A
sm50_7x	0x22E7AD0	1796	0x0704	7	4	0xCBFFB0	A
sm50_7x	0x22E7AD0	1796	0x0704	7	4	0xE3DE60	A
sm50_7x	0x22E7AD0	1797	0x0705	7	5	0xC72530	A
sm50_7x	0x22E7AD0	1797	0x0705	7	5	0xCB3960	A
sm50_7x	0x22E7AD0	1797	0x0705	7	5	0xCBF510	A
sm50_7x	0x22E7AD0	1797	0x0705	7	5	0xDD00B0	A
sm50_7x	0x22E7AD0	1797	0x0705	7	5	0xE3E3C0	A
sm50_7x	0x22E7AD0	1798	0x0706	7	6	0xCB3EB0	A
sm50_7x	0x22E7AD0	1798	0x0706	7	6	0xDB7A10	A
sm50_7x	0x22E7AD0	1798	0x0706	7	6	0xDC71F0	A
sm50_7x	0x22E7AD0	1799	0x0707	7	7	0xCB4F60	A
sm50_7x	0x22E7AD0	1799	0x0707	7	7	0xCC0480	A
sm50_7x	0x22E7AD0	1801	0x0709	7	9	0xCD76C0	A
sm50_7x	0x22E7AD0	1801	0x0709	7	9	0xD93230	A
sm50_7x	0x22E7AD0	1803	0x070B	7	11	0xDD36C0	A
sm50_7x	0x22E7AD0	1805	0x070D	7	13	0xD17470	A
sm50_7x	0x22E7AD0	1806	0x070E	7	14	0xD14E30	A
sm50_7x	0x22E7AD0	1807	0x070F	7	15	0xC6C920	A
sm50_7x	0x22E7AD0	1831	0x0727	7	39	0xCE84F0	A
sm50_7x	0x22E7AD0	1833	0x0729	7	41	0xCE7FA0	A
sm50_7x	0x22E7AD0	1843	0x0733	7	51	0xCD7130	A
sm50_7x	0x22E7AD0	1865	0x0749	7	73	0xCFB030	A
sm50_7x	0x22E7AD0	1893	0x0765	7	101	0xCEB8D0	A
sm50_7x	0x22E7AD0	1895	0x0767	7	103	0xCEB380	A
sm50_7x	0x22E7AD0	1940	0x0794	7	148	0xCF4D90	A
sm50_7x	0x22E7AD0	1960	0x07A8	7	168	0xCF0730	A
sm50_7x	0x22E7AD0	2305	0x0901	9	1	0xD40240	A
sm50_7x	0x22E7AD0	2560	0x0A00	10	0	0xD85FC0	A
sm50_7x	0x22E7AD0	2560	0x0A00	10	0	0xE0CE10	A
sm50_7x	0x22E7AD0	2560	0x0A00	10	0	0xE39B00	A
sm50_7x	0x22E7AD0	2561	0x0A01	10	1	0xC72B10	A
sm50_7x	0x22E7AD0	2561	0x0A01	10	1	0xC7A000	A
sm50_7x	0x22E7AD0	2561	0x0A01	10	1	0xC7EE20	A
sm50_7x	0x22E7AD0	2561	0x0A01	10	1	0xD56D50	A
sm50_7x	0x22E7AD0	2561	0x0A01	10	1	0xD86B60	A
sm50_7x	0x22E7AD0	2561	0x0A01	10	1	0xDAA750	A
sm50_7x	0x22E7AD0	2561	0x0A01	10	1	0xDDE920	A
sm50_7x	0x22E7AD0	2561	0x0A01	10	1	0xE07D10	A
sm50_7x	0x22E7AD0	2561	0x0A01	10	1	0xE1BDF0	A
sm50_7x	0x22E7AD0	2561	0x0A01	10	1	0xE37220	A
sm50_7x	0x22E7AD0	2561	0x0A01	10	1	0xE5D550	A
sm50_7x	0x22E7AD0	2561	0x0A01	10	1	0xE8A6A0	A
sm50_7x	0x22E7AD0	2561	0x0A01	10	1	0xEA1B50	A
sm50_7x	0x22E7AD0	2561	0x0A01	10	1	0xEA5BB0	A
sm50_7x	0x22E7AD0	2562	0x0A02	10	2	0xD44240	A
sm50_7x	0x22E7AD0	2562	0x0A02	10	2	0xD67FE0	A
sm50_7x	0x22E7AD0	2562	0x0A02	10	2	0xD83480	A
sm50_7x	0x22E7AD0	2562	0x0A02	10	2	0xD864D0	A
sm50_7x	0x22E7AD0	2562	0x0A02	10	2	0xDC96C0	A
sm50_7x	0x22E7AD0	2562	0x0A02	10	2	0xDDEF10	A
sm50_7x	0x22E7AD0	2562	0x0A02	10	2	0xDE4C40	A
sm50_7x	0x22E7AD0	2562	0x0A02	10	2	0xE0B3E0	A
sm50_7x	0x22E7AD0	2562	0x0A02	10	2	0xE36C60	A
sm50_7x	0x22E7AD0	2562	0x0A02	10	2	0xE5DC20	A
sm50_7x	0x22E7AD0	2563	0x0A03	10	3	0xC77280	A
sm50_7x	0x22E7AD0	2563	0x0A03	10	3	0xD39A60	A
sm50_7x	0x22E7AD0	2563	0x0A03	10	3	0xD57340	A
sm50_7x	0x22E7AD0	2563	0x0A03	10	3	0xE55B80	A
sm50_7x	0x22E7AD0	2563	0x0A03	10	3	0xE5C930	A
sm50_7x	0x22E7AD0	2563	0x0A03	10	3	0xE89B10	A
sm50_7x	0x22E7AD0	2564	0x0A04	10	4	0xC76CC0	A
sm50_7x	0x22E7AD0	2564	0x0A04	10	4	0xD47560	A
sm50_7x	0x22E7AD0	2564	0x0A04	10	4	0xD57980	A
sm50_7x	0x22E7AD0	2564	0x0A04	10	4	0xD636D0	A
sm50_7x	0x22E7AD0	2564	0x0A04	10	4	0xD7EB70	A
sm50_7x	0x22E7AD0	2564	0x0A04	10	4	0xDC9170	A
sm50_7x	0x22E7AD0	2564	0x0A04	10	4	0xE0AE60	A
sm50_7x	0x22E7AD0	2564	0x0A04	10	4	0xEA14C0	A
sm50_7x	0x22E7AD0	2564	0x0A04	10	4	0xEA5590	A
sm50_7x	0x22E7AD0	2565	0x0A05	10	5	0xC7F370	A
sm50_7x	0x22E7AD0	2565	0x0A05	10	5	0xD47020	A
sm50_7x	0x22E7AD0	2565	0x0A05	10	5	0xD521A0	A
sm50_7x	0x22E7AD0	2565	0x0A05	10	5	0xD63070	A
sm50_7x	0x22E7AD0	2565	0x0A05	10	5	0xD7E510	A
sm50_7x	0x22E7AD0	2565	0x0A05	10	5	0xDAACA0	A
sm50_7x	0x22E7AD0	2565	0x0A05	10	5	0xE1C340	A
sm50_7x	0x22E7AD0	2566	0x0A06	10	6	0xC78580	A
sm50_7x	0x22E7AD0	2566	0x0A06	10	6	0xD3BF90	A
sm50_7x	0x22E7AD0	2567	0x0A07	10	7	0xD3B320	A
sm50_7x	0x22E7AD0	2567	0x0A07	10	7	0xD43140	A
sm50_7x	0x22E7AD0	2567	0x0A07	10	7	0xD52710	A
sm50_7x	0x22E7AD0	2568	0x0A08	10	8	0xC792C0	A
sm50_7x	0x22E7AD0	2568	0x0A08	10	8	0xD52CD0	A
sm50_7x	0x22E7AD0	2569	0x0A09	10	9	0xC78C30	A
sm50_7x	0x22E7AD0	2569	0x0A09	10	9	0xC83260	A
sm50_7x	0x22E7AD0	2569	0x0A09	10	9	0xD3E3B0	A
sm50_7x	0x22E7AD0	2569	0x0A09	10	9	0xD46A10	A
sm50_7x	0x22E7AD0	2569	0x0A09	10	9	0xDAEB90	A
sm50_7x	0x22E7AD0	2569	0x0A09	10	9	0xE20230	A
sm50_7x	0x22E7AD0	2570	0x0A0A	10	10	0xC84920	A
sm50_7x	0x22E7AD0	2570	0x0A0A	10	10	0xD46450	A
sm50_7x	0x22E7AD0	2570	0x0A0A	10	10	0xD54980	A
sm50_7x	0x22E7AD0	2570	0x0A0A	10	10	0xDB0250	A
sm50_7x	0x22E7AD0	2570	0x0A0A	10	10	0xE218F0	A
sm50_7x	0x22E7AD0	2571	0x0A0B	10	11	0xC75B40	A
sm50_7x	0x22E7AD0	2571	0x0A0B	10	11	0xC7DC80	A
sm50_7x	0x22E7AD0	2571	0x0A0B	10	11	0xD3FBF0	A
sm50_7x	0x22E7AD0	2571	0x0A0B	10	11	0xD44D10	A
sm50_7x	0x22E7AD0	2571	0x0A0B	10	11	0xDA95B0	A
sm50_7x	0x22E7AD0	2571	0x0A0B	10	11	0xE1AC50	A
sm50_7x	0x22E7AD0	2572	0x0A0C	10	12	0xD3F5A0	A
sm50_7x	0x22E7AD0	2572	0x0A0C	10	12	0xD4A990	A
sm50_7x	0x22E7AD0	2572	0x0A0C	10	12	0xD53D80	A
sm50_7x	0x22E7AD0	2573	0x0A0D	10	13	0xC766E0	A
sm50_7x	0x22E7AD0	2573	0x0A0D	10	13	0xD49210	A
sm50_7x	0x22E7AD0	2574	0x0A0E	10	14	0xC80A80	A
sm50_7x	0x22E7AD0	2574	0x0A0E	10	14	0xD4B590	A
sm50_7x	0x22E7AD0	2574	0x0A0E	10	14	0xDAC3B0	A
sm50_7x	0x22E7AD0	2574	0x0A0E	10	14	0xE1DA50	A
sm50_7x	0x22E7AD0	2575	0x0A0F	10	15	0xC7E260	A
sm50_7x	0x22E7AD0	2575	0x0A0F	10	15	0xD16140	A
sm50_7x	0x22E7AD0	2575	0x0A0F	10	15	0xD353F0	A
sm50_7x	0x22E7AD0	2575	0x0A0F	10	15	0xD4BBA0	A
sm50_7x	0x22E7AD0	2575	0x0A0F	10	15	0xD5A1C0	A
sm50_7x	0x22E7AD0	2575	0x0A0F	10	15	0xDA9B90	A
sm50_7x	0x22E7AD0	2575	0x0A0F	10	15	0xE1B230	A
sm50_7x	0x22E7AD0	2576	0x0A10	10	16	0xD15AE0	A
sm50_7x	0x22E7AD0	2576	0x0A10	10	16	0xD458B0	A
sm50_7x	0x22E7AD0	2577	0x0A11	10	17	0xD16780	A
sm50_7x	0x22E7AD0	2577	0x0A11	10	17	0xD4AF90	A
sm50_7x	0x22E7AD0	2578	0x0A12	10	18	0xC84ED0	A
sm50_7x	0x22E7AD0	2578	0x0A12	10	18	0xD37620	A
sm50_7x	0x22E7AD0	2578	0x0A12	10	18	0xD49810	A
sm50_7x	0x22E7AD0	2578	0x0A12	10	18	0xDB0800	A
sm50_7x	0x22E7AD0	2578	0x0A12	10	18	0xE21EA0	A
sm50_7x	0x22E7AD0	2579	0x0A13	10	19	0xC82C80	A
sm50_7x	0x22E7AD0	2579	0x0A13	10	19	0xD36AB0	A
sm50_7x	0x22E7AD0	2579	0x0A13	10	19	0xD47AF0	A
sm50_7x	0x22E7AD0	2579	0x0A13	10	19	0xDAE5B0	A
sm50_7x	0x22E7AD0	2579	0x0A13	10	19	0xE1FC50	A
sm50_7x	0x22E7AD0	2580	0x0A14	10	20	0xD4D910	A
sm50_7x	0x22E7AD0	2581	0x0A15	10	21	0xD3D160	A
sm50_7x	0x22E7AD0	2581	0x0A15	10	21	0xD4CD50	A
sm50_7x	0x22E7AD0	2582	0x0A16	10	22	0xD4E4D0	A
sm50_7x	0x22E7AD0	2583	0x0A17	10	23	0xD3EFD0	A
sm50_7x	0x22E7AD0	2583	0x0A17	10	23	0xD45EA0	A
sm50_7x	0x22E7AD0	2583	0x0A17	10	23	0xDD71E0	A
sm50_7x	0x22E7AD0	2584	0x0A18	10	24	0xC73B10	A
sm50_7x	0x22E7AD0	2584	0x0A18	10	24	0xD3EA00	A
sm50_7x	0x22E7AD0	2584	0x0A18	10	24	0xD49E10	A
sm50_7x	0x22E7AD0	2584	0x0A18	10	24	0xD58560	A
sm50_7x	0x22E7AD0	2585	0x0A19	10	25	0xD48690	A
sm50_7x	0x22E7AD0	2585	0x0A19	10	25	0xD55540	A
sm50_7x	0x22E7AD0	2585	0x0A19	10	25	0xDD7E20	A
sm50_7x	0x22E7AD0	2586	0x0A1A	10	26	0xC71390	A
sm50_7x	0x22E7AD0	2586	0x0A1A	10	26	0xD38810	A
sm50_7x	0x22E7AD0	2586	0x0A1A	10	26	0xD4C1B0	A
sm50_7x	0x22E7AD0	2587	0x0A1B	10	27	0xD4C780	A
sm50_7x	0x22E7AD0	2587	0x0A1B	10	27	0xD55B30	A
sm50_7x	0x22E7AD0	2587	0x0A1B	10	27	0xDD9E50	A
sm50_7x	0x22E7AD0	2588	0x0A1C	10	28	0xC71F50	A
sm50_7x	0x22E7AD0	2588	0x0A1C	10	28	0xD3AD00	A
sm50_7x	0x22E7AD0	2588	0x0A1C	10	28	0xD45300	A
sm50_7x	0x22E7AD0	2588	0x0A1C	10	28	0xDD98C0	A
sm50_7x	0x22E7AD0	2589	0x0A1D	10	29	0xD3A6E0	A
sm50_7x	0x22E7AD0	2589	0x0A1D	10	29	0xD480E0	A
sm50_7x	0x22E7AD0	2589	0x0A1D	10	29	0xD5B8D0	A
sm50_7x	0x22E7AD0	2590	0x0A1E	10	30	0xD4DF10	A
sm50_7x	0x22E7AD0	2590	0x0A1E	10	30	0xD5B2E0	A
sm50_7x	0x22E7AD0	2590	0x0A1E	10	30	0xDDB480	A
sm50_7x	0x22E7AD0	2591	0x0A1F	10	31	0xD34310	A
sm50_7x	0x22E7AD0	2591	0x0A1F	10	31	0xD4D350	A
sm50_7x	0x22E7AD0	2591	0x0A1F	10	31	0xD50B90	A
sm50_7x	0x22E7AD0	2592	0x0A20	10	32	0xD4A3D0	A
sm50_7x	0x22E7AD0	2592	0x0A20	10	32	0xDDD790	A
sm50_7x	0x22E7AD0	2593	0x0A21	10	33	0xD36510	A
sm50_7x	0x22E7AD0	2593	0x0A21	10	33	0xD48C50	A
sm50_7x	0x22E7AD0	2593	0x0A21	10	33	0xD51100	A
sm50_7x	0x22E7AD0	2595	0x0A23	10	35	0xD5AD20	A
sm50_7x	0x22E7AD0	2693	0x0A85	10	133	0xD02DB0	A
sm50_7x	0x22E7AD0	2695	0x0A87	10	135	0xD05BC0	A
sm50_7x	0x22E7AD0	2696	0x0A88	10	136	0xD061D0	A
sm50_7x	0x22E7AD0	2698	0x0A8A	10	138	0xD04A30	A
sm50_7x	0x22E7AD0	2712	0x0A98	10	152	0xCF6AC0	A
sm50_7x	0x22E7AD0	2714	0x0A9A	10	154	0xCF7750	A
sm50_7x	0x22E7AD0	2715	0x0A9B	10	155	0xCF7DC0	A
sm50_7x	0x22E7AD0	2716	0x0A9C	10	156	0xCF7130	A
sm50_7x	0x22E7AD0	2718	0x0A9E	10	158	0xD038A0	A
sm50_7x	0x22E7AD0	2816	0x0B00	11	0	0xE5FA10	A
sm50_7x	0x22E7AD0	2818	0x0B02	11	2	0xDA9080	A
sm50_7x	0x22E7AD0	2818	0x0B02	11	2	0xE30540	A
sm50_7x	0x22E7AD0	2819	0x0B03	11	3	0xCF9FA0	A
sm50_7x	0x22E7AD0	2819	0x0B03	11	3	0xE43CE0	A
sm50_7x	0x22E7AD0	2823	0x0B07	11	7	0xCA2990	A
sm50_7x	0x22E7AD0	2825	0x0B09	11	9	0xCA1F10	A
sm50_7x	0x22E7AD0	2826	0x0B0A	11	10	0xD13620	A
sm50_7x	0x22E7AD0	2834	0x0B12	11	18	0xE31E50	A
sm50_7x	0x22E7AD0	2836	0x0B14	11	20	0xE30080	A
sm50_7x	0x22E7AD0	2838	0x0B16	11	22	0xE2E320	A
sm50_7x	0x22E7AD0	2840	0x0B18	11	24	0xE32CC0	A
sm50_7x	0x22E7AD0	2858	0x0B2A	11	42	0xCE9440	A
sm50_7x	0x22E7AD0	2859	0x0B2B	11	43	0xCA14F0	A
sm50_7x	0x22E7AD0	2861	0x0B2D	11	45	0xCA0AD0	A
sm50_7x	0x22E7AD0	2861	0x0B2D	11	45	0xCDC0F0	A
sm50_7x	0x22E7AD0	2877	0x0B3D	11	61	0xCE4D00	A
sm50_7x	0x22E7AD0	2880	0x0B40	11	64	0xCDBB10	A
sm50_7x	0x22E7AD0	2883	0x0B43	11	67	0xCFE300	A
sm50_7x	0x22E7AD0	2896	0x0B50	11	80	0xD00870	A
sm50_7x	0x22E7AD0	2899	0x0B53	11	83	0xCDDE50	A
sm50_7x	0x22E7AD0	2955	0x0B8B	11	139	0xD05040	A
sm50_7x	0x22E7AD0	2958	0x0B8E	11	142	0xCF3BF0	A
sm50_7x	0x22E7AD0	2975	0x0B9F	11	159	0xD03EB0	A
sm50_7x	0x22E7AD0	2978	0x0BA2	11	162	0xCEF590	A
sm50_7x	0x22E7AD0	3331	0x0D03	13	3	0xD871C0	A
sm50_7x	0x22E7AD0	3334	0x0D06	13	6	0xE72070	A
sm50_7x	0x22E7AD0	3337	0x0D09	13	9	0xD62A40	A
sm50_7x	0x22E7AD0	3337	0x0D09	13	9	0xD7DEE0	A
sm50_7x	0x22E7AD0	3338	0x0D0A	13	10	0xE49FE0	A
sm50_7x	0x22E7AD0	3339	0x0D0B	13	11	0xE501D0	A
sm50_7x	0x22E7AD0	3340	0x0D0C	13	12	0xD664A0	A
sm50_7x	0x22E7AD0	3340	0x0D0C	13	12	0xD81940	A
sm50_7x	0x22E7AD0	3340	0x0D0C	13	12	0xD92020	A
sm50_7x	0x22E7AD0	3343	0x0D0F	13	15	0xE508F0	A
sm50_7x	0x22E7AD0	3344	0x0D10	13	16	0xE52420	A
sm50_7x	0x22E7AD0	3346	0x0D12	13	18	0xC6B150	A
sm50_7x	0x22E7AD0	3346	0x0D12	13	18	0xD15480	A
sm50_7x	0x22E7AD0	3347	0x0D13	13	19	0xD1D610	A
sm50_7x	0x22E7AD0	3351	0x0D17	13	23	0xD1DD30	A
sm50_7x	0x22E7AD0	3352	0x0D18	13	24	0xD1F860	A
sm50_7x	0x22E7AD0	4099	0x1003	16	3	0xE6FC40	A
sm50_7x	0x22E7AD0	4354	0x1102	17	2	0xE8C570	A
sm50_7x	0x22E7AD0	4354	0x1102	17	2	0xEA2EB0	A
sm50_7x	0x22E7AD0	4355	0x1103	17	3	0xEA27C0	A
sm50_7x	0x22E7AD0	4356	0x1104	17	4	0xE84350	A
sm50_7x	0x22E7AD0	4356	0x1104	17	4	0xE89490	A
sm50_7x	0x22E7AD0	4356	0x1104	17	4	0xE8F980	A
sm50_7x	0x22E7AD0	4356	0x1104	17	4	0xE938B0	A
sm50_7x	0x22E7AD0	4356	0x1104	17	4	0xE980D0	A
sm50_7x	0x22E7AD0	4356	0x1104	17	4	0xE9C8B0	A
sm50_7x	0x22E7AD0	4357	0x1105	17	5	0xE547C0	A
sm50_7x	0x22E7AD0	4357	0x1105	17	5	0xE93170	A
sm50_7x	0x22E7AD0	4357	0x1105	17	5	0xE97990	A
sm50_7x	0x22E7AD0	4357	0x1105	17	5	0xE9C1A0	A
sm50_7x	0x22E7AD0	4358	0x1106	17	6	0xE86D40	A
sm50_7x	0x22E7AD0	4358	0x1106	17	6	0xE8D2B0	A
sm50_7x	0x22E7AD0	4359	0x1107	17	7	0xE57C80	A
sm50_7x	0x22E7AD0	4359	0x1107	17	7	0xE96AC0	A
sm50_7x	0x22E7AD0	4359	0x1107	17	7	0xE9B2E0	A
sm50_7x	0x22E7AD0	4359	0x1107	17	7	0xE9F9D0	A
sm50_7x	0x22E7AD0	4360	0x1108	17	8	0xE554A0	A
sm50_7x	0x22E7AD0	4360	0x1108	17	8	0xE93FA0	A
sm50_7x	0x22E7AD0	4360	0x1108	17	8	0xE987C0	A
sm50_7x	0x22E7AD0	4360	0x1108	17	8	0xE9CF80	A
sm50_7x	0x22E7AD0	4609	0x1201	18	1	0xDE41B0	A
sm50_7x	0x22E7AD0	4609	0x1201	18	1	0xE25F30	A
sm50_7x	0x22E7AD0	4609	0x1201	18	1	0xE27F80	A
sm50_7x	0x22E7AD0	4610	0x1202	18	2	0xE248A0	A
sm50_7x	0x22E7AD0	4610	0x1202	18	2	0xE269B0	A
sm50_7x	0x22E7AD0	4610	0x1202	18	2	0xE62B40	A
sm50_7x	0x22E7AD0	4610	0x1202	18	2	0xE8ABE0	A
sm50_7x	0x22E7AD0	4610	0x1202	18	2	0xEA0EB0	A
sm50_7x	0x22E7AD0	4610	0x1202	18	2	0xEA5000	A
sm50_7x	0x22E7AD0	4611	0x1203	18	3	0xDE46E0	A
sm50_7x	0x22E7AD0	4611	0x1203	18	3	0xE25980	A
sm50_7x	0x22E7AD0	4611	0x1203	18	3	0xE27A00	A
sm50_7x	0x22E7AD0	4611	0x1203	18	3	0xE625D0	A
sm50_7x	0x22E7AD0	4611	0x1203	18	3	0xEA0850	A
sm50_7x	0x22E7AD0	4611	0x1203	18	3	0xEA4A10	A
sm50_7x	0x22E7AD0	4612	0x1204	18	4	0xE24320	A
sm50_7x	0x22E7AD0	4612	0x1204	18	4	0xE26460	A
sm50_7x	0x22E7AD0	4612	0x1204	18	4	0xE54E50	A
sm50_7x	0x22E7AD0	4613	0x1205	18	5	0xE253D0	A
sm50_7x	0x22E7AD0	4613	0x1205	18	5	0xE27480	A
sm50_7x	0x22E7AD0	4613	0x1205	18	5	0xE63690	A
sm50_7x	0x22E7AD0	4627	0x1213	18	19	0xCA6F50	A
sm50_7x	0x22E7AD0	4629	0x1215	18	21	0xCAA090	A
sm50_7x	0x22E7AD0	4639	0x121F	18	31	0xCA69A0	A
sm50_7x	0x22E7AD0	4641	0x1221	18	33	0xCA9AE0	A
sm50_7x	0x22E7AD0	4864	0x1300	19	0	0xD6AB20	A
sm50_7x	0x22E7AD0	4864	0x1300	19	0	0xE5CF40	A
sm50_7x	0x22E7AD0	4864	0x1300	19	0	0xE88780	A
sm50_7x	0x22E7AD0	4864	0x1300	19	0	0xE8B840	A
sm50_7x	0x22E7AD0	4864	0x1300	19	0	0xE8ECA0	A
sm50_7x	0x22E7AD0	4865	0x1301	19	1	0xD691F0	A
sm50_7x	0x22E7AD0	4865	0x1301	19	1	0xD84690	A
sm50_7x	0x22E7AD0	4865	0x1301	19	1	0xDCC680	A
sm50_7x	0x22E7AD0	4865	0x1301	19	1	0xE03170	A
sm50_7x	0x22E7AD0	4865	0x1301	19	1	0xE04410	A
sm50_7x	0x22E7AD0	4865	0x1301	19	1	0xE56FF0	A
sm50_7x	0x22E7AD0	4865	0x1301	19	1	0xE5AD60	A
sm50_7x	0x22E7AD0	4865	0x1301	19	1	0xE5F3F0	A
sm50_7x	0x22E7AD0	4865	0x1301	19	1	0xE60E50	A
sm50_7x	0x22E7AD0	4865	0x1301	19	1	0xE77840	A
sm50_7x	0x22E7AD0	4865	0x1301	19	1	0xE858D0	A
sm50_7x	0x22E7AD0	4865	0x1301	19	1	0xE873F0	A
sm50_7x	0x22E7AD0	4865	0x1301	19	1	0xE8BF10	A
sm50_7x	0x22E7AD0	4865	0x1301	19	1	0xE8D950	A
sm50_7x	0x22E7AD0	4865	0x1301	19	1	0xE95D10	A
sm50_7x	0x22E7AD0	4865	0x1301	19	1	0xE9A530	A
sm50_7x	0x22E7AD0	4865	0x1301	19	1	0xE9EC60	A
sm50_7x	0x22E7AD0	4865	0x1301	19	1	0xEA3C80	A
sm50_7x	0x22E7AD0	4866	0x1302	19	2	0xCC79C0	A
sm50_7x	0x22E7AD0	4866	0x1302	19	2	0xD68AA0	A
sm50_7x	0x22E7AD0	4866	0x1302	19	2	0xD83F40	A
sm50_7x	0x22E7AD0	4866	0x1302	19	2	0xD8A470	A
sm50_7x	0x22E7AD0	4866	0x1302	19	2	0xDCBFD0	A
sm50_7x	0x22E7AD0	4866	0x1302	19	2	0xE4AD00	A
sm50_7x	0x22E7AD0	4866	0x1302	19	2	0xE57640	A
sm50_7x	0x22E7AD0	4866	0x1302	19	2	0xE5A6F0	A
sm50_7x	0x22E7AD0	4866	0x1302	19	2	0xE5EDD0	A
sm50_7x	0x22E7AD0	4866	0x1302	19	2	0xE6DCD0	A
sm50_7x	0x22E7AD0	4866	0x1302	19	2	0xE771F0	A
sm50_7x	0x22E7AD0	4866	0x1302	19	2	0xE87A40	A
sm50_7x	0x22E7AD0	4866	0x1302	19	2	0xE8DF80	A
sm50_7x	0x22E7AD0	4866	0x1302	19	2	0xE963D0	A
sm50_7x	0x22E7AD0	4866	0x1302	19	2	0xE9ABF0	A
sm50_7x	0x22E7AD0	4866	0x1302	19	2	0xE9F300	A
sm50_7x	0x22E7AD0	4866	0x1302	19	2	0xEABC80	A
sm50_7x	0x22E7AD0	4866	0x1302	19	2	0xEAD000	B
sm50_7x	0x22E7AD0	4867	0x1303	19	3	0xE4A670	A
sm50_7x	0x22E7AD0	4867	0x1303	19	3	0xE5A060	A
sm50_7x	0x22E7AD0	4867	0x1303	19	3	0xE5E7C0	A
sm50_7x	0x22E7AD0	4867	0x1303	19	3	0xE76B80	A
sm50_7x	0x22E7AD0	4867	0x1303	19	3	0xE88E40	A
sm50_7x	0x22E7AD0	4867	0x1303	19	3	0xE8B170	A
sm50_7x	0x22E7AD0	4867	0x1303	19	3	0xE8F340	A
sm50_7x	0x22E7AD0	4867	0x1303	19	3	0xE94700	A
sm50_7x	0x22E7AD0	4867	0x1303	19	3	0xE98F20	A
sm50_7x	0x22E7AD0	4867	0x1303	19	3	0xE9D6C0	A
sm50_7x	0x22E7AD0	4868	0x1304	19	4	0xCC7E90	A
sm50_7x	0x22E7AD0	4868	0x1304	19	4	0xD87F20	A
sm50_7x	0x22E7AD0	4868	0x1304	19	4	0xD89C90	A
sm50_7x	0x22E7AD0	4868	0x1304	19	4	0xE0F370	A
sm50_7x	0x22E7AD0	4868	0x1304	19	4	0xE4B390	A
sm50_7x	0x22E7AD0	4868	0x1304	19	4	0xE5C210	A
sm50_7x	0x22E7AD0	4868	0x1304	19	4	0xE60780	A
sm50_7x	0x22E7AD0	4868	0x1304	19	4	0xE6EB10	A
sm50_7x	0x22E7AD0	4868	0x1304	19	4	0xE78CB0	A
sm50_7x	0x22E7AD0	4868	0x1304	19	4	0xEA3560	A
sm50_7x	0x22E7AD0	4868	0x1304	19	4	0xEAC180	A
sm50_7x	0x22E7AD0	4868	0x1304	19	4	0xEAC8D0	B
sm50_7x	0x22E7AD0	4869	0x1305	19	5	0xD18190	A
sm50_7x	0x22E7AD0	4869	0x1305	19	5	0xD87850	A
sm50_7x	0x22E7AD0	4869	0x1305	19	5	0xE12170	A
sm50_7x	0x22E7AD0	4869	0x1305	19	5	0xE5BAF0	A
sm50_7x	0x22E7AD0	4869	0x1305	19	5	0xE600B0	A
sm50_7x	0x22E7AD0	4869	0x1305	19	5	0xE78590	A
sm50_7x	0x22E7AD0	4869	0x1305	19	5	0xE84A40	A
sm50_7x	0x22E7AD0	4869	0x1305	19	5	0xE86680	A
sm50_7x	0x22E7AD0	4869	0x1305	19	5	0xE8CC00	A
sm50_7x	0x22E7AD0	4870	0x1306	19	6	0xD17B00	A
sm50_7x	0x22E7AD0	4870	0x1306	19	6	0xD8B2E0	A
sm50_7x	0x22E7AD0	4870	0x1306	19	6	0xDD0C40	A
sm50_7x	0x22E7AD0	4870	0x1306	19	6	0xE113C0	A
sm50_7x	0x22E7AD0	4870	0x1306	19	6	0xE56230	A
sm50_7x	0x22E7AD0	4870	0x1306	19	6	0xE6C710	A
sm50_7x	0x22E7AD0	4870	0x1306	19	6	0xE94E20	A
sm50_7x	0x22E7AD0	4870	0x1306	19	6	0xE99640	A
sm50_7x	0x22E7AD0	4870	0x1306	19	6	0xE9DDB0	A
sm50_7x	0x22E7AD0	4871	0x1307	19	7	0xD18820	A
sm50_7x	0x22E7AD0	4871	0x1307	19	7	0xDCED10	A
sm50_7x	0x22E7AD0	4871	0x1307	19	7	0xDD0600	A
sm50_7x	0x22E7AD0	4871	0x1307	19	7	0xE11A90	A
sm50_7x	0x22E7AD0	4871	0x1307	19	7	0xE880C0	A
sm50_7x	0x22E7AD0	4871	0x1307	19	7	0xE8E5F0	A
sm50_7x	0x22E7AD0	4872	0x1308	19	8	0xCBD380	A
sm50_7x	0x22E7AD0	4872	0x1308	19	8	0xD8AB60	A
sm50_7x	0x22E7AD0	4872	0x1308	19	8	0xDCE5F0	A
sm50_7x	0x22E7AD0	4872	0x1308	19	8	0xE6D5E0	A
sm50_7x	0x22E7AD0	4872	0x1308	19	8	0xEADEE0	A
sm50_7x	0x22E7AD0	4873	0x1309	19	9	0xDD3060	A
sm50_7x	0x22E7AD0	4873	0x1309	19	9	0xE12850	A
sm50_7x	0x22E7AD0	4873	0x1309	19	9	0xE56910	A
sm50_7x	0x22E7AD0	4873	0x1309	19	9	0xE95580	A
sm50_7x	0x22E7AD0	4873	0x1309	19	9	0xE99DA0	A
sm50_7x	0x22E7AD0	4873	0x1309	19	9	0xE9E4F0	A
sm50_7x	0x22E7AD0	4873	0x1309	19	9	0xEB1440	A
sm50_7x	0x22E7AD0	4874	0x130A	19	10	0xD65DB0	A
sm50_7x	0x22E7AD0	4874	0x130A	19	10	0xD81250	A
sm50_7x	0x22E7AD0	4874	0x130A	19	10	0xDD2A00	A
sm50_7x	0x22E7AD0	4874	0x130A	19	10	0xE12F90	A
sm50_7x	0x22E7AD0	4874	0x130A	19	10	0xE6CE00	A
sm50_7x	0x22E7AD0	4874	0x130A	19	10	0xEB04F0	A
sm50_7x	0x22E7AD0	4875	0x130B	19	11	0xD65700	A
sm50_7x	0x22E7AD0	4875	0x130B	19	11	0xD80BA0	A
sm50_7x	0x22E7AD0	4875	0x130B	19	11	0xE18E30	A
sm50_7x	0x22E7AD0	4875	0x130B	19	11	0xEB0C80	A
sm50_7x	0x22E7AD0	4876	0x130C	19	12	0xE18030	A
sm50_7x	0x22E7AD0	4876	0x130C	19	12	0xE51650	A
sm50_7x	0x22E7AD0	4876	0x130C	19	12	0xEAFD60	A
sm50_7x	0x22E7AD0	4877	0x130D	19	13	0xCD0370	A
sm50_7x	0x22E7AD0	4877	0x130D	19	13	0xE18720	A
sm50_7x	0x22E7AD0	4877	0x130D	19	13	0xE50FA0	A
sm50_7x	0x22E7AD0	4877	0x130D	19	13	0xEAEE60	A
sm50_7x	0x22E7AD0	4878	0x130E	19	14	0xCCB350	A
sm50_7x	0x22E7AD0	4878	0x130E	19	14	0xE162D0	A
sm50_7x	0x22E7AD0	4878	0x130E	19	14	0xE51D70	A
sm50_7x	0x22E7AD0	4879	0x130F	19	15	0xCCAD30	A
sm50_7x	0x22E7AD0	4879	0x130F	19	15	0xE15520	A
sm50_7x	0x22E7AD0	4881	0x1311	19	17	0xE53970	A
sm50_7x	0x22E7AD0	4882	0x1312	19	18	0xCC91E0	A
sm50_7x	0x22E7AD0	4882	0x1312	19	18	0xDD55F0	A
sm50_7x	0x22E7AD0	4882	0x1312	19	18	0xE53280	A
sm50_7x	0x22E7AD0	4883	0x1313	19	19	0xCCC060	A
sm50_7x	0x22E7AD0	4883	0x1313	19	19	0xDD4ED0	A
sm50_7x	0x22E7AD0	4883	0x1313	19	19	0xE145A0	A
sm50_7x	0x22E7AD0	4883	0x1313	19	19	0xE540D0	A
sm50_7x	0x22E7AD0	4884	0x1314	19	20	0xCCB9C0	A
sm50_7x	0x22E7AD0	4884	0x1314	19	20	0xD1EA90	A
sm50_7x	0x22E7AD0	4884	0x1314	19	20	0xE1A490	A
sm50_7x	0x22E7AD0	4885	0x1315	19	21	0xD1E3E0	A
sm50_7x	0x22E7AD0	4885	0x1315	19	21	0xDD6B20	A
sm50_7x	0x22E7AD0	4885	0x1315	19	21	0xE19540	A
sm50_7x	0x22E7AD0	4886	0x1316	19	22	0xD1F1B0	A
sm50_7x	0x22E7AD0	4886	0x1316	19	22	0xDD6470	A
sm50_7x	0x22E7AD0	4886	0x1316	19	22	0xE19CD0	A
sm50_7x	0x22E7AD0	4886	0x1316	19	22	0xE4F330	A
sm50_7x	0x22E7AD0	4887	0x1317	19	23	0xE178A0	A
sm50_7x	0x22E7AD0	4887	0x1317	19	23	0xE4EC00	A
sm50_7x	0x22E7AD0	4888	0x1318	19	24	0xE169B0	A
sm50_7x	0x22E7AD0	4888	0x1318	19	24	0xE4FAA0	A
sm50_7x	0x22E7AD0	4889	0x1319	19	25	0xD20DA0	A
sm50_7x	0x22E7AD0	4890	0x131A	19	26	0xD206B0	A
sm50_7x	0x22E7AD0	4891	0x131B	19	27	0xD21500	A
sm50_7x	0x22E7AD0	4891	0x131B	19	27	0xE4D6B0	A
sm50_7x	0x22E7AD0	4892	0x131C	19	28	0xE4CFC0	A
sm50_7x	0x22E7AD0	4893	0x131D	19	29	0xE4DDE0	A
sm50_7x	0x22E7AD0	4894	0x131E	19	30	0xD1C770	A
sm50_7x	0x22E7AD0	4895	0x131F	19	31	0xD1C040	A
sm50_7x	0x22E7AD0	4896	0x1320	19	32	0xD1CEE0	A
sm50_7x	0x22E7AD0	4898	0x1322	19	34	0xCCE5C0	A
sm50_7x	0x22E7AD0	4899	0x1323	19	35	0xCCA660	A
sm50_7x	0x22E7AD0	4899	0x1323	19	35	0xD1AB10	A
sm50_7x	0x22E7AD0	4900	0x1324	19	36	0xCC9910	A
sm50_7x	0x22E7AD0	4900	0x1324	19	36	0xD1A430	A
sm50_7x	0x22E7AD0	4901	0x1325	19	37	0xD1B230	A
sm50_7x	0x22E7AD0	4902	0x1326	19	38	0xCCCDD0	A
sm50_7x	0x22E7AD0	4904	0x1328	19	40	0xCCC740	A
sm50_7x	0x22E7AD0	4982	0x1376	19	118	0xCE2920	A
sm50_7x	0x22E7AD0	4984	0x1378	19	120	0xCE3570	A
sm50_7x	0x22E7AD0	4985	0x1379	19	121	0xCE3BC0	A
sm50_7x	0x22E7AD0	5377	0x1501	21	1	0xEA7880	A
sm50_7x	0x22E7AD0	5633	0x1601	22	1	0xE61B40	A
sm50_7x	0x22E7AD0	5636	0x1604	22	4	0xE62070	A
sm50_7x	0x22E7AD0	5646	0x160E	22	14	0xDE5770	A
sm50_7x	0x22E7AD0	5647	0x160F	22	15	0xCA3410	A
sm50_7x	0x22E7AD0	5647	0x160F	22	15	0xDE7560	A
sm50_7x	0x22E7AD0	5649	0x1611	22	17	0xCA4B50	A
sm50_7x	0x22E7AD0	5650	0x1612	22	18	0xDE6340	A
sm50_7x	0x22E7AD0	5651	0x1613	22	19	0xDE8200	A
sm50_7x	0x22E7AD0	5659	0x161B	22	27	0xCA6360	A
sm50_7x	0x22E7AD0	5661	0x161D	22	29	0xCA9480	A
sm50_7x	0x22E7AD0	5671	0x1627	22	39	0xCA5D10	A
sm50_7x	0x22E7AD0	5673	0x1629	22	41	0xCA8E20	A
sm50_7x	0x22E7AD0	5683	0x1633	22	51	0xCA2E90	A
sm50_7x	0x22E7AD0	5685	0x1635	22	53	0xCA45B0	A
sm50_7x	0x22E7AD0	5977	0x1759	23	89	0xCD6080	A
sm50_7x	0x22E7AD0	6400	0x1900	25	0	0xD72300	A
sm50_7x	0x22E7AD0	6400	0x1900	25	0	0xDEF520	A
sm50_7x	0x22E7AD0	6401	0x1901	25	1	0xD283E0	A
sm50_7x	0x22E7AD0	6401	0x1901	25	1	0xD7C5E0	A
sm50_7x	0x22E7AD0	6401	0x1901	25	1	0xD9BA90	A
sm50_7x	0x22E7AD0	6401	0x1901	25	1	0xE069E0	A
sm50_7x	0x22E7AD0	6401	0x1901	25	1	0xE2CE80	A
sm50_7x	0x22E7AD0	6401	0x1901	25	1	0xE49950	A
sm50_7x	0x22E7AD0	6402	0x1902	25	2	0xD270E0	A
sm50_7x	0x22E7AD0	6402	0x1902	25	2	0xD7CC30	A
sm50_7x	0x22E7AD0	6402	0x1902	25	2	0xD9B440	A
sm50_7x	0x22E7AD0	6402	0x1902	25	2	0xE076A0	A
sm50_7x	0x22E7AD0	6402	0x1902	25	2	0xE2C7E0	A
sm50_7x	0x22E7AD0	6403	0x1903	25	3	0xD27D80	A
sm50_7x	0x22E7AD0	6403	0x1903	25	3	0xD73520	A
sm50_7x	0x22E7AD0	6403	0x1903	25	3	0xD9ADF0	A
sm50_7x	0x22E7AD0	6403	0x1903	25	3	0xDB9AC0	A
sm50_7x	0x22E7AD0	6403	0x1903	25	3	0xE2ACC0	A
sm50_7x	0x22E7AD0	6404	0x1904	25	4	0xD16DE0	A
sm50_7x	0x22E7AD0	6404	0x1904	25	4	0xD76090	A
sm50_7x	0x22E7AD0	6404	0x1904	25	4	0xDB9490	A
sm50_7x	0x22E7AD0	6404	0x1904	25	4	0xDF8BC0	A
sm50_7x	0x22E7AD0	6404	0x1904	25	4	0xE2A630	A
sm50_7x	0x22E7AD0	6404	0x1904	25	4	0xE68E40	A
sm50_7x	0x22E7AD0	6404	0x1904	25	4	0xE81320	A
sm50_7x	0x22E7AD0	6405	0x1905	25	5	0xC8DA00	A
sm50_7x	0x22E7AD0	6405	0x1905	25	5	0xD766D0	A
sm50_7x	0x22E7AD0	6405	0x1905	25	5	0xDBD210	A
sm50_7x	0x22E7AD0	6405	0x1905	25	5	0xDF97C0	A
sm50_7x	0x22E7AD0	6405	0x1905	25	5	0xE2B350	A
sm50_7x	0x22E7AD0	6405	0x1905	25	5	0xE661E0	A
sm50_7x	0x22E7AD0	6405	0x1905	25	5	0xE7E8C0	A
sm50_7x	0x22E7AD0	6406	0x1906	25	6	0xD73B60	A
sm50_7x	0x22E7AD0	6406	0x1906	25	6	0xD9A7A0	A
sm50_7x	0x22E7AD0	6406	0x1906	25	6	0xDBEA50	A
sm50_7x	0x22E7AD0	6406	0x1906	25	6	0xDFBB30	A
sm50_7x	0x22E7AD0	6406	0x1906	25	6	0xE2BA20	A
sm50_7x	0x22E7AD0	6406	0x1906	25	6	0xE66860	A
sm50_7x	0x22E7AD0	6406	0x1906	25	6	0xE7EEE0	A
sm50_7x	0x22E7AD0	6407	0x1907	25	7	0xD70B60	A
sm50_7x	0x22E7AD0	6407	0x1907	25	7	0xD9A150	A
sm50_7x	0x22E7AD0	6407	0x1907	25	7	0xDBDE20	A
sm50_7x	0x22E7AD0	6407	0x1907	25	7	0xDFA940	A
sm50_7x	0x22E7AD0	6407	0x1907	25	7	0xE2C0F0	A
sm50_7x	0x22E7AD0	6407	0x1907	25	7	0xE67CA0	A
sm50_7x	0x22E7AD0	6407	0x1907	25	7	0xE801E0	A
sm50_7x	0x22E7AD0	6408	0x1908	25	8	0xD30490	A
sm50_7x	0x22E7AD0	6408	0x1908	25	8	0xD6D6A0	A
sm50_7x	0x22E7AD0	6408	0x1908	25	8	0xD99B00	A
sm50_7x	0x22E7AD0	6408	0x1908	25	8	0xDBF090	A
sm50_7x	0x22E7AD0	6408	0x1908	25	8	0xDD1280	A
sm50_7x	0x22E7AD0	6408	0x1908	25	8	0xDFCD20	A
sm50_7x	0x22E7AD0	6408	0x1908	25	8	0xE28B10	A
sm50_7x	0x22E7AD0	6408	0x1908	25	8	0xE66EE0	A
sm50_7x	0x22E7AD0	6408	0x1908	25	8	0xE7F500	A
sm50_7x	0x22E7AD0	6409	0x1909	25	9	0xC91020	A
sm50_7x	0x22E7AD0	6409	0x1909	25	9	0xD2DC60	A
sm50_7x	0x22E7AD0	6409	0x1909	25	9	0xD6E250	A
sm50_7x	0x22E7AD0	6409	0x1909	25	9	0xD994B0	A
sm50_7x	0x22E7AD0	6409	0x1909	25	9	0xDC20D0	A
sm50_7x	0x22E7AD0	6409	0x1909	25	9	0xDFE5B0	A
sm50_7x	0x22E7AD0	6409	0x1909	25	9	0xE28480	A
sm50_7x	0x22E7AD0	6410	0x190A	25	10	0xD2C8E0	A
sm50_7x	0x22E7AD0	6410	0x190A	25	10	0xD71710	A
sm50_7x	0x22E7AD0	6410	0x190A	25	10	0xDC0F30	A
sm50_7x	0x22E7AD0	6410	0x190A	25	10	0xDFD370	A
sm50_7x	0x22E7AD0	6410	0x190A	25	10	0xE291A0	A
sm50_7x	0x22E7AD0	6411	0x190B	25	11	0xD2D5D0	A
sm50_7x	0x22E7AD0	6411	0x190B	25	11	0xD71120	A
sm50_7x	0x22E7AD0	6411	0x190B	25	11	0xDC1AE0	A
sm50_7x	0x22E7AD0	6411	0x190B	25	11	0xDFDF90	A
sm50_7x	0x22E7AD0	6411	0x190B	25	11	0xE29870	A
sm50_7x	0x22E7AD0	6412	0x190C	25	12	0xD2CF40	A
sm50_7x	0x22E7AD0	6412	0x190C	25	12	0xD71D00	A
sm50_7x	0x22E7AD0	6412	0x190C	25	12	0xD98E60	A
sm50_7x	0x22E7AD0	6412	0x190C	25	12	0xDC14F0	A
sm50_7x	0x22E7AD0	6412	0x190C	25	12	0xDFD970	A
sm50_7x	0x22E7AD0	6413	0x190D	25	13	0xC8AF40	A
sm50_7x	0x22E7AD0	6413	0x190D	25	13	0xD28A60	A
sm50_7x	0x22E7AD0	6413	0x190D	25	13	0xD6DC60	A
sm50_7x	0x22E7AD0	6413	0x190D	25	13	0xD9E610	A
sm50_7x	0x22E7AD0	6413	0x190D	25	13	0xDBCC50	A
sm50_7x	0x22E7AD0	6413	0x190D	25	13	0xDF9DC0	A
sm50_7x	0x22E7AD0	6414	0x190E	25	14	0xC8A900	A
sm50_7x	0x22E7AD0	6414	0x190E	25	14	0xD2AF70	A
sm50_7x	0x22E7AD0	6414	0x190E	25	14	0xD6E840	A
sm50_7x	0x22E7AD0	6414	0x190E	25	14	0xD9F270	A
sm50_7x	0x22E7AD0	6414	0x190E	25	14	0xDBE460	A
sm50_7x	0x22E7AD0	6414	0x190E	25	14	0xDFC150	A
sm50_7x	0x22E7AD0	6415	0x190F	25	15	0xC8C170	A
sm50_7x	0x22E7AD0	6415	0x190F	25	15	0xD29CB0	A
sm50_7x	0x22E7AD0	6415	0x190F	25	15	0xD72880	A
sm50_7x	0x22E7AD0	6415	0x190F	25	15	0xD9EC30	A
sm50_7x	0x22E7AD0	6415	0x190F	25	15	0xDBD830	A
sm50_7x	0x22E7AD0	6416	0x1910	25	16	0xC8B530	A
sm50_7x	0x22E7AD0	6416	0x1910	25	16	0xD2C230	A
sm50_7x	0x22E7AD0	6416	0x1910	25	16	0xD753F0	A
sm50_7x	0x22E7AD0	6416	0x1910	25	16	0xD9C0D0	A
sm50_7x	0x22E7AD0	6416	0x1910	25	16	0xDBB360	A
sm50_7x	0x22E7AD0	6417	0x1911	25	17	0xC8C7C0	A
sm50_7x	0x22E7AD0	6417	0x1911	25	17	0xD290A0	A
sm50_7x	0x22E7AD0	6417	0x1911	25	17	0xD75A30	A
sm50_7x	0x22E7AD0	6417	0x1911	25	17	0xD9CD30	A
sm50_7x	0x22E7AD0	6417	0x1911	25	17	0xDBBFC0	A
sm50_7x	0x22E7AD0	6418	0x1912	25	18	0xC9C380	A
sm50_7x	0x22E7AD0	6418	0x1912	25	18	0xD2B5D0	A
sm50_7x	0x22E7AD0	6418	0x1912	25	18	0xD72EC0	A
sm50_7x	0x22E7AD0	6418	0x1912	25	18	0xD9C6F0	A
sm50_7x	0x22E7AD0	6418	0x1912	25	18	0xDBB980	A
sm50_7x	0x22E7AD0	6419	0x1913	25	19	0xC985B0	A
sm50_7x	0x22E7AD0	6419	0x1913	25	19	0xD6F3C0	A
sm50_7x	0x22E7AD0	6419	0x1913	25	19	0xD9F8B0	A
sm50_7x	0x22E7AD0	6419	0x1913	25	19	0xDBC600	A
sm50_7x	0x22E7AD0	6420	0x1914	25	20	0xC98C00	A
sm50_7x	0x22E7AD0	6420	0x1914	25	20	0xD6BF00	A
sm50_7x	0x22E7AD0	6420	0x1914	25	20	0xDA0510	A
sm50_7x	0x22E7AD0	6420	0x1914	25	20	0xDC08E0	A
sm50_7x	0x22E7AD0	6421	0x1915	25	21	0xC9AB00	A
sm50_7x	0x22E7AD0	6421	0x1915	25	21	0xD6CAB0	A
sm50_7x	0x22E7AD0	6421	0x1915	25	21	0xD9FED0	A
sm50_7x	0x22E7AD0	6421	0x1915	25	21	0xDBF6A0	A
sm50_7x	0x22E7AD0	6421	0x1915	25	21	0xDF40B0	A
sm50_7x	0x22E7AD0	6422	0x1916	25	22	0xC9B720	A
sm50_7x	0x22E7AD0	6422	0x1916	25	22	0xD6FF70	A
sm50_7x	0x22E7AD0	6422	0x1916	25	22	0xD9D370	A
sm50_7x	0x22E7AD0	6422	0x1916	25	22	0xDC02C0	A
sm50_7x	0x22E7AD0	6422	0x1916	25	22	0xDF6E10	A
sm50_7x	0x22E7AD0	6423	0x1917	25	23	0xC9B100	A
sm50_7x	0x22E7AD0	6423	0x1917	25	23	0xD6F980	A
sm50_7x	0x22E7AD0	6423	0x1917	25	23	0xD9DFD0	A
sm50_7x	0x22E7AD0	6423	0x1917	25	23	0xDBFCA0	A
sm50_7x	0x22E7AD0	6424	0x1918	25	24	0xC9BD40	A
sm50_7x	0x22E7AD0	6424	0x1918	25	24	0xD70560	A
sm50_7x	0x22E7AD0	6424	0x1918	25	24	0xD9D990	A
sm50_7x	0x22E7AD0	6424	0x1918	25	24	0xDBA120	A
sm50_7x	0x22E7AD0	6425	0x1919	25	25	0xC959F0	A
sm50_7x	0x22E7AD0	6425	0x1919	25	25	0xCD9820	A
sm50_7x	0x22E7AD0	6425	0x1919	25	25	0xD23A50	A
sm50_7x	0x22E7AD0	6425	0x1919	25	25	0xD6C4C0	A
sm50_7x	0x22E7AD0	6425	0x1919	25	25	0xDA1D90	A
sm50_7x	0x22E7AD0	6425	0x1919	25	25	0xDBAD40	A
sm50_7x	0x22E7AD0	6426	0x191A	25	26	0xC972E0	A
sm50_7x	0x22E7AD0	6426	0x191A	25	26	0xD6D0A0	A
sm50_7x	0x22E7AD0	6426	0x191A	25	26	0xDA29B0	A
sm50_7x	0x22E7AD0	6427	0x191B	25	27	0xC96650	A
sm50_7x	0x22E7AD0	6427	0x191B	25	27	0xCE0520	A
sm50_7x	0x22E7AD0	6427	0x191B	25	27	0xD2FEE0	A
sm50_7x	0x22E7AD0	6427	0x191B	25	27	0xDA2390	A
sm50_7x	0x22E7AD0	6427	0x191B	25	27	0xE007D0	A
sm50_7x	0x22E7AD0	6428	0x191C	25	28	0xC95FF0	A
sm50_7x	0x22E7AD0	6428	0x191C	25	28	0xDA0B50	A
sm50_7x	0x22E7AD0	6429	0x191D	25	29	0xC97900	A
sm50_7x	0x22E7AD0	6429	0x191D	25	29	0xD6B030	A
sm50_7x	0x22E7AD0	6429	0x191D	25	29	0xDA1770	A
sm50_7x	0x22E7AD0	6430	0x191E	25	30	0xC96C70	A
sm50_7x	0x22E7AD0	6430	0x191E	25	30	0xD31A70	A
sm50_7x	0x22E7AD0	6430	0x191E	25	30	0xD741C0	A
sm50_7x	0x22E7AD0	6431	0x191F	25	31	0xC97F70	A
sm50_7x	0x22E7AD0	6431	0x191F	25	31	0xD24690	A
sm50_7x	0x22E7AD0	6432	0x1920	25	32	0xC99280	A
sm50_7x	0x22E7AD0	6432	0x1920	25	32	0xD25330	A
sm50_7x	0x22E7AD0	6433	0x1921	25	33	0xC99EA0	A
sm50_7x	0x22E7AD0	6433	0x1921	25	33	0xD6B530	A
sm50_7x	0x22E7AD0	6434	0x1922	25	34	0xC99880	A
sm50_7x	0x22E7AD0	6434	0x1922	25	34	0xD7A660	A
sm50_7x	0x22E7AD0	6435	0x1923	25	35	0xC9A4C0	A
sm50_7x	0x22E7AD0	6435	0x1923	25	35	0xD78690	A
sm50_7x	0x22E7AD0	6436	0x1924	25	36	0xC92E30	A
sm50_7x	0x22E7AD0	6436	0x1924	25	36	0xD76D30	A
sm50_7x	0x22E7AD0	6437	0x1925	25	37	0xC94720	A
sm50_7x	0x22E7AD0	6437	0x1925	25	37	0xD77A10	A
sm50_7x	0x22E7AD0	6438	0x1926	25	38	0xC93A90	A
sm50_7x	0x22E7AD0	6438	0x1926	25	38	0xD7AC90	A
sm50_7x	0x22E7AD0	6439	0x1927	25	39	0xC93430	A
sm50_7x	0x22E7AD0	6439	0x1927	25	39	0xD78CD0	A
sm50_7x	0x22E7AD0	6440	0x1928	25	40	0xC94D40	A
sm50_7x	0x22E7AD0	6441	0x1929	25	41	0xC940B0	A
sm50_7x	0x22E7AD0	6441	0x1929	25	41	0xD79FB0	A
sm50_7x	0x22E7AD0	6442	0x192A	25	42	0xD79960	A
sm50_7x	0x22E7AD0	6444	0x192C	25	44	0xD7BF40	A
sm50_7x	0x22E7AD0	6445	0x192D	25	45	0xC8EC90	A
sm50_7x	0x22E7AD0	6445	0x192D	25	45	0xD7B900	A
sm50_7x	0x22E7AD0	6446	0x192E	25	46	0xD773A0	A
sm50_7x	0x22E7AD0	6449	0x1931	25	49	0xC86610	A
sm50_7x	0x22E7AD0	6450	0x1932	25	50	0xC87DB0	A
sm50_7x	0x22E7AD0	6451	0x1933	25	51	0xC88A40	A
sm50_7x	0x22E7AD0	6452	0x1934	25	52	0xC883F0	A
sm50_7x	0x22E7AD0	6457	0x1939	25	57	0xC871F0	A
sm50_7x	0x22E7AD0	6458	0x193A	25	58	0xC896D0	A
sm50_7x	0x22E7AD0	6459	0x193B	25	59	0xC89090	A
sm50_7x	0x22E7AD0	6462	0x193E	25	62	0xC9CF80	A
sm50_7x	0x22E7AD0	6465	0x1941	25	65	0xC9D540	A
sm50_7x	0x22E7AD0	6466	0x1942	25	66	0xC9DB30	A
sm50_7x	0x22E7AD0	6469	0x1945	25	69	0xC9EDB0	A
sm50_7x	0x22E7AD0	6470	0x1946	25	70	0xCDB530	A
sm50_7x	0x22E7AD0	6517	0x1975	25	117	0xCDFF90	A
sm50_7x	0x22E7AD0	6519	0x1977	25	119	0xCE2320	A
sm50_7x	0x22E7AD0	6590	0x19BE	25	190	0xCE5270	A
sm50_7x	0x22E7AD0	6592	0x19C0	25	192	0xCE6A50	A
sm50_7x	0x22E7AD0	6680	0x1A18	26	24	0xCC47B0	A
sm50_7x	0x22E7AD0	6682	0x1A1A	26	26	0xCC71F0	A
sm50_7x	0x22E7AD0	6683	0x1A1B	26	27	0xCC53D0	A
sm50_7x	0x22E7AD0	6684	0x1A1C	26	28	0xCC4C50	A
sm50_7x	0x22E7AD0	6685	0x1A1D	26	29	0xCC62D0	A
sm50_7x	0x22E7AD0	7681	0x1E01	30	1	0xDF11F0	A
sm50_7x	0x22E7AD0	7682	0x1E02	30	2	0xCAF0A0	A
sm50_7x	0x22E7AD0	7685	0x1E05	30	5	0xCAFB30	A
sm50_7x	0x22E7AD0	7938	0x1F02	31	2	0xE0FFF0	A
sm50_7x	0x22E7AD0	7939	0x1F03	31	3	0xE0D9B0	A
sm50_7x	0x22E7AD0	8488	0x2128	33	40	0xD79310	A
sm50_7x	0x22E7AD0	8491	0x212B	33	43	0xD7B2C0	A
sm50_7x	0x22E7AD0	8705	0x2201	34	1	0xCF9A30	A
sm50_7x	0x22E7AD0	8706	0x2202	34	2	0xCF9490	A
sm50_7x	0x22E7AD0	8708	0x2204	34	4	0xCBBCF0	A
sm50_7x	0x22E7AD0	8708	0x2204	34	4	0xCD28B0	A
sm50_7x	0x22E7AD0	8709	0x2205	34	5	0xCDAF50	A
sm50_7x	0x22E7AD0	8747	0x222B	34	43	0xCD2320	A
sm50_7x	0x22E7AD0	8748	0x222C	34	44	0xCDA970	A
sm50_7x	0x22E7AD0	8750	0x222E	34	46	0xCF8980	A
sm50_7x	0x22E7AD0	8751	0x222F	34	47	0xCF83E0	A
sm50_7x	0x22E7AD0	8766	0x223E	34	62	0xCD1D90	A
sm50_7x	0x22E7AD0	8767	0x223F	34	63	0xCDA390	A
sm50_7x	0x22E7AD0	8772	0x2244	34	68	0xCD1800	A
sm50_7x	0x22E7AD0	8773	0x2245	34	69	0xCD9DB0	A
sm50_7x	0x22E7AD0	8775	0x2247	34	71	0xCFAAB0	A
sm50_7x	0x22E7AD0	8776	0x2248	34	72	0xCFA540	A
sm50_7x	0x22E7AD0	8785	0x2251	34	81	0xCD33D0	A
sm50_7x	0x22E7AD0	8786	0x2252	34	82	0xCDD290	A
sm50_7x	0x22E7AD0	8788	0x2254	34	84	0xCD2E40	A
sm50_7x	0x22E7AD0	8789	0x2255	34	85	0xCDCCB0	A
sm50_7x	0x22E7AD0	8794	0x225A	34	90	0xCFBB10	A
sm50_7x	0x22E7AD0	8795	0x225B	34	91	0xCFB5A0	A
sm50_7x	0x22E7AD0	8844	0x228C	34	140	0xCF3630	A
sm50_7x	0x22E7AD0	8845	0x228D	34	141	0xCF3020	A
sm50_7x	0x22E7AD0	8847	0x228F	34	143	0xCF2450	A
sm50_7x	0x22E7AD0	8848	0x2290	34	144	0xCF1E40	A
sm50_7x	0x22E7AD0	8850	0x2292	34	146	0xCF47C0	A
sm50_7x	0x22E7AD0	8851	0x2293	34	147	0xCF4200	A
sm50_7x	0x22E7AD0	8853	0x2295	34	149	0xCF5910	A
sm50_7x	0x22E7AD0	8854	0x2296	34	150	0xCF5350	A
sm50_7x	0x22E7AD0	8864	0x22A0	34	160	0xCEEFD0	A
sm50_7x	0x22E7AD0	8865	0x22A1	34	161	0xCEE9C0	A
sm50_7x	0x22E7AD0	8867	0x22A3	34	163	0xCEDDF0	A
sm50_7x	0x22E7AD0	8868	0x22A4	34	164	0xCED7E0	A
sm50_7x	0x22E7AD0	8870	0x22A6	34	166	0xCF0160	A
sm50_7x	0x22E7AD0	8871	0x22A7	34	167	0xCEFBA0	A
sm50_7x	0x22E7AD0	8873	0x22A9	34	169	0xCF12B0	A
sm50_7x	0x22E7AD0	8874	0x22AA	34	170	0xCF0CF0	A
sm50_7x	0x22E7AD0	8966	0x2306	35	6	0xDCDFE0	A
sm50_7x	0x22E7AD0	8977	0x2311	35	17	0xDD48F0	A
sm50_7x	0x22E7AD0	8980	0x2314	35	20	0xDD5D50	A
sm50_7x	0x22E7AD0	8980	0x2314	35	20	0xE52B90	A
sm50_7x	0x22E7AD0	8981	0x2315	35	21	0xE4C150	A
sm50_7x	0x22E7AD0	8985	0x2319	35	25	0xE4E4D0	A
sm50_7x	0x22E7AD0	8986	0x231A	35	26	0xE4BA20	A
sm50_7x	0x22E7AD0	8988	0x231C	35	28	0xD1FFC0	A
sm50_7x	0x22E7AD0	8989	0x231D	35	29	0xD195E0	A
sm50_7x	0x22E7AD0	8993	0x2321	35	33	0xD1B910	A
sm50_7x	0x22E7AD0	8994	0x2322	35	34	0xD18EB0	A
sm50_7x	0x22E7AD0	9222	0x2406	36	6	0xE85190	A
sm50_7x	0x22E7AD0	9474	0x2502	37	2	0xE85F90	A
sm50_7x	0x22E7AD0	9475	0x2503	37	3	0xE83CA0	A
sm50_7x	0x22E7AD0	9475	0x2503	37	3	0xEAC180	B
sm50_7x	0x22E7AD0	9475	0x2503	37	3	0xEAD000	A
sm50_7x	0x22E7AD0	9477	0x2505	37	5	0xEAC8D0	A
sm50_7x	0x22E7AD0	9477	0x2505	37	5	0xEAE6A0	B
sm50_7x	0x22E7AD0	9478	0x2506	37	6	0xEAE6A0	A
sm50_7x	0x22E7AD0	9479	0x2507	37	7	0xE82E40	A
sm50_7x	0x22E7AD0	9479	0x2507	37	7	0xEAD730	A
sm50_7x	0x22E7AD0	9480	0x2508	37	8	0xE136C0	A
sm50_7x	0x22E7AD0	9488	0x2510	37	16	0xE15BF0	A
sm50_7x	0x22E7AD0	9489	0x2511	37	17	0xE14D60	A
sm50_7x	0x22E7AD0	9490	0x2512	37	18	0xE13DF0	A
sm50_7x	0x22E7AD0	9753	0x2619	38	25	0xCC6A50	A
sm75	0x2348FB0	1	0x0001	0	1	0x139FFF0	A
sm75	0x2348FB0	1	0x0001	0	1	0xE23DF0	A
sm75	0x2348FB0	2	0x0002	0	2	0xCD0890	A
sm75	0x2348FB0	4	0x0004	0	4	0xE2E7C0	A
sm75	0x2348FB0	6	0x0006	0	6	0xE350F0	A
sm75	0x2348FB0	8	0x0008	0	8	0xE33B80	A
sm75	0x2348FB0	10	0x000A	0	10	0xE35630	A
sm75	0x2348FB0	12	0x000C	0	12	0xE340A0	A
sm75	0x2348FB0	14	0x000E	0	14	0xE30A00	A
sm75	0x2348FB0	512	0x0200	2	0	0x1791550	A
sm75	0x2348FB0	512	0x0200	2	0	0xCB54F0	A
sm75	0x2348FB0	512	0x0200	2	0	0xD0AA50	A
sm75	0x2348FB0	512	0x0200	2	0	0xD5A7B0	A
sm75	0x2348FB0	512	0x0200	2	0	0xE3F3D0	A
sm75	0x2348FB0	512	0x0200	2	0	0xE445E0	B
sm75	0x2348FB0	512	0x0200	2	0	0xE47D20	A
sm75	0x2348FB0	512	0x0200	2	0	0xE5CF40	A
sm75	0x2348FB0	512	0x0200	2	0	0xE6C270	A
sm75	0x2348FB0	512	0x0200	2	0	0xEA6B80	B
sm75	0x2348FB0	512	0x0200	2	0	0xEA6FE0	B
sm75	0x2348FB0	512	0x0200	2	0	0xEA7440	B
sm75	0x2348FB0	513	0x0201	2	1	0x1769230	A
sm75	0x2348FB0	513	0x0201	2	1	0x1794670	A
sm75	0x2348FB0	513	0x0201	2	1	0xD0A4E0	A
sm75	0x2348FB0	513	0x0201	2	1	0xD0B530	A
sm75	0x2348FB0	513	0x0201	2	1	0xDCB560	A
sm75	0x2348FB0	513	0x0201	2	1	0xDF05D0	A
sm75	0x2348FB0	513	0x0201	2	1	0xE44A20	A
sm75	0x2348FB0	513	0x0201	2	1	0xE46320	B
sm75	0x2348FB0	513	0x0201	2	1	0xE46790	A
sm75	0x2348FB0	513	0x0201	2	1	0xE6F740	A
sm75	0x2348FB0	514	0x0202	2	2	0x176D420	A
sm75	0x2348FB0	514	0x0202	2	2	0x1794150	A
sm75	0x2348FB0	514	0x0202	2	2	0xC7B6B0	A
sm75	0x2348FB0	514	0x0202	2	2	0xC7D190	A
sm75	0x2348FB0	514	0x0202	2	2	0xD0AFC0	A
sm75	0x2348FB0	514	0x0202	2	2	0xDB5030	A
sm75	0x2348FB0	514	0x0202	2	2	0xDE1A00	A
sm75	0x2348FB0	514	0x0202	2	2	0xDEFFB0	A
sm75	0x2348FB0	514	0x0202	2	2	0xE453E0	A
sm75	0x2348FB0	514	0x0202	2	2	0xE6F290	A
sm75	0x2348FB0	514	0x0202	2	2	0xEA9C20	A
sm75	0x2348FB0	515	0x0203	2	3	0x1769740	A
sm75	0x2348FB0	515	0x0203	2	3	0xD09F70	A
sm75	0x2348FB0	515	0x0203	2	3	0xD69950	A
sm75	0x2348FB0	515	0x0203	2	3	0xD84DF0	A
sm75	0x2348FB0	515	0x0203	2	3	0xDCA620	A
sm75	0x2348FB0	515	0x0203	2	3	0xDF0BD0	A
sm75	0x2348FB0	516	0x0204	2	4	0x1769CB0	A
sm75	0x2348FB0	516	0x0204	2	4	0x176D9F0	A
sm75	0x2348FB0	516	0x0204	2	4	0xC7A6C0	A
sm75	0x2348FB0	516	0x0204	2	4	0xC7C1A0	A
sm75	0x2348FB0	516	0x0204	2	4	0xC81C00	A
sm75	0x2348FB0	516	0x0204	2	4	0xDAD530	A
sm75	0x2348FB0	516	0x0204	2	4	0xDB45B0	A
sm75	0x2348FB0	516	0x0204	2	4	0xE1EBD0	A
sm75	0x2348FB0	516	0x0204	2	4	0xE705A0	A
sm75	0x2348FB0	517	0x0205	2	5	0xD6A5B0	A
sm75	0x2348FB0	517	0x0205	2	5	0xD85A50	A
sm75	0x2348FB0	517	0x0205	2	5	0xDA7C50	A
sm75	0x2348FB0	517	0x0205	2	5	0xDE3BD0	A
sm75	0x2348FB0	517	0x0205	2	5	0xDEEAA0	A
sm75	0x2348FB0	517	0x0205	2	5	0xE700F0	A
sm75	0x2348FB0	518	0x0206	2	6	0x17687B0	A
sm75	0x2348FB0	518	0x0206	2	6	0xC70270	A
sm75	0x2348FB0	518	0x0206	2	6	0xDB5FC0	A
sm75	0x2348FB0	519	0x0207	2	7	0xDA4D90	A
sm75	0x2348FB0	519	0x0207	2	7	0xDE3600	A
sm75	0x2348FB0	519	0x0207	2	7	0xDEFA40	A
sm75	0x2348FB0	520	0x0208	2	8	0x1767D30	A
sm75	0x2348FB0	520	0x0208	2	8	0xC85510	A
sm75	0x2348FB0	520	0x0208	2	8	0xDB0E40	A
sm75	0x2348FB0	520	0x0208	2	8	0xE224E0	A
sm75	0x2348FB0	521	0x0209	2	9	0xDA76B0	A
sm75	0x2348FB0	528	0x0210	2	16	0xD595C0	A
sm75	0x2348FB0	530	0x0212	2	18	0xCA5700	A
sm75	0x2348FB0	530	0x0212	2	18	0xD4F0B0	A
sm75	0x2348FB0	532	0x0214	2	20	0xC842F0	A
sm75	0x2348FB0	532	0x0214	2	20	0xCA8820	A
sm75	0x2348FB0	532	0x0214	2	20	0xD4FB60	A
sm75	0x2348FB0	532	0x0214	2	20	0xDAFC20	A
sm75	0x2348FB0	532	0x0214	2	20	0xE212C0	A
sm75	0x2348FB0	533	0x0215	2	21	0xC82720	A
sm75	0x2348FB0	533	0x0215	2	21	0xDAE050	A
sm75	0x2348FB0	533	0x0215	2	21	0xE1F6F0	A
sm75	0x2348FB0	534	0x0216	2	22	0xC821C0	A
sm75	0x2348FB0	534	0x0216	2	22	0xDADAF0	A
sm75	0x2348FB0	534	0x0216	2	22	0xE1F190	A
sm75	0x2348FB0	535	0x0217	2	23	0xD59050	A
sm75	0x2348FB0	535	0x0217	2	23	0xD979A0	A
sm75	0x2348FB0	537	0x0219	2	25	0xD96F30	A
sm75	0x2348FB0	539	0x021B	2	27	0xD98900	A
sm75	0x2348FB0	540	0x021C	2	28	0xD88630	A
sm75	0x2348FB0	542	0x021E	2	30	0xCAAD00	A
sm75	0x2348FB0	542	0x021E	2	30	0xD89210	A
sm75	0x2348FB0	544	0x0220	2	32	0xC74A90	A
sm75	0x2348FB0	544	0x0220	2	32	0xCA8220	A
sm75	0x2348FB0	546	0x0222	2	34	0xC6ED10	A
sm75	0x2348FB0	548	0x0224	2	36	0xC6F7C0	A
sm75	0x2348FB0	550	0x0226	2	38	0xDDA430	A
sm75	0x2348FB0	552	0x0228	2	40	0xDDC650	A
sm75	0x2348FB0	554	0x022A	2	42	0xDDE350	A
sm75	0x2348FB0	768	0x0300	3	0	0x17A5900	A
sm75	0x2348FB0	768	0x0300	3	0	0xE84350	A
sm75	0x2348FB0	769	0x0301	3	1	0x176CEB0	A
sm75	0x2348FB0	769	0x0301	3	1	0x1771230	A
sm75	0x2348FB0	769	0x0301	3	1	0x17960F0	A
sm75	0x2348FB0	769	0x0301	3	1	0x1798970	A
sm75	0x2348FB0	769	0x0301	3	1	0xC7AC30	A
sm75	0x2348FB0	769	0x0301	3	1	0xC7C710	A
sm75	0x2348FB0	769	0x0301	3	1	0xC92210	A
sm75	0x2348FB0	769	0x0301	3	1	0xCB05C0	A
sm75	0x2348FB0	769	0x0301	3	1	0xCB1FC0	A
sm75	0x2348FB0	769	0x0301	3	1	0xD07240	A
sm75	0x2348FB0	769	0x0301	3	1	0xD224D0	A
sm75	0x2348FB0	769	0x0301	3	1	0xD32C30	A
sm75	0x2348FB0	769	0x0301	3	1	0xD38E20	A
sm75	0x2348FB0	769	0x0301	3	1	0xD43D10	A
sm75	0x2348FB0	769	0x0301	3	1	0xD67AA0	A
sm75	0x2348FB0	769	0x0301	3	1	0xD82F40	A
sm75	0x2348FB0	769	0x0301	3	1	0xDA58A0	A
sm75	0x2348FB0	769	0x0301	3	1	0xDB40A0	A
sm75	0x2348FB0	769	0x0301	3	1	0xDC8C70	A
sm75	0x2348FB0	769	0x0301	3	1	0xDDFAF0	A
sm75	0x2348FB0	769	0x0301	3	1	0xDE1490	A
sm75	0x2348FB0	769	0x0301	3	1	0xDE8840	A
sm75	0x2348FB0	769	0x0301	3	1	0xDEAB30	A
sm75	0x2348FB0	769	0x0301	3	1	0xE0A930	A
sm75	0x2348FB0	769	0x0301	3	1	0xE65180	A
sm75	0x2348FB0	769	0x0301	3	1	0xE683A0	A
sm75	0x2348FB0	769	0x0301	3	1	0xE69E80	A
sm75	0x2348FB0	769	0x0301	3	1	0xE75D40	A
sm75	0x2348FB0	769	0x0301	3	1	0xE80880	A
sm75	0x2348FB0	769	0x0301	3	1	0xE82370	A
sm75	0x2348FB0	769	0x0301	3	1	0xE8FFF0	A
sm75	0x2348FB0	770	0x0302	3	2	0x1736520	A
sm75	0x2348FB0	770	0x0302	3	2	0x176A1C0	A
sm75	0x2348FB0	770	0x0302	3	2	0x1770B90	A
sm75	0x2348FB0	770	0x0302	3	2	0x1771810	A
sm75	0x2348FB0	770	0x0302	3	2	0x1795B70	A
sm75	0x2348FB0	770	0x0302	3	2	0xC810C0	A
sm75	0x2348FB0	770	0x0302	3	2	0xC8CDD0	A
sm75	0x2348FB0	770	0x0302	3	2	0xD22F20	A
sm75	0x2348FB0	770	0x0302	3	2	0xD3A0A0	A
sm75	0x2348FB0	770	0x0302	3	2	0xD57F70	A
sm75	0x2348FB0	770	0x0302	3	2	0xDAC9F0	A
sm75	0x2348FB0	770	0x0302	3	2	0xDE8D10	A
sm75	0x2348FB0	770	0x0302	3	2	0xE1E090	A
sm75	0x2348FB0	770	0x0302	3	2	0xE64C00	A
sm75	0x2348FB0	770	0x0302	3	2	0xE688F0	A
sm75	0x2348FB0	770	0x0302	3	2	0xE69960	A
sm75	0x2348FB0	770	0x0302	3	2	0xE80DD0	A
sm75	0x2348FB0	770	0x0302	3	2	0xE81E50	A
sm75	0x2348FB0	771	0x0303	3	3	0x17347D0	A
sm75	0x2348FB0	771	0x0303	3	3	0x1735F90	A
sm75	0x2348FB0	771	0x0303	3	3	0x17551D0	A
sm75	0x2348FB0	771	0x0303	3	3	0x176DFD0	A
sm75	0x2348FB0	771	0x0303	3	3	0x1787EF0	A
sm75	0x2348FB0	771	0x0303	3	3	0xC7BC60	A
sm75	0x2348FB0	771	0x0303	3	3	0xC7D740	A
sm75	0x2348FB0	771	0x0303	3	3	0xC7F8C0	A
sm75	0x2348FB0	771	0x0303	3	3	0xC8D3D0	A
sm75	0x2348FB0	771	0x0303	3	3	0xCB1030	A
sm75	0x2348FB0	771	0x0303	3	3	0xCB2A10	A
sm75	0x2348FB0	771	0x0303	3	3	0xD07730	A
sm75	0x2348FB0	771	0x0303	3	3	0xD0BFB0	A
sm75	0x2348FB0	771	0x0303	3	3	0xD447D0	A
sm75	0x2348FB0	771	0x0303	3	3	0xD601B0	A
sm75	0x2348FB0	771	0x0303	3	3	0xD68560	A
sm75	0x2348FB0	771	0x0303	3	3	0xD83A00	A
sm75	0x2348FB0	771	0x0303	3	3	0xDA62B0	A
sm75	0x2348FB0	771	0x0303	3	3	0xDAB1F0	A
sm75	0x2348FB0	771	0x0303	3	3	0xDB55A0	A
sm75	0x2348FB0	771	0x0303	3	3	0xDC26E0	A
sm75	0x2348FB0	771	0x0303	3	3	0xDCA120	A
sm75	0x2348FB0	771	0x0303	3	3	0xDCCD10	A
sm75	0x2348FB0	771	0x0303	3	3	0xDE0540	A
sm75	0x2348FB0	771	0x0303	3	3	0xDE25B0	A
sm75	0x2348FB0	771	0x0303	3	3	0xDEB580	A
sm75	0x2348FB0	771	0x0303	3	3	0xDF91B0	A
sm75	0x2348FB0	771	0x0303	3	3	0xE01F30	A
sm75	0x2348FB0	771	0x0303	3	3	0xE0BEA0	A
sm75	0x2348FB0	771	0x0303	3	3	0xE1C890	A
sm75	0x2348FB0	771	0x0303	3	3	0xE65700	A
sm75	0x2348FB0	771	0x0303	3	3	0xE693B0	A
sm75	0x2348FB0	771	0x0303	3	3	0xE818A0	A
sm75	0x2348FB0	772	0x0304	3	4	0x1752E50	A
sm75	0x2348FB0	772	0x0304	3	4	0x17893D0	A
sm75	0x2348FB0	772	0x0304	3	4	0x17A3D80	A
sm75	0x2348FB0	772	0x0304	3	4	0xC92800	A
sm75	0x2348FB0	772	0x0304	3	4	0xD0CA50	A
sm75	0x2348FB0	772	0x0304	3	4	0xD27720	A
sm75	0x2348FB0	772	0x0304	3	4	0xD39440	A
sm75	0x2348FB0	772	0x0304	3	4	0xD61830	A
sm75	0x2348FB0	772	0x0304	3	4	0xD6A0A0	A
sm75	0x2348FB0	772	0x0304	3	4	0xD85540	A
sm75	0x2348FB0	772	0x0304	3	4	0xD90630	A
sm75	0x2348FB0	772	0x0304	3	4	0xDC36B0	A
sm75	0x2348FB0	772	0x0304	3	4	0xDE1FD0	A
sm75	0x2348FB0	772	0x0304	3	4	0xDE9230	A
sm75	0x2348FB0	772	0x0304	3	4	0xDEE590	A
sm75	0x2348FB0	773	0x0305	3	5	0x1767820	A
sm75	0x2348FB0	773	0x0305	3	5	0xC77860	A
sm75	0x2348FB0	773	0x0305	3	5	0xD30F80	A
sm75	0x2348FB0	773	0x0305	3	5	0xD3B950	A
sm75	0x2348FB0	773	0x0305	3	5	0xD8DDA0	A
sm75	0x2348FB0	773	0x0305	3	5	0xDB4B20	A
sm75	0x2348FB0	773	0x0305	3	5	0xDEA0F0	A
sm75	0x2348FB0	773	0x0305	3	5	0xE91B60	A
sm75	0x2348FB0	774	0x0306	3	6	0x176BDA0	A
sm75	0x2348FB0	774	0x0306	3	6	0x179ED70	A
sm75	0x2348FB0	774	0x0306	3	6	0xC81660	A
sm75	0x2348FB0	774	0x0306	3	6	0xC8E030	A
sm75	0x2348FB0	774	0x0306	3	6	0xCDC6D0	A
sm75	0x2348FB0	774	0x0306	3	6	0xD314F0	A
sm75	0x2348FB0	774	0x0306	3	6	0xD42B80	A
sm75	0x2348FB0	774	0x0306	3	6	0xD53240	A
sm75	0x2348FB0	774	0x0306	3	6	0xD63D00	A
sm75	0x2348FB0	774	0x0306	3	6	0xD6AB20	A
sm75	0x2348FB0	774	0x0306	3	6	0xD7F1A0	A
sm75	0x2348FB0	774	0x0306	3	6	0xD85FC0	A
sm75	0x2348FB0	774	0x0306	3	6	0xDA4820	A
sm75	0x2348FB0	774	0x0306	3	6	0xDACF90	A
sm75	0x2348FB0	774	0x0306	3	6	0xDE2B20	A
sm75	0x2348FB0	774	0x0306	3	6	0xDEF010	A
sm75	0x2348FB0	774	0x0306	3	6	0xE0C8F0	A
sm75	0x2348FB0	774	0x0306	3	6	0xE1E630	A
sm75	0x2348FB0	774	0x0306	3	6	0xE90BB0	A
sm75	0x2348FB0	775	0x0307	3	7	0x1768D20	A
sm75	0x2348FB0	775	0x0307	3	7	0x176C2D0	A
sm75	0x2348FB0	775	0x0307	3	7	0x179E150	A
sm75	0x2348FB0	775	0x0307	3	7	0xC6FD20	A
sm75	0x2348FB0	775	0x0307	3	7	0xC77EF0	A
sm75	0x2348FB0	775	0x0307	3	7	0xC83D90	A
sm75	0x2348FB0	775	0x0307	3	7	0xC90A40	A
sm75	0x2348FB0	775	0x0307	3	7	0xD30A00	A
sm75	0x2348FB0	775	0x0307	3	7	0xDAF6C0	A
sm75	0x2348FB0	775	0x0307	3	7	0xE0D3F0	A
sm75	0x2348FB0	775	0x0307	3	7	0xE20D60	A
sm75	0x2348FB0	775	0x0307	3	7	0xE90600	A
sm75	0x2348FB0	776	0x0308	3	8	0x1753460	A
sm75	0x2348FB0	776	0x0308	3	8	0x179CFE0	A
sm75	0x2348FB0	776	0x0308	3	8	0xC91610	A
sm75	0x2348FB0	776	0x0308	3	8	0xD3D730	A
sm75	0x2348FB0	776	0x0308	3	8	0xD43750	A
sm75	0x2348FB0	776	0x0308	3	8	0xD5FCB0	A
sm75	0x2348FB0	776	0x0308	3	8	0xD90AE0	A
sm75	0x2348FB0	776	0x0308	3	8	0xDA5330	A
sm75	0x2348FB0	776	0x0308	3	8	0xE92110	A
sm75	0x2348FB0	777	0x0309	3	9	0x179DB70	A
sm75	0x2348FB0	777	0x0309	3	9	0xD537B0	A
sm75	0x2348FB0	777	0x0309	3	9	0xD60C90	A
sm75	0x2348FB0	777	0x0309	3	9	0xD8E860	A
sm75	0x2348FB0	777	0x0309	3	9	0xE926A0	A
sm75	0x2348FB0	778	0x030A	3	10	0x17563B0	A
sm75	0x2348FB0	778	0x030A	3	10	0xC74FC0	A
sm75	0x2348FB0	778	0x030A	3	10	0xC91C00	A
sm75	0x2348FB0	778	0x030A	3	10	0xD3DD70	A
sm75	0x2348FB0	779	0x030B	3	11	0x1788450	A
sm75	0x2348FB0	779	0x030B	3	11	0xC8A320	A
sm75	0x2348FB0	779	0x030B	3	11	0xD54F70	A
sm75	0x2348FB0	779	0x030B	3	11	0xDC2BE0	A
sm75	0x2348FB0	780	0x030C	3	12	0x1789990	A
sm75	0x2348FB0	780	0x030C	3	12	0xC75580	A
sm75	0x2348FB0	780	0x030C	3	12	0xC7FE20	A
sm75	0x2348FB0	780	0x030C	3	12	0xC8BB80	A
sm75	0x2348FB0	780	0x030C	3	12	0xDAB750	A
sm75	0x2348FB0	780	0x030C	3	12	0xDC4230	A
sm75	0x2348FB0	780	0x030C	3	12	0xDE51D0	A
sm75	0x2348FB0	780	0x030C	3	12	0xE1CDF0	A
sm75	0x2348FB0	781	0x030D	3	13	0x1756FC0	A
sm75	0x2348FB0	781	0x030D	3	13	0xC7E840	A
sm75	0x2348FB0	781	0x030D	3	13	0xD348B0	A
sm75	0x2348FB0	781	0x030D	3	13	0xD543B0	A
sm75	0x2348FB0	781	0x030D	3	13	0xDAA170	A
sm75	0x2348FB0	781	0x030D	3	13	0xDE5D70	A
sm75	0x2348FB0	781	0x030D	3	13	0xE1B810	A
sm75	0x2348FB0	782	0x030E	3	14	0xCA2430	A
sm75	0x2348FB0	782	0x030E	3	14	0xD359B0	A
sm75	0x2348FB0	782	0x030E	3	14	0xD59B90	A
sm75	0x2348FB0	782	0x030E	3	14	0xDD2440	A
sm75	0x2348FB0	783	0x030F	3	15	0xDFAF60	A
sm75	0x2348FB0	784	0x0310	3	16	0xC80450	A
sm75	0x2348FB0	784	0x0310	3	16	0xCA3FA0	A
sm75	0x2348FB0	784	0x0310	3	16	0xD34E50	A
sm75	0x2348FB0	784	0x0310	3	16	0xD66B50	A
sm75	0x2348FB0	784	0x0310	3	16	0xD81FF0	A
sm75	0x2348FB0	784	0x0310	3	16	0xD94B80	A
sm75	0x2348FB0	784	0x0310	3	16	0xDABD80	A
sm75	0x2348FB0	784	0x0310	3	16	0xDE6F20	A
sm75	0x2348FB0	784	0x0310	3	16	0xDFF1B0	A
sm75	0x2348FB0	784	0x0310	3	16	0xE1D420	A
sm75	0x2348FB0	785	0x0311	3	17	0xC837B0	A
sm75	0x2348FB0	785	0x0311	3	17	0xD37060	A
sm75	0x2348FB0	785	0x0311	3	17	0xD4F620	A
sm75	0x2348FB0	785	0x0311	3	17	0xDAF0E0	A
sm75	0x2348FB0	785	0x0311	3	17	0xDE6930	A
sm75	0x2348FB0	785	0x0311	3	17	0xDFF780	A
sm75	0x2348FB0	785	0x0311	3	17	0xE20780	A
sm75	0x2348FB0	786	0x0312	3	18	0xDFEC00	A
sm75	0x2348FB0	787	0x0313	3	19	0x178B570	A
sm75	0x2348FB0	787	0x0313	3	19	0xD2A310	A
sm75	0x2348FB0	787	0x0313	3	19	0xD50650	A
sm75	0x2348FB0	787	0x0313	3	19	0xD95AD0	A
sm75	0x2348FB0	787	0x0313	3	19	0xDF3B00	A
sm75	0x2348FB0	788	0x0314	3	20	0xD2E8B0	A
sm75	0x2348FB0	788	0x0314	3	20	0xD3C5E0	A
sm75	0x2348FB0	788	0x0314	3	20	0xDF4690	A
sm75	0x2348FB0	789	0x0315	3	21	0x178D190	A
sm75	0x2348FB0	789	0x0315	3	21	0xD2EE90	A
sm75	0x2348FB0	789	0x0315	3	21	0xD50110	A
sm75	0x2348FB0	789	0x0315	3	21	0xD96520	A
sm75	0x2348FB0	790	0x0316	3	22	0xC730F0	A
sm75	0x2348FB0	790	0x0316	3	22	0xD2E310	A
sm75	0x2348FB0	790	0x0316	3	22	0xD3CBA0	A
sm75	0x2348FB0	790	0x0316	3	22	0xD58AA0	A
sm75	0x2348FB0	791	0x0317	3	23	0x1743330	A
sm75	0x2348FB0	791	0x0317	3	23	0xD23450	A
sm75	0x2348FB0	791	0x0317	3	23	0xDF85A0	A
sm75	0x2348FB0	792	0x0318	3	24	0xD24070	A
sm75	0x2348FB0	792	0x0318	3	24	0xD96A20	A
sm75	0x2348FB0	792	0x0318	3	24	0xDD7890	A
sm75	0x2348FB0	792	0x0318	3	24	0xDF7430	A
sm75	0x2348FB0	793	0x0319	3	25	0x1785FF0	A
sm75	0x2348FB0	793	0x0319	3	25	0xC707D0	A
sm75	0x2348FB0	793	0x0319	3	25	0xD37BF0	A
sm75	0x2348FB0	793	0x0319	3	25	0xDF7FC0	A
sm75	0x2348FB0	794	0x031A	3	26	0x178AFC0	A
sm75	0x2348FB0	794	0x031A	3	26	0xCAB9D0	A
sm75	0x2348FB0	794	0x031A	3	26	0xD26A50	A
sm75	0x2348FB0	794	0x031A	3	26	0xD56760	A
sm75	0x2348FB0	794	0x031A	3	26	0xD97490	A
sm75	0x2348FB0	794	0x031A	3	26	0xDD8400	A
sm75	0x2348FB0	794	0x031A	3	26	0xDF79E0	A
sm75	0x2348FB0	795	0x031B	3	27	0x178BA70	A
sm75	0x2348FB0	795	0x031B	3	27	0xC70DB0	A
sm75	0x2348FB0	795	0x031B	3	27	0xD38200	A
sm75	0x2348FB0	796	0x031C	3	28	0x178CBE0	A
sm75	0x2348FB0	796	0x031C	3	28	0xCA7B80	A
sm75	0x2348FB0	796	0x031C	3	28	0xD32600	A
sm75	0x2348FB0	796	0x031C	3	28	0xD56170	A
sm75	0x2348FB0	796	0x031C	3	28	0xE01910	A
sm75	0x2348FB0	797	0x031D	3	29	0xD2F410	A
sm75	0x2348FB0	797	0x031D	3	29	0xD88D00	A
sm75	0x2348FB0	797	0x031D	3	29	0xDDAE70	A
sm75	0x2348FB0	797	0x031D	3	29	0xDFFD00	A
sm75	0x2348FB0	798	0x031E	3	30	0xC74010	A
sm75	0x2348FB0	798	0x031E	3	30	0xCC5B50	A
sm75	0x2348FB0	798	0x031E	3	30	0xD337F0	A
sm75	0x2348FB0	798	0x031E	3	30	0xE00D80	A
sm75	0x2348FB0	799	0x031F	3	31	0xCC3C70	A
sm75	0x2348FB0	799	0x031F	3	31	0xD747B0	A
sm75	0x2348FB0	799	0x031F	3	31	0xDDBAE0	A
sm75	0x2348FB0	799	0x031F	3	31	0xDF4C70	A
sm75	0x2348FB0	800	0x0320	3	32	0xD33D80	A
sm75	0x2348FB0	800	0x0320	3	32	0xD51C30	A
sm75	0x2348FB0	800	0x0320	3	32	0xDF5800	A
sm75	0x2348FB0	801	0x0321	3	33	0xC6E270	A
sm75	0x2348FB0	801	0x0321	3	33	0xD24CD0	A
sm75	0x2348FB0	801	0x0321	3	33	0xDF5220	A
sm75	0x2348FB0	802	0x0322	3	34	0xD29700	A
sm75	0x2348FB0	802	0x0322	3	34	0xD516C0	A
sm75	0x2348FB0	802	0x0322	3	34	0xDD8990	A
sm75	0x2348FB0	802	0x0322	3	34	0xDFA3C0	A
sm75	0x2348FB0	803	0x0323	3	35	0xC6E7C0	A
sm75	0x2348FB0	803	0x0323	3	35	0xD2BC60	A
sm75	0x2348FB0	803	0x0323	3	35	0xDFC770	A
sm75	0x2348FB0	804	0x0324	3	36	0xD2A9A0	A
sm75	0x2348FB0	804	0x0324	3	36	0xDD93D0	A
sm75	0x2348FB0	804	0x0324	3	36	0xDFB580	A
sm75	0x2348FB0	805	0x0325	3	37	0xD2F960	A
sm75	0x2348FB0	805	0x0325	3	37	0xE00250	A
sm75	0x2348FB0	806	0x0326	3	38	0xCAB3B0	A
sm75	0x2348FB0	806	0x0326	3	38	0xD32020	A
sm75	0x2348FB0	806	0x0326	3	38	0xE01330	A
sm75	0x2348FB0	807	0x0327	3	39	0xD25990	A
sm75	0x2348FB0	807	0x0327	3	39	0xDDC0F0	A
sm75	0x2348FB0	807	0x0327	3	39	0xDF5DE0	A
sm75	0x2348FB0	808	0x0328	3	40	0xCA74E0	A
sm75	0x2348FB0	808	0x0328	3	40	0xD264B0	A
sm75	0x2348FB0	808	0x0328	3	40	0xDF68A0	A
sm75	0x2348FB0	809	0x0329	3	41	0x177C850	A
sm75	0x2348FB0	809	0x0329	3	41	0xDDCC20	A
sm75	0x2348FB0	810	0x032A	3	42	0xC953B0	A
sm75	0x2348FB0	811	0x032B	3	43	0xC8E6B0	A
sm75	0x2348FB0	812	0x032C	3	44	0xC8F280	A
sm75	0x2348FB0	814	0x032E	3	46	0xC8F870	A
sm75	0x2348FB0	815	0x032F	3	47	0x1784640	A
sm75	0x2348FB0	815	0x032F	3	47	0xC86030	A
sm75	0x2348FB0	815	0x032F	3	47	0xD78050	A
sm75	0x2348FB0	816	0x0330	3	48	0xC86C00	A
sm75	0x2348FB0	816	0x0330	3	48	0xCF8EF0	A
sm75	0x2348FB0	817	0x0331	3	49	0x1761420	A
sm75	0x2348FB0	818	0x0332	3	50	0xCA0FC0	A
sm75	0x2348FB0	820	0x0334	3	52	0xCA39C0	A
sm75	0x2348FB0	821	0x0335	3	53	0xC89D10	A
sm75	0x2348FB0	822	0x0336	3	54	0xC90460	A
sm75	0x2348FB0	823	0x0337	3	55	0x1744350	A
sm75	0x2348FB0	823	0x0337	3	55	0xC8FE80	A
sm75	0x2348FB0	824	0x0338	3	56	0xC877D0	A
sm75	0x2348FB0	826	0x033A	3	58	0xCAEAF0	A
sm75	0x2348FB0	826	0x033A	3	58	0xCE41C0	A
sm75	0x2348FB0	828	0x033C	3	60	0xC9E120	A
sm75	0x2348FB0	830	0x033E	3	62	0xCACF40	A
sm75	0x2348FB0	831	0x033F	3	63	0xC9E750	A
sm75	0x2348FB0	832	0x0340	3	64	0x1737710	A
sm75	0x2348FB0	835	0x0343	3	67	0xC9F960	A
sm75	0x2348FB0	836	0x0344	3	68	0xC9C9D0	A
sm75	0x2348FB0	838	0x0346	3	70	0xC9FF90	A
sm75	0x2348FB0	846	0x034E	3	78	0xD00340	A
sm75	0x2348FB0	847	0x034F	3	79	0xD00E10	A
sm75	0x2348FB0	854	0x0356	3	86	0xCDD870	A
sm75	0x2348FB0	872	0x0368	3	104	0xCEC820	A
sm75	0x2348FB0	875	0x036B	3	107	0xCDFF90	A
sm75	0x2348FB0	877	0x036D	3	109	0x174CD60	A
sm75	0x2348FB0	899	0x0383	3	131	0xD02300	A
sm75	0x2348FB0	902	0x0386	3	134	0xD05600	A
sm75	0x2348FB0	905	0x0389	3	137	0xD04470	A
sm75	0x2348FB0	913	0x0391	3	145	0xCF2A10	A
sm75	0x2348FB0	919	0x0397	3	151	0xCF5EE0	A
sm75	0x2348FB0	921	0x0399	3	153	0xCF64A0	A
sm75	0x2348FB0	925	0x039D	3	157	0xD032E0	A
sm75	0x2348FB0	933	0x03A5	3	165	0xCEE3B0	A
sm75	0x2348FB0	952	0x03B8	3	184	0x1742DD0	A
sm75	0x2348FB0	953	0x03B9	3	185	0xCFD160	A
sm75	0x2348FB0	955	0x03BB	3	187	0xCFCBC0	A
sm75	0x2348FB0	1280	0x0500	5	0	0x17A9B70	B
sm75	0x2348FB0	1280	0x0500	5	0	0x1C07CB0	B
sm75	0x2348FB0	1280	0x0500	5	0	0xC6A6C0	A
sm75	0x2348FB0	1280	0x0500	5	0	0xCB8890	A
sm75	0x2348FB0	1280	0x0500	5	0	0xCBFA60	A
sm75	0x2348FB0	1280	0x0500	5	0	0xD35F70	A
sm75	0x2348FB0	1280	0x0500	5	0	0xDA3A30	A
sm75	0x2348FB0	1280	0x0500	5	0	0xDC4D30	A
sm75	0x2348FB0	1280	0x0500	5	0	0xDE3090	A
sm75	0x2348FB0	1280	0x0500	5	0	0xDE7B90	A
sm75	0x2348FB0	1280	0x0500	5	0	0xE02510	A
sm75	0x2348FB0	1280	0x0500	5	0	0xE29F40	A
sm75	0x2348FB0	1280	0x0500	5	0	0xE3C820	A
sm75	0x2348FB0	1280	0x0500	5	0	0xE46790	B
sm75	0x2348FB0	1280	0x0500	5	0	0xE65C70	A
sm75	0x2348FB0	1280	0x0500	5	0	0xE749D0	A
sm75	0x2348FB0	1280	0x0500	5	0	0xE79E20	A
sm75	0x2348FB0	1280	0x0500	5	0	0xEA6710	B
sm75	0x2348FB0	1280	0x0500	5	0	0xEAAE30	B
sm75	0x2348FB0	1280	0x0500	5	0	0xEAB320	B
sm75	0x2348FB0	1280	0x0500	5	0	0xEB20E0	A
sm75	0x2348FB0	1280	0x0500	5	0	0xEB2630	B
sm75	0x2348FB0	1281	0x0501	5	1	0x1739EF0	A
sm75	0x2348FB0	1281	0x0501	5	1	0x17850C0	A
sm75	0x2348FB0	1281	0x0501	5	1	0x178DB90	A
sm75	0x2348FB0	1281	0x0501	5	1	0x17A4660	A
sm75	0x2348FB0	1281	0x0501	5	1	0x17A96B0	B
sm75	0x2348FB0	1281	0x0501	5	1	0x17A9B70	A
sm75	0x2348FB0	1281	0x0501	5	1	0xC6A200	A
sm75	0x2348FB0	1281	0x0501	5	1	0xCC0950	A
sm75	0x2348FB0	1281	0x0501	5	1	0xCC1280	A
sm75	0x2348FB0	1281	0x0501	5	1	0xCC1720	A
sm75	0x2348FB0	1281	0x0501	5	1	0xCC2BE0	A
sm75	0x2348FB0	1281	0x0501	5	1	0xCCEA80	A
sm75	0x2348FB0	1281	0x0501	5	1	0xCD0D60	A
sm75	0x2348FB0	1281	0x0501	5	1	0xD0DF80	A
sm75	0x2348FB0	1281	0x0501	5	1	0xD0F9C0	A
sm75	0x2348FB0	1281	0x0501	5	1	0xD11850	A
sm75	0x2348FB0	1281	0x0501	5	1	0xD22060	A
sm75	0x2348FB0	1281	0x0501	5	1	0xD41B80	A
sm75	0x2348FB0	1281	0x0501	5	1	0xD5CEA0	A
sm75	0x2348FB0	1281	0x0501	5	1	0xD8EDB0	A
sm75	0x2348FB0	1281	0x0501	5	1	0xDA3F40	A
sm75	0x2348FB0	1281	0x0501	5	1	0xDB8490	A
sm75	0x2348FB0	1281	0x0501	5	1	0xDC7C70	A
sm75	0x2348FB0	1281	0x0501	5	1	0xDED500	A
sm75	0x2348FB0	1281	0x0501	5	1	0xDF2B00	A
sm75	0x2348FB0	1281	0x0501	5	1	0xE059E0	A
sm75	0x2348FB0	1281	0x0501	5	1	0xE0C3D0	A
sm75	0x2348FB0	1281	0x0501	5	1	0xE2D520	A
sm75	0x2348FB0	1281	0x0501	5	1	0xE31410	A
sm75	0x2348FB0	1281	0x0501	5	1	0xE37DF0	A
sm75	0x2348FB0	1281	0x0501	5	1	0xE3AE30	A
sm75	0x2348FB0	1281	0x0501	5	1	0xE42EE0	A
sm75	0x2348FB0	1281	0x0501	5	1	0xE44170	A
sm75	0x2348FB0	1281	0x0501	5	1	0xE47830	A
sm75	0x2348FB0	1281	0x0501	5	1	0xE6BDD0	A
sm75	0x2348FB0	1281	0x0501	5	1	0xE71A50	A
sm75	0x2348FB0	1281	0x0501	5	1	0xE73F10	A
sm75	0x2348FB0	1281	0x0501	5	1	0xE7C190	A
sm75	0x2348FB0	1281	0x0501	5	1	0xEB1C00	B
sm75	0x2348FB0	1281	0x0501	5	1	0xEB2630	A
sm75	0x2348FB0	1282	0x0502	5	2	0x1739A50	A
sm75	0x2348FB0	1282	0x0502	5	2	0x173C1A0	A
sm75	0x2348FB0	1282	0x0502	5	2	0x17651F0	A
sm75	0x2348FB0	1282	0x0502	5	2	0x17768D0	A
sm75	0x2348FB0	1282	0x0502	5	2	0x178E060	A
sm75	0x2348FB0	1282	0x0502	5	2	0x17A4C40	A
sm75	0x2348FB0	1282	0x0502	5	2	0xC69D10	A
sm75	0x2348FB0	1282	0x0502	5	2	0xC72530	A
sm75	0x2348FB0	1282	0x0502	5	2	0xCB0AE0	A
sm75	0x2348FB0	1282	0x0502	5	2	0xCB24C0	A
sm75	0x2348FB0	1282	0x0502	5	2	0xCB6AC0	A
sm75	0x2348FB0	1282	0x0502	5	2	0xCBA2F0	A
sm75	0x2348FB0	1282	0x0502	5	2	0xCC3130	A
sm75	0x2348FB0	1282	0x0502	5	2	0xD07C30	A
sm75	0x2348FB0	1282	0x0502	5	2	0xD0E4A0	A
sm75	0x2348FB0	1282	0x0502	5	2	0xD0F400	A
sm75	0x2348FB0	1282	0x0502	5	2	0xD14990	A
sm75	0x2348FB0	1282	0x0502	5	2	0xD420A0	A
sm75	0x2348FB0	1282	0x0502	5	2	0xD5E360	A
sm75	0x2348FB0	1282	0x0502	5	2	0xD8CF40	A
sm75	0x2348FB0	1282	0x0502	5	2	0xDA5D90	A
sm75	0x2348FB0	1282	0x0502	5	2	0xDB2300	A
sm75	0x2348FB0	1282	0x0502	5	2	0xDB89B0	A
sm75	0x2348FB0	1282	0x0502	5	2	0xDC8190	A
sm75	0x2348FB0	1282	0x0502	5	2	0xDCBA70	A
sm75	0x2348FB0	1282	0x0502	5	2	0xDDFFF0	A
sm75	0x2348FB0	1282	0x0502	5	2	0xDEB030	A
sm75	0x2348FB0	1282	0x0502	5	2	0xDEDA50	A
sm75	0x2348FB0	1282	0x0502	5	2	0xDF3020	A
sm75	0x2348FB0	1282	0x0502	5	2	0xE05F00	A
sm75	0x2348FB0	1282	0x0502	5	2	0xE2DE70	A
sm75	0x2348FB0	1282	0x0502	5	2	0xE38750	A
sm75	0x2348FB0	1282	0x0502	5	2	0xE42A40	A
sm75	0x2348FB0	1282	0x0502	5	2	0xE43350	A
sm75	0x2348FB0	1282	0x0502	5	2	0xE46320	A
sm75	0x2348FB0	1282	0x0502	5	2	0xE46C90	B
sm75	0x2348FB0	1282	0x0502	5	2	0xE71420	A
sm75	0x2348FB0	1282	0x0502	5	2	0xE739D0	A
sm75	0x2348FB0	1282	0x0502	5	2	0xE75350	A
sm75	0x2348FB0	1282	0x0502	5	2	0xE7C680	A
sm75	0x2348FB0	1282	0x0502	5	2	0xE91170	A
sm75	0x2348FB0	1283	0x0503	5	3	0x173A390	A
sm75	0x2348FB0	1283	0x0503	5	3	0x173D2E0	A
sm75	0x2348FB0	1283	0x0503	5	3	0x1776EA0	A
sm75	0x2348FB0	1283	0x0503	5	3	0xCAF5A0	A
sm75	0x2348FB0	1283	0x0503	5	3	0xCBB780	A
sm75	0x2348FB0	1283	0x0503	5	3	0xCBEAA0	A
sm75	0x2348FB0	1283	0x0503	5	3	0xD10A10	A
sm75	0x2348FB0	1283	0x0503	5	3	0xD5C440	A
sm75	0x2348FB0	1283	0x0503	5	3	0xD90190	A
sm75	0x2348FB0	1283	0x0503	5	3	0xDA34E0	A
sm75	0x2348FB0	1283	0x0503	5	3	0xDDF500	A
sm75	0x2348FB0	1283	0x0503	5	3	0xDE9700	A
sm75	0x2348FB0	1283	0x0503	5	3	0xE2F650	A
sm75	0x2348FB0	1283	0x0503	5	3	0xE74490	A
sm75	0x2348FB0	1283	0x0503	5	3	0xE74E80	A
sm75	0x2348FB0	1283	0x0503	5	3	0xE7AEA0	A
sm75	0x2348FB0	1283	0x0503	5	3	0xE916C0	A
sm75	0x2348FB0	1284	0x0504	5	4	0x17341B0	A
sm75	0x2348FB0	1284	0x0504	5	4	0x1777430	A
sm75	0x2348FB0	1284	0x0504	5	4	0x1C0B920	A
sm75	0x2348FB0	1284	0x0504	5	4	0xCB1A70	A
sm75	0x2348FB0	1284	0x0504	5	4	0xCB3410	A
sm75	0x2348FB0	1284	0x0504	5	4	0xCB78F0	A
sm75	0x2348FB0	1284	0x0504	5	4	0xCC1BB0	A
sm75	0x2348FB0	1284	0x0504	5	4	0xD09050	A
sm75	0x2348FB0	1284	0x0504	5	4	0xD0CFE0	A
sm75	0x2348FB0	1284	0x0504	5	4	0xD10540	A
sm75	0x2348FB0	1284	0x0504	5	4	0xD40BE0	A
sm75	0x2348FB0	1284	0x0504	5	4	0xD5D900	A
sm75	0x2348FB0	1284	0x0504	5	4	0xD92C10	A
sm75	0x2348FB0	1284	0x0504	5	4	0xDA8140	A
sm75	0x2348FB0	1284	0x0504	5	4	0xDB31B0	A
sm75	0x2348FB0	1284	0x0504	5	4	0xDB6540	A
sm75	0x2348FB0	1284	0x0504	5	4	0xDC5D20	A
sm75	0x2348FB0	1284	0x0504	5	4	0xDCB030	A
sm75	0x2348FB0	1284	0x0504	5	4	0xDCD9D0	A
sm75	0x2348FB0	1284	0x0504	5	4	0xDCFB70	A
sm75	0x2348FB0	1284	0x0504	5	4	0xDE0F40	A
sm75	0x2348FB0	1284	0x0504	5	4	0xDEBF80	A
sm75	0x2348FB0	1284	0x0504	5	4	0xDEC4D0	A
sm75	0x2348FB0	1284	0x0504	5	4	0xDF1B60	A
sm75	0x2348FB0	1284	0x0504	5	4	0xE04A40	A
sm75	0x2348FB0	1284	0x0504	5	4	0xE39FD0	A
sm75	0x2348FB0	1284	0x0504	5	4	0xE75870	A
sm75	0x2348FB0	1285	0x0505	5	5	0x1786930	A
sm75	0x2348FB0	1285	0x0505	5	5	0x1C0B280	A
sm75	0x2348FB0	1285	0x0505	5	5	0xCC2100	A
sm75	0x2348FB0	1285	0x0505	5	5	0xD08B50	A
sm75	0x2348FB0	1285	0x0505	5	5	0xD0D500	A
sm75	0x2348FB0	1285	0x0505	5	5	0xD10EB0	A
sm75	0x2348FB0	1285	0x0505	5	5	0xD41100	A
sm75	0x2348FB0	1285	0x0505	5	5	0xD5ED90	A
sm75	0x2348FB0	1285	0x0505	5	5	0xD61240	A
sm75	0x2348FB0	1285	0x0505	5	5	0xD925F0	A
sm75	0x2348FB0	1285	0x0505	5	5	0xDB6F90	A
sm75	0x2348FB0	1285	0x0505	5	5	0xDC30E0	A
sm75	0x2348FB0	1285	0x0505	5	5	0xDC6770	A
sm75	0x2348FB0	1285	0x0505	5	5	0xDCD3C0	A
sm75	0x2348FB0	1285	0x0505	5	5	0xDECA20	A
sm75	0x2348FB0	1285	0x0505	5	5	0xDF2080	A
sm75	0x2348FB0	1285	0x0505	5	5	0xE04F60	A
sm75	0x2348FB0	1285	0x0505	5	5	0xE35BA0	A
sm75	0x2348FB0	1285	0x0505	5	5	0xE3A4D0	A
sm75	0x2348FB0	1285	0x0505	5	5	0xE7B350	A
sm75	0x2348FB0	1286	0x0506	5	6	0x173B780	A
sm75	0x2348FB0	1286	0x0506	5	6	0x1775300	A
sm75	0x2348FB0	1286	0x0506	5	6	0xCB0030	A
sm75	0x2348FB0	1286	0x0506	5	6	0xCBEFF0	A
sm75	0x2348FB0	1286	0x0506	5	6	0xD08650	A
sm75	0x2348FB0	1286	0x0506	5	6	0xD11380	A
sm75	0x2348FB0	1286	0x0506	5	6	0xD5F7A0	A
sm75	0x2348FB0	1286	0x0506	5	6	0xD8E300	A
sm75	0x2348FB0	1286	0x0506	5	6	0xDEA610	A
sm75	0x2348FB0	1286	0x0506	5	6	0xE3E940	A
sm75	0x2348FB0	1286	0x0506	5	6	0xE41180	A
sm75	0x2348FB0	1287	0x0507	5	7	0x1738920	A
sm75	0x2348FB0	1287	0x0507	5	7	0x1741C60	A
sm75	0x2348FB0	1287	0x0507	5	7	0x1763E70	A
sm75	0x2348FB0	1287	0x0507	5	7	0x17748C0	A
sm75	0x2348FB0	1287	0x0507	5	7	0x17889B0	A
sm75	0x2348FB0	1287	0x0507	5	7	0x1C05C40	A
sm75	0x2348FB0	1287	0x0507	5	7	0xCD44A0	A
sm75	0x2348FB0	1287	0x0507	5	7	0xD09A70	A
sm75	0x2348FB0	1287	0x0507	5	7	0xD14020	A
sm75	0x2348FB0	1287	0x0507	5	7	0xD5E890	A
sm75	0x2348FB0	1287	0x0507	5	7	0xD62420	A
sm75	0x2348FB0	1287	0x0507	5	7	0xD7D8C0	A
sm75	0x2348FB0	1287	0x0507	5	7	0xD8FCF0	A
sm75	0x2348FB0	1287	0x0507	5	7	0xDB6A60	A
sm75	0x2348FB0	1287	0x0507	5	7	0xDC6240	A
sm75	0x2348FB0	1287	0x0507	5	7	0xE345F0	A
sm75	0x2348FB0	1287	0x0507	5	7	0xE39100	A
sm75	0x2348FB0	1287	0x0507	5	7	0xE3EEC0	A
sm75	0x2348FB0	1287	0x0507	5	7	0xE72CF0	A
sm75	0x2348FB0	1288	0x0508	5	8	0x1741660	A
sm75	0x2348FB0	1288	0x0508	5	8	0x17637E0	A
sm75	0x2348FB0	1288	0x0508	5	8	0x176C8B0	A
sm75	0x2348FB0	1288	0x0508	5	8	0x1775880	A
sm75	0x2348FB0	1288	0x0508	5	8	0x1789F50	A
sm75	0x2348FB0	1288	0x0508	5	8	0x1C051C0	A
sm75	0x2348FB0	1288	0x0508	5	8	0xC6C300	A
sm75	0x2348FB0	1288	0x0508	5	8	0xCA19C0	A
sm75	0x2348FB0	1288	0x0508	5	8	0xCD6BA0	A
sm75	0x2348FB0	1288	0x0508	5	8	0xD08180	A
sm75	0x2348FB0	1288	0x0508	5	8	0xD11CF0	A
sm75	0x2348FB0	1288	0x0508	5	8	0xD5F290	A
sm75	0x2348FB0	1288	0x0508	5	8	0xD61DF0	A
sm75	0x2348FB0	1288	0x0508	5	8	0xD7D290	A
sm75	0x2348FB0	1288	0x0508	5	8	0xDB74D0	A
sm75	0x2348FB0	1288	0x0508	5	8	0xDC6CB0	A
sm75	0x2348FB0	1288	0x0508	5	8	0xE38C20	A
sm75	0x2348FB0	1288	0x0508	5	8	0xE726A0	A
sm75	0x2348FB0	1289	0x0509	5	9	0x1774DE0	A
sm75	0x2348FB0	1289	0x0509	5	9	0xC6BCE0	A
sm75	0x2348FB0	1289	0x0509	5	9	0xCBD9B0	A
sm75	0x2348FB0	1289	0x0509	5	9	0xCCF940	A
sm75	0x2348FB0	1289	0x0509	5	9	0xD144F0	A
sm75	0x2348FB0	1289	0x0509	5	9	0xD5C970	A
sm75	0x2348FB0	1289	0x0509	5	9	0xE36110	A
sm75	0x2348FB0	1289	0x0509	5	9	0xE39620	A
sm75	0x2348FB0	1290	0x050A	5	10	0xC6C920	A
sm75	0x2348FB0	1290	0x050A	5	10	0xCCFE40	A
sm75	0x2348FB0	1290	0x050A	5	10	0xCD5560	A
sm75	0x2348FB0	1290	0x050A	5	10	0xD5DE30	A
sm75	0x2348FB0	1290	0x050A	5	10	0xD8F290	A
sm75	0x2348FB0	1290	0x050A	5	10	0xD91A60	A
sm75	0x2348FB0	1290	0x050A	5	10	0xDA7140	A
sm75	0x2348FB0	1291	0x050B	5	11	0x17334F0	A
sm75	0x2348FB0	1291	0x050B	5	11	0xCD8770	A
sm75	0x2348FB0	1291	0x050B	5	11	0xD12690	A
sm75	0x2348FB0	1291	0x050B	5	11	0xD5BF10	A
sm75	0x2348FB0	1291	0x050B	5	11	0xD8F7F0	A
sm75	0x2348FB0	1291	0x050B	5	11	0xD91490	A
sm75	0x2348FB0	1291	0x050B	5	11	0xDA6C70	A
sm75	0x2348FB0	1291	0x050B	5	11	0xE34B50	A
sm75	0x2348FB0	1292	0x050C	5	12	0xCD9820	A
sm75	0x2348FB0	1292	0x050C	5	12	0xD12190	A
sm75	0x2348FB0	1292	0x050C	5	12	0xDA67A0	A
sm75	0x2348FB0	1292	0x050C	5	12	0xDD1E80	A
sm75	0x2348FB0	1293	0x050D	5	13	0x1732E90	A
sm75	0x2348FB0	1293	0x050D	5	13	0x1786ED0	A
sm75	0x2348FB0	1293	0x050D	5	13	0xD13150	A
sm75	0x2348FB0	1293	0x050D	5	13	0xD649D0	A
sm75	0x2348FB0	1293	0x050D	5	13	0xD7FE70	A
sm75	0x2348FB0	1293	0x050D	5	13	0xD8C5B0	A
sm75	0x2348FB0	1293	0x050D	5	13	0xD93EA0	A
sm75	0x2348FB0	1293	0x050D	5	13	0xDD18C0	A
sm75	0x2348FB0	1293	0x050D	5	13	0xE31910	A
sm75	0x2348FB0	1294	0x050E	5	14	0x1732170	A
sm75	0x2348FB0	1294	0x050E	5	14	0x1748640	A
sm75	0x2348FB0	1294	0x050E	5	14	0xCBAD30	A
sm75	0x2348FB0	1294	0x050E	5	14	0xD13AF0	A
sm75	0x2348FB0	1294	0x050E	5	14	0xD64360	A
sm75	0x2348FB0	1294	0x050E	5	14	0xD7F800	A
sm75	0x2348FB0	1294	0x050E	5	14	0xD93850	A
sm75	0x2348FB0	1294	0x050E	5	14	0xE41690	A
sm75	0x2348FB0	1295	0x050F	5	15	0x1788EC0	A
sm75	0x2348FB0	1295	0x050F	5	15	0xCBB280	A
sm75	0x2348FB0	1295	0x050F	5	15	0xD65090	A
sm75	0x2348FB0	1295	0x050F	5	15	0xD80530	A
sm75	0x2348FB0	1295	0x050F	5	15	0xD8D8A0	A
sm75	0x2348FB0	1295	0x050F	5	15	0xD94530	A
sm75	0x2348FB0	1295	0x050F	5	15	0xDD4300	A
sm75	0x2348FB0	1295	0x050F	5	15	0xE2FB50	A
sm75	0x2348FB0	1296	0x0510	5	16	0x1747990	A
sm75	0x2348FB0	1296	0x0510	5	16	0x178A4A0	A
sm75	0x2348FB0	1296	0x0510	5	16	0xC6B720	A
sm75	0x2348FB0	1296	0x0510	5	16	0xDD3D20	A
sm75	0x2348FB0	1296	0x0510	5	16	0xE2EC60	A
sm75	0x2348FB0	1297	0x0511	5	17	0x1748010	A
sm75	0x2348FB0	1297	0x0511	5	17	0x17879B0	A
sm75	0x2348FB0	1297	0x0511	5	17	0xC6AB80	A
sm75	0x2348FB0	1297	0x0511	5	17	0xD67050	A
sm75	0x2348FB0	1297	0x0511	5	17	0xD824F0	A
sm75	0x2348FB0	1297	0x0511	5	17	0xD95080	A
sm75	0x2348FB0	1297	0x0511	5	17	0xE336E0	A
sm75	0x2348FB0	1298	0x0512	5	18	0x1786490	A
sm75	0x2348FB0	1298	0x0512	5	18	0xD955D0	A
sm75	0x2348FB0	1299	0x0513	5	19	0x17466B0	A
sm75	0x2348FB0	1299	0x0513	5	19	0xC6D590	A
sm75	0x2348FB0	1299	0x0513	5	19	0xE30F10	A
sm75	0x2348FB0	1300	0x0514	5	20	0x178A9F0	A
sm75	0x2348FB0	1300	0x0514	5	20	0xC6CF40	A
sm75	0x2348FB0	1300	0x0514	5	20	0xD95FD0	A
sm75	0x2348FB0	1301	0x0515	5	21	0x1745A00	A
sm75	0x2348FB0	1301	0x0515	5	21	0xC6DC20	A
sm75	0x2348FB0	1301	0x0515	5	21	0xCC8B00	A
sm75	0x2348FB0	1301	0x0515	5	21	0xE2F150	A
sm75	0x2348FB0	1302	0x0516	5	22	0x1746080	A
sm75	0x2348FB0	1302	0x0516	5	22	0x178C040	A
sm75	0x2348FB0	1302	0x0516	5	22	0xCCEF50	A
sm75	0x2348FB0	1302	0x0516	5	22	0xD97EA0	A
sm75	0x2348FB0	1303	0x0517	5	23	0xC735F0	A
sm75	0x2348FB0	1303	0x0517	5	23	0xCCF450	A
sm75	0x2348FB0	1303	0x0517	5	23	0xE331B0	A
sm75	0x2348FB0	1304	0x0518	5	24	0x1743870	A
sm75	0x2348FB0	1304	0x0518	5	24	0x17779F0	A
sm75	0x2348FB0	1305	0x0519	5	25	0x1778B60	A
sm75	0x2348FB0	1305	0x0519	5	25	0xE32790	A
sm75	0x2348FB0	1306	0x051A	5	26	0xCE0B00	A
sm75	0x2348FB0	1307	0x051B	5	27	0xD74DD0	A
sm75	0x2348FB0	1308	0x051C	5	28	0xCE1710	A
sm75	0x2348FB0	1308	0x051C	5	28	0xD6BA00	A
sm75	0x2348FB0	1309	0x051D	5	29	0xC71970	A
sm75	0x2348FB0	1309	0x051D	5	29	0xCE1D40	A
sm75	0x2348FB0	1310	0x051E	5	30	0xCE1130	A
sm75	0x2348FB0	1311	0x051F	5	31	0xC74540	A
sm75	0x2348FB0	1311	0x051F	5	31	0xCE7020	A
sm75	0x2348FB0	1312	0x0520	5	32	0xCC4210	A
sm75	0x2348FB0	1312	0x0520	5	32	0xCE7560	A
sm75	0x2348FB0	1312	0x0520	5	32	0xD6EE40	A
sm75	0x2348FB0	1313	0x0521	5	33	0xCCE0F0	A
sm75	0x2348FB0	1313	0x0521	5	33	0xCE7AA0	A
sm75	0x2348FB0	1313	0x0521	5	33	0xDDD180	A
sm75	0x2348FB0	1314	0x0522	5	34	0xCE8A40	A
sm75	0x2348FB0	1315	0x0523	5	35	0xCE8F40	A
sm75	0x2348FB0	1315	0x0523	5	35	0xDD8E80	A
sm75	0x2348FB0	1316	0x0524	5	36	0xCE9F00	A
sm75	0x2348FB0	1317	0x0525	5	37	0xCFE910	A
sm75	0x2348FB0	1317	0x0525	5	37	0xDDA920	A
sm75	0x2348FB0	1322	0x052A	5	42	0xCAA640	A
sm75	0x2348FB0	1324	0x052C	5	44	0xCA05B0	A
sm75	0x2348FB0	1328	0x0530	5	48	0xD72300	A
sm75	0x2348FB0	1329	0x0531	5	49	0x1773D20	A
sm75	0x2348FB0	1329	0x0531	5	49	0xCD3F00	A
sm75	0x2348FB0	1330	0x0532	5	50	0x1771E20	A
sm75	0x2348FB0	1330	0x0532	5	50	0xCD6610	A
sm75	0x2348FB0	1331	0x0533	5	51	0x1772290	A
sm75	0x2348FB0	1332	0x0534	5	52	0xCD4A40	A
sm75	0x2348FB0	1333	0x0535	5	53	0xCD7C50	A
sm75	0x2348FB0	1334	0x0536	5	54	0xCA5120	A
sm75	0x2348FB0	1334	0x0536	5	54	0xCD8D00	A
sm75	0x2348FB0	1335	0x0537	5	55	0xCABFE0	A
sm75	0x2348FB0	1336	0x0538	5	56	0x17448B0	A
sm75	0x2348FB0	1336	0x0538	5	56	0xCADFD0	A
sm75	0x2348FB0	1337	0x0539	5	57	0x1744E70	A
sm75	0x2348FB0	1339	0x053B	5	59	0xCAE510	A
sm75	0x2348FB0	1339	0x053B	5	59	0xCE4730	A
sm75	0x2348FB0	1340	0x053C	5	60	0xCAC480	A
sm75	0x2348FB0	1340	0x053C	5	60	0xCE4D00	A
sm75	0x2348FB0	1345	0x0541	5	65	0xCFC600	A
sm75	0x2348FB0	1346	0x0542	5	66	0xCFDCF0	A
sm75	0x2348FB0	1354	0x054A	5	74	0xCD4FD0	A
sm75	0x2348FB0	1355	0x054B	5	75	0xCD81E0	A
sm75	0x2348FB0	1356	0x054C	5	76	0xCD9290	A
sm75	0x2348FB0	1357	0x054D	5	77	0xCFFE10	A
sm75	0x2348FB0	1367	0x0557	5	87	0xCD3960	A
sm75	0x2348FB0	1368	0x0558	5	88	0xCD5AF0	A
sm75	0x2348FB0	1372	0x055C	5	92	0xCFC090	A
sm75	0x2348FB0	1373	0x055D	5	93	0xCEA400	A
sm75	0x2348FB0	1374	0x055E	5	94	0xCEA940	A
sm75	0x2348FB0	1375	0x055F	5	95	0xCEAE80	A
sm75	0x2348FB0	1376	0x0560	5	96	0xCEBE20	A
sm75	0x2348FB0	1377	0x0561	5	97	0xCEC320	A
sm75	0x2348FB0	1378	0x0562	5	98	0xCED2E0	A
sm75	0x2348FB0	1379	0x0563	5	99	0xCFF390	A
sm75	0x2348FB0	1385	0x0569	5	105	0xCDF9B0	A
sm75	0x2348FB0	1386	0x056A	5	106	0xCDF420	A
sm75	0x2348FB0	1392	0x0570	5	112	0x174D970	A
sm75	0x2348FB0	1394	0x0572	5	114	0x174C1D0	A
sm75	0x2348FB0	1396	0x0574	5	116	0x174B640	A
sm75	0x2348FB0	1407	0x057F	5	127	0xCE2F70	A
sm75	0x2348FB0	1409	0x0581	5	129	0xD018B0	A
sm75	0x2348FB0	1410	0x0582	5	130	0xD01E00	A
sm75	0x2348FB0	1412	0x0584	5	132	0xD02830	A
sm75	0x2348FB0	1451	0x05AB	5	171	0xCF1880	A
sm75	0x2348FB0	1453	0x05AD	5	173	0x174FDB0	A
sm75	0x2348FB0	1455	0x05AF	5	175	0x174F160	A
sm75	0x2348FB0	1462	0x05B6	5	182	0x1742810	A
sm75	0x2348FB0	1463	0x05B7	5	183	0x17422B0	A
sm75	0x2348FB0	1466	0x05BA	5	186	0xCFD740	A
sm75	0x2348FB0	1468	0x05BC	5	188	0xD06CC0	A
sm75	0x2348FB0	1469	0x05BD	5	189	0xD06790	A
sm75	0x2348FB0	1471	0x05BF	5	191	0x174A4B0	A
sm75	0x2348FB0	1473	0x05C1	5	193	0x17498C0	A
sm75	0x2348FB0	1536	0x0600	6	0	0xD983F0	A
sm75	0x2348FB0	1537	0x0601	6	1	0xC693D0	A
sm75	0x2348FB0	1537	0x0601	6	1	0xCB6620	A
sm75	0x2348FB0	1537	0x0601	6	1	0xCB9DD0	A
sm75	0x2348FB0	1537	0x0601	6	1	0xDB1E30	A
sm75	0x2348FB0	1537	0x0601	6	1	0xDB36B0	A
sm75	0x2348FB0	1537	0x0601	6	1	0xE3F8E0	A
sm75	0x2348FB0	1537	0x0601	6	1	0xEAA0C0	A
sm75	0x2348FB0	1538	0x0602	6	2	0x176ABB0	A
sm75	0x2348FB0	1538	0x0602	6	2	0xDA2FD0	A
sm75	0x2348FB0	1538	0x0602	6	2	0xE406C0	A
sm75	0x2348FB0	1539	0x0603	6	3	0x176A6D0	A
sm75	0x2348FB0	1539	0x0603	6	3	0xCB6FB0	A
sm75	0x2348FB0	1539	0x0603	6	3	0xCC36D0	A
sm75	0x2348FB0	1539	0x0603	6	3	0xD0EA10	A
sm75	0x2348FB0	1539	0x0603	6	3	0xD42610	A
sm75	0x2348FB0	1539	0x0603	6	3	0xDB27F0	A
sm75	0x2348FB0	1539	0x0603	6	3	0xDB8F20	A
sm75	0x2348FB0	1539	0x0603	6	3	0xDC8700	A
sm75	0x2348FB0	1539	0x0603	6	3	0xDEDFF0	A
sm75	0x2348FB0	1539	0x0603	6	3	0xDF3590	A
sm75	0x2348FB0	1539	0x0603	6	3	0xE06470	A
sm75	0x2348FB0	1539	0x0603	6	3	0xE420A0	A
sm75	0x2348FB0	1540	0x0604	6	4	0xE41BA0	A
sm75	0x2348FB0	1540	0x0604	6	4	0xE7B830	A
sm75	0x2348FB0	1542	0x0606	6	6	0xE3A980	A
sm75	0x2348FB0	1545	0x0609	6	9	0x1787470	A
sm75	0x2348FB0	1546	0x060A	6	10	0x1738F30	A
sm75	0x2348FB0	1546	0x060A	6	10	0xE40C20	A
sm75	0x2348FB0	1547	0x060B	6	11	0xCBA810	A
sm75	0x2348FB0	1548	0x060C	6	12	0xCB98B0	A
sm75	0x2348FB0	1548	0x060C	6	12	0xD8C110	A
sm75	0x2348FB0	1549	0x060D	6	13	0xCB9390	A
sm75	0x2348FB0	1550	0x060E	6	14	0xD8CAA0	A
sm75	0x2348FB0	1574	0x0626	6	38	0xCFEE50	A
sm75	0x2348FB0	1576	0x0628	6	40	0xCE99A0	A
sm75	0x2348FB0	1581	0x062D	6	45	0x16DF770	A
sm75	0x2348FB0	1582	0x062E	6	46	0x17840B0	A
sm75	0x2348FB0	1593	0x0639	6	57	0xCADA30	A
sm75	0x2348FB0	1597	0x063D	6	61	0xCAD4C0	A
sm75	0x2348FB0	1636	0x0664	6	100	0xCFF8D0	A
sm75	0x2348FB0	1638	0x0666	6	102	0xCECD80	A
sm75	0x2348FB0	1664	0x0680	6	128	0xD013B0	A
sm75	0x2348FB0	1717	0x06B5	6	181	0x1751650	A
sm75	0x2348FB0	1792	0x0700	7	0	0xD8D400	A
sm75	0x2348FB0	1792	0x0700	7	0	0xDB3BC0	A
sm75	0x2348FB0	1793	0x0701	7	1	0xCB4460	A
sm75	0x2348FB0	1793	0x0701	7	1	0xCB8340	A
sm75	0x2348FB0	1793	0x0701	7	1	0xCBE550	A
sm75	0x2348FB0	1793	0x0701	7	1	0xDC5280	A
sm75	0x2348FB0	1793	0x0701	7	1	0xE3B770	A
sm75	0x2348FB0	1793	0x0701	7	1	0xE3CE00	A
sm75	0x2348FB0	1793	0x0701	7	1	0xE7A3A0	A
sm75	0x2348FB0	1794	0x0702	7	2	0x1785A30	A
sm75	0x2348FB0	1794	0x0702	7	2	0xC79970	A
sm75	0x2348FB0	1794	0x0702	7	2	0xCB49B0	A
sm75	0x2348FB0	1794	0x0702	7	2	0xCB8E10	A
sm75	0x2348FB0	1794	0x0702	7	2	0xCBE030	A
sm75	0x2348FB0	1794	0x0702	7	2	0xDC57D0	A
sm75	0x2348FB0	1794	0x0702	7	2	0xE3D360	A
sm75	0x2348FB0	1794	0x0702	7	2	0xE7A920	A
sm75	0x2348FB0	1794	0x0702	7	2	0xEB1C00	A
sm75	0x2348FB0	1794	0x0702	7	2	0xEB2AE0	B
sm75	0x2348FB0	1795	0x0703	7	3	0xCB5AC0	A
sm75	0x2348FB0	1795	0x0703	7	3	0xCB7DF0	A
sm75	0x2348FB0	1795	0x0703	7	3	0xDC47E0	A
sm75	0x2348FB0	1795	0x0703	7	3	0xE382C0	A
sm75	0x2348FB0	1795	0x0703	7	3	0xE3BCD0	A
sm75	0x2348FB0	1795	0x0703	7	3	0xE3D8E0	A
sm75	0x2348FB0	1795	0x0703	7	3	0xE798A0	A
sm75	0x2348FB0	1795	0x0703	7	3	0xEB20E0	B
sm75	0x2348FB0	1795	0x0703	7	3	0xEB2AE0	A
sm75	0x2348FB0	1796	0x0704	7	4	0xCB6050	A
sm75	0x2348FB0	1796	0x0704	7	4	0xCBFFB0	A
sm75	0x2348FB0	1796	0x0704	7	4	0xE3DE60	A
sm75	0x2348FB0	1797	0x0705	7	5	0x1734E40	A
sm75	0x2348FB0	1797	0x0705	7	5	0xCB3960	A
sm75	0x2348FB0	1797	0x0705	7	5	0xCBF510	A
sm75	0x2348FB0	1797	0x0705	7	5	0xDD00B0	A
sm75	0x2348FB0	1797	0x0705	7	5	0xE3E3C0	A
sm75	0x2348FB0	1798	0x0706	7	6	0xCB3EB0	A
sm75	0x2348FB0	1798	0x0706	7	6	0xDB7A10	A
sm75	0x2348FB0	1798	0x0706	7	6	0xDC71F0	A
sm75	0x2348FB0	1799	0x0707	7	7	0x1738360	A
sm75	0x2348FB0	1799	0x0707	7	7	0xCC0480	A
sm75	0x2348FB0	1801	0x0709	7	9	0x17644D0	A
sm75	0x2348FB0	1801	0x0709	7	9	0xCD76C0	A
sm75	0x2348FB0	1803	0x070B	7	11	0xDD36C0	A
sm75	0x2348FB0	1805	0x070D	7	13	0x175A3E0	A
sm75	0x2348FB0	1806	0x070E	7	14	0xD14E30	A
sm75	0x2348FB0	1807	0x070F	7	15	0x1732800	A
sm75	0x2348FB0	1831	0x0727	7	39	0xCE84F0	A
sm75	0x2348FB0	1833	0x0729	7	41	0xCE7FA0	A
sm75	0x2348FB0	1843	0x0733	7	51	0xCD7130	A
sm75	0x2348FB0	1865	0x0749	7	73	0xCFB030	A
sm75	0x2348FB0	1893	0x0765	7	101	0xCEB8D0	A
sm75	0x2348FB0	1895	0x0767	7	103	0xCEB380	A
sm75	0x2348FB0	1940	0x0794	7	148	0xCF4D90	A
sm75	0x2348FB0	1960	0x07A8	7	168	0xCF0730	A
sm75	0x2348FB0	2305	0x0901	9	1	0xD40240	A
sm75	0x2348FB0	2560	0x0A00	10	0	0xE0CE10	A
sm75	0x2348FB0	2561	0x0A01	10	1	0x17354B0	A
sm75	0x2348FB0	2561	0x0A01	10	1	0x17557B0	A
sm75	0x2348FB0	2561	0x0A01	10	1	0xC72B10	A
sm75	0x2348FB0	2561	0x0A01	10	1	0xC7A000	A
sm75	0x2348FB0	2561	0x0A01	10	1	0xC7EE20	A
sm75	0x2348FB0	2561	0x0A01	10	1	0xD56D50	A
sm75	0x2348FB0	2561	0x0A01	10	1	0xD86B60	A
sm75	0x2348FB0	2561	0x0A01	10	1	0xDAA750	A
sm75	0x2348FB0	2561	0x0A01	10	1	0xDDE920	A
sm75	0x2348FB0	2561	0x0A01	10	1	0xE07D10	A
sm75	0x2348FB0	2561	0x0A01	10	1	0xE1BDF0	A
sm75	0x2348FB0	2561	0x0A01	10	1	0xE5D550	A
sm75	0x2348FB0	2561	0x0A01	10	1	0xE8A6A0	A
sm75	0x2348FB0	2561	0x0A01	10	1	0xEA1B50	A
sm75	0x2348FB0	2561	0x0A01	10	1	0xEA5BB0	A
sm75	0x2348FB0	2562	0x0A02	10	2	0x1755DD0	A
sm75	0x2348FB0	2562	0x0A02	10	2	0xD44240	A
sm75	0x2348FB0	2562	0x0A02	10	2	0xD67FE0	A
sm75	0x2348FB0	2562	0x0A02	10	2	0xD83480	A
sm75	0x2348FB0	2562	0x0A02	10	2	0xD864D0	A
sm75	0x2348FB0	2562	0x0A02	10	2	0xDC96C0	A
sm75	0x2348FB0	2562	0x0A02	10	2	0xDDEF10	A
sm75	0x2348FB0	2562	0x0A02	10	2	0xDE4C40	A
sm75	0x2348FB0	2562	0x0A02	10	2	0xE0B3E0	A
sm75	0x2348FB0	2562	0x0A02	10	2	0xE5DC20	A
sm75	0x2348FB0	2563	0x0A03	10	3	0x17921E0	A
sm75	0x2348FB0	2563	0x0A03	10	3	0xC77280	A
sm75	0x2348FB0	2563	0x0A03	10	3	0xD39A60	A
sm75	0x2348FB0	2563	0x0A03	10	3	0xD57340	A
sm75	0x2348FB0	2563	0x0A03	10	3	0xE5C930	A
sm75	0x2348FB0	2564	0x0A04	10	4	0x1737100	A
sm75	0x2348FB0	2564	0x0A04	10	4	0xC76CC0	A
sm75	0x2348FB0	2564	0x0A04	10	4	0xD47560	A
sm75	0x2348FB0	2564	0x0A04	10	4	0xD57980	A
sm75	0x2348FB0	2564	0x0A04	10	4	0xD636D0	A
sm75	0x2348FB0	2564	0x0A04	10	4	0xD7EB70	A
sm75	0x2348FB0	2564	0x0A04	10	4	0xDC9170	A
sm75	0x2348FB0	2564	0x0A04	10	4	0xE0AE60	A
sm75	0x2348FB0	2565	0x0A05	10	5	0x1735A20	A
sm75	0x2348FB0	2565	0x0A05	10	5	0x1753A10	A
sm75	0x2348FB0	2565	0x0A05	10	5	0xC7F370	A
sm75	0x2348FB0	2565	0x0A05	10	5	0xD47020	A
sm75	0x2348FB0	2565	0x0A05	10	5	0xD521A0	A
sm75	0x2348FB0	2565	0x0A05	10	5	0xD63070	A
sm75	0x2348FB0	2565	0x0A05	10	5	0xD7E510	A
sm75	0x2348FB0	2565	0x0A05	10	5	0xDAACA0	A
sm75	0x2348FB0	2565	0x0A05	10	5	0xE1C340	A
sm75	0x2348FB0	2566	0x0A06	10	6	0x17528A0	A
sm75	0x2348FB0	2566	0x0A06	10	6	0xC78580	A
sm75	0x2348FB0	2566	0x0A06	10	6	0xD3BF90	A
sm75	0x2348FB0	2567	0x0A07	10	7	0x1754010	A
sm75	0x2348FB0	2567	0x0A07	10	7	0x1760080	A
sm75	0x2348FB0	2567	0x0A07	10	7	0x1762440	A
sm75	0x2348FB0	2567	0x0A07	10	7	0xD3B320	A
sm75	0x2348FB0	2567	0x0A07	10	7	0xD43140	A
sm75	0x2348FB0	2567	0x0A07	10	7	0xD52710	A
sm75	0x2348FB0	2568	0x0A08	10	8	0x1760D90	A
sm75	0x2348FB0	2568	0x0A08	10	8	0x1763150	A
sm75	0x2348FB0	2568	0x0A08	10	8	0xC792C0	A
sm75	0x2348FB0	2568	0x0A08	10	8	0xD52CD0	A
sm75	0x2348FB0	2569	0x0A09	10	9	0x1756990	A
sm75	0x2348FB0	2569	0x0A09	10	9	0xC78C30	A
sm75	0x2348FB0	2569	0x0A09	10	9	0xC83260	A
sm75	0x2348FB0	2569	0x0A09	10	9	0xD3E3B0	A
sm75	0x2348FB0	2569	0x0A09	10	9	0xD46A10	A
sm75	0x2348FB0	2569	0x0A09	10	9	0xDAEB90	A
sm75	0x2348FB0	2569	0x0A09	10	9	0xE20230	A
sm75	0x2348FB0	2570	0x0A0A	10	10	0x1775DD0	A
sm75	0x2348FB0	2570	0x0A0A	10	10	0xC84920	A
sm75	0x2348FB0	2570	0x0A0A	10	10	0xD46450	A
sm75	0x2348FB0	2570	0x0A0A	10	10	0xD54980	A
sm75	0x2348FB0	2570	0x0A0A	10	10	0xDB0250	A
sm75	0x2348FB0	2570	0x0A0A	10	10	0xE218F0	A
sm75	0x2348FB0	2571	0x0A0B	10	11	0x17575A0	A
sm75	0x2348FB0	2571	0x0A0B	10	11	0x1782CD0	A
sm75	0x2348FB0	2571	0x0A0B	10	11	0xC75B40	A
sm75	0x2348FB0	2571	0x0A0B	10	11	0xC7DC80	A
sm75	0x2348FB0	2571	0x0A0B	10	11	0xD3FBF0	A
sm75	0x2348FB0	2571	0x0A0B	10	11	0xD44D10	A
sm75	0x2348FB0	2571	0x0A0B	10	11	0xDA95B0	A
sm75	0x2348FB0	2571	0x0A0B	10	11	0xE1AC50	A
sm75	0x2348FB0	2572	0x0A0C	10	12	0x1757BD0	A
sm75	0x2348FB0	2572	0x0A0C	10	12	0x1782630	A
sm75	0x2348FB0	2572	0x0A0C	10	12	0xD3F5A0	A
sm75	0x2348FB0	2572	0x0A0C	10	12	0xD4A990	A
sm75	0x2348FB0	2572	0x0A0C	10	12	0xD53D80	A
sm75	0x2348FB0	2573	0x0A0D	10	13	0x1783A10	A
sm75	0x2348FB0	2573	0x0A0D	10	13	0xC766E0	A
sm75	0x2348FB0	2573	0x0A0D	10	13	0xD49210	A
sm75	0x2348FB0	2574	0x0A0E	10	14	0x1754BA0	A
sm75	0x2348FB0	2574	0x0A0E	10	14	0x1783370	A
sm75	0x2348FB0	2574	0x0A0E	10	14	0xC80A80	A
sm75	0x2348FB0	2574	0x0A0E	10	14	0xD4B590	A
sm75	0x2348FB0	2574	0x0A0E	10	14	0xDAC3B0	A
sm75	0x2348FB0	2574	0x0A0E	10	14	0xE1DA50	A
sm75	0x2348FB0	2575	0x0A0F	10	15	0x177DC00	A
sm75	0x2348FB0	2575	0x0A0F	10	15	0xC7E260	A
sm75	0x2348FB0	2575	0x0A0F	10	15	0xD16140	A
sm75	0x2348FB0	2575	0x0A0F	10	15	0xD353F0	A
sm75	0x2348FB0	2575	0x0A0F	10	15	0xD4BBA0	A
sm75	0x2348FB0	2575	0x0A0F	10	15	0xD5A1C0	A
sm75	0x2348FB0	2575	0x0A0F	10	15	0xDA9B90	A
sm75	0x2348FB0	2575	0x0A0F	10	15	0xE1B230	A
sm75	0x2348FB0	2576	0x0A10	10	16	0x177D560	A
sm75	0x2348FB0	2576	0x0A10	10	16	0xD15AE0	A
sm75	0x2348FB0	2576	0x0A10	10	16	0xD458B0	A
sm75	0x2348FB0	2577	0x0A11	10	17	0x177E940	A
sm75	0x2348FB0	2577	0x0A11	10	17	0xD16780	A
sm75	0x2348FB0	2577	0x0A11	10	17	0xD4AF90	A
sm75	0x2348FB0	2578	0x0A12	10	18	0xC84ED0	A
sm75	0x2348FB0	2578	0x0A12	10	18	0xD37620	A
sm75	0x2348FB0	2578	0x0A12	10	18	0xD49810	A
sm75	0x2348FB0	2578	0x0A12	10	18	0xDB0800	A
sm75	0x2348FB0	2578	0x0A12	10	18	0xE21EA0	A
sm75	0x2348FB0	2579	0x0A13	10	19	0xC82C80	A
sm75	0x2348FB0	2579	0x0A13	10	19	0xD36AB0	A
sm75	0x2348FB0	2579	0x0A13	10	19	0xD47AF0	A
sm75	0x2348FB0	2579	0x0A13	10	19	0xDAE5B0	A
sm75	0x2348FB0	2579	0x0A13	10	19	0xE1FC50	A
sm75	0x2348FB0	2580	0x0A14	10	20	0xD4D910	A
sm75	0x2348FB0	2581	0x0A15	10	21	0xD3D160	A
sm75	0x2348FB0	2581	0x0A15	10	21	0xD4CD50	A
sm75	0x2348FB0	2582	0x0A16	10	22	0xD4E4D0	A
sm75	0x2348FB0	2583	0x0A17	10	23	0xD3EFD0	A
sm75	0x2348FB0	2583	0x0A17	10	23	0xD45EA0	A
sm75	0x2348FB0	2583	0x0A17	10	23	0xDD71E0	A
sm75	0x2348FB0	2584	0x0A18	10	24	0xC73B10	A
sm75	0x2348FB0	2584	0x0A18	10	24	0xD3EA00	A
sm75	0x2348FB0	2584	0x0A18	10	24	0xD49E10	A
sm75	0x2348FB0	2584	0x0A18	10	24	0xD58560	A
sm75	0x2348FB0	2585	0x0A19	10	25	0xD48690	A
sm75	0x2348FB0	2585	0x0A19	10	25	0xD55540	A
sm75	0x2348FB0	2585	0x0A19	10	25	0xDD7E20	A
sm75	0x2348FB0	2586	0x0A1A	10	26	0xC71390	A
sm75	0x2348FB0	2586	0x0A1A	10	26	0xD38810	A
sm75	0x2348FB0	2586	0x0A1A	10	26	0xD4C1B0	A
sm75	0x2348FB0	2587	0x0A1B	10	27	0xD4C780	A
sm75	0x2348FB0	2587	0x0A1B	10	27	0xD55B30	A
sm75	0x2348FB0	2587	0x0A1B	10	27	0xDD9E50	A
sm75	0x2348FB0	2588	0x0A1C	10	28	0xC71F50	A
sm75	0x2348FB0	2588	0x0A1C	10	28	0xD3AD00	A
sm75	0x2348FB0	2588	0x0A1C	10	28	0xD45300	A
sm75	0x2348FB0	2588	0x0A1C	10	28	0xDD98C0	A
sm75	0x2348FB0	2589	0x0A1D	10	29	0xD3A6E0	A
sm75	0x2348FB0	2589	0x0A1D	10	29	0xD480E0	A
sm75	0x2348FB0	2589	0x0A1D	10	29	0xD5B8D0	A
sm75	0x2348FB0	2590	0x0A1E	10	30	0x177A3F0	A
sm75	0x2348FB0	2590	0x0A1E	10	30	0xD4DF10	A
sm75	0x2348FB0	2590	0x0A1E	10	30	0xD5B2E0	A
sm75	0x2348FB0	2590	0x0A1E	10	30	0xDDB480	A
sm75	0x2348FB0	2591	0x0A1F	10	31	0x177B2F0	A
sm75	0x2348FB0	2591	0x0A1F	10	31	0xD34310	A
sm75	0x2348FB0	2591	0x0A1F	10	31	0xD4D350	A
sm75	0x2348FB0	2591	0x0A1F	10	31	0xD50B90	A
sm75	0x2348FB0	2592	0x0A20	10	32	0xD4A3D0	A
sm75	0x2348FB0	2592	0x0A20	10	32	0xDDD790	A
sm75	0x2348FB0	2593	0x0A21	10	33	0xD36510	A
sm75	0x2348FB0	2593	0x0A21	10	33	0xD48C50	A
sm75	0x2348FB0	2593	0x0A21	10	33	0xD51100	A
sm75	0x2348FB0	2594	0x0A22	10	34	0x1780AA0	A
sm75	0x2348FB0	2595	0x0A23	10	35	0x1781F90	A
sm75	0x2348FB0	2595	0x0A23	10	35	0xD5AD20	A
sm75	0x2348FB0	2599	0x0A27	10	39	0x177B9D0	A
sm75	0x2348FB0	2600	0x0A28	10	40	0x177CEC0	A
sm75	0x2348FB0	2668	0x0A6C	10	108	0x174D340	A
sm75	0x2348FB0	2670	0x0A6E	10	110	0x174DF50	A
sm75	0x2348FB0	2671	0x0A6F	10	111	0x174E580	A
sm75	0x2348FB0	2693	0x0A85	10	133	0xD02DB0	A
sm75	0x2348FB0	2695	0x0A87	10	135	0xD05BC0	A
sm75	0x2348FB0	2696	0x0A88	10	136	0xD061D0	A
sm75	0x2348FB0	2698	0x0A8A	10	138	0xD04A30	A
sm75	0x2348FB0	2712	0x0A98	10	152	0xCF6AC0	A
sm75	0x2348FB0	2714	0x0A9A	10	154	0xCF7750	A
sm75	0x2348FB0	2715	0x0A9B	10	155	0xCF7DC0	A
sm75	0x2348FB0	2716	0x0A9C	10	156	0xCF7130	A
sm75	0x2348FB0	2718	0x0A9E	10	158	0xD038A0	A
sm75	0x2348FB0	2818	0x0B02	11	2	0xDA9080	A
sm75	0x2348FB0	2818	0x0B02	11	2	0xE30540	A
sm75	0x2348FB0	2819	0x0B03	11	3	0xCF9FA0	A
sm75	0x2348FB0	2823	0x0B07	11	7	0xCA2990	A
sm75	0x2348FB0	2825	0x0B09	11	9	0xCA1F10	A
sm75	0x2348FB0	2826	0x0B0A	11	10	0xD13620	A
sm75	0x2348FB0	2834	0x0B12	11	18	0xE31E50	A
sm75	0x2348FB0	2836	0x0B14	11	20	0xE30080	A
sm75	0x2348FB0	2838	0x0B16	11	22	0xE2E320	A
sm75	0x2348FB0	2840	0x0B18	11	24	0xE32CC0	A
sm75	0x2348FB0	2858	0x0B2A	11	42	0xCE9440	A
sm75	0x2348FB0	2859	0x0B2B	11	43	0xCA14F0	A
sm75	0x2348FB0	2861	0x0B2D	11	45	0xCA0AD0	A
sm75	0x2348FB0	2861	0x0B2D	11	45	0xCDC0F0	A
sm75	0x2348FB0	2877	0x0B3D	11	61	0x17581B0	A
sm75	0x2348FB0	2880	0x0B40	11	64	0xCDBB10	A
sm75	0x2348FB0	2883	0x0B43	11	67	0xCFE300	A
sm75	0x2348FB0	2896	0x0B50	11	80	0xD00870	A
sm75	0x2348FB0	2899	0x0B53	11	83	0xCDDE50	A
sm75	0x2348FB0	2955	0x0B8B	11	139	0xD05040	A
sm75	0x2348FB0	2958	0x0B8E	11	142	0xCF3BF0	A
sm75	0x2348FB0	2975	0x0B9F	11	159	0xD03EB0	A
sm75	0x2348FB0	2978	0x0BA2	11	162	0xCEF590	A
sm75	0x2348FB0	3331	0x0D03	13	3	0xD871C0	A
sm75	0x2348FB0	3334	0x0D06	13	6	0x1C0BF80	A
sm75	0x2348FB0	3334	0x0D06	13	6	0xD0DA40	A
sm75	0x2348FB0	3337	0x0D09	13	9	0xD62A40	A
sm75	0x2348FB0	3337	0x0D09	13	9	0xD7DEE0	A
sm75	0x2348FB0	3338	0x0D0A	13	10	0x1C09F30	A
sm75	0x2348FB0	3339	0x0D0B	13	11	0xE501D0	A
sm75	0x2348FB0	3340	0x0D0C	13	12	0xD664A0	A
sm75	0x2348FB0	3340	0x0D0C	13	12	0xD81940	A
sm75	0x2348FB0	3340	0x0D0C	13	12	0xD92020	A
sm75	0x2348FB0	3343	0x0D0F	13	15	0xE508F0	A
sm75	0x2348FB0	3344	0x0D10	13	16	0xE52420	A
sm75	0x2348FB0	3346	0x0D12	13	18	0xC6B150	A
sm75	0x2348FB0	3346	0x0D12	13	18	0xD15480	A
sm75	0x2348FB0	3347	0x0D13	13	19	0xD1D610	A
sm75	0x2348FB0	3351	0x0D17	13	23	0xD1DD30	A
sm75	0x2348FB0	3352	0x0D18	13	24	0xD1F860	A
sm75	0x2348FB0	4099	0x1003	16	3	0xE6FC40	A
sm75	0x2348FB0	4609	0x1201	18	1	0xDE41B0	A
sm75	0x2348FB0	4609	0x1201	18	1	0xE25F30	A
sm75	0x2348FB0	4609	0x1201	18	1	0xE27F80	A
sm75	0x2348FB0	4610	0x1202	18	2	0xE248A0	A
sm75	0x2348FB0	4610	0x1202	18	2	0xE269B0	A
sm75	0x2348FB0	4610	0x1202	18	2	0xE62B40	A
sm75	0x2348FB0	4611	0x1203	18	3	0xDE46E0	A
sm75	0x2348FB0	4611	0x1203	18	3	0xE25980	A
sm75	0x2348FB0	4611	0x1203	18	3	0xE27A00	A
sm75	0x2348FB0	4611	0x1203	18	3	0xE625D0	A
sm75	0x2348FB0	4612	0x1204	18	4	0xE24320	A
sm75	0x2348FB0	4612	0x1204	18	4	0xE26460	A
sm75	0x2348FB0	4613	0x1205	18	5	0xE253D0	A
sm75	0x2348FB0	4613	0x1205	18	5	0xE27480	A
sm75	0x2348FB0	4613	0x1205	18	5	0xE63690	A
sm75	0x2348FB0	4627	0x1213	18	19	0xCA6F50	A
sm75	0x2348FB0	4629	0x1215	18	21	0xCAA090	A
sm75	0x2348FB0	4639	0x121F	18	31	0xCA69A0	A
sm75	0x2348FB0	4641	0x1221	18	33	0xCA9AE0	A
sm75	0x2348FB0	4864	0x1300	19	0	0x17A74D0	A
sm75	0x2348FB0	4864	0x1300	19	0	0xE89490	A
sm75	0x2348FB0	4864	0x1300	19	0	0xE8F980	A
sm75	0x2348FB0	4864	0x1300	19	0	0xE9C8B0	A
sm75	0x2348FB0	4865	0x1301	19	1	0x175B250	A
sm75	0x2348FB0	4865	0x1301	19	1	0x1776320	A
sm75	0x2348FB0	4865	0x1301	19	1	0x1790F00	A
sm75	0x2348FB0	4865	0x1301	19	1	0x1793460	A
sm75	0x2348FB0	4865	0x1301	19	1	0x17A5240	A
sm75	0x2348FB0	4865	0x1301	19	1	0x17A6E00	A
sm75	0x2348FB0	4865	0x1301	19	1	0xD691F0	A
sm75	0x2348FB0	4865	0x1301	19	1	0xD84690	A
sm75	0x2348FB0	4865	0x1301	19	1	0xDCC680	A
sm75	0x2348FB0	4865	0x1301	19	1	0xE03170	A
sm75	0x2348FB0	4865	0x1301	19	1	0xE04410	A
sm75	0x2348FB0	4865	0x1301	19	1	0xE858D0	A
sm75	0x2348FB0	4865	0x1301	19	1	0xE873F0	A
sm75	0x2348FB0	4865	0x1301	19	1	0xE8BF10	A
sm75	0x2348FB0	4865	0x1301	19	1	0xE8D950	A
sm75	0x2348FB0	4865	0x1301	19	1	0xE9EC60	A
sm75	0x2348FB0	4865	0x1301	19	1	0xEA3C80	A
sm75	0x2348FB0	4866	0x1302	19	2	0x175B940	A
sm75	0x2348FB0	4866	0x1302	19	2	0x1791BA0	A
sm75	0x2348FB0	4866	0x1302	19	2	0x17A5FF0	A
sm75	0x2348FB0	4866	0x1302	19	2	0x17A7BD0	A
sm75	0x2348FB0	4866	0x1302	19	2	0xCC79C0	A
sm75	0x2348FB0	4866	0x1302	19	2	0xD68AA0	A
sm75	0x2348FB0	4866	0x1302	19	2	0xD83F40	A
sm75	0x2348FB0	4866	0x1302	19	2	0xD8A470	A
sm75	0x2348FB0	4866	0x1302	19	2	0xDCBFD0	A
sm75	0x2348FB0	4866	0x1302	19	2	0xE4AD00	A
sm75	0x2348FB0	4866	0x1302	19	2	0xE6DCD0	A
sm75	0x2348FB0	4866	0x1302	19	2	0xE87A40	A
sm75	0x2348FB0	4866	0x1302	19	2	0xE8DF80	A
sm75	0x2348FB0	4866	0x1302	19	2	0xE9F300	A
sm75	0x2348FB0	4867	0x1303	19	3	0x17A66E0	A
sm75	0x2348FB0	4867	0x1303	19	3	0x17A82C0	A
sm75	0x2348FB0	4867	0x1303	19	3	0xE4A670	A
sm75	0x2348FB0	4867	0x1303	19	3	0xE88E40	A
sm75	0x2348FB0	4867	0x1303	19	3	0xE8F340	A
sm75	0x2348FB0	4867	0x1303	19	3	0xE9D6C0	A
sm75	0x2348FB0	4868	0x1304	19	4	0x173C620	A
sm75	0x2348FB0	4868	0x1304	19	4	0xD87F20	A
sm75	0x2348FB0	4868	0x1304	19	4	0xD89C90	A
sm75	0x2348FB0	4868	0x1304	19	4	0xE4B390	A
sm75	0x2348FB0	4869	0x1305	19	5	0xD18190	A
sm75	0x2348FB0	4869	0x1305	19	5	0xD87850	A
sm75	0x2348FB0	4870	0x1306	19	6	0xD17B00	A
sm75	0x2348FB0	4870	0x1306	19	6	0xD8B2E0	A
sm75	0x2348FB0	4870	0x1306	19	6	0xDD0C40	A
sm75	0x2348FB0	4871	0x1307	19	7	0x1C08930	A
sm75	0x2348FB0	4871	0x1307	19	7	0xD18820	A
sm75	0x2348FB0	4871	0x1307	19	7	0xDCED10	A
sm75	0x2348FB0	4871	0x1307	19	7	0xDD0600	A
sm75	0x2348FB0	4872	0x1308	19	8	0x1C081B0	A
sm75	0x2348FB0	4872	0x1308	19	8	0xCBD380	A
sm75	0x2348FB0	4872	0x1308	19	8	0xD8AB60	A
sm75	0x2348FB0	4872	0x1308	19	8	0xDCE5F0	A
sm75	0x2348FB0	4873	0x1309	19	9	0x1C09070	A
sm75	0x2348FB0	4873	0x1309	19	9	0xDD3060	A
sm75	0x2348FB0	4874	0x130A	19	10	0x1758DF0	A
sm75	0x2348FB0	4874	0x130A	19	10	0xD65DB0	A
sm75	0x2348FB0	4874	0x130A	19	10	0xD81250	A
sm75	0x2348FB0	4874	0x130A	19	10	0xDD2A00	A
sm75	0x2348FB0	4875	0x130B	19	11	0x1758680	A
sm75	0x2348FB0	4875	0x130B	19	11	0xD65700	A
sm75	0x2348FB0	4875	0x130B	19	11	0xD80BA0	A
sm75	0x2348FB0	4876	0x130C	19	12	0x1759530	A
sm75	0x2348FB0	4876	0x130C	19	12	0xE51650	A
sm75	0x2348FB0	4877	0x130D	19	13	0xCD0370	A
sm75	0x2348FB0	4877	0x130D	19	13	0xE50FA0	A
sm75	0x2348FB0	4878	0x130E	19	14	0x173F460	A
sm75	0x2348FB0	4878	0x130E	19	14	0xE51D70	A
sm75	0x2348FB0	4879	0x130F	19	15	0x173EDF0	A
sm75	0x2348FB0	4881	0x1311	19	17	0xE53970	A
sm75	0x2348FB0	4882	0x1312	19	18	0x177E2A0	A
sm75	0x2348FB0	4882	0x1312	19	18	0xCC91E0	A
sm75	0x2348FB0	4882	0x1312	19	18	0xDD55F0	A
sm75	0x2348FB0	4882	0x1312	19	18	0xE53280	A
sm75	0x2348FB0	4883	0x1313	19	19	0x1740200	A
sm75	0x2348FB0	4883	0x1313	19	19	0x1C068A0	A
sm75	0x2348FB0	4883	0x1313	19	19	0xDD4ED0	A
sm75	0x2348FB0	4883	0x1313	19	19	0xE540D0	A
sm75	0x2348FB0	4884	0x1314	19	20	0x173FB30	A
sm75	0x2348FB0	4884	0x1314	19	20	0x1C061F0	A
sm75	0x2348FB0	4884	0x1314	19	20	0xD1EA90	A
sm75	0x2348FB0	4885	0x1315	19	21	0x1C07600	A
sm75	0x2348FB0	4885	0x1315	19	21	0xD1E3E0	A
sm75	0x2348FB0	4885	0x1315	19	21	0xDD6B20	A
sm75	0x2348FB0	4886	0x1316	19	22	0xD1F1B0	A
sm75	0x2348FB0	4886	0x1316	19	22	0xDD6470	A
sm75	0x2348FB0	4886	0x1316	19	22	0xE4F330	A
sm75	0x2348FB0	4887	0x1317	19	23	0xE4EC00	A
sm75	0x2348FB0	4888	0x1318	19	24	0xE4FAA0	A
sm75	0x2348FB0	4889	0x1319	19	25	0xD20DA0	A
sm75	0x2348FB0	4890	0x131A	19	26	0xD206B0	A
sm75	0x2348FB0	4891	0x131B	19	27	0xD21500	A
sm75	0x2348FB0	4891	0x131B	19	27	0xE4D6B0	A
sm75	0x2348FB0	4892	0x131C	19	28	0x1779750	A
sm75	0x2348FB0	4892	0x131C	19	28	0xE4CFC0	A
sm75	0x2348FB0	4893	0x131D	19	29	0x177AB60	A
sm75	0x2348FB0	4893	0x131D	19	29	0xE4DDE0	A
sm75	0x2348FB0	4894	0x131E	19	30	0xD1C770	A
sm75	0x2348FB0	4895	0x131F	19	31	0xD1C040	A
sm75	0x2348FB0	4896	0x1320	19	32	0x1779D40	A
sm75	0x2348FB0	4896	0x1320	19	32	0xD1CEE0	A
sm75	0x2348FB0	4897	0x1321	19	33	0x17811D0	A
sm75	0x2348FB0	4898	0x1322	19	34	0xCCE5C0	A
sm75	0x2348FB0	4899	0x1323	19	35	0xCCA660	A
sm75	0x2348FB0	4899	0x1323	19	35	0xD1AB10	A
sm75	0x2348FB0	4900	0x1324	19	36	0xCC9910	A
sm75	0x2348FB0	4900	0x1324	19	36	0xD1A430	A
sm75	0x2348FB0	4901	0x1325	19	37	0x1781920	A
sm75	0x2348FB0	4901	0x1325	19	37	0xD1B230	A
sm75	0x2348FB0	4902	0x1326	19	38	0x1740F90	A
sm75	0x2348FB0	4902	0x1326	19	38	0x177C100	A
sm75	0x2348FB0	4902	0x1326	19	38	0xD19D50	A
sm75	0x2348FB0	4904	0x1328	19	40	0x1740900	A
sm75	0x2348FB0	4904	0x1328	19	40	0x175C040	A
sm75	0x2348FB0	4905	0x1329	19	41	0xCC9FB0	A
sm75	0x2348FB0	4906	0x132A	19	42	0x173D960	A
sm75	0x2348FB0	4906	0x132A	19	42	0x175CE90	A
sm75	0x2348FB0	4913	0x1331	19	49	0x173CC50	A
sm75	0x2348FB0	4914	0x1332	19	50	0x173E6F0	A
sm75	0x2348FB0	4982	0x1376	19	118	0xCE2920	A
sm75	0x2348FB0	4984	0x1378	19	120	0xCE3570	A
sm75	0x2348FB0	4985	0x1379	19	121	0xCE3BC0	A
sm75	0x2348FB0	5041	0x13B1	19	177	0x1751000	A
sm75	0x2348FB0	5043	0x13B3	19	179	0x1751C50	A
sm75	0x2348FB0	5044	0x13B4	19	180	0x17522A0	A
sm75	0x2348FB0	5377	0x1501	21	1	0xEA7880	A
sm75	0x2348FB0	5633	0x1601	22	1	0xE61B40	A
sm75	0x2348FB0	5636	0x1604	22	4	0xE62070	A
sm75	0x2348FB0	5646	0x160E	22	14	0xDE5770	A
sm75	0x2348FB0	5647	0x160F	22	15	0xCA3410	A
sm75	0x2348FB0	5647	0x160F	22	15	0xDE7560	A
sm75	0x2348FB0	5649	0x1611	22	17	0xCA4B50	A
sm75	0x2348FB0	5650	0x1612	22	18	0xDE6340	A
sm75	0x2348FB0	5651	0x1613	22	19	0xDE8200	A
sm75	0x2348FB0	5659	0x161B	22	27	0xCA6360	A
sm75	0x2348FB0	5661	0x161D	22	29	0xCA9480	A
sm75	0x2348FB0	5671	0x1627	22	39	0xCA5D10	A
sm75	0x2348FB0	5673	0x1629	22	41	0xCA8E20	A
sm75	0x2348FB0	5683	0x1633	22	51	0xCA2E90	A
sm75	0x2348FB0	5685	0x1635	22	53	0xCA45B0	A
sm75	0x2348FB0	5977	0x1759	23	89	0xCD6080	A
sm75	0x2348FB0	6400	0x1900	25	0	0xD5D3D0	A
sm75	0x2348FB0	6400	0x1900	25	0	0xDEF520	A
sm75	0x2348FB0	6400	0x1900	25	0	0xE4C8D0	A
sm75	0x2348FB0	6400	0x1900	25	0	0xE68E40	A
sm75	0x2348FB0	6400	0x1900	25	0	0xE81320	A
sm75	0x2348FB0	6401	0x1901	25	1	0x1764B60	A
sm75	0x2348FB0	6401	0x1901	25	1	0x176B090	A
sm75	0x2348FB0	6401	0x1901	25	1	0x1770520	A
sm75	0x2348FB0	6401	0x1901	25	1	0x1797C70	A
sm75	0x2348FB0	6401	0x1901	25	1	0x179B020	A
sm75	0x2348FB0	6401	0x1901	25	1	0x17A3640	A
sm75	0x2348FB0	6401	0x1901	25	1	0xD283E0	A
sm75	0x2348FB0	6401	0x1901	25	1	0xD7C5E0	A
sm75	0x2348FB0	6401	0x1901	25	1	0xD9BA90	A
sm75	0x2348FB0	6401	0x1901	25	1	0xE069E0	A
sm75	0x2348FB0	6401	0x1901	25	1	0xE2CE80	A
sm75	0x2348FB0	6401	0x1901	25	1	0xE49950	A
sm75	0x2348FB0	6402	0x1902	25	2	0x176B700	A
sm75	0x2348FB0	6402	0x1902	25	2	0x1796DB0	A
sm75	0x2348FB0	6402	0x1902	25	2	0x179B640	A
sm75	0x2348FB0	6402	0x1902	25	2	0x17A2820	A
sm75	0x2348FB0	6402	0x1902	25	2	0xD270E0	A
sm75	0x2348FB0	6402	0x1902	25	2	0xD7CC30	A
sm75	0x2348FB0	6402	0x1902	25	2	0xD9B440	A
sm75	0x2348FB0	6402	0x1902	25	2	0xE076A0	A
sm75	0x2348FB0	6402	0x1902	25	2	0xE2C7E0	A
sm75	0x2348FB0	6403	0x1903	25	3	0x175AB50	A
sm75	0x2348FB0	6403	0x1903	25	3	0x1765850	A
sm75	0x2348FB0	6403	0x1903	25	3	0x1797510	A
sm75	0x2348FB0	6403	0x1903	25	3	0x179FA10	A
sm75	0x2348FB0	6403	0x1903	25	3	0x17A2F30	A
sm75	0x2348FB0	6403	0x1903	25	3	0xD27D80	A
sm75	0x2348FB0	6403	0x1903	25	3	0xD73520	A
sm75	0x2348FB0	6403	0x1903	25	3	0xD9ADF0	A
sm75	0x2348FB0	6403	0x1903	25	3	0xDB9AC0	A
sm75	0x2348FB0	6403	0x1903	25	3	0xE2ACC0	A
sm75	0x2348FB0	6403	0x1903	25	3	0xE72070	A
sm75	0x2348FB0	6404	0x1904	25	4	0x1796670	A
sm75	0x2348FB0	6404	0x1904	25	4	0x179E750	A
sm75	0x2348FB0	6404	0x1904	25	4	0x17A2130	A
sm75	0x2348FB0	6404	0x1904	25	4	0xD16DE0	A
sm75	0x2348FB0	6404	0x1904	25	4	0xD76090	A
sm75	0x2348FB0	6404	0x1904	25	4	0xD9A7A0	A
sm75	0x2348FB0	6404	0x1904	25	4	0xDB9490	A
sm75	0x2348FB0	6404	0x1904	25	4	0xDF8BC0	A
sm75	0x2348FB0	6404	0x1904	25	4	0xE2A630	A
sm75	0x2348FB0	6405	0x1905	25	5	0x17671D0	A
sm75	0x2348FB0	6405	0x1905	25	5	0x179F3C0	A
sm75	0x2348FB0	6405	0x1905	25	5	0x17A0080	A
sm75	0x2348FB0	6405	0x1905	25	5	0xC8DA00	A
sm75	0x2348FB0	6405	0x1905	25	5	0xD766D0	A
sm75	0x2348FB0	6405	0x1905	25	5	0xDBD210	A
sm75	0x2348FB0	6405	0x1905	25	5	0xDF97C0	A
sm75	0x2348FB0	6405	0x1905	25	5	0xE2B350	A
sm75	0x2348FB0	6405	0x1905	25	5	0xE49FE0	A
sm75	0x2348FB0	6405	0x1905	25	5	0xE661E0	A
sm75	0x2348FB0	6406	0x1906	25	6	0x1766B80	A
sm75	0x2348FB0	6406	0x1906	25	6	0x17A06D0	A
sm75	0x2348FB0	6406	0x1906	25	6	0x1C097F0	A
sm75	0x2348FB0	6406	0x1906	25	6	0xD73B60	A
sm75	0x2348FB0	6406	0x1906	25	6	0xD93230	A
sm75	0x2348FB0	6406	0x1906	25	6	0xDBEA50	A
sm75	0x2348FB0	6406	0x1906	25	6	0xDFBB30	A
sm75	0x2348FB0	6406	0x1906	25	6	0xE2BA20	A
sm75	0x2348FB0	6406	0x1906	25	6	0xE66860	A
sm75	0x2348FB0	6407	0x1907	25	7	0x17A1A60	A
sm75	0x2348FB0	6407	0x1907	25	7	0xD70B60	A
sm75	0x2348FB0	6407	0x1907	25	7	0xD9A150	A
sm75	0x2348FB0	6407	0x1907	25	7	0xDBDE20	A
sm75	0x2348FB0	6407	0x1907	25	7	0xDFA940	A
sm75	0x2348FB0	6407	0x1907	25	7	0xE2C0F0	A
sm75	0x2348FB0	6407	0x1907	25	7	0xE67CA0	A
sm75	0x2348FB0	6408	0x1908	25	8	0x17A0D20	A
sm75	0x2348FB0	6408	0x1908	25	8	0xD17470	A
sm75	0x2348FB0	6408	0x1908	25	8	0xD30490	A
sm75	0x2348FB0	6408	0x1908	25	8	0xD6D6A0	A
sm75	0x2348FB0	6408	0x1908	25	8	0xD99B00	A
sm75	0x2348FB0	6408	0x1908	25	8	0xDBF090	A
sm75	0x2348FB0	6408	0x1908	25	8	0xDD1280	A
sm75	0x2348FB0	6408	0x1908	25	8	0xDFCD20	A
sm75	0x2348FB0	6408	0x1908	25	8	0xE28B10	A
sm75	0x2348FB0	6408	0x1908	25	8	0xE66EE0	A
sm75	0x2348FB0	6409	0x1909	25	9	0x1759CA0	A
sm75	0x2348FB0	6409	0x1909	25	9	0xC91020	A
sm75	0x2348FB0	6409	0x1909	25	9	0xD2DC60	A
sm75	0x2348FB0	6409	0x1909	25	9	0xD6E250	A
sm75	0x2348FB0	6409	0x1909	25	9	0xD994B0	A
sm75	0x2348FB0	6409	0x1909	25	9	0xDC20D0	A
sm75	0x2348FB0	6409	0x1909	25	9	0xDFE5B0	A
sm75	0x2348FB0	6409	0x1909	25	9	0xE28480	A
sm75	0x2348FB0	6410	0x190A	25	10	0x179D590	A
sm75	0x2348FB0	6410	0x190A	25	10	0xD2C8E0	A
sm75	0x2348FB0	6410	0x190A	25	10	0xD71710	A
sm75	0x2348FB0	6410	0x190A	25	10	0xD98E60	A
sm75	0x2348FB0	6410	0x190A	25	10	0xDC0F30	A
sm75	0x2348FB0	6410	0x190A	25	10	0xDFD370	A
sm75	0x2348FB0	6410	0x190A	25	10	0xE291A0	A
sm75	0x2348FB0	6411	0x190B	25	11	0x1766530	A
sm75	0x2348FB0	6411	0x190B	25	11	0x179C940	A
sm75	0x2348FB0	6411	0x190B	25	11	0xD2D5D0	A
sm75	0x2348FB0	6411	0x190B	25	11	0xD71120	A
sm75	0x2348FB0	6411	0x190B	25	11	0xDC1AE0	A
sm75	0x2348FB0	6411	0x190B	25	11	0xDFDF90	A
sm75	0x2348FB0	6411	0x190B	25	11	0xE29870	A
sm75	0x2348FB0	6412	0x190C	25	12	0x1733B50	A
sm75	0x2348FB0	6412	0x190C	25	12	0x1765EE0	A
sm75	0x2348FB0	6412	0x190C	25	12	0x179BC60	A
sm75	0x2348FB0	6412	0x190C	25	12	0xD2CF40	A
sm75	0x2348FB0	6412	0x190C	25	12	0xD71D00	A
sm75	0x2348FB0	6412	0x190C	25	12	0xDC14F0	A
sm75	0x2348FB0	6412	0x190C	25	12	0xDFD970	A
sm75	0x2348FB0	6413	0x190D	25	13	0x1747360	A
sm75	0x2348FB0	6413	0x190D	25	13	0xC8AF40	A
sm75	0x2348FB0	6413	0x190D	25	13	0xD28A60	A
sm75	0x2348FB0	6413	0x190D	25	13	0xD6DC60	A
sm75	0x2348FB0	6413	0x190D	25	13	0xD9E610	A
sm75	0x2348FB0	6413	0x190D	25	13	0xDBCC50	A
sm75	0x2348FB0	6413	0x190D	25	13	0xDF9DC0	A
sm75	0x2348FB0	6414	0x190E	25	14	0xC8A900	A
sm75	0x2348FB0	6414	0x190E	25	14	0xD2AF70	A
sm75	0x2348FB0	6414	0x190E	25	14	0xD6E840	A
sm75	0x2348FB0	6414	0x190E	25	14	0xD9F270	A
sm75	0x2348FB0	6414	0x190E	25	14	0xDBE460	A
sm75	0x2348FB0	6414	0x190E	25	14	0xDFC150	A
sm75	0x2348FB0	6415	0x190F	25	15	0x1748CC0	A
sm75	0x2348FB0	6415	0x190F	25	15	0xC8C170	A
sm75	0x2348FB0	6415	0x190F	25	15	0xD29CB0	A
sm75	0x2348FB0	6415	0x190F	25	15	0xD72880	A
sm75	0x2348FB0	6415	0x190F	25	15	0xD9EC30	A
sm75	0x2348FB0	6415	0x190F	25	15	0xDBD830	A
sm75	0x2348FB0	6416	0x1910	25	16	0xC8B530	A
sm75	0x2348FB0	6416	0x1910	25	16	0xD2C230	A
sm75	0x2348FB0	6416	0x1910	25	16	0xD753F0	A
sm75	0x2348FB0	6416	0x1910	25	16	0xD9C0D0	A
sm75	0x2348FB0	6416	0x1910	25	16	0xDBB360	A
sm75	0x2348FB0	6417	0x1911	25	17	0xC8C7C0	A
sm75	0x2348FB0	6417	0x1911	25	17	0xD290A0	A
sm75	0x2348FB0	6417	0x1911	25	17	0xD75A30	A
sm75	0x2348FB0	6417	0x1911	25	17	0xD9CD30	A
sm75	0x2348FB0	6417	0x1911	25	17	0xDBBFC0	A
sm75	0x2348FB0	6418	0x1912	25	18	0x17453D0	A
sm75	0x2348FB0	6418	0x1912	25	18	0xC9C380	A
sm75	0x2348FB0	6418	0x1912	25	18	0xD2B5D0	A
sm75	0x2348FB0	6418	0x1912	25	18	0xD72EC0	A
sm75	0x2348FB0	6418	0x1912	25	18	0xD9C6F0	A
sm75	0x2348FB0	6418	0x1912	25	18	0xDBB980	A
sm75	0x2348FB0	6419	0x1913	25	19	0xC985B0	A
sm75	0x2348FB0	6419	0x1913	25	19	0xD6F3C0	A
sm75	0x2348FB0	6419	0x1913	25	19	0xD9F8B0	A
sm75	0x2348FB0	6419	0x1913	25	19	0xDBC600	A
sm75	0x2348FB0	6420	0x1914	25	20	0x1746D30	A
sm75	0x2348FB0	6420	0x1914	25	20	0xC98C00	A
sm75	0x2348FB0	6420	0x1914	25	20	0xD6BF00	A
sm75	0x2348FB0	6420	0x1914	25	20	0xDA0510	A
sm75	0x2348FB0	6420	0x1914	25	20	0xDC08E0	A
sm75	0x2348FB0	6421	0x1915	25	21	0xC9AB00	A
sm75	0x2348FB0	6421	0x1915	25	21	0xD6CAB0	A
sm75	0x2348FB0	6421	0x1915	25	21	0xD9FED0	A
sm75	0x2348FB0	6421	0x1915	25	21	0xDBF6A0	A
sm75	0x2348FB0	6421	0x1915	25	21	0xDF40B0	A
sm75	0x2348FB0	6422	0x1916	25	22	0xC9B720	A
sm75	0x2348FB0	6422	0x1916	25	22	0xD6FF70	A
sm75	0x2348FB0	6422	0x1916	25	22	0xD9D370	A
sm75	0x2348FB0	6422	0x1916	25	22	0xDC02C0	A
sm75	0x2348FB0	6422	0x1916	25	22	0xDF6E10	A
sm75	0x2348FB0	6423	0x1917	25	23	0xC9B100	A
sm75	0x2348FB0	6423	0x1917	25	23	0xD6F980	A
sm75	0x2348FB0	6423	0x1917	25	23	0xD9DFD0	A
sm75	0x2348FB0	6423	0x1917	25	23	0xDBFCA0	A
sm75	0x2348FB0	6424	0x1918	25	24	0xC9BD40	A
sm75	0x2348FB0	6424	0x1918	25	24	0xD70560	A
sm75	0x2348FB0	6424	0x1918	25	24	0xD9D990	A
sm75	0x2348FB0	6424	0x1918	25	24	0xDBA120	A
sm75	0x2348FB0	6425	0x1919	25	25	0x1743E10	A
sm75	0x2348FB0	6425	0x1919	25	25	0xC959F0	A
sm75	0x2348FB0	6425	0x1919	25	25	0xD23A50	A
sm75	0x2348FB0	6425	0x1919	25	25	0xD6C4C0	A
sm75	0x2348FB0	6425	0x1919	25	25	0xDA1D90	A
sm75	0x2348FB0	6425	0x1919	25	25	0xDBAD40	A
sm75	0x2348FB0	6426	0x191A	25	26	0x1777FA0	A
sm75	0x2348FB0	6426	0x191A	25	26	0xC972E0	A
sm75	0x2348FB0	6426	0x191A	25	26	0xD6D0A0	A
sm75	0x2348FB0	6426	0x191A	25	26	0xDA29B0	A
sm75	0x2348FB0	6427	0x191B	25	27	0x1779160	A
sm75	0x2348FB0	6427	0x191B	25	27	0xC96650	A
sm75	0x2348FB0	6427	0x191B	25	27	0xCE0520	A
sm75	0x2348FB0	6427	0x191B	25	27	0xD2FEE0	A
sm75	0x2348FB0	6427	0x191B	25	27	0xDA2390	A
sm75	0x2348FB0	6427	0x191B	25	27	0xE007D0	A
sm75	0x2348FB0	6428	0x191C	25	28	0xC95FF0	A
sm75	0x2348FB0	6428	0x191C	25	28	0xDA0B50	A
sm75	0x2348FB0	6429	0x191D	25	29	0xC97900	A
sm75	0x2348FB0	6429	0x191D	25	29	0xD6B030	A
sm75	0x2348FB0	6429	0x191D	25	29	0xDA1770	A
sm75	0x2348FB0	6430	0x191E	25	30	0xC96C70	A
sm75	0x2348FB0	6430	0x191E	25	30	0xD31A70	A
sm75	0x2348FB0	6430	0x191E	25	30	0xD741C0	A
sm75	0x2348FB0	6431	0x191F	25	31	0xC97F70	A
sm75	0x2348FB0	6431	0x191F	25	31	0xD24690	A
sm75	0x2348FB0	6432	0x1920	25	32	0xC99280	A
sm75	0x2348FB0	6432	0x1920	25	32	0xD25330	A
sm75	0x2348FB0	6433	0x1921	25	33	0xC99EA0	A
sm75	0x2348FB0	6433	0x1921	25	33	0xD6B530	A
sm75	0x2348FB0	6434	0x1922	25	34	0xC99880	A
sm75	0x2348FB0	6434	0x1922	25	34	0xD7A660	A
sm75	0x2348FB0	6435	0x1923	25	35	0xC9A4C0	A
sm75	0x2348FB0	6435	0x1923	25	35	0xD78690	A
sm75	0x2348FB0	6436	0x1924	25	36	0xC92E30	A
sm75	0x2348FB0	6436	0x1924	25	36	0xD76D30	A
sm75	0x2348FB0	6437	0x1925	25	37	0xC94720	A
sm75	0x2348FB0	6437	0x1925	25	37	0xD77A10	A
sm75	0x2348FB0	6438	0x1926	25	38	0xC93A90	A
sm75	0x2348FB0	6438	0x1926	25	38	0xD7AC90	A
sm75	0x2348FB0	6439	0x1927	25	39	0x175C750	A
sm75	0x2348FB0	6439	0x1927	25	39	0xC93430	A
sm75	0x2348FB0	6439	0x1927	25	39	0xD78CD0	A
sm75	0x2348FB0	6440	0x1928	25	40	0xC94D40	A
sm75	0x2348FB0	6441	0x1929	25	41	0x175DCE0	A
sm75	0x2348FB0	6441	0x1929	25	41	0xC940B0	A
sm75	0x2348FB0	6441	0x1929	25	41	0xD79FB0	A
sm75	0x2348FB0	6441	0x1929	25	41	0xDF6330	A
sm75	0x2348FB0	6442	0x192A	25	42	0x176FE60	A
sm75	0x2348FB0	6442	0x192A	25	42	0xD25F10	A
sm75	0x2348FB0	6442	0x192A	25	42	0xD79960	A
sm75	0x2348FB0	6443	0x192B	25	43	0x175F240	A
sm75	0x2348FB0	6443	0x192B	25	43	0x176F7D0	A
sm75	0x2348FB0	6444	0x192C	25	44	0x16DFDE0	A
sm75	0x2348FB0	6444	0x192C	25	44	0x175EB30	A
sm75	0x2348FB0	6444	0x192C	25	44	0x176F140	A
sm75	0x2348FB0	6444	0x192C	25	44	0xD7BF40	A
sm75	0x2348FB0	6445	0x192D	25	45	0x175F950	A
sm75	0x2348FB0	6445	0x192D	25	45	0xC8EC90	A
sm75	0x2348FB0	6445	0x192D	25	45	0xD7B900	A
sm75	0x2348FB0	6446	0x192E	25	46	0xD773A0	A
sm75	0x2348FB0	6449	0x1931	25	49	0xC86610	A
sm75	0x2348FB0	6450	0x1932	25	50	0xC87DB0	A
sm75	0x2348FB0	6451	0x1933	25	51	0xC88A40	A
sm75	0x2348FB0	6452	0x1934	25	52	0xC883F0	A
sm75	0x2348FB0	6457	0x1939	25	57	0xC871F0	A
sm75	0x2348FB0	6458	0x193A	25	58	0xC896D0	A
sm75	0x2348FB0	6459	0x193B	25	59	0xC89090	A
sm75	0x2348FB0	6461	0x193D	25	61	0xC9CF80	A
sm75	0x2348FB0	6462	0x193E	25	62	0x1737D00	A
sm75	0x2348FB0	6465	0x1941	25	65	0xC9D540	A
sm75	0x2348FB0	6466	0x1942	25	66	0xC9DB30	A
sm75	0x2348FB0	6469	0x1945	25	69	0xC9EDB0	A
sm75	0x2348FB0	6470	0x1946	25	70	0xCDB530	A
sm75	0x2348FB0	6513	0x1971	25	113	0x174B0A0	A
sm75	0x2348FB0	6515	0x1973	25	115	0x174C7C0	A
sm75	0x2348FB0	6517	0x1975	25	117	0x174BC30	A
sm75	0x2348FB0	6519	0x1977	25	119	0xCE2320	A
sm75	0x2348FB0	6572	0x19AC	25	172	0x174EB60	A
sm75	0x2348FB0	6574	0x19AE	25	174	0x1750400	A
sm75	0x2348FB0	6576	0x19B0	25	176	0x174F7B0	A
sm75	0x2348FB0	6578	0x19B2	25	178	0x1750A00	A
sm75	0x2348FB0	6590	0x19BE	25	190	0x17492F0	A
sm75	0x2348FB0	6592	0x19C0	25	192	0x174AAD0	A
sm75	0x2348FB0	6680	0x1A18	26	24	0xCC47B0	A
sm75	0x2348FB0	6682	0x1A1A	26	26	0xCC71F0	A
sm75	0x2348FB0	6683	0x1A1B	26	27	0xCC53D0	A
sm75	0x2348FB0	6684	0x1A1C	26	28	0xCC4C50	A
sm75	0x2348FB0	6685	0x1A1D	26	29	0xCC62D0	A
sm75	0x2348FB0	7681	0x1E01	30	1	0xDF11F0	A
sm75	0x2348FB0	7682	0x1E02	30	2	0xCAF0A0	A
sm75	0x2348FB0	7685	0x1E05	30	5	0xCAFB30	A
sm75	0x2348FB0	8488	0x2128	33	40	0xD79310	A
sm75	0x2348FB0	8490	0x212A	33	42	0x1772B70	A
sm75	0x2348FB0	8491	0x212B	33	43	0x1773120	A
sm75	0x2348FB0	8491	0x212B	33	43	0xD7B2C0	A
sm75	0x2348FB0	8496	0x2130	33	48	0x1773770	A
sm75	0x2348FB0	8705	0x2201	34	1	0xCF9A30	A
sm75	0x2348FB0	8706	0x2202	34	2	0xCF9490	A
sm75	0x2348FB0	8708	0x2204	34	4	0x173AD30	A
sm75	0x2348FB0	8708	0x2204	34	4	0xCBBCF0	A
sm75	0x2348FB0	8708	0x2204	34	4	0xCD28B0	A
sm75	0x2348FB0	8709	0x2205	34	5	0x173B200	A
sm75	0x2348FB0	8709	0x2205	34	5	0x1774360	A
sm75	0x2348FB0	8709	0x2205	34	5	0xCDAF50	A
sm75	0x2348FB0	8726	0x2216	34	22	0x1C06F50	A
sm75	0x2348FB0	8727	0x2217	34	23	0x1778580	A
sm75	0x2348FB0	8747	0x222B	34	43	0xCD2320	A
sm75	0x2348FB0	8748	0x222C	34	44	0xCDA970	A
sm75	0x2348FB0	8750	0x222E	34	46	0xCF8980	A
sm75	0x2348FB0	8751	0x222F	34	47	0xCF83E0	A
sm75	0x2348FB0	8766	0x223E	34	62	0xCD1D90	A
sm75	0x2348FB0	8767	0x223F	34	63	0xCDA390	A
sm75	0x2348FB0	8772	0x2244	34	68	0xCD1800	A
sm75	0x2348FB0	8773	0x2245	34	69	0xCD9DB0	A
sm75	0x2348FB0	8775	0x2247	34	71	0xCFAAB0	A
sm75	0x2348FB0	8776	0x2248	34	72	0xCFA540	A
sm75	0x2348FB0	8785	0x2251	34	81	0xCD33D0	A
sm75	0x2348FB0	8786	0x2252	34	82	0xCDD290	A
sm75	0x2348FB0	8788	0x2254	34	84	0xCD2E40	A
sm75	0x2348FB0	8789	0x2255	34	85	0xCDCCB0	A
sm75	0x2348FB0	8794	0x225A	34	90	0xCFBB10	A
sm75	0x2348FB0	8795	0x225B	34	91	0xCFB5A0	A
sm75	0x2348FB0	8844	0x228C	34	140	0xCF3630	A
sm75	0x2348FB0	8845	0x228D	34	141	0xCF3020	A
sm75	0x2348FB0	8847	0x228F	34	143	0xCF2450	A
sm75	0x2348FB0	8848	0x2290	34	144	0xCF1E40	A
sm75	0x2348FB0	8850	0x2292	34	146	0xCF47C0	A
sm75	0x2348FB0	8851	0x2293	34	147	0xCF4200	A
sm75	0x2348FB0	8853	0x2295	34	149	0xCF5910	A
sm75	0x2348FB0	8854	0x2296	34	150	0xCF5350	A
sm75	0x2348FB0	8864	0x22A0	34	160	0xCEEFD0	A
sm75	0x2348FB0	8865	0x22A1	34	161	0xCEE9C0	A
sm75	0x2348FB0	8867	0x22A3	34	163	0xCEDDF0	A
sm75	0x2348FB0	8868	0x22A4	34	164	0xCED7E0	A
sm75	0x2348FB0	8870	0x22A6	34	166	0xCF0160	A
sm75	0x2348FB0	8871	0x22A7	34	167	0xCEFBA0	A
sm75	0x2348FB0	8873	0x22A9	34	169	0xCF12B0	A
sm75	0x2348FB0	8874	0x22AA	34	170	0xCF0CF0	A
sm75	0x2348FB0	8966	0x2306	35	6	0xDCDFE0	A
sm75	0x2348FB0	8977	0x2311	35	17	0xDD48F0	A
sm75	0x2348FB0	8980	0x2314	35	20	0xDD5D50	A
sm75	0x2348FB0	8980	0x2314	35	20	0xE52B90	A
sm75	0x2348FB0	8981	0x2315	35	21	0xE4C150	A
sm75	0x2348FB0	8985	0x2319	35	25	0xE4E4D0	A
sm75	0x2348FB0	8986	0x231A	35	26	0xE4BA20	A
sm75	0x2348FB0	8988	0x231C	35	28	0xD1FFC0	A
sm75	0x2348FB0	8989	0x231D	35	29	0xD195E0	A
sm75	0x2348FB0	8993	0x2321	35	33	0xD1B910	A
sm75	0x2348FB0	8994	0x2322	35	34	0xD18EB0	A
sm75	0x2348FB0	9474	0x2502	37	2	0xE85F90	A
sm75	0x2348FB0	9475	0x2503	37	3	0xE83CA0	A
sm75	0x2348FB0	9753	0x2619	38	25	0xCC6A50	A
sm100	0x236E160	1	0x0001	0	1	0xE23DF0	A
sm100	0x236E160	2	0x0002	0	2	0xCD0890	A
sm100	0x236E160	4	0x0004	0	4	0xE2E7C0	A
sm100	0x236E160	6	0x0006	0	6	0xE350F0	A
sm100	0x236E160	8	0x0008	0	8	0xE33B80	A
sm100	0x236E160	10	0x000A	0	10	0xE35630	A
sm100	0x236E160	12	0x000C	0	12	0xE340A0	A
sm100	0x236E160	14	0x000E	0	14	0xE30A00	A
sm100	0x236E160	512	0x0200	2	0	0x14960E0	A
sm100	0x236E160	512	0x0200	2	0	0x14CC4B0	A
sm100	0x236E160	512	0x0200	2	0	0x14F9AB0	B
sm100	0x236E160	512	0x0200	2	0	0x1510AB0	A
sm100	0x236E160	512	0x0200	2	0	0x1518A30	A
sm100	0x236E160	512	0x0200	2	0	0x1519B90	B
sm100	0x236E160	512	0x0200	2	0	0xCB54F0	A
sm100	0x236E160	512	0x0200	2	0	0xD0AA50	A
sm100	0x236E160	512	0x0200	2	0	0xE3F3D0	A
sm100	0x236E160	512	0x0200	2	0	0xE7CB30	B
sm100	0x236E160	512	0x0200	2	0	0xE7CFA0	B
sm100	0x236E160	512	0x0200	2	0	0xE7DE90	B
sm100	0x236E160	513	0x0201	2	1	0x14D38B0	A
sm100	0x236E160	513	0x0201	2	1	0x14F0550	A
sm100	0x236E160	513	0x0201	2	1	0x151FF00	A
sm100	0x236E160	513	0x0201	2	1	0x1769230	A
sm100	0x236E160	513	0x0201	2	1	0xD0A4E0	A
sm100	0x236E160	513	0x0201	2	1	0xD0B530	A
sm100	0x236E160	513	0x0201	2	1	0xDCB560	A
sm100	0x236E160	513	0x0201	2	1	0xDF05D0	A
sm100	0x236E160	513	0x0201	2	1	0xE44A20	A
sm100	0x236E160	513	0x0201	2	1	0xE6F740	A
sm100	0x236E160	514	0x0202	2	2	0x15195A0	A
sm100	0x236E160	514	0x0202	2	2	0x151A6F0	B
sm100	0x236E160	514	0x0202	2	2	0x151F9B0	A
sm100	0x236E160	514	0x0202	2	2	0x176D420	A
sm100	0x236E160	514	0x0202	2	2	0xC7B6B0	A
sm100	0x236E160	514	0x0202	2	2	0xC7D190	A
sm100	0x236E160	514	0x0202	2	2	0xD0AFC0	A
sm100	0x236E160	514	0x0202	2	2	0xDB5030	A
sm100	0x236E160	514	0x0202	2	2	0xDE1A00	A
sm100	0x236E160	514	0x0202	2	2	0xDEFFB0	A
sm100	0x236E160	514	0x0202	2	2	0xE453E0	A
sm100	0x236E160	514	0x0202	2	2	0xE6F290	A
sm100	0x236E160	515	0x0203	2	3	0x14D3E20	A
sm100	0x236E160	515	0x0203	2	3	0x1769740	A
sm100	0x236E160	515	0x0203	2	3	0xD09F70	A
sm100	0x236E160	515	0x0203	2	3	0xD69950	A
sm100	0x236E160	515	0x0203	2	3	0xD84DF0	A
sm100	0x236E160	515	0x0203	2	3	0xDCA620	A
sm100	0x236E160	515	0x0203	2	3	0xDF0BD0	A
sm100	0x236E160	516	0x0204	2	4	0x14D4970	A
sm100	0x236E160	516	0x0204	2	4	0x1519020	B
sm100	0x236E160	516	0x0204	2	4	0x151A100	A
sm100	0x236E160	516	0x0204	2	4	0x1769CB0	A
sm100	0x236E160	516	0x0204	2	4	0x176D9F0	A
sm100	0x236E160	516	0x0204	2	4	0xC7A6C0	A
sm100	0x236E160	516	0x0204	2	4	0xC7C1A0	A
sm100	0x236E160	516	0x0204	2	4	0xC81C00	A
sm100	0x236E160	516	0x0204	2	4	0xDAD530	A
sm100	0x236E160	516	0x0204	2	4	0xDB45B0	A
sm100	0x236E160	516	0x0204	2	4	0xE1EBD0	A
sm100	0x236E160	516	0x0204	2	4	0xE705A0	A
sm100	0x236E160	517	0x0205	2	5	0xD6A5B0	A
sm100	0x236E160	517	0x0205	2	5	0xD85A50	A
sm100	0x236E160	517	0x0205	2	5	0xDA7C50	A
sm100	0x236E160	517	0x0205	2	5	0xDE3BD0	A
sm100	0x236E160	517	0x0205	2	5	0xDEEAA0	A
sm100	0x236E160	517	0x0205	2	5	0xE700F0	A
sm100	0x236E160	518	0x0206	2	6	0x14D4EE0	A
sm100	0x236E160	518	0x0206	2	6	0x17687B0	A
sm100	0x236E160	518	0x0206	2	6	0xC70270	A
sm100	0x236E160	518	0x0206	2	6	0xDB5FC0	A
sm100	0x236E160	519	0x0207	2	7	0x14D27F0	A
sm100	0x236E160	519	0x0207	2	7	0xDA4D90	A
sm100	0x236E160	519	0x0207	2	7	0xDE3600	A
sm100	0x236E160	519	0x0207	2	7	0xDEFA40	A
sm100	0x236E160	520	0x0208	2	8	0x1767D30	A
sm100	0x236E160	520	0x0208	2	8	0xC85510	A
sm100	0x236E160	520	0x0208	2	8	0xDB0E40	A
sm100	0x236E160	520	0x0208	2	8	0xDEF520	A
sm100	0x236E160	520	0x0208	2	8	0xE224E0	A
sm100	0x236E160	521	0x0209	2	9	0xDA76B0	A
sm100	0x236E160	522	0x020A	2	10	0x14B12C0	A
sm100	0x236E160	524	0x020C	2	12	0x14B2250	A
sm100	0x236E160	526	0x020E	2	14	0x14B27C0	A
sm100	0x236E160	528	0x0210	2	16	0xD595C0	A
sm100	0x236E160	530	0x0212	2	18	0xCA5700	A
sm100	0x236E160	530	0x0212	2	18	0xD4F0B0	A
sm100	0x236E160	532	0x0214	2	20	0xC842F0	A
sm100	0x236E160	532	0x0214	2	20	0xCA8820	A
sm100	0x236E160	532	0x0214	2	20	0xD4FB60	A
sm100	0x236E160	532	0x0214	2	20	0xDAFC20	A
sm100	0x236E160	532	0x0214	2	20	0xE212C0	A
sm100	0x236E160	533	0x0215	2	21	0xC82720	A
sm100	0x236E160	533	0x0215	2	21	0xDAE050	A
sm100	0x236E160	533	0x0215	2	21	0xE1F6F0	A
sm100	0x236E160	534	0x0216	2	22	0xC821C0	A
sm100	0x236E160	534	0x0216	2	22	0xDADAF0	A
sm100	0x236E160	534	0x0216	2	22	0xE1F190	A
sm100	0x236E160	535	0x0217	2	23	0xD59050	A
sm100	0x236E160	535	0x0217	2	23	0xD979A0	A
sm100	0x236E160	537	0x0219	2	25	0xD96F30	A
sm100	0x236E160	539	0x021B	2	27	0xD98900	A
sm100	0x236E160	540	0x021C	2	28	0x149FC20	A
sm100	0x236E160	542	0x021E	2	30	0xCAAD00	A
sm100	0x236E160	542	0x021E	2	30	0xD89210	A
sm100	0x236E160	543	0x021F	2	31	0x14A65C0	A
sm100	0x236E160	544	0x0220	2	32	0x147E1D0	A
sm100	0x236E160	544	0x0220	2	32	0xCA8220	A
sm100	0x236E160	546	0x0222	2	34	0x149CA40	A
sm100	0x236E160	546	0x0222	2	34	0xC6ED10	A
sm100	0x236E160	548	0x0224	2	36	0xC6F7C0	A
sm100	0x236E160	550	0x0226	2	38	0x149DA90	A
sm100	0x236E160	550	0x0226	2	38	0xDDA430	A
sm100	0x236E160	552	0x0228	2	40	0x1479160	A
sm100	0x236E160	552	0x0228	2	40	0xDDC650	A
sm100	0x236E160	554	0x022A	2	42	0x1478620	A
sm100	0x236E160	554	0x022A	2	42	0xDDE350	A
sm100	0x236E160	574	0x023E	2	62	0x14AB020	A
sm100	0x236E160	576	0x0240	2	64	0x14AD240	A
sm100	0x236E160	578	0x0242	2	66	0x14AEF40	A
sm100	0x236E160	768	0x0300	3	0	0xE26F00	A
sm100	0x236E160	769	0x0301	3	1	0x14BE950	A
sm100	0x236E160	769	0x0301	3	1	0x14DC9D0	A
sm100	0x236E160	769	0x0301	3	1	0x14E0E70	A
sm100	0x236E160	769	0x0301	3	1	0x14F3060	A
sm100	0x236E160	769	0x0301	3	1	0x15171E0	A
sm100	0x236E160	769	0x0301	3	1	0x15195A0	B
sm100	0x236E160	769	0x0301	3	1	0x1519B90	A
sm100	0x236E160	769	0x0301	3	1	0x176CEB0	A
sm100	0x236E160	769	0x0301	3	1	0x1771230	A
sm100	0x236E160	769	0x0301	3	1	0x1798970	A
sm100	0x236E160	769	0x0301	3	1	0xC7AC30	A
sm100	0x236E160	769	0x0301	3	1	0xC7C710	A
sm100	0x236E160	769	0x0301	3	1	0xC92210	A
sm100	0x236E160	769	0x0301	3	1	0xCB05C0	A
sm100	0x236E160	769	0x0301	3	1	0xCB1FC0	A
sm100	0x236E160	769	0x0301	3	1	0xD07240	A
sm100	0x236E160	769	0x0301	3	1	0xD224D0	A
sm100	0x236E160	769	0x0301	3	1	0xD32C30	A
sm100	0x236E160	769	0x0301	3	1	0xD38E20	A
sm100	0x236E160	769	0x0301	3	1	0xD43D10	A
sm100	0x236E160	769	0x0301	3	1	0xD67AA0	A
sm100	0x236E160	769	0x0301	3	1	0xD82F40	A
sm100	0x236E160	769	0x0301	3	1	0xDA58A0	A
sm100	0x236E160	769	0x0301	3	1	0xDB40A0	A
sm100	0x236E160	769	0x0301	3	1	0xDC8C70	A
sm100	0x236E160	769	0x0301	3	1	0xDDFAF0	A
sm100	0x236E160	769	0x0301	3	1	0xDE1490	A
sm100	0x236E160	769	0x0301	3	1	0xDE8840	A
sm100	0x236E160	769	0x0301	3	1	0xDEAB30	A
sm100	0x236E160	769	0x0301	3	1	0xE0A930	A
sm100	0x236E160	769	0x0301	3	1	0xE65180	A
sm100	0x236E160	769	0x0301	3	1	0xE683A0	A
sm100	0x236E160	769	0x0301	3	1	0xE69E80	A
sm100	0x236E160	769	0x0301	3	1	0xE75D40	A
sm100	0x236E160	770	0x0302	3	2	0x14BE3D0	A
sm100	0x236E160	770	0x0302	3	2	0x14D4400	A
sm100	0x236E160	770	0x0302	3	2	0x14DB370	A
sm100	0x236E160	770	0x0302	3	2	0x14E08F0	A
sm100	0x236E160	770	0x0302	3	2	0x14F2B00	A
sm100	0x236E160	770	0x0302	3	2	0x151F440	A
sm100	0x236E160	770	0x0302	3	2	0x1736520	A
sm100	0x236E160	770	0x0302	3	2	0x176A1C0	A
sm100	0x236E160	770	0x0302	3	2	0x1770B90	A
sm100	0x236E160	770	0x0302	3	2	0x1771810	A
sm100	0x236E160	770	0x0302	3	2	0xC810C0	A
sm100	0x236E160	770	0x0302	3	2	0xC8CDD0	A
sm100	0x236E160	770	0x0302	3	2	0xD22F20	A
sm100	0x236E160	770	0x0302	3	2	0xD3A0A0	A
sm100	0x236E160	770	0x0302	3	2	0xD57F70	A
sm100	0x236E160	770	0x0302	3	2	0xDAC9F0	A
sm100	0x236E160	770	0x0302	3	2	0xDE8D10	A
sm100	0x236E160	770	0x0302	3	2	0xE1E090	A
sm100	0x236E160	770	0x0302	3	2	0xE64C00	A
sm100	0x236E160	770	0x0302	3	2	0xE688F0	A
sm100	0x236E160	770	0x0302	3	2	0xE69960	A
sm100	0x236E160	771	0x0303	3	3	0x14BF4C0	A
sm100	0x236E160	771	0x0303	3	3	0x14D9C70	A
sm100	0x236E160	771	0x0303	3	3	0x14DD030	A
sm100	0x236E160	771	0x0303	3	3	0x14E0350	A
sm100	0x236E160	771	0x0303	3	3	0x14F35C0	A
sm100	0x236E160	771	0x0303	3	3	0x1517EB0	A
sm100	0x236E160	771	0x0303	3	3	0x151A100	B
sm100	0x236E160	771	0x0303	3	3	0x151A6F0	A
sm100	0x236E160	771	0x0303	3	3	0x17347D0	A
sm100	0x236E160	771	0x0303	3	3	0x1735F90	A
sm100	0x236E160	771	0x0303	3	3	0x17551D0	A
sm100	0x236E160	771	0x0303	3	3	0x176DFD0	A
sm100	0x236E160	771	0x0303	3	3	0x1787EF0	A
sm100	0x236E160	771	0x0303	3	3	0xC7BC60	A
sm100	0x236E160	771	0x0303	3	3	0xC7D740	A
sm100	0x236E160	771	0x0303	3	3	0xC7F8C0	A
sm100	0x236E160	771	0x0303	3	3	0xC8D3D0	A
sm100	0x236E160	771	0x0303	3	3	0xCB1030	A
sm100	0x236E160	771	0x0303	3	3	0xCB2A10	A
sm100	0x236E160	771	0x0303	3	3	0xD07730	A
sm100	0x236E160	771	0x0303	3	3	0xD0BFB0	A
sm100	0x236E160	771	0x0303	3	3	0xD447D0	A
sm100	0x236E160	771	0x0303	3	3	0xD601B0	A
sm100	0x236E160	771	0x0303	3	3	0xD68560	A
sm100	0x236E160	771	0x0303	3	3	0xD83A00	A
sm100	0x236E160	771	0x0303	3	3	0xDA62B0	A
sm100	0x236E160	771	0x0303	3	3	0xDAB1F0	A
sm100	0x236E160	771	0x0303	3	3	0xDB55A0	A
sm100	0x236E160	771	0x0303	3	3	0xDC26E0	A
sm100	0x236E160	771	0x0303	3	3	0xDCA120	A
sm100	0x236E160	771	0x0303	3	3	0xDCCD10	A
sm100	0x236E160	771	0x0303	3	3	0xDE0540	A
sm100	0x236E160	771	0x0303	3	3	0xDE25B0	A
sm100	0x236E160	771	0x0303	3	3	0xDEB580	A
sm100	0x236E160	771	0x0303	3	3	0xDF91B0	A
sm100	0x236E160	771	0x0303	3	3	0xE01F30	A
sm100	0x236E160	771	0x0303	3	3	0xE0BEA0	A
sm100	0x236E160	771	0x0303	3	3	0xE1C890	A
sm100	0x236E160	771	0x0303	3	3	0xE65700	A
sm100	0x236E160	771	0x0303	3	3	0xE693B0	A
sm100	0x236E160	772	0x0304	3	4	0x14BFA70	A
sm100	0x236E160	772	0x0304	3	4	0x14DB950	A
sm100	0x236E160	772	0x0304	3	4	0x14E1F50	A
sm100	0x236E160	772	0x0304	3	4	0x1752E50	A
sm100	0x236E160	772	0x0304	3	4	0x17893D0	A
sm100	0x236E160	772	0x0304	3	4	0xC92800	A
sm100	0x236E160	772	0x0304	3	4	0xD0CA50	A
sm100	0x236E160	772	0x0304	3	4	0xD27720	A
sm100	0x236E160	772	0x0304	3	4	0xD39440	A
sm100	0x236E160	772	0x0304	3	4	0xD61830	A
sm100	0x236E160	772	0x0304	3	4	0xD6A0A0	A
sm100	0x236E160	772	0x0304	3	4	0xD85540	A
sm100	0x236E160	772	0x0304	3	4	0xD90630	A
sm100	0x236E160	772	0x0304	3	4	0xDC36B0	A
sm100	0x236E160	772	0x0304	3	4	0xDE1FD0	A
sm100	0x236E160	772	0x0304	3	4	0xDE9230	A
sm100	0x236E160	772	0x0304	3	4	0xDEE590	A
sm100	0x236E160	773	0x0305	3	5	0x14C05B0	A
sm100	0x236E160	773	0x0305	3	5	0x14D54C0	A
sm100	0x236E160	773	0x0305	3	5	0x14DD600	A
sm100	0x236E160	773	0x0305	3	5	0x14E19C0	A
sm100	0x236E160	773	0x0305	3	5	0x1518A30	B
sm100	0x236E160	773	0x0305	3	5	0x1519020	A
sm100	0x236E160	773	0x0305	3	5	0x1767820	A
sm100	0x236E160	773	0x0305	3	5	0xC77860	A
sm100	0x236E160	773	0x0305	3	5	0xD30F80	A
sm100	0x236E160	773	0x0305	3	5	0xD3B950	A
sm100	0x236E160	773	0x0305	3	5	0xD8DDA0	A
sm100	0x236E160	773	0x0305	3	5	0xDB4B20	A
sm100	0x236E160	773	0x0305	3	5	0xDEA0F0	A
sm100	0x236E160	774	0x0306	3	6	0x14C0020	A
sm100	0x236E160	774	0x0306	3	6	0x14DBEA0	A
sm100	0x236E160	774	0x0306	3	6	0x176BDA0	A
sm100	0x236E160	774	0x0306	3	6	0xC81660	A
sm100	0x236E160	774	0x0306	3	6	0xC8E030	A
sm100	0x236E160	774	0x0306	3	6	0xCDC6D0	A
sm100	0x236E160	774	0x0306	3	6	0xD314F0	A
sm100	0x236E160	774	0x0306	3	6	0xD42B80	A
sm100	0x236E160	774	0x0306	3	6	0xD53240	A
sm100	0x236E160	774	0x0306	3	6	0xD63D00	A
sm100	0x236E160	774	0x0306	3	6	0xD6AB20	A
sm100	0x236E160	774	0x0306	3	6	0xD7F1A0	A
sm100	0x236E160	774	0x0306	3	6	0xD85FC0	A
sm100	0x236E160	774	0x0306	3	6	0xDA4820	A
sm100	0x236E160	774	0x0306	3	6	0xDACF90	A
sm100	0x236E160	774	0x0306	3	6	0xDE2B20	A
sm100	0x236E160	774	0x0306	3	6	0xDEF010	A
sm100	0x236E160	774	0x0306	3	6	0xE0C8F0	A
sm100	0x236E160	774	0x0306	3	6	0xE1E630	A
sm100	0x236E160	775	0x0307	3	7	0x14C1130	A
sm100	0x236E160	775	0x0307	3	7	0x14DDC60	A
sm100	0x236E160	775	0x0307	3	7	0x1768D20	A
sm100	0x236E160	775	0x0307	3	7	0x176C2D0	A
sm100	0x236E160	775	0x0307	3	7	0xC6FD20	A
sm100	0x236E160	775	0x0307	3	7	0xC77EF0	A
sm100	0x236E160	775	0x0307	3	7	0xC83D90	A
sm100	0x236E160	775	0x0307	3	7	0xC90A40	A
sm100	0x236E160	775	0x0307	3	7	0xD30A00	A
sm100	0x236E160	775	0x0307	3	7	0xDAF6C0	A
sm100	0x236E160	775	0x0307	3	7	0xE0D3F0	A
sm100	0x236E160	775	0x0307	3	7	0xE20D60	A
sm100	0x236E160	776	0x0308	3	8	0x14C0B70	A
sm100	0x236E160	776	0x0308	3	8	0x14D3340	A
sm100	0x236E160	776	0x0308	3	8	0x1753460	A
sm100	0x236E160	776	0x0308	3	8	0xC91610	A
sm100	0x236E160	776	0x0308	3	8	0xD3D730	A
sm100	0x236E160	776	0x0308	3	8	0xD43750	A
sm100	0x236E160	776	0x0308	3	8	0xD5FCB0	A
sm100	0x236E160	776	0x0308	3	8	0xD90AE0	A
sm100	0x236E160	776	0x0308	3	8	0xDA5330	A
sm100	0x236E160	777	0x0309	3	9	0x14C1CF0	A
sm100	0x236E160	777	0x0309	3	9	0xD537B0	A
sm100	0x236E160	777	0x0309	3	9	0xD60C90	A
sm100	0x236E160	777	0x0309	3	9	0xD8E860	A
sm100	0x236E160	778	0x030A	3	10	0x14C1730	A
sm100	0x236E160	778	0x030A	3	10	0x17563B0	A
sm100	0x236E160	778	0x030A	3	10	0xC74FC0	A
sm100	0x236E160	778	0x030A	3	10	0xC91C00	A
sm100	0x236E160	778	0x030A	3	10	0xD3DD70	A
sm100	0x236E160	779	0x030B	3	11	0x14A71B0	A
sm100	0x236E160	779	0x030B	3	11	0x1788450	A
sm100	0x236E160	779	0x030B	3	11	0xC8A320	A
sm100	0x236E160	779	0x030B	3	11	0xD54F70	A
sm100	0x236E160	779	0x030B	3	11	0xDC2BE0	A
sm100	0x236E160	780	0x030C	3	12	0x1789990	A
sm100	0x236E160	780	0x030C	3	12	0xC75580	A
sm100	0x236E160	780	0x030C	3	12	0xC7FE20	A
sm100	0x236E160	780	0x030C	3	12	0xC8BB80	A
sm100	0x236E160	780	0x030C	3	12	0xDAB750	A
sm100	0x236E160	780	0x030C	3	12	0xDC4230	A
sm100	0x236E160	780	0x030C	3	12	0xDE51D0	A
sm100	0x236E160	780	0x030C	3	12	0xE1CDF0	A
sm100	0x236E160	781	0x030D	3	13	0x14B1D30	A
sm100	0x236E160	781	0x030D	3	13	0x1756FC0	A
sm100	0x236E160	781	0x030D	3	13	0xC7E840	A
sm100	0x236E160	781	0x030D	3	13	0xD348B0	A
sm100	0x236E160	781	0x030D	3	13	0xD543B0	A
sm100	0x236E160	781	0x030D	3	13	0xDAA170	A
sm100	0x236E160	781	0x030D	3	13	0xDE5D70	A
sm100	0x236E160	781	0x030D	3	13	0xE1B810	A
sm100	0x236E160	782	0x030E	3	14	0xCA2430	A
sm100	0x236E160	782	0x030E	3	14	0xD359B0	A
sm100	0x236E160	782	0x030E	3	14	0xD59B90	A
sm100	0x236E160	782	0x030E	3	14	0xDD2440	A
sm100	0x236E160	783	0x030F	3	15	0xDFAF60	A
sm100	0x236E160	784	0x0310	3	16	0xC80450	A
sm100	0x236E160	784	0x0310	3	16	0xCA3FA0	A
sm100	0x236E160	784	0x0310	3	16	0xD34E50	A
sm100	0x236E160	784	0x0310	3	16	0xD66B50	A
sm100	0x236E160	784	0x0310	3	16	0xD81FF0	A
sm100	0x236E160	784	0x0310	3	16	0xD94B80	A
sm100	0x236E160	784	0x0310	3	16	0xDABD80	A
sm100	0x236E160	784	0x0310	3	16	0xDE6F20	A
sm100	0x236E160	784	0x0310	3	16	0xDFF1B0	A
sm100	0x236E160	784	0x0310	3	16	0xE1D420	A
sm100	0x236E160	785	0x0311	3	17	0xC837B0	A
sm100	0x236E160	785	0x0311	3	17	0xD37060	A
sm100	0x236E160	785	0x0311	3	17	0xD4F620	A
sm100	0x236E160	785	0x0311	3	17	0xDAF0E0	A
sm100	0x236E160	785	0x0311	3	17	0xDE6930	A
sm100	0x236E160	785	0x0311	3	17	0xDFF780	A
sm100	0x236E160	785	0x0311	3	17	0xE20780	A
sm100	0x236E160	786	0x0312	3	18	0xD675A0	A
sm100	0x236E160	786	0x0312	3	18	0xD82A40	A
sm100	0x236E160	786	0x0312	3	18	0xD88630	A
sm100	0x236E160	786	0x0312	3	18	0xDFEC00	A
sm100	0x236E160	787	0x0313	3	19	0x178B570	A
sm100	0x236E160	787	0x0313	3	19	0xD2A310	A
sm100	0x236E160	787	0x0313	3	19	0xD50650	A
sm100	0x236E160	787	0x0313	3	19	0xD95AD0	A
sm100	0x236E160	787	0x0313	3	19	0xDF3B00	A
sm100	0x236E160	788	0x0314	3	20	0x1498AD0	A
sm100	0x236E160	788	0x0314	3	20	0x149AE10	A
sm100	0x236E160	788	0x0314	3	20	0xD2E8B0	A
sm100	0x236E160	788	0x0314	3	20	0xD3C5E0	A
sm100	0x236E160	788	0x0314	3	20	0xDF4690	A
sm100	0x236E160	789	0x0315	3	21	0x178D190	A
sm100	0x236E160	789	0x0315	3	21	0xD2EE90	A
sm100	0x236E160	789	0x0315	3	21	0xD50110	A
sm100	0x236E160	789	0x0315	3	21	0xD96520	A
sm100	0x236E160	790	0x0316	3	22	0x147BAC0	A
sm100	0x236E160	790	0x0316	3	22	0x1497E60	A
sm100	0x236E160	790	0x0316	3	22	0x149A1A0	A
sm100	0x236E160	790	0x0316	3	22	0xD2E310	A
sm100	0x236E160	790	0x0316	3	22	0xD3CBA0	A
sm100	0x236E160	790	0x0316	3	22	0xD58AA0	A
sm100	0x236E160	791	0x0317	3	23	0x1743330	A
sm100	0x236E160	791	0x0317	3	23	0xD23450	A
sm100	0x236E160	791	0x0317	3	23	0xDF85A0	A
sm100	0x236E160	792	0x0318	3	24	0xD24070	A
sm100	0x236E160	792	0x0318	3	24	0xD96A20	A
sm100	0x236E160	792	0x0318	3	24	0xDD7890	A
sm100	0x236E160	792	0x0318	3	24	0xDF7430	A
sm100	0x236E160	793	0x0319	3	25	0x1785FF0	A
sm100	0x236E160	793	0x0319	3	25	0xC707D0	A
sm100	0x236E160	793	0x0319	3	25	0xD37BF0	A
sm100	0x236E160	793	0x0319	3	25	0xDF7FC0	A
sm100	0x236E160	794	0x031A	3	26	0x149F090	A
sm100	0x236E160	794	0x031A	3	26	0x178AFC0	A
sm100	0x236E160	794	0x031A	3	26	0xCAB9D0	A
sm100	0x236E160	794	0x031A	3	26	0xD26A50	A
sm100	0x236E160	794	0x031A	3	26	0xD56760	A
sm100	0x236E160	794	0x031A	3	26	0xD97490	A
sm100	0x236E160	794	0x031A	3	26	0xDD8400	A
sm100	0x236E160	794	0x031A	3	26	0xDF79E0	A
sm100	0x236E160	795	0x031B	3	27	0x178BA70	A
sm100	0x236E160	795	0x031B	3	27	0xC70DB0	A
sm100	0x236E160	795	0x031B	3	27	0xD38200	A
sm100	0x236E160	796	0x031C	3	28	0x178CBE0	A
sm100	0x236E160	796	0x031C	3	28	0xCA7B80	A
sm100	0x236E160	796	0x031C	3	28	0xD32600	A
sm100	0x236E160	796	0x031C	3	28	0xD56170	A
sm100	0x236E160	796	0x031C	3	28	0xE01910	A
sm100	0x236E160	797	0x031D	3	29	0xD2F410	A
sm100	0x236E160	797	0x031D	3	29	0xD88D00	A
sm100	0x236E160	797	0x031D	3	29	0xDDAE70	A
sm100	0x236E160	797	0x031D	3	29	0xDFFD00	A
sm100	0x236E160	798	0x031E	3	30	0x147D680	A
sm100	0x236E160	798	0x031E	3	30	0x14A5460	A
sm100	0x236E160	798	0x031E	3	30	0xCC5B50	A
sm100	0x236E160	798	0x031E	3	30	0xD337F0	A
sm100	0x236E160	798	0x031E	3	30	0xE00D80	A
sm100	0x236E160	799	0x031F	3	31	0xCC3C70	A
sm100	0x236E160	799	0x031F	3	31	0xD747B0	A
sm100	0x236E160	799	0x031F	3	31	0xDDBAE0	A
sm100	0x236E160	799	0x031F	3	31	0xDF4C70	A
sm100	0x236E160	800	0x0320	3	32	0x149BEC0	A
sm100	0x236E160	800	0x0320	3	32	0xD33D80	A
sm100	0x236E160	800	0x0320	3	32	0xD51C30	A
sm100	0x236E160	800	0x0320	3	32	0xDF5800	A
sm100	0x236E160	801	0x0321	3	33	0xC6E270	A
sm100	0x236E160	801	0x0321	3	33	0xD24CD0	A
sm100	0x236E160	801	0x0321	3	33	0xDF5220	A
sm100	0x236E160	802	0x0322	3	34	0xD29700	A
sm100	0x236E160	802	0x0322	3	34	0xD516C0	A
sm100	0x236E160	802	0x0322	3	34	0xDD8990	A
sm100	0x236E160	802	0x0322	3	34	0xDFA3C0	A
sm100	0x236E160	803	0x0323	3	35	0xC6E7C0	A
sm100	0x236E160	803	0x0323	3	35	0xD2BC60	A
sm100	0x236E160	803	0x0323	3	35	0xDFC770	A
sm100	0x236E160	804	0x0324	3	36	0x149CFE0	A
sm100	0x236E160	804	0x0324	3	36	0xD2A9A0	A
sm100	0x236E160	804	0x0324	3	36	0xD5A7B0	A
sm100	0x236E160	804	0x0324	3	36	0xDD93D0	A
sm100	0x236E160	804	0x0324	3	36	0xDFB580	A
sm100	0x236E160	805	0x0325	3	37	0x149E070	A
sm100	0x236E160	805	0x0325	3	37	0xD2F960	A
sm100	0x236E160	805	0x0325	3	37	0xE00250	A
sm100	0x236E160	806	0x0326	3	38	0x1496C10	A
sm100	0x236E160	806	0x0326	3	38	0xCAB3B0	A
sm100	0x236E160	806	0x0326	3	38	0xD32020	A
sm100	0x236E160	806	0x0326	3	38	0xE01330	A
sm100	0x236E160	807	0x0327	3	39	0xD25990	A
sm100	0x236E160	807	0x0327	3	39	0xDDC0F0	A
sm100	0x236E160	807	0x0327	3	39	0xDF5DE0	A
sm100	0x236E160	808	0x0328	3	40	0xCA74E0	A
sm100	0x236E160	808	0x0328	3	40	0xD264B0	A
sm100	0x236E160	808	0x0328	3	40	0xDF68A0	A
sm100	0x236E160	809	0x0329	3	41	0x177C850	A
sm100	0x236E160	809	0x0329	3	41	0xD25F10	A
sm100	0x236E160	809	0x0329	3	41	0xDDCC20	A
sm100	0x236E160	810	0x032A	3	42	0xC953B0	A
sm100	0x236E160	811	0x032B	3	43	0x14780D0	A
sm100	0x236E160	811	0x032B	3	43	0xC8E6B0	A
sm100	0x236E160	812	0x032C	3	44	0xC8F280	A
sm100	0x236E160	813	0x032D	3	45	0x14AFB70	A
sm100	0x236E160	814	0x032E	3	46	0x147A960	A
sm100	0x236E160	814	0x032E	3	46	0xC8F870	A
sm100	0x236E160	815	0x032F	3	47	0x1784640	A
sm100	0x236E160	815	0x032F	3	47	0xC86030	A
sm100	0x236E160	815	0x032F	3	47	0xD78050	A
sm100	0x236E160	816	0x0330	3	48	0x147B550	A
sm100	0x236E160	816	0x0330	3	48	0xC86C00	A
sm100	0x236E160	816	0x0330	3	48	0xCF8EF0	A
sm100	0x236E160	817	0x0331	3	49	0x1761420	A
sm100	0x236E160	818	0x0332	3	50	0xCA0FC0	A
sm100	0x236E160	820	0x0334	3	52	0xCA39C0	A
sm100	0x236E160	821	0x0335	3	53	0xC89D10	A
sm100	0x236E160	822	0x0336	3	54	0xC90460	A
sm100	0x236E160	823	0x0337	3	55	0x1744350	A
sm100	0x236E160	823	0x0337	3	55	0xC8FE80	A
sm100	0x236E160	824	0x0338	3	56	0xC877D0	A
sm100	0x236E160	826	0x033A	3	58	0xCAEAF0	A
sm100	0x236E160	826	0x033A	3	58	0xCE41C0	A
sm100	0x236E160	828	0x033C	3	60	0xC9E120	A
sm100	0x236E160	830	0x033E	3	62	0xCACF40	A
sm100	0x236E160	831	0x033F	3	63	0xC9E750	A
sm100	0x236E160	832	0x0340	3	64	0x1737710	A
sm100	0x236E160	835	0x0343	3	67	0xC9F960	A
sm100	0x236E160	836	0x0344	3	68	0xC9C9D0	A
sm100	0x236E160	838	0x0346	3	70	0xC9FF90	A
sm100	0x236E160	846	0x034E	3	78	0xD00340	A
sm100	0x236E160	847	0x034F	3	79	0xD00E10	A
sm100	0x236E160	854	0x0356	3	86	0xCDD870	A
sm100	0x236E160	872	0x0368	3	104	0xCEC820	A
sm100	0x236E160	875	0x036B	3	107	0xCDFF90	A
sm100	0x236E160	877	0x036D	3	109	0x174CD60	A
sm100	0x236E160	894	0x037E	3	126	0x1481FF0	A
sm100	0x236E160	899	0x0383	3	131	0xD02300	A
sm100	0x236E160	902	0x0386	3	134	0xD05600	A
sm100	0x236E160	905	0x0389	3	137	0xD04470	A
sm100	0x236E160	913	0x0391	3	145	0xCF2A10	A
sm100	0x236E160	919	0x0397	3	151	0xCF5EE0	A
sm100	0x236E160	921	0x0399	3	153	0xCF64A0	A
sm100	0x236E160	925	0x039D	3	157	0xD032E0	A
sm100	0x236E160	933	0x03A5	3	165	0xCEE3B0	A
sm100	0x236E160	952	0x03B8	3	184	0x1742DD0	A
sm100	0x236E160	953	0x03B9	3	185	0x1484320	A
sm100	0x236E160	955	0x03BB	3	187	0x1483D30	A
sm100	0x236E160	975	0x03CF	3	207	0x148D660	A
sm100	0x236E160	977	0x03D1	3	209	0x14808F0	A
sm100	0x236E160	986	0x03DA	3	218	0x148F740	A
sm100	0x236E160	987	0x03DB	3	219	0x1490220	A
sm100	0x236E160	993	0x03E1	3	225	0x1485FE0	A
sm100	0x236E160	994	0x03E2	3	226	0x14878E0	A
sm100	0x236E160	998	0x03E6	3	230	0x1490D20	A
sm100	0x236E160	1000	0x03E8	3	232	0x14917B0	A
sm100	0x236E160	1002	0x03EA	3	234	0x1493A90	A
sm100	0x236E160	1004	0x03EC	3	236	0x1492EC0	A
sm100	0x236E160	1005	0x03ED	3	237	0x148C410	A
sm100	0x236E160	1007	0x03EF	3	239	0x148BDF0	A
sm100	0x236E160	1013	0x03F5	3	245	0x1489AC0	A
sm100	0x236E160	1015	0x03F7	3	247	0x148A690	A
sm100	0x236E160	1280	0x0500	5	0	0x1484960	A
sm100	0x236E160	1280	0x0500	5	0	0x1499130	A
sm100	0x236E160	1280	0x0500	5	0	0x149E5E0	A
sm100	0x236E160	1280	0x0500	5	0	0x14A2CD0	A
sm100	0x236E160	1280	0x0500	5	0	0x14C2820	B
sm100	0x236E160	1280	0x0500	5	0	0x14DC480	A
sm100	0x236E160	1280	0x0500	5	0	0x14EB570	A
sm100	0x236E160	1280	0x0500	5	0	0x14F2340	A
sm100	0x236E160	1280	0x0500	5	0	0x1517830	A
sm100	0x236E160	1280	0x0500	5	0	0xC6A6C0	A
sm100	0x236E160	1280	0x0500	5	0	0xCB8890	A
sm100	0x236E160	1280	0x0500	5	0	0xCBFA60	A
sm100	0x236E160	1280	0x0500	5	0	0xD35F70	A
sm100	0x236E160	1280	0x0500	5	0	0xDA3A30	A
sm100	0x236E160	1280	0x0500	5	0	0xDC4D30	A
sm100	0x236E160	1280	0x0500	5	0	0xDE3090	A
sm100	0x236E160	1280	0x0500	5	0	0xDE7B90	A
sm100	0x236E160	1280	0x0500	5	0	0xE02510	A
sm100	0x236E160	1280	0x0500	5	0	0xE3C820	A
sm100	0x236E160	1280	0x0500	5	0	0xE5CF40	A
sm100	0x236E160	1280	0x0500	5	0	0xE79E20	A
sm100	0x236E160	1280	0x0500	5	0	0xE7DA00	B
sm100	0x236E160	1281	0x0501	5	1	0x14EECC0	A
sm100	0x236E160	1281	0x0501	5	1	0x14F4620	A
sm100	0x236E160	1281	0x0501	5	1	0x151E950	A
sm100	0x236E160	1281	0x0501	5	1	0x1739EF0	A
sm100	0x236E160	1281	0x0501	5	1	0x17850C0	A
sm100	0x236E160	1281	0x0501	5	1	0x178DB90	A
sm100	0x236E160	1281	0x0501	5	1	0xC6A200	A
sm100	0x236E160	1281	0x0501	5	1	0xCC0950	A
sm100	0x236E160	1281	0x0501	5	1	0xCC1280	A
sm100	0x236E160	1281	0x0501	5	1	0xCC1720	A
sm100	0x236E160	1281	0x0501	5	1	0xCC2BE0	A
sm100	0x236E160	1281	0x0501	5	1	0xCCEA80	A
sm100	0x236E160	1281	0x0501	5	1	0xCD0D60	A
sm100	0x236E160	1281	0x0501	5	1	0xD0DF80	A
sm100	0x236E160	1281	0x0501	5	1	0xD0F9C0	A
sm100	0x236E160	1281	0x0501	5	1	0xD11850	A
sm100	0x236E160	1281	0x0501	5	1	0xD22060	A
sm100	0x236E160	1281	0x0501	5	1	0xD41B80	A
sm100	0x236E160	1281	0x0501	5	1	0xD5CEA0	A
sm100	0x236E160	1281	0x0501	5	1	0xD8EDB0	A
sm100	0x236E160	1281	0x0501	5	1	0xDA3F40	A
sm100	0x236E160	1281	0x0501	5	1	0xDB8490	A
sm100	0x236E160	1281	0x0501	5	1	0xDC7C70	A
sm100	0x236E160	1281	0x0501	5	1	0xDED500	A
sm100	0x236E160	1281	0x0501	5	1	0xDF2B00	A
sm100	0x236E160	1281	0x0501	5	1	0xE059E0	A
sm100	0x236E160	1281	0x0501	5	1	0xE0C3D0	A
sm100	0x236E160	1281	0x0501	5	1	0xE2D520	A
sm100	0x236E160	1281	0x0501	5	1	0xE31410	A
sm100	0x236E160	1281	0x0501	5	1	0xE37DF0	A
sm100	0x236E160	1281	0x0501	5	1	0xE3AE30	A
sm100	0x236E160	1281	0x0501	5	1	0xE42EE0	A
sm100	0x236E160	1281	0x0501	5	1	0xE44170	A
sm100	0x236E160	1281	0x0501	5	1	0xE47830	A
sm100	0x236E160	1281	0x0501	5	1	0xE6BDD0	A
sm100	0x236E160	1281	0x0501	5	1	0xE71A50	A
sm100	0x236E160	1281	0x0501	5	1	0xE73F10	A
sm100	0x236E160	1281	0x0501	5	1	0xE7C190	A
sm100	0x236E160	1281	0x0501	5	1	0xE7C680	B
sm100	0x236E160	1282	0x0502	5	2	0x14EE7E0	A
sm100	0x236E160	1282	0x0502	5	2	0x1739A50	A
sm100	0x236E160	1282	0x0502	5	2	0x173C1A0	A
sm100	0x236E160	1282	0x0502	5	2	0x17651F0	A
sm100	0x236E160	1282	0x0502	5	2	0x17768D0	A
sm100	0x236E160	1282	0x0502	5	2	0xC69D10	A
sm100	0x236E160	1282	0x0502	5	2	0xC72530	A
sm100	0x236E160	1282	0x0502	5	2	0xCB0AE0	A
sm100	0x236E160	1282	0x0502	5	2	0xCB24C0	A
sm100	0x236E160	1282	0x0502	5	2	0xCB6AC0	A
sm100	0x236E160	1282	0x0502	5	2	0xCBA2F0	A
sm100	0x236E160	1282	0x0502	5	2	0xCC3130	A
sm100	0x236E160	1282	0x0502	5	2	0xD07C30	A
sm100	0x236E160	1282	0x0502	5	2	0xD0E4A0	A
sm100	0x236E160	1282	0x0502	5	2	0xD0F400	A
sm100	0x236E160	1282	0x0502	5	2	0xD14990	A
sm100	0x236E160	1282	0x0502	5	2	0xD420A0	A
sm100	0x236E160	1282	0x0502	5	2	0xD5E360	A
sm100	0x236E160	1282	0x0502	5	2	0xD8CF40	A
sm100	0x236E160	1282	0x0502	5	2	0xDA5D90	A
sm100	0x236E160	1282	0x0502	5	2	0xDB2300	A
sm100	0x236E160	1282	0x0502	5	2	0xDB89B0	A
sm100	0x236E160	1282	0x0502	5	2	0xDC8190	A
sm100	0x236E160	1282	0x0502	5	2	0xDCBA70	A
sm100	0x236E160	1282	0x0502	5	2	0xDDFFF0	A
sm100	0x236E160	1282	0x0502	5	2	0xDEB030	A
sm100	0x236E160	1282	0x0502	5	2	0xDEDA50	A
sm100	0x236E160	1282	0x0502	5	2	0xDF3020	A
sm100	0x236E160	1282	0x0502	5	2	0xE05F00	A
sm100	0x236E160	1282	0x0502	5	2	0xE2DE70	A
sm100	0x236E160	1282	0x0502	5	2	0xE38750	A
sm100	0x236E160	1282	0x0502	5	2	0xE42A40	A
sm100	0x236E160	1282	0x0502	5	2	0xE43350	A
sm100	0x236E160	1282	0x0502	5	2	0xE71420	A
sm100	0x236E160	1282	0x0502	5	2	0xE739D0	A
sm100	0x236E160	1282	0x0502	5	2	0xE749D0	A
sm100	0x236E160	1282	0x0502	5	2	0xE75350	A
sm100	0x236E160	1282	0x0502	5	2	0xE7AEA0	B
sm100	0x236E160	1282	0x0502	5	2	0xE7C680	A
sm100	0x236E160	1283	0x0503	5	3	0x14EBA80	A
sm100	0x236E160	1283	0x0503	5	3	0x173A390	A
sm100	0x236E160	1283	0x0503	5	3	0x173D2E0	A
sm100	0x236E160	1283	0x0503	5	3	0x1776EA0	A
sm100	0x236E160	1283	0x0503	5	3	0xCAF5A0	A
sm100	0x236E160	1283	0x0503	5	3	0xCBB780	A
sm100	0x236E160	1283	0x0503	5	3	0xCBEAA0	A
sm100	0x236E160	1283	0x0503	5	3	0xD10A10	A
sm100	0x236E160	1283	0x0503	5	3	0xD5C440	A
sm100	0x236E160	1283	0x0503	5	3	0xD90190	A
sm100	0x236E160	1283	0x0503	5	3	0xDA34E0	A
sm100	0x236E160	1283	0x0503	5	3	0xDDF500	A
sm100	0x236E160	1283	0x0503	5	3	0xDE9700	A
sm100	0x236E160	1283	0x0503	5	3	0xE2F650	A
sm100	0x236E160	1283	0x0503	5	3	0xE74490	A
sm100	0x236E160	1283	0x0503	5	3	0xE74E80	A
sm100	0x236E160	1283	0x0503	5	3	0xE7AEA0	A
sm100	0x236E160	1283	0x0503	5	3	0xE7B830	B
sm100	0x236E160	1284	0x0504	5	4	0x14771E0	A
sm100	0x236E160	1284	0x0504	5	4	0x17341B0	A
sm100	0x236E160	1284	0x0504	5	4	0x1777430	A
sm100	0x236E160	1284	0x0504	5	4	0xCB1A70	A
sm100	0x236E160	1284	0x0504	5	4	0xCB3410	A
sm100	0x236E160	1284	0x0504	5	4	0xCB78F0	A
sm100	0x236E160	1284	0x0504	5	4	0xCC1BB0	A
sm100	0x236E160	1284	0x0504	5	4	0xD09050	A
sm100	0x236E160	1284	0x0504	5	4	0xD0CFE0	A
sm100	0x236E160	1284	0x0504	5	4	0xD10540	A
sm100	0x236E160	1284	0x0504	5	4	0xD40BE0	A
sm100	0x236E160	1284	0x0504	5	4	0xD5D900	A
sm100	0x236E160	1284	0x0504	5	4	0xD92C10	A
sm100	0x236E160	1284	0x0504	5	4	0xDA8140	A
sm100	0x236E160	1284	0x0504	5	4	0xDB31B0	A
sm100	0x236E160	1284	0x0504	5	4	0xDB6540	A
sm100	0x236E160	1284	0x0504	5	4	0xDC5D20	A
sm100	0x236E160	1284	0x0504	5	4	0xDCB030	A
sm100	0x236E160	1284	0x0504	5	4	0xDCD9D0	A
sm100	0x236E160	1284	0x0504	5	4	0xDCFB70	A
sm100	0x236E160	1284	0x0504	5	4	0xDE0F40	A
sm100	0x236E160	1284	0x0504	5	4	0xDEBF80	A
sm100	0x236E160	1284	0x0504	5	4	0xDEC4D0	A
sm100	0x236E160	1284	0x0504	5	4	0xDF1B60	A
sm100	0x236E160	1284	0x0504	5	4	0xE04A40	A
sm100	0x236E160	1284	0x0504	5	4	0xE39FD0	A
sm100	0x236E160	1284	0x0504	5	4	0xE75870	A
sm100	0x236E160	1285	0x0505	5	5	0x14EC4A0	A
sm100	0x236E160	1285	0x0505	5	5	0x1786930	A
sm100	0x236E160	1285	0x0505	5	5	0xCC2100	A
sm100	0x236E160	1285	0x0505	5	5	0xD08B50	A
sm100	0x236E160	1285	0x0505	5	5	0xD0D500	A
sm100	0x236E160	1285	0x0505	5	5	0xD10EB0	A
sm100	0x236E160	1285	0x0505	5	5	0xD41100	A
sm100	0x236E160	1285	0x0505	5	5	0xD5ED90	A
sm100	0x236E160	1285	0x0505	5	5	0xD61240	A
sm100	0x236E160	1285	0x0505	5	5	0xD925F0	A
sm100	0x236E160	1285	0x0505	5	5	0xDB6F90	A
sm100	0x236E160	1285	0x0505	5	5	0xDC30E0	A
sm100	0x236E160	1285	0x0505	5	5	0xDC6770	A
sm100	0x236E160	1285	0x0505	5	5	0xDCD3C0	A
sm100	0x236E160	1285	0x0505	5	5	0xDECA20	A
sm100	0x236E160	1285	0x0505	5	5	0xDF2080	A
sm100	0x236E160	1285	0x0505	5	5	0xE04F60	A
sm100	0x236E160	1285	0x0505	5	5	0xE35BA0	A
sm100	0x236E160	1285	0x0505	5	5	0xE3A4D0	A
sm100	0x236E160	1285	0x0505	5	5	0xE7B350	A
sm100	0x236E160	1285	0x0505	5	5	0xE7BCE0	B
sm100	0x236E160	1286	0x0506	5	6	0x14EC9D0	A
sm100	0x236E160	1286	0x0506	5	6	0x173B780	A
sm100	0x236E160	1286	0x0506	5	6	0x1775300	A
sm100	0x236E160	1286	0x0506	5	6	0xCB0030	A
sm100	0x236E160	1286	0x0506	5	6	0xCBEFF0	A
sm100	0x236E160	1286	0x0506	5	6	0xD08650	A
sm100	0x236E160	1286	0x0506	5	6	0xD11380	A
sm100	0x236E160	1286	0x0506	5	6	0xD5F7A0	A
sm100	0x236E160	1286	0x0506	5	6	0xD8E300	A
sm100	0x236E160	1286	0x0506	5	6	0xDEA610	A
sm100	0x236E160	1286	0x0506	5	6	0xE3E940	A
sm100	0x236E160	1286	0x0506	5	6	0xE41180	A
sm100	0x236E160	1286	0x0506	5	6	0xE70AA0	A
sm100	0x236E160	1287	0x0507	5	7	0x14E9DE0	A
sm100	0x236E160	1287	0x0507	5	7	0x1738920	A
sm100	0x236E160	1287	0x0507	5	7	0x1741C60	A
sm100	0x236E160	1287	0x0507	5	7	0x1763E70	A
sm100	0x236E160	1287	0x0507	5	7	0x17748C0	A
sm100	0x236E160	1287	0x0507	5	7	0x17889B0	A
sm100	0x236E160	1287	0x0507	5	7	0x1C05C40	A
sm100	0x236E160	1287	0x0507	5	7	0xCD44A0	A
sm100	0x236E160	1287	0x0507	5	7	0xD09A70	A
sm100	0x236E160	1287	0x0507	5	7	0xD14020	A
sm100	0x236E160	1287	0x0507	5	7	0xD5E890	A
sm100	0x236E160	1287	0x0507	5	7	0xD62420	A
sm100	0x236E160	1287	0x0507	5	7	0xD7D8C0	A
sm100	0x236E160	1287	0x0507	5	7	0xD8FCF0	A
sm100	0x236E160	1287	0x0507	5	7	0xDB6A60	A
sm100	0x236E160	1287	0x0507	5	7	0xDC6240	A
sm100	0x236E160	1287	0x0507	5	7	0xE345F0	A
sm100	0x236E160	1287	0x0507	5	7	0xE39100	A
sm100	0x236E160	1287	0x0507	5	7	0xE3EEC0	A
sm100	0x236E160	1287	0x0507	5	7	0xE72CF0	A
sm100	0x236E160	1288	0x0508	5	8	0x1741660	A
sm100	0x236E160	1288	0x0508	5	8	0x17637E0	A
sm100	0x236E160	1288	0x0508	5	8	0x176C8B0	A
sm100	0x236E160	1288	0x0508	5	8	0x1775880	A
sm100	0x236E160	1288	0x0508	5	8	0x1789F50	A
sm100	0x236E160	1288	0x0508	5	8	0x1C051C0	A
sm100	0x236E160	1288	0x0508	5	8	0xC6C300	A
sm100	0x236E160	1288	0x0508	5	8	0xCA19C0	A
sm100	0x236E160	1288	0x0508	5	8	0xCD6BA0	A
sm100	0x236E160	1288	0x0508	5	8	0xD08180	A
sm100	0x236E160	1288	0x0508	5	8	0xD11CF0	A
sm100	0x236E160	1288	0x0508	5	8	0xD5F290	A
sm100	0x236E160	1288	0x0508	5	8	0xD61DF0	A
sm100	0x236E160	1288	0x0508	5	8	0xD7D290	A
sm100	0x236E160	1288	0x0508	5	8	0xDB74D0	A
sm100	0x236E160	1288	0x0508	5	8	0xDC6CB0	A
sm100	0x236E160	1288	0x0508	5	8	0xE38C20	A
sm100	0x236E160	1288	0x0508	5	8	0xE726A0	A
sm100	0x236E160	1289	0x0509	5	9	0x1774DE0	A
sm100	0x236E160	1289	0x0509	5	9	0xC6BCE0	A
sm100	0x236E160	1289	0x0509	5	9	0xCBD9B0	A
sm100	0x236E160	1289	0x0509	5	9	0xCCF940	A
sm100	0x236E160	1289	0x0509	5	9	0xD144F0	A
sm100	0x236E160	1289	0x0509	5	9	0xD5C970	A
sm100	0x236E160	1289	0x0509	5	9	0xE36110	A
sm100	0x236E160	1289	0x0509	5	9	0xE39620	A
sm100	0x236E160	1290	0x050A	5	10	0x14EDB00	A
sm100	0x236E160	1290	0x050A	5	10	0xC6C920	A
sm100	0x236E160	1290	0x050A	5	10	0xCCFE40	A
sm100	0x236E160	1290	0x050A	5	10	0xCD5560	A
sm100	0x236E160	1290	0x050A	5	10	0xD5DE30	A
sm100	0x236E160	1290	0x050A	5	10	0xD8F290	A
sm100	0x236E160	1290	0x050A	5	10	0xD91A60	A
sm100	0x236E160	1290	0x050A	5	10	0xDA7140	A
sm100	0x236E160	1291	0x050B	5	11	0x17334F0	A
sm100	0x236E160	1291	0x050B	5	11	0xCD8770	A
sm100	0x236E160	1291	0x050B	5	11	0xD12690	A
sm100	0x236E160	1291	0x050B	5	11	0xD5BF10	A
sm100	0x236E160	1291	0x050B	5	11	0xD8F7F0	A
sm100	0x236E160	1291	0x050B	5	11	0xD91490	A
sm100	0x236E160	1291	0x050B	5	11	0xDA6C70	A
sm100	0x236E160	1291	0x050B	5	11	0xE34B50	A
sm100	0x236E160	1292	0x050C	5	12	0x14A7860	A
sm100	0x236E160	1292	0x050C	5	12	0xCD9820	A
sm100	0x236E160	1292	0x050C	5	12	0xD12190	A
sm100	0x236E160	1292	0x050C	5	12	0xDA67A0	A
sm100	0x236E160	1292	0x050C	5	12	0xDD1E80	A
sm100	0x236E160	1293	0x050D	5	13	0x1732E90	A
sm100	0x236E160	1293	0x050D	5	13	0x1786ED0	A
sm100	0x236E160	1293	0x050D	5	13	0xD13150	A
sm100	0x236E160	1293	0x050D	5	13	0xD649D0	A
sm100	0x236E160	1293	0x050D	5	13	0xD7FE70	A
sm100	0x236E160	1293	0x050D	5	13	0xD8C5B0	A
sm100	0x236E160	1293	0x050D	5	13	0xD93EA0	A
sm100	0x236E160	1293	0x050D	5	13	0xDD18C0	A
sm100	0x236E160	1293	0x050D	5	13	0xE31910	A
sm100	0x236E160	1294	0x050E	5	14	0x1732170	A
sm100	0x236E160	1294	0x050E	5	14	0x1748640	A
sm100	0x236E160	1294	0x050E	5	14	0xCBAD30	A
sm100	0x236E160	1294	0x050E	5	14	0xD13AF0	A
sm100	0x236E160	1294	0x050E	5	14	0xD64360	A
sm100	0x236E160	1294	0x050E	5	14	0xD7F800	A
sm100	0x236E160	1294	0x050E	5	14	0xD93850	A
sm100	0x236E160	1294	0x050E	5	14	0xE41690	A
sm100	0x236E160	1295	0x050F	5	15	0x1788EC0	A
sm100	0x236E160	1295	0x050F	5	15	0xCBB280	A
sm100	0x236E160	1295	0x050F	5	15	0xD65090	A
sm100	0x236E160	1295	0x050F	5	15	0xD80530	A
sm100	0x236E160	1295	0x050F	5	15	0xD8D8A0	A
sm100	0x236E160	1295	0x050F	5	15	0xD94530	A
sm100	0x236E160	1295	0x050F	5	15	0xDD4300	A
sm100	0x236E160	1295	0x050F	5	15	0xE2FB50	A
sm100	0x236E160	1296	0x0510	5	16	0x1747990	A
sm100	0x236E160	1296	0x0510	5	16	0x178A4A0	A
sm100	0x236E160	1296	0x0510	5	16	0xC6B720	A
sm100	0x236E160	1296	0x0510	5	16	0xD8D400	A
sm100	0x236E160	1296	0x0510	5	16	0xDD3D20	A
sm100	0x236E160	1296	0x0510	5	16	0xE2EC60	A
sm100	0x236E160	1297	0x0511	5	17	0x1748010	A
sm100	0x236E160	1297	0x0511	5	17	0x17879B0	A
sm100	0x236E160	1297	0x0511	5	17	0xC6AB80	A
sm100	0x236E160	1297	0x0511	5	17	0xD67050	A
sm100	0x236E160	1297	0x0511	5	17	0xD824F0	A
sm100	0x236E160	1297	0x0511	5	17	0xD95080	A
sm100	0x236E160	1297	0x0511	5	17	0xE336E0	A
sm100	0x236E160	1298	0x0512	5	18	0x14A45C0	A
sm100	0x236E160	1298	0x0512	5	18	0x1786490	A
sm100	0x236E160	1298	0x0512	5	18	0xD955D0	A
sm100	0x236E160	1299	0x0513	5	19	0x17466B0	A
sm100	0x236E160	1299	0x0513	5	19	0xC6D590	A
sm100	0x236E160	1299	0x0513	5	19	0xE30F10	A
sm100	0x236E160	1300	0x0514	5	20	0x14A4F60	A
sm100	0x236E160	1300	0x0514	5	20	0x178A9F0	A
sm100	0x236E160	1300	0x0514	5	20	0xC6CF40	A
sm100	0x236E160	1300	0x0514	5	20	0xD95FD0	A
sm100	0x236E160	1301	0x0515	5	21	0x1497840	A
sm100	0x236E160	1301	0x0515	5	21	0x1499B80	A
sm100	0x236E160	1301	0x0515	5	21	0x1745A00	A
sm100	0x236E160	1301	0x0515	5	21	0xC6DC20	A
sm100	0x236E160	1301	0x0515	5	21	0xCC8B00	A
sm100	0x236E160	1301	0x0515	5	21	0xE2F150	A
sm100	0x236E160	1302	0x0516	5	22	0x1746080	A
sm100	0x236E160	1302	0x0516	5	22	0x178C040	A
sm100	0x236E160	1302	0x0516	5	22	0xCCEF50	A
sm100	0x236E160	1302	0x0516	5	22	0xD97EA0	A
sm100	0x236E160	1303	0x0517	5	23	0x147C030	A
sm100	0x236E160	1303	0x0517	5	23	0x1499630	A
sm100	0x236E160	1303	0x0517	5	23	0x149B970	A
sm100	0x236E160	1303	0x0517	5	23	0xCCF450	A
sm100	0x236E160	1303	0x0517	5	23	0xE331B0	A
sm100	0x236E160	1304	0x0518	5	24	0x1743870	A
sm100	0x236E160	1304	0x0518	5	24	0x17779F0	A
sm100	0x236E160	1305	0x0519	5	25	0x1778B60	A
sm100	0x236E160	1305	0x0519	5	25	0xE32790	A
sm100	0x236E160	1306	0x051A	5	26	0xCE0B00	A
sm100	0x236E160	1307	0x051B	5	27	0xD74DD0	A
sm100	0x236E160	1308	0x051C	5	28	0xCE1710	A
sm100	0x236E160	1308	0x051C	5	28	0xD6BA00	A
sm100	0x236E160	1309	0x051D	5	29	0x14A5A90	A
sm100	0x236E160	1309	0x051D	5	29	0xC71970	A
sm100	0x236E160	1309	0x051D	5	29	0xCE1D40	A
sm100	0x236E160	1310	0x051E	5	30	0xCE1130	A
sm100	0x236E160	1311	0x051F	5	31	0x147DC20	A
sm100	0x236E160	1311	0x051F	5	31	0xCE7020	A
sm100	0x236E160	1312	0x0520	5	32	0xCC4210	A
sm100	0x236E160	1312	0x0520	5	32	0xCE7560	A
sm100	0x236E160	1312	0x0520	5	32	0xD6EE40	A
sm100	0x236E160	1313	0x0521	5	33	0xCCE0F0	A
sm100	0x236E160	1313	0x0521	5	33	0xCE7AA0	A
sm100	0x236E160	1313	0x0521	5	33	0xDDD180	A
sm100	0x236E160	1314	0x0522	5	34	0xCE8A40	A
sm100	0x236E160	1315	0x0523	5	35	0xCE8F40	A
sm100	0x236E160	1315	0x0523	5	35	0xDD8E80	A
sm100	0x236E160	1316	0x0524	5	36	0xCE9F00	A
sm100	0x236E160	1317	0x0525	5	37	0xCFE910	A
sm100	0x236E160	1317	0x0525	5	37	0xDDA920	A
sm100	0x236E160	1322	0x052A	5	42	0xCAA640	A
sm100	0x236E160	1324	0x052C	5	44	0x1479D20	A
sm100	0x236E160	1324	0x052C	5	44	0xCA05B0	A
sm100	0x236E160	1325	0x052D	5	45	0x147A340	A
sm100	0x236E160	1326	0x052E	5	46	0x14B01D0	A
sm100	0x236E160	1327	0x052F	5	47	0x147AFC0	A
sm100	0x236E160	1328	0x0530	5	48	0xD72300	A
sm100	0x236E160	1329	0x0531	5	49	0x147CB20	A
sm100	0x236E160	1329	0x0531	5	49	0x1773D20	A
sm100	0x236E160	1329	0x0531	5	49	0xCD3F00	A
sm100	0x236E160	1330	0x0532	5	50	0x1771E20	A
sm100	0x236E160	1330	0x0532	5	50	0xCD6610	A
sm100	0x236E160	1331	0x0533	5	51	0x1772290	A
sm100	0x236E160	1332	0x0534	5	52	0xCD4A40	A
sm100	0x236E160	1333	0x0535	5	53	0xCD7C50	A
sm100	0x236E160	1334	0x0536	5	54	0xCA5120	A
sm100	0x236E160	1334	0x0536	5	54	0xCD8D00	A
sm100	0x236E160	1335	0x0537	5	55	0xCABFE0	A
sm100	0x236E160	1336	0x0538	5	56	0x17448B0	A
sm100	0x236E160	1336	0x0538	5	56	0xCADFD0	A
sm100	0x236E160	1337	0x0539	5	57	0x14ADD70	A
sm100	0x236E160	1337	0x0539	5	57	0x1744E70	A
sm100	0x236E160	1339	0x053B	5	59	0x14A9A70	A
sm100	0x236E160	1339	0x053B	5	59	0xCAE510	A
sm100	0x236E160	1339	0x053B	5	59	0xCE4730	A
sm100	0x236E160	1340	0x053C	5	60	0xCAC480	A
sm100	0x236E160	1340	0x053C	5	60	0xCE4D00	A
sm100	0x236E160	1341	0x053D	5	61	0x14AB510	A
sm100	0x236E160	1345	0x0541	5	65	0xCFC600	A
sm100	0x236E160	1346	0x0542	5	66	0xCFDCF0	A
sm100	0x236E160	1354	0x054A	5	74	0xCD4FD0	A
sm100	0x236E160	1355	0x054B	5	75	0xCD81E0	A
sm100	0x236E160	1356	0x054C	5	76	0xCD9290	A
sm100	0x236E160	1357	0x054D	5	77	0xCFFE10	A
sm100	0x236E160	1367	0x0557	5	87	0xCD3960	A
sm100	0x236E160	1368	0x0558	5	88	0xCD5AF0	A
sm100	0x236E160	1372	0x055C	5	92	0xCFC090	A
sm100	0x236E160	1373	0x055D	5	93	0xCEA400	A
sm100	0x236E160	1374	0x055E	5	94	0xCEA940	A
sm100	0x236E160	1375	0x055F	5	95	0xCEAE80	A
sm100	0x236E160	1376	0x0560	5	96	0xCEBE20	A
sm100	0x236E160	1377	0x0561	5	97	0xCEC320	A
sm100	0x236E160	1378	0x0562	5	98	0xCED2E0	A
sm100	0x236E160	1379	0x0563	5	99	0xCFF390	A
sm100	0x236E160	1385	0x0569	5	105	0xCDF9B0	A
sm100	0x236E160	1386	0x056A	5	106	0xCDF420	A
sm100	0x236E160	1392	0x0570	5	112	0x174D970	A
sm100	0x236E160	1394	0x0572	5	114	0x174C1D0	A
sm100	0x236E160	1396	0x0574	5	116	0x174B640	A
sm100	0x236E160	1407	0x057F	5	127	0x1480350	A
sm100	0x236E160	1409	0x0581	5	129	0xD018B0	A
sm100	0x236E160	1410	0x0582	5	130	0xD01E00	A
sm100	0x236E160	1412	0x0584	5	132	0xD02830	A
sm100	0x236E160	1451	0x05AB	5	171	0xCF1880	A
sm100	0x236E160	1453	0x05AD	5	173	0x174FDB0	A
sm100	0x236E160	1455	0x05AF	5	175	0x174F160	A
sm100	0x236E160	1462	0x05B6	5	182	0x1742810	A
sm100	0x236E160	1463	0x05B7	5	183	0x17422B0	A
sm100	0x236E160	1466	0x05BA	5	186	0x1483720	A
sm100	0x236E160	1468	0x05BC	5	188	0x1483140	A
sm100	0x236E160	1469	0x05BD	5	189	0x1482BB0	A
sm100	0x236E160	1471	0x05BF	5	191	0x174A4B0	A
sm100	0x236E160	1473	0x05C1	5	193	0x17498C0	A
sm100	0x236E160	1474	0x05C2	5	194	0x1749EE0	A
sm100	0x236E160	1478	0x05C6	5	198	0x1480E90	A
sm100	0x236E160	1479	0x05C7	5	199	0x14885B0	A
sm100	0x236E160	1480	0x05C8	5	200	0x1488AF0	A
sm100	0x236E160	1488	0x05D0	5	208	0x147FDB0	A
sm100	0x236E160	1490	0x05D2	5	210	0x1485A10	A
sm100	0x236E160	1497	0x05D9	5	217	0x148EC90	A
sm100	0x236E160	1504	0x05E0	5	224	0x1486C70	A
sm100	0x236E160	1509	0x05E5	5	229	0x14907C0	A
sm100	0x236E160	1511	0x05E7	5	231	0x1491230	A
sm100	0x236E160	1528	0x05F8	5	248	0x1484ED0	A
sm100	0x236E160	1536	0x0600	6	0	0x14A60B0	A
sm100	0x236E160	1537	0x0601	6	1	0xC693D0	A
sm100	0x236E160	1537	0x0601	6	1	0xCB6620	A
sm100	0x236E160	1537	0x0601	6	1	0xCB9DD0	A
sm100	0x236E160	1537	0x0601	6	1	0xDB1E30	A
sm100	0x236E160	1537	0x0601	6	1	0xDB36B0	A
sm100	0x236E160	1537	0x0601	6	1	0xE3F8E0	A
sm100	0x236E160	1538	0x0602	6	2	0x176ABB0	A
sm100	0x236E160	1538	0x0602	6	2	0xDA2FD0	A
sm100	0x236E160	1538	0x0602	6	2	0xE406C0	A
sm100	0x236E160	1539	0x0603	6	3	0x176A6D0	A
sm100	0x236E160	1539	0x0603	6	3	0xC69870	A
sm100	0x236E160	1539	0x0603	6	3	0xCB6FB0	A
sm100	0x236E160	1539	0x0603	6	3	0xCC36D0	A
sm100	0x236E160	1539	0x0603	6	3	0xD0EA10	A
sm100	0x236E160	1539	0x0603	6	3	0xD42610	A
sm100	0x236E160	1539	0x0603	6	3	0xDB27F0	A
sm100	0x236E160	1539	0x0603	6	3	0xDB8F20	A
sm100	0x236E160	1539	0x0603	6	3	0xDC8700	A
sm100	0x236E160	1539	0x0603	6	3	0xDEDFF0	A
sm100	0x236E160	1539	0x0603	6	3	0xDF3590	A
sm100	0x236E160	1539	0x0603	6	3	0xE06470	A
sm100	0x236E160	1539	0x0603	6	3	0xE420A0	A
sm100	0x236E160	1540	0x0604	6	4	0xE41BA0	A
sm100	0x236E160	1540	0x0604	6	4	0xE7B350	B
sm100	0x236E160	1540	0x0604	6	4	0xE7B830	A
sm100	0x236E160	1542	0x0606	6	6	0xE3A980	A
sm100	0x236E160	1545	0x0609	6	9	0x1787470	A
sm100	0x236E160	1546	0x060A	6	10	0x1738F30	A
sm100	0x236E160	1546	0x060A	6	10	0xE40C20	A
sm100	0x236E160	1547	0x060B	6	11	0xCBA810	A
sm100	0x236E160	1548	0x060C	6	12	0xCB98B0	A
sm100	0x236E160	1548	0x060C	6	12	0xD8C110	A
sm100	0x236E160	1549	0x060D	6	13	0xCB9390	A
sm100	0x236E160	1550	0x060E	6	14	0xD8CAA0	A
sm100	0x236E160	1574	0x0626	6	38	0xCFEE50	A
sm100	0x236E160	1576	0x0628	6	40	0xCE99A0	A
sm100	0x236E160	1581	0x062D	6	45	0x16DF770	A
sm100	0x236E160	1582	0x062E	6	46	0x17840B0	A
sm100	0x236E160	1593	0x0639	6	57	0xCADA30	A
sm100	0x236E160	1597	0x063D	6	61	0xCAD4C0	A
sm100	0x236E160	1636	0x0664	6	100	0xCFF8D0	A
sm100	0x236E160	1638	0x0666	6	102	0xCECD80	A
sm100	0x236E160	1664	0x0680	6	128	0xD013B0	A
sm100	0x236E160	1717	0x06B5	6	181	0x1751650	A
sm100	0x236E160	1737	0x06C9	6	201	0x148F200	A
sm100	0x236E160	1738	0x06CA	6	202	0x1489560	A
sm100	0x236E160	1764	0x06E4	6	228	0x14872D0	A
sm100	0x236E160	1792	0x0700	7	0	0xDB3BC0	A
sm100	0x236E160	1792	0x0700	7	0	0xE7C190	B
sm100	0x236E160	1793	0x0701	7	1	0xCB4460	A
sm100	0x236E160	1793	0x0701	7	1	0xCB8340	A
sm100	0x236E160	1793	0x0701	7	1	0xCBE550	A
sm100	0x236E160	1793	0x0701	7	1	0xDC5280	A
sm100	0x236E160	1793	0x0701	7	1	0xE3B770	A
sm100	0x236E160	1793	0x0701	7	1	0xE3CE00	A
sm100	0x236E160	1793	0x0701	7	1	0xE7A3A0	A
sm100	0x236E160	1794	0x0702	7	2	0x1785A30	A
sm100	0x236E160	1794	0x0702	7	2	0xC79970	A
sm100	0x236E160	1794	0x0702	7	2	0xCB49B0	A
sm100	0x236E160	1794	0x0702	7	2	0xCB8E10	A
sm100	0x236E160	1794	0x0702	7	2	0xCBE030	A
sm100	0x236E160	1794	0x0702	7	2	0xDC57D0	A
sm100	0x236E160	1794	0x0702	7	2	0xE3D360	A
sm100	0x236E160	1794	0x0702	7	2	0xE7A920	A
sm100	0x236E160	1795	0x0703	7	3	0xCB5AC0	A
sm100	0x236E160	1795	0x0703	7	3	0xCB7DF0	A
sm100	0x236E160	1795	0x0703	7	3	0xDC47E0	A
sm100	0x236E160	1795	0x0703	7	3	0xE382C0	A
sm100	0x236E160	1795	0x0703	7	3	0xE3BCD0	A
sm100	0x236E160	1795	0x0703	7	3	0xE3D8E0	A
sm100	0x236E160	1795	0x0703	7	3	0xE798A0	A
sm100	0x236E160	1796	0x0704	7	4	0xCB6050	A
sm100	0x236E160	1796	0x0704	7	4	0xCBFFB0	A
sm100	0x236E160	1796	0x0704	7	4	0xE3DE60	A
sm100	0x236E160	1797	0x0705	7	5	0x1734E40	A
sm100	0x236E160	1797	0x0705	7	5	0xCB3960	A
sm100	0x236E160	1797	0x0705	7	5	0xCBF510	A
sm100	0x236E160	1797	0x0705	7	5	0xDD00B0	A
sm100	0x236E160	1797	0x0705	7	5	0xE3E3C0	A
sm100	0x236E160	1798	0x0706	7	6	0xCB3EB0	A
sm100	0x236E160	1798	0x0706	7	6	0xDB7A10	A
sm100	0x236E160	1798	0x0706	7	6	0xDC71F0	A
sm100	0x236E160	1799	0x0707	7	7	0x1738360	A
sm100	0x236E160	1799	0x0707	7	7	0xCC0480	A
sm100	0x236E160	1800	0x0708	7	8	0x14EA280	A
sm100	0x236E160	1801	0x0709	7	9	0x14B0DB0	A
sm100	0x236E160	1801	0x0709	7	9	0x17644D0	A
sm100	0x236E160	1801	0x0709	7	9	0xCD76C0	A
sm100	0x236E160	1802	0x070A	7	10	0x14ECF50	A
sm100	0x236E160	1803	0x070B	7	11	0x14B1820	A
sm100	0x236E160	1803	0x070B	7	11	0xDD36C0	A
sm100	0x236E160	1805	0x070D	7	13	0x175A3E0	A
sm100	0x236E160	1806	0x070E	7	14	0xD14E30	A
sm100	0x236E160	1807	0x070F	7	15	0x1732800	A
sm100	0x236E160	1809	0x0711	7	17	0x14A3C80	A
sm100	0x236E160	1811	0x0713	7	19	0x14A4120	A
sm100	0x236E160	1830	0x0726	7	38	0x1478B80	A
sm100	0x236E160	1831	0x0727	7	39	0xCE84F0	A
sm100	0x236E160	1833	0x0729	7	41	0x1477B80	A
sm100	0x236E160	1833	0x0729	7	41	0xCE7FA0	A
sm100	0x236E160	1840	0x0730	7	48	0x14A8480	A
sm100	0x236E160	1842	0x0732	7	50	0x14A8FF0	A
sm100	0x236E160	1843	0x0733	7	51	0xCD7130	A
sm100	0x236E160	1845	0x0735	7	53	0x14ABA60	A
sm100	0x236E160	1847	0x0737	7	55	0x14AC6D0	A
sm100	0x236E160	1850	0x073A	7	58	0x14A9580	A
sm100	0x236E160	1852	0x073C	7	60	0x14A9FC0	A
sm100	0x236E160	1855	0x073F	7	63	0x14ACCE0	A
sm100	0x236E160	1857	0x0741	7	65	0x14AD810	A
sm100	0x236E160	1865	0x0749	7	73	0xCFB030	A
sm100	0x236E160	1893	0x0765	7	101	0xCEB8D0	A
sm100	0x236E160	1895	0x0767	7	103	0xCEB380	A
sm100	0x236E160	1940	0x0794	7	148	0xCF4D90	A
sm100	0x236E160	1960	0x07A8	7	168	0xCF0730	A
sm100	0x236E160	2305	0x0901	9	1	0xD40240	A
sm100	0x236E160	2560	0x0A00	10	0	0x149B470	A
sm100	0x236E160	2560	0x0A00	10	0	0x14C8A10	A
sm100	0x236E160	2560	0x0A00	10	0	0xE0CE10	A
sm100	0x236E160	2561	0x0A01	10	1	0x14C9DE0	A
sm100	0x236E160	2561	0x0A01	10	1	0x14D9690	A
sm100	0x236E160	2561	0x0A01	10	1	0x1501BD0	A
sm100	0x236E160	2561	0x0A01	10	1	0x17354B0	A
sm100	0x236E160	2561	0x0A01	10	1	0x17557B0	A
sm100	0x236E160	2561	0x0A01	10	1	0xC72B10	A
sm100	0x236E160	2561	0x0A01	10	1	0xC7A000	A
sm100	0x236E160	2561	0x0A01	10	1	0xC7EE20	A
sm100	0x236E160	2561	0x0A01	10	1	0xD56D50	A
sm100	0x236E160	2561	0x0A01	10	1	0xD86B60	A
sm100	0x236E160	2561	0x0A01	10	1	0xDAA750	A
sm100	0x236E160	2561	0x0A01	10	1	0xDDE920	A
sm100	0x236E160	2561	0x0A01	10	1	0xE07D10	A
sm100	0x236E160	2561	0x0A01	10	1	0xE1BDF0	A
sm100	0x236E160	2561	0x0A01	10	1	0xE5D550	A
sm100	0x236E160	2562	0x0A02	10	2	0x14C9730	A
sm100	0x236E160	2562	0x0A02	10	2	0x14D90E0	A
sm100	0x236E160	2562	0x0A02	10	2	0x1516BA0	A
sm100	0x236E160	2562	0x0A02	10	2	0x1755DD0	A
sm100	0x236E160	2562	0x0A02	10	2	0xD44240	A
sm100	0x236E160	2562	0x0A02	10	2	0xD67FE0	A
sm100	0x236E160	2562	0x0A02	10	2	0xD83480	A
sm100	0x236E160	2562	0x0A02	10	2	0xD864D0	A
sm100	0x236E160	2562	0x0A02	10	2	0xDC96C0	A
sm100	0x236E160	2562	0x0A02	10	2	0xDDEF10	A
sm100	0x236E160	2562	0x0A02	10	2	0xDE4C40	A
sm100	0x236E160	2562	0x0A02	10	2	0xE0B3E0	A
sm100	0x236E160	2562	0x0A02	10	2	0xE5DC20	A
sm100	0x236E160	2563	0x0A03	10	3	0xC77280	A
sm100	0x236E160	2563	0x0A03	10	3	0xD39A60	A
sm100	0x236E160	2563	0x0A03	10	3	0xD57340	A
sm100	0x236E160	2563	0x0A03	10	3	0xE5C930	A
sm100	0x236E160	2564	0x0A04	10	4	0x14DA7D0	A
sm100	0x236E160	2564	0x0A04	10	4	0x1502170	A
sm100	0x236E160	2564	0x0A04	10	4	0x1737100	A
sm100	0x236E160	2564	0x0A04	10	4	0xC76CC0	A
sm100	0x236E160	2564	0x0A04	10	4	0xD47560	A
sm100	0x236E160	2564	0x0A04	10	4	0xD57980	A
sm100	0x236E160	2564	0x0A04	10	4	0xD636D0	A
sm100	0x236E160	2564	0x0A04	10	4	0xD7EB70	A
sm100	0x236E160	2564	0x0A04	10	4	0xDC9170	A
sm100	0x236E160	2564	0x0A04	10	4	0xE0AE60	A
sm100	0x236E160	2565	0x0A05	10	5	0x14DA220	A
sm100	0x236E160	2565	0x0A05	10	5	0x1735A20	A
sm100	0x236E160	2565	0x0A05	10	5	0x1753A10	A
sm100	0x236E160	2565	0x0A05	10	5	0xC7F370	A
sm100	0x236E160	2565	0x0A05	10	5	0xD47020	A
sm100	0x236E160	2565	0x0A05	10	5	0xD521A0	A
sm100	0x236E160	2565	0x0A05	10	5	0xD63070	A
sm100	0x236E160	2565	0x0A05	10	5	0xD7E510	A
sm100	0x236E160	2565	0x0A05	10	5	0xDAACA0	A
sm100	0x236E160	2565	0x0A05	10	5	0xE1C340	A
sm100	0x236E160	2566	0x0A06	10	6	0x17528A0	A
sm100	0x236E160	2566	0x0A06	10	6	0xC78580	A
sm100	0x236E160	2566	0x0A06	10	6	0xD3BF90	A
sm100	0x236E160	2567	0x0A07	10	7	0x1754010	A
sm100	0x236E160	2567	0x0A07	10	7	0x1760080	A
sm100	0x236E160	2567	0x0A07	10	7	0x1762440	A
sm100	0x236E160	2567	0x0A07	10	7	0xD3B320	A
sm100	0x236E160	2567	0x0A07	10	7	0xD43140	A
sm100	0x236E160	2567	0x0A07	10	7	0xD52710	A
sm100	0x236E160	2568	0x0A08	10	8	0x1760D90	A
sm100	0x236E160	2568	0x0A08	10	8	0x1763150	A
sm100	0x236E160	2568	0x0A08	10	8	0xC792C0	A
sm100	0x236E160	2568	0x0A08	10	8	0xD52CD0	A
sm100	0x236E160	2569	0x0A09	10	9	0x1756990	A
sm100	0x236E160	2569	0x0A09	10	9	0xC78C30	A
sm100	0x236E160	2569	0x0A09	10	9	0xC83260	A
sm100	0x236E160	2569	0x0A09	10	9	0xD3E3B0	A
sm100	0x236E160	2569	0x0A09	10	9	0xD46A10	A
sm100	0x236E160	2569	0x0A09	10	9	0xDAEB90	A
sm100	0x236E160	2569	0x0A09	10	9	0xE20230	A
sm100	0x236E160	2570	0x0A0A	10	10	0x1775DD0	A
sm100	0x236E160	2570	0x0A0A	10	10	0xC84920	A
sm100	0x236E160	2570	0x0A0A	10	10	0xD46450	A
sm100	0x236E160	2570	0x0A0A	10	10	0xD54980	A
sm100	0x236E160	2570	0x0A0A	10	10	0xDB0250	A
sm100	0x236E160	2570	0x0A0A	10	10	0xE218F0	A
sm100	0x236E160	2571	0x0A0B	10	11	0x17575A0	A
sm100	0x236E160	2571	0x0A0B	10	11	0x1782CD0	A
sm100	0x236E160	2571	0x0A0B	10	11	0xC75B40	A
sm100	0x236E160	2571	0x0A0B	10	11	0xC7DC80	A
sm100	0x236E160	2571	0x0A0B	10	11	0xD3FBF0	A
sm100	0x236E160	2571	0x0A0B	10	11	0xD44D10	A
sm100	0x236E160	2571	0x0A0B	10	11	0xDA95B0	A
sm100	0x236E160	2571	0x0A0B	10	11	0xE1AC50	A
sm100	0x236E160	2572	0x0A0C	10	12	0x1757BD0	A
sm100	0x236E160	2572	0x0A0C	10	12	0x1782630	A
sm100	0x236E160	2572	0x0A0C	10	12	0xD3F5A0	A
sm100	0x236E160	2572	0x0A0C	10	12	0xD4A990	A
sm100	0x236E160	2572	0x0A0C	10	12	0xD53D80	A
sm100	0x236E160	2573	0x0A0D	10	13	0x1783A10	A
sm100	0x236E160	2573	0x0A0D	10	13	0xC766E0	A
sm100	0x236E160	2573	0x0A0D	10	13	0xD49210	A
sm100	0x236E160	2574	0x0A0E	10	14	0x1754BA0	A
sm100	0x236E160	2574	0x0A0E	10	14	0x1783370	A
sm100	0x236E160	2574	0x0A0E	10	14	0xC80A80	A
sm100	0x236E160	2574	0x0A0E	10	14	0xD4B590	A
sm100	0x236E160	2574	0x0A0E	10	14	0xDAC3B0	A
sm100	0x236E160	2574	0x0A0E	10	14	0xE1DA50	A
sm100	0x236E160	2575	0x0A0F	10	15	0x177DC00	A
sm100	0x236E160	2575	0x0A0F	10	15	0xC7E260	A
sm100	0x236E160	2575	0x0A0F	10	15	0xD16140	A
sm100	0x236E160	2575	0x0A0F	10	15	0xD353F0	A
sm100	0x236E160	2575	0x0A0F	10	15	0xD4BBA0	A
sm100	0x236E160	2575	0x0A0F	10	15	0xD5A1C0	A
sm100	0x236E160	2575	0x0A0F	10	15	0xDA9B90	A
sm100	0x236E160	2575	0x0A0F	10	15	0xE1B230	A
sm100	0x236E160	2576	0x0A10	10	16	0x177D560	A
sm100	0x236E160	2576	0x0A10	10	16	0xD15AE0	A
sm100	0x236E160	2576	0x0A10	10	16	0xD458B0	A
sm100	0x236E160	2577	0x0A11	10	17	0x177E940	A
sm100	0x236E160	2577	0x0A11	10	17	0xD16780	A
sm100	0x236E160	2577	0x0A11	10	17	0xD4AF90	A
sm100	0x236E160	2578	0x0A12	10	18	0xC84ED0	A
sm100	0x236E160	2578	0x0A12	10	18	0xD37620	A
sm100	0x236E160	2578	0x0A12	10	18	0xD49810	A
sm100	0x236E160	2578	0x0A12	10	18	0xDB0800	A
sm100	0x236E160	2578	0x0A12	10	18	0xE21EA0	A
sm100	0x236E160	2579	0x0A13	10	19	0x14984A0	A
sm100	0x236E160	2579	0x0A13	10	19	0x149A7E0	A
sm100	0x236E160	2579	0x0A13	10	19	0x149F640	A
sm100	0x236E160	2579	0x0A13	10	19	0xC82C80	A
sm100	0x236E160	2579	0x0A13	10	19	0xD36AB0	A
sm100	0x236E160	2579	0x0A13	10	19	0xD47AF0	A
sm100	0x236E160	2579	0x0A13	10	19	0xDAE5B0	A
sm100	0x236E160	2579	0x0A13	10	19	0xE1FC50	A
sm100	0x236E160	2580	0x0A14	10	20	0xD4D910	A
sm100	0x236E160	2581	0x0A15	10	21	0xD3D160	A
sm100	0x236E160	2581	0x0A15	10	21	0xD4CD50	A
sm100	0x236E160	2582	0x0A16	10	22	0xD4E4D0	A
sm100	0x236E160	2583	0x0A17	10	23	0xD3EFD0	A
sm100	0x236E160	2583	0x0A17	10	23	0xD45EA0	A
sm100	0x236E160	2583	0x0A17	10	23	0xDD71E0	A
sm100	0x236E160	2584	0x0A18	10	24	0x147C5B0	A
sm100	0x236E160	2584	0x0A18	10	24	0xD3EA00	A
sm100	0x236E160	2584	0x0A18	10	24	0xD49E10	A
sm100	0x236E160	2584	0x0A18	10	24	0xD58560	A
sm100	0x236E160	2585	0x0A19	10	25	0xD48690	A
sm100	0x236E160	2585	0x0A19	10	25	0xD55540	A
sm100	0x236E160	2585	0x0A19	10	25	0xDD7E20	A
sm100	0x236E160	2586	0x0A1A	10	26	0xC71390	A
sm100	0x236E160	2586	0x0A1A	10	26	0xD38810	A
sm100	0x236E160	2586	0x0A1A	10	26	0xD4C1B0	A
sm100	0x236E160	2587	0x0A1B	10	27	0x14A01D0	A
sm100	0x236E160	2587	0x0A1B	10	27	0xD4C780	A
sm100	0x236E160	2587	0x0A1B	10	27	0xD55B30	A
sm100	0x236E160	2587	0x0A1B	10	27	0xDD9E50	A
sm100	0x236E160	2588	0x0A1C	10	28	0xC71F50	A
sm100	0x236E160	2588	0x0A1C	10	28	0xD3AD00	A
sm100	0x236E160	2588	0x0A1C	10	28	0xD45300	A
sm100	0x236E160	2588	0x0A1C	10	28	0xDD98C0	A
sm100	0x236E160	2589	0x0A1D	10	29	0xD3A6E0	A
sm100	0x236E160	2589	0x0A1D	10	29	0xD480E0	A
sm100	0x236E160	2589	0x0A1D	10	29	0xD5B8D0	A
sm100	0x236E160	2590	0x0A1E	10	30	0x177A3F0	A
sm100	0x236E160	2590	0x0A1E	10	30	0xD4DF10	A
sm100	0x236E160	2590	0x0A1E	10	30	0xD5B2E0	A
sm100	0x236E160	2590	0x0A1E	10	30	0xDDB480	A
sm100	0x236E160	2591	0x0A1F	10	31	0x177B2F0	A
sm100	0x236E160	2591	0x0A1F	10	31	0xD34310	A
sm100	0x236E160	2591	0x0A1F	10	31	0xD4D350	A
sm100	0x236E160	2591	0x0A1F	10	31	0xD50B90	A
sm100	0x236E160	2591	0x0A1F	10	31	0xD89780	A
sm100	0x236E160	2592	0x0A20	10	32	0xD4A3D0	A
sm100	0x236E160	2592	0x0A20	10	32	0xDDD790	A
sm100	0x236E160	2593	0x0A21	10	33	0x149C460	A
sm100	0x236E160	2593	0x0A21	10	33	0xD36510	A
sm100	0x236E160	2593	0x0A21	10	33	0xD48C50	A
sm100	0x236E160	2593	0x0A21	10	33	0xD51100	A
sm100	0x236E160	2594	0x0A22	10	34	0x1780AA0	A
sm100	0x236E160	2595	0x0A23	10	35	0x149D580	A
sm100	0x236E160	2595	0x0A23	10	35	0x1781F90	A
sm100	0x236E160	2595	0x0A23	10	35	0xD5AD20	A
sm100	0x236E160	2597	0x0A25	10	37	0x1497200	A
sm100	0x236E160	2597	0x0A25	10	37	0xC6F270	A
sm100	0x236E160	2599	0x0A27	10	39	0x1479740	A
sm100	0x236E160	2599	0x0A27	10	39	0x1496650	A
sm100	0x236E160	2599	0x0A27	10	39	0x149EB80	A
sm100	0x236E160	2599	0x0A27	10	39	0x177B9D0	A
sm100	0x236E160	2600	0x0A28	10	40	0x177CEC0	A
sm100	0x236E160	2607	0x0A2F	10	47	0x14B07C0	A
sm100	0x236E160	2609	0x0A31	10	49	0x14A8A10	A
sm100	0x236E160	2611	0x0A33	10	51	0x14AAA40	A
sm100	0x236E160	2612	0x0A34	10	52	0x14AA4B0	A
sm100	0x236E160	2614	0x0A36	10	54	0x14AC070	A
sm100	0x236E160	2616	0x0A38	10	56	0x14AE380	A
sm100	0x236E160	2668	0x0A6C	10	108	0x174D340	A
sm100	0x236E160	2670	0x0A6E	10	110	0x174DF50	A
sm100	0x236E160	2671	0x0A6F	10	111	0x174E580	A
sm100	0x236E160	2693	0x0A85	10	133	0xD02DB0	A
sm100	0x236E160	2695	0x0A87	10	135	0xD05BC0	A
sm100	0x236E160	2696	0x0A88	10	136	0xD061D0	A
sm100	0x236E160	2698	0x0A8A	10	138	0xD04A30	A
sm100	0x236E160	2712	0x0A98	10	152	0xCF6AC0	A
sm100	0x236E160	2714	0x0A9A	10	154	0xCF7750	A
sm100	0x236E160	2715	0x0A9B	10	155	0xCF7DC0	A
sm100	0x236E160	2716	0x0A9C	10	156	0xCF7130	A
sm100	0x236E160	2718	0x0A9E	10	158	0xD038A0	A
sm100	0x236E160	2787	0x0AE3	10	227	0x1487F50	A
sm100	0x236E160	2793	0x0AE9	10	233	0x1493480	A
sm100	0x236E160	2795	0x0AEB	10	235	0x14928B0	A
sm100	0x236E160	2798	0x0AEE	10	238	0x148CA80	A
sm100	0x236E160	2800	0x0AF0	10	240	0x1491CE0	A
sm100	0x236E160	2816	0x0B00	11	0	0x14E13F0	A
sm100	0x236E160	2818	0x0B02	11	2	0xDA9080	A
sm100	0x236E160	2818	0x0B02	11	2	0xE30540	A
sm100	0x236E160	2819	0x0B03	11	3	0xCF9FA0	A
sm100	0x236E160	2820	0x0B04	11	4	0x14EBF90	A
sm100	0x236E160	2823	0x0B07	11	7	0xCA2990	A
sm100	0x236E160	2825	0x0B09	11	9	0xCA1F10	A
sm100	0x236E160	2826	0x0B0A	11	10	0xD13620	A
sm100	0x236E160	2834	0x0B12	11	18	0xE31E50	A
sm100	0x236E160	2836	0x0B14	11	20	0xE30080	A
sm100	0x236E160	2838	0x0B16	11	22	0xE2E320	A
sm100	0x236E160	2840	0x0B18	11	24	0xE32CC0	A
sm100	0x236E160	2858	0x0B2A	11	42	0xCE9440	A
sm100	0x236E160	2859	0x0B2B	11	43	0xCA14F0	A
sm100	0x236E160	2861	0x0B2D	11	45	0xCA0AD0	A
sm100	0x236E160	2861	0x0B2D	11	45	0xCDC0F0	A
sm100	0x236E160	2877	0x0B3D	11	61	0x17581B0	A
sm100	0x236E160	2880	0x0B40	11	64	0xCDBB10	A
sm100	0x236E160	2883	0x0B43	11	67	0xCFE300	A
sm100	0x236E160	2896	0x0B50	11	80	0xD00870	A
sm100	0x236E160	2899	0x0B53	11	83	0xCDDE50	A
sm100	0x236E160	2938	0x0B7A	11	122	0xCE2F70	A
sm100	0x236E160	2940	0x0B7C	11	124	0x148E170	A
sm100	0x236E160	2955	0x0B8B	11	139	0xD05040	A
sm100	0x236E160	2958	0x0B8E	11	142	0xCF3BF0	A
sm100	0x236E160	2975	0x0B9F	11	159	0xD03EB0	A
sm100	0x236E160	2978	0x0BA2	11	162	0xCEF590	A
sm100	0x236E160	3019	0x0BCB	11	203	0x1489000	A
sm100	0x236E160	3021	0x0BCD	11	205	0x14825D0	A
sm100	0x236E160	3027	0x0BD3	11	211	0x14854A0	A
sm100	0x236E160	3029	0x0BD5	11	213	0x1481A10	A
sm100	0x236E160	3057	0x0BF1	11	241	0x14922F0	A
sm100	0x236E160	3059	0x0BF3	11	243	0x148B220	A
sm100	0x236E160	3331	0x0D03	13	3	0xD871C0	A
sm100	0x236E160	3334	0x0D06	13	6	0xD0DA40	A
sm100	0x236E160	3334	0x0D06	13	6	0xE72070	A
sm100	0x236E160	3337	0x0D09	13	9	0xD62A40	A
sm100	0x236E160	3337	0x0D09	13	9	0xD7DEE0	A
sm100	0x236E160	3338	0x0D0A	13	10	0xE49FE0	A
sm100	0x236E160	3339	0x0D0B	13	11	0xE501D0	A
sm100	0x236E160	3340	0x0D0C	13	12	0xD664A0	A
sm100	0x236E160	3340	0x0D0C	13	12	0xD81940	A
sm100	0x236E160	3340	0x0D0C	13	12	0xD92020	A
sm100	0x236E160	3343	0x0D0F	13	15	0xE508F0	A
sm100	0x236E160	3344	0x0D10	13	16	0xE52420	A
sm100	0x236E160	3346	0x0D12	13	18	0xC6B150	A
sm100	0x236E160	3346	0x0D12	13	18	0xD15480	A
sm100	0x236E160	3347	0x0D13	13	19	0xD1D610	A
sm100	0x236E160	3351	0x0D17	13	23	0xD1DD30	A
sm100	0x236E160	3352	0x0D18	13	24	0xD1F860	A
sm100	0x236E160	4099	0x1003	16	3	0xE6FC40	A
sm100	0x236E160	4609	0x1201	18	1	0xDE41B0	A
sm100	0x236E160	4609	0x1201	18	1	0xE25F30	A
sm100	0x236E160	4609	0x1201	18	1	0xE27F80	A
sm100	0x236E160	4610	0x1202	18	2	0xE248A0	A
sm100	0x236E160	4610	0x1202	18	2	0xE269B0	A
sm100	0x236E160	4610	0x1202	18	2	0xE62B40	A
sm100	0x236E160	4611	0x1203	18	3	0xDE46E0	A
sm100	0x236E160	4611	0x1203	18	3	0xE25980	A
sm100	0x236E160	4611	0x1203	18	3	0xE27A00	A
sm100	0x236E160	4611	0x1203	18	3	0xE625D0	A
sm100	0x236E160	4612	0x1204	18	4	0xE24320	A
sm100	0x236E160	4612	0x1204	18	4	0xE26460	A
sm100	0x236E160	4613	0x1205	18	5	0xE253D0	A
sm100	0x236E160	4613	0x1205	18	5	0xE27480	A
sm100	0x236E160	4613	0x1205	18	5	0xE63690	A
sm100	0x236E160	4627	0x1213	18	19	0xCA6F50	A
sm100	0x236E160	4629	0x1215	18	21	0xCAA090	A
sm100	0x236E160	4639	0x121F	18	31	0xCA69A0	A
sm100	0x236E160	4641	0x1221	18	33	0xCA9AE0	A
sm100	0x236E160	4864	0x1300	19	0	0x14F3B90	A
sm100	0x236E160	4865	0x1301	19	1	0x14CAB10	A
sm100	0x236E160	4865	0x1301	19	1	0x14EF6B0	A
sm100	0x236E160	4865	0x1301	19	1	0x14F0F10	A
sm100	0x236E160	4865	0x1301	19	1	0x175B250	A
sm100	0x236E160	4865	0x1301	19	1	0x1776320	A
sm100	0x236E160	4865	0x1301	19	1	0x1793460	A
sm100	0x236E160	4865	0x1301	19	1	0xD691F0	A
sm100	0x236E160	4865	0x1301	19	1	0xD84690	A
sm100	0x236E160	4865	0x1301	19	1	0xDCC680	A
sm100	0x236E160	4865	0x1301	19	1	0xE03170	A
sm100	0x236E160	4865	0x1301	19	1	0xE04410	A
sm100	0x236E160	4866	0x1302	19	2	0x14CBE40	A
sm100	0x236E160	4866	0x1302	19	2	0x14F1540	A
sm100	0x236E160	4866	0x1302	19	2	0x175B940	A
sm100	0x236E160	4866	0x1302	19	2	0xCC79C0	A
sm100	0x236E160	4866	0x1302	19	2	0xD68AA0	A
sm100	0x236E160	4866	0x1302	19	2	0xD83F40	A
sm100	0x236E160	4866	0x1302	19	2	0xD8A470	A
sm100	0x236E160	4866	0x1302	19	2	0xDCBFD0	A
sm100	0x236E160	4866	0x1302	19	2	0xE4AD00	A
sm100	0x236E160	4866	0x1302	19	2	0xE6DCD0	A
sm100	0x236E160	4867	0x1303	19	3	0x14CCB50	A
sm100	0x236E160	4867	0x1303	19	3	0x14F1C40	A
sm100	0x236E160	4867	0x1303	19	3	0xE4A670	A
sm100	0x236E160	4868	0x1304	19	4	0x173C620	A
sm100	0x236E160	4868	0x1304	19	4	0xD87F20	A
sm100	0x236E160	4868	0x1304	19	4	0xD89C90	A
sm100	0x236E160	4868	0x1304	19	4	0xE4B390	A
sm100	0x236E160	4869	0x1305	19	5	0xD18190	A
sm100	0x236E160	4869	0x1305	19	5	0xD87850	A
sm100	0x236E160	4870	0x1306	19	6	0xD17B00	A
sm100	0x236E160	4870	0x1306	19	6	0xD8B2E0	A
sm100	0x236E160	4870	0x1306	19	6	0xDD0C40	A
sm100	0x236E160	4871	0x1307	19	7	0xD18820	A
sm100	0x236E160	4871	0x1307	19	7	0xDCED10	A
sm100	0x236E160	4871	0x1307	19	7	0xDD0600	A
sm100	0x236E160	4872	0x1308	19	8	0xCBD380	A
sm100	0x236E160	4872	0x1308	19	8	0xD8AB60	A
sm100	0x236E160	4872	0x1308	19	8	0xDCE5F0	A
sm100	0x236E160	4873	0x1309	19	9	0xDD3060	A
sm100	0x236E160	4874	0x130A	19	10	0x14A6B20	A
sm100	0x236E160	4874	0x130A	19	10	0x14CB7C0	A
sm100	0x236E160	4874	0x130A	19	10	0x1758DF0	A
sm100	0x236E160	4874	0x130A	19	10	0xD65DB0	A
sm100	0x236E160	4874	0x130A	19	10	0xD81250	A
sm100	0x236E160	4874	0x130A	19	10	0xD8B9A0	A
sm100	0x236E160	4874	0x130A	19	10	0xDD2A00	A
sm100	0x236E160	4875	0x130B	19	11	0x14A0ED0	A
sm100	0x236E160	4875	0x130B	19	11	0x14CB150	A
sm100	0x236E160	4875	0x130B	19	11	0x1758680	A
sm100	0x236E160	4875	0x130B	19	11	0xD65700	A
sm100	0x236E160	4875	0x130B	19	11	0xD80BA0	A
sm100	0x236E160	4876	0x130C	19	12	0x14A2520	A
sm100	0x236E160	4876	0x130C	19	12	0x1759530	A
sm100	0x236E160	4876	0x130C	19	12	0xE51650	A
sm100	0x236E160	4877	0x130D	19	13	0x14A07B0	A
sm100	0x236E160	4877	0x130D	19	13	0xCD0370	A
sm100	0x236E160	4877	0x130D	19	13	0xE50FA0	A
sm100	0x236E160	4878	0x130E	19	14	0x14A1E60	A
sm100	0x236E160	4878	0x130E	19	14	0x173F460	A
sm100	0x236E160	4878	0x130E	19	14	0xE51D70	A
sm100	0x236E160	4879	0x130F	19	15	0x14A1650	A
sm100	0x236E160	4879	0x130F	19	15	0x173EDF0	A
sm100	0x236E160	4880	0x1310	19	16	0x14A3450	A
sm100	0x236E160	4881	0x1311	19	17	0xE53970	A
sm100	0x236E160	4882	0x1312	19	18	0x177E2A0	A
sm100	0x236E160	4882	0x1312	19	18	0xCC91E0	A
sm100	0x236E160	4882	0x1312	19	18	0xDD55F0	A
sm100	0x236E160	4882	0x1312	19	18	0xE53280	A
sm100	0x236E160	4883	0x1313	19	19	0x1740200	A
sm100	0x236E160	4883	0x1313	19	19	0x1C068A0	A
sm100	0x236E160	4883	0x1313	19	19	0xDD4ED0	A
sm100	0x236E160	4883	0x1313	19	19	0xE540D0	A
sm100	0x236E160	4884	0x1314	19	20	0x173FB30	A
sm100	0x236E160	4884	0x1314	19	20	0x1C061F0	A
sm100	0x236E160	4884	0x1314	19	20	0xD1EA90	A
sm100	0x236E160	4885	0x1315	19	21	0x1C07600	A
sm100	0x236E160	4885	0x1315	19	21	0xD1E3E0	A
sm100	0x236E160	4885	0x1315	19	21	0xDD6B20	A
sm100	0x236E160	4886	0x1316	19	22	0xD1F1B0	A
sm100	0x236E160	4886	0x1316	19	22	0xDD6470	A
sm100	0x236E160	4886	0x1316	19	22	0xE4F330	A
sm100	0x236E160	4887	0x1317	19	23	0xE4EC00	A
sm100	0x236E160	4888	0x1318	19	24	0xE4FAA0	A
sm100	0x236E160	4889	0x1319	19	25	0xD20DA0	A
sm100	0x236E160	4890	0x131A	19	26	0xD206B0	A
sm100	0x236E160	4891	0x131B	19	27	0xD21500	A
sm100	0x236E160	4891	0x131B	19	27	0xE4D6B0	A
sm100	0x236E160	4892	0x131C	19	28	0x1779750	A
sm100	0x236E160	4892	0x131C	19	28	0xE4CFC0	A
sm100	0x236E160	4893	0x131D	19	29	0x177AB60	A
sm100	0x236E160	4893	0x131D	19	29	0xE4DDE0	A
sm100	0x236E160	4894	0x131E	19	30	0xD1C770	A
sm100	0x236E160	4895	0x131F	19	31	0xD1C040	A
sm100	0x236E160	4896	0x1320	19	32	0x14C90A0	A
sm100	0x236E160	4896	0x1320	19	32	0x1779D40	A
sm100	0x236E160	4896	0x1320	19	32	0xD1CEE0	A
sm100	0x236E160	4897	0x1321	19	33	0x17811D0	A
sm100	0x236E160	4898	0x1322	19	34	0xCCE5C0	A
sm100	0x236E160	4899	0x1323	19	35	0xCCA660	A
sm100	0x236E160	4899	0x1323	19	35	0xD1AB10	A
sm100	0x236E160	4900	0x1324	19	36	0xCC9910	A
sm100	0x236E160	4900	0x1324	19	36	0xD1A430	A
sm100	0x236E160	4901	0x1325	19	37	0x1781920	A
sm100	0x236E160	4901	0x1325	19	37	0xD1B230	A
sm100	0x236E160	4902	0x1326	19	38	0x1740F90	A
sm100	0x236E160	4902	0x1326	19	38	0x177C100	A
sm100	0x236E160	4902	0x1326	19	38	0xD19D50	A
sm100	0x236E160	4904	0x1328	19	40	0x1740900	A
sm100	0x236E160	4904	0x1328	19	40	0x175C040	A
sm100	0x236E160	4905	0x1329	19	41	0xCC9FB0	A
sm100	0x236E160	4906	0x132A	19	42	0x173D960	A
sm100	0x236E160	4906	0x132A	19	42	0x175CE90	A
sm100	0x236E160	4907	0x132B	19	43	0x175D5A0	A
sm100	0x236E160	4908	0x132C	19	44	0x14AF510	A
sm100	0x236E160	4910	0x132E	19	46	0x1494D70	A
sm100	0x236E160	4913	0x1331	19	49	0x173CC50	A
sm100	0x236E160	4914	0x1332	19	50	0x173E6F0	A
sm100	0x236E160	4982	0x1376	19	118	0xCE2920	A
sm100	0x236E160	4984	0x1378	19	120	0xCE3570	A
sm100	0x236E160	4985	0x1379	19	121	0xCE3BC0	A
sm100	0x236E160	5041	0x13B1	19	177	0x1751000	A
sm100	0x236E160	5043	0x13B3	19	179	0x1751C50	A
sm100	0x236E160	5044	0x13B4	19	180	0x17522A0	A
sm100	0x236E160	5377	0x1501	21	1	0xEA7880	A
sm100	0x236E160	5633	0x1601	22	1	0xE61B40	A
sm100	0x236E160	5636	0x1604	22	4	0xE62070	A
sm100	0x236E160	5646	0x160E	22	14	0xDE5770	A
sm100	0x236E160	5647	0x160F	22	15	0xCA3410	A
sm100	0x236E160	5647	0x160F	22	15	0xDE7560	A
sm100	0x236E160	5649	0x1611	22	17	0xCA4B50	A
sm100	0x236E160	5650	0x1612	22	18	0xDE6340	A
sm100	0x236E160	5651	0x1613	22	19	0xDE8200	A
sm100	0x236E160	5659	0x161B	22	27	0xCA6360	A
sm100	0x236E160	5661	0x161D	22	29	0xCA9480	A
sm100	0x236E160	5671	0x1627	22	39	0xCA5D10	A
sm100	0x236E160	5673	0x1629	22	41	0xCA8E20	A
sm100	0x236E160	5683	0x1633	22	51	0xCA2E90	A
sm100	0x236E160	5685	0x1635	22	53	0xCA45B0	A
sm100	0x236E160	5977	0x1759	23	89	0xCD6080	A
sm100	0x236E160	6400	0x1900	25	0	0x14ED4D0	A
sm100	0x236E160	6400	0x1900	25	0	0xD5D3D0	A
sm100	0x236E160	6400	0x1900	25	0	0xE29F40	A
sm100	0x236E160	6400	0x1900	25	0	0xE65C70	A
sm100	0x236E160	6401	0x1901	25	1	0x14B4D60	A
sm100	0x236E160	6401	0x1901	25	1	0x14DE230	A
sm100	0x236E160	6401	0x1901	25	1	0x1764B60	A
sm100	0x236E160	6401	0x1901	25	1	0x176B090	A
sm100	0x236E160	6401	0x1901	25	1	0x1770520	A
sm100	0x236E160	6401	0x1901	25	1	0x1797C70	A
sm100	0x236E160	6401	0x1901	25	1	0xD283E0	A
sm100	0x236E160	6401	0x1901	25	1	0xD7C5E0	A
sm100	0x236E160	6401	0x1901	25	1	0xD9BA90	A
sm100	0x236E160	6401	0x1901	25	1	0xE069E0	A
sm100	0x236E160	6401	0x1901	25	1	0xE2CE80	A
sm100	0x236E160	6401	0x1901	25	1	0xE49950	A
sm100	0x236E160	6402	0x1902	25	2	0x14B5420	A
sm100	0x236E160	6402	0x1902	25	2	0x14DE890	A
sm100	0x236E160	6402	0x1902	25	2	0x176B700	A
sm100	0x236E160	6402	0x1902	25	2	0x1796DB0	A
sm100	0x236E160	6402	0x1902	25	2	0xD270E0	A
sm100	0x236E160	6402	0x1902	25	2	0xD7CC30	A
sm100	0x236E160	6402	0x1902	25	2	0xD9B440	A
sm100	0x236E160	6402	0x1902	25	2	0xE076A0	A
sm100	0x236E160	6402	0x1902	25	2	0xE2C7E0	A
sm100	0x236E160	6403	0x1903	25	3	0x14B61B0	A
sm100	0x236E160	6403	0x1903	25	3	0x14DFC70	A
sm100	0x236E160	6403	0x1903	25	3	0x175AB50	A
sm100	0x236E160	6403	0x1903	25	3	0x1765850	A
sm100	0x236E160	6403	0x1903	25	3	0x1797510	A
sm100	0x236E160	6403	0x1903	25	3	0xD27D80	A
sm100	0x236E160	6403	0x1903	25	3	0xD73520	A
sm100	0x236E160	6403	0x1903	25	3	0xD9ADF0	A
sm100	0x236E160	6403	0x1903	25	3	0xDB9AC0	A
sm100	0x236E160	6403	0x1903	25	3	0xE2ACC0	A
sm100	0x236E160	6404	0x1904	25	4	0x14B6870	A
sm100	0x236E160	6404	0x1904	25	4	0x14DEEF0	A
sm100	0x236E160	6404	0x1904	25	4	0x1796670	A
sm100	0x236E160	6404	0x1904	25	4	0xD16DE0	A
sm100	0x236E160	6404	0x1904	25	4	0xD76090	A
sm100	0x236E160	6404	0x1904	25	4	0xD9A7A0	A
sm100	0x236E160	6404	0x1904	25	4	0xDB9490	A
sm100	0x236E160	6404	0x1904	25	4	0xDF8BC0	A
sm100	0x236E160	6404	0x1904	25	4	0xE2A630	A
sm100	0x236E160	6405	0x1905	25	5	0x14B9E70	A
sm100	0x236E160	6405	0x1905	25	5	0x17671D0	A
sm100	0x236E160	6405	0x1905	25	5	0xC8DA00	A
sm100	0x236E160	6405	0x1905	25	5	0xD766D0	A
sm100	0x236E160	6405	0x1905	25	5	0xDBD210	A
sm100	0x236E160	6405	0x1905	25	5	0xDF97C0	A
sm100	0x236E160	6405	0x1905	25	5	0xE2B350	A
sm100	0x236E160	6405	0x1905	25	5	0xE661E0	A
sm100	0x236E160	6406	0x1906	25	6	0x14BABE0	A
sm100	0x236E160	6406	0x1906	25	6	0x1766B80	A
sm100	0x236E160	6406	0x1906	25	6	0xD73B60	A
sm100	0x236E160	6406	0x1906	25	6	0xD93230	A
sm100	0x236E160	6406	0x1906	25	6	0xDBEA50	A
sm100	0x236E160	6406	0x1906	25	6	0xDFBB30	A
sm100	0x236E160	6406	0x1906	25	6	0xE2BA20	A
sm100	0x236E160	6406	0x1906	25	6	0xE66860	A
sm100	0x236E160	6407	0x1907	25	7	0x14B97D0	A
sm100	0x236E160	6407	0x1907	25	7	0xD70B60	A
sm100	0x236E160	6407	0x1907	25	7	0xD9A150	A
sm100	0x236E160	6407	0x1907	25	7	0xDBDE20	A
sm100	0x236E160	6407	0x1907	25	7	0xDFA940	A
sm100	0x236E160	6407	0x1907	25	7	0xE2C0F0	A
sm100	0x236E160	6407	0x1907	25	7	0xE67CA0	A
sm100	0x236E160	6408	0x1908	25	8	0x14BA510	A
sm100	0x236E160	6408	0x1908	25	8	0xD17470	A
sm100	0x236E160	6408	0x1908	25	8	0xD30490	A
sm100	0x236E160	6408	0x1908	25	8	0xD6D6A0	A
sm100	0x236E160	6408	0x1908	25	8	0xD99B00	A
sm100	0x236E160	6408	0x1908	25	8	0xDBF090	A
sm100	0x236E160	6408	0x1908	25	8	0xDD1280	A
sm100	0x236E160	6408	0x1908	25	8	0xDFCD20	A
sm100	0x236E160	6408	0x1908	25	8	0xE28B10	A
sm100	0x236E160	6408	0x1908	25	8	0xE66EE0	A
sm100	0x236E160	6409	0x1909	25	9	0x14B7CB0	A
sm100	0x236E160	6409	0x1909	25	9	0x1759CA0	A
sm100	0x236E160	6409	0x1909	25	9	0xC91020	A
sm100	0x236E160	6409	0x1909	25	9	0xD2DC60	A
sm100	0x236E160	6409	0x1909	25	9	0xD6E250	A
sm100	0x236E160	6409	0x1909	25	9	0xD994B0	A
sm100	0x236E160	6409	0x1909	25	9	0xDC20D0	A
sm100	0x236E160	6409	0x1909	25	9	0xDCF450	A
sm100	0x236E160	6409	0x1909	25	9	0xDFE5B0	A
sm100	0x236E160	6409	0x1909	25	9	0xE28480	A
sm100	0x236E160	6409	0x1909	25	9	0xE675C0	A
sm100	0x236E160	6409	0x1909	25	9	0xE73380	A
sm100	0x236E160	6410	0x190A	25	10	0x14B7620	A
sm100	0x236E160	6410	0x190A	25	10	0x14E3B10	A
sm100	0x236E160	6410	0x190A	25	10	0xD2C8E0	A
sm100	0x236E160	6410	0x190A	25	10	0xD71710	A
sm100	0x236E160	6410	0x190A	25	10	0xD98E60	A
sm100	0x236E160	6410	0x190A	25	10	0xDC0F30	A
sm100	0x236E160	6410	0x190A	25	10	0xDFD370	A
sm100	0x236E160	6410	0x190A	25	10	0xE291A0	A
sm100	0x236E160	6411	0x190B	25	11	0x14B8340	A
sm100	0x236E160	6411	0x190B	25	11	0x14E2C50	A
sm100	0x236E160	6411	0x190B	25	11	0x1766530	A
sm100	0x236E160	6411	0x190B	25	11	0xD2D5D0	A
sm100	0x236E160	6411	0x190B	25	11	0xD71120	A
sm100	0x236E160	6411	0x190B	25	11	0xDC1AE0	A
sm100	0x236E160	6411	0x190B	25	11	0xDFDF90	A
sm100	0x236E160	6411	0x190B	25	11	0xE29870	A
sm100	0x236E160	6412	0x190C	25	12	0x14B8A10	A
sm100	0x236E160	6412	0x190C	25	12	0x14E33B0	A
sm100	0x236E160	6412	0x190C	25	12	0x1733B50	A
sm100	0x236E160	6412	0x190C	25	12	0x1765EE0	A
sm100	0x236E160	6412	0x190C	25	12	0xD2CF40	A
sm100	0x236E160	6412	0x190C	25	12	0xD71D00	A
sm100	0x236E160	6412	0x190C	25	12	0xDC14F0	A
sm100	0x236E160	6412	0x190C	25	12	0xDFD970	A
sm100	0x236E160	6413	0x190D	25	13	0x14B90E0	A
sm100	0x236E160	6413	0x190D	25	13	0x1747360	A
sm100	0x236E160	6413	0x190D	25	13	0xC8AF40	A
sm100	0x236E160	6413	0x190D	25	13	0xD28A60	A
sm100	0x236E160	6413	0x190D	25	13	0xD6DC60	A
sm100	0x236E160	6413	0x190D	25	13	0xD9E610	A
sm100	0x236E160	6413	0x190D	25	13	0xDBCC50	A
sm100	0x236E160	6413	0x190D	25	13	0xDF9DC0	A
sm100	0x236E160	6414	0x190E	25	14	0x14BCB40	A
sm100	0x236E160	6414	0x190E	25	14	0xC8A900	A
sm100	0x236E160	6414	0x190E	25	14	0xD2AF70	A
sm100	0x236E160	6414	0x190E	25	14	0xD6E840	A
sm100	0x236E160	6414	0x190E	25	14	0xD9F270	A
sm100	0x236E160	6414	0x190E	25	14	0xDBE460	A
sm100	0x236E160	6414	0x190E	25	14	0xDFC150	A
sm100	0x236E160	6415	0x190F	25	15	0x14BD770	A
sm100	0x236E160	6415	0x190F	25	15	0x1748CC0	A
sm100	0x236E160	6415	0x190F	25	15	0xC8C170	A
sm100	0x236E160	6415	0x190F	25	15	0xD29CB0	A
sm100	0x236E160	6415	0x190F	25	15	0xD72880	A
sm100	0x236E160	6415	0x190F	25	15	0xD9EC30	A
sm100	0x236E160	6415	0x190F	25	15	0xDBD830	A
sm100	0x236E160	6416	0x1910	25	16	0x14BD150	A
sm100	0x236E160	6416	0x1910	25	16	0xC8B530	A
sm100	0x236E160	6416	0x1910	25	16	0xD2C230	A
sm100	0x236E160	6416	0x1910	25	16	0xD753F0	A
sm100	0x236E160	6416	0x1910	25	16	0xD9C0D0	A
sm100	0x236E160	6416	0x1910	25	16	0xDBB360	A
sm100	0x236E160	6417	0x1911	25	17	0x14BDD90	A
sm100	0x236E160	6417	0x1911	25	17	0xC8C7C0	A
sm100	0x236E160	6417	0x1911	25	17	0xD290A0	A
sm100	0x236E160	6417	0x1911	25	17	0xD75A30	A
sm100	0x236E160	6417	0x1911	25	17	0xD9CD30	A
sm100	0x236E160	6417	0x1911	25	17	0xDBBFC0	A
sm100	0x236E160	6418	0x1912	25	18	0x14BB2B0	A
sm100	0x236E160	6418	0x1912	25	18	0x17453D0	A
sm100	0x236E160	6418	0x1912	25	18	0xC9C380	A
sm100	0x236E160	6418	0x1912	25	18	0xD2B5D0	A
sm100	0x236E160	6418	0x1912	25	18	0xD72EC0	A
sm100	0x236E160	6418	0x1912	25	18	0xD9C6F0	A
sm100	0x236E160	6418	0x1912	25	18	0xDBB980	A
sm100	0x236E160	6419	0x1913	25	19	0x14BBEE0	A
sm100	0x236E160	6419	0x1913	25	19	0xC985B0	A
sm100	0x236E160	6419	0x1913	25	19	0xD6F3C0	A
sm100	0x236E160	6419	0x1913	25	19	0xD9F8B0	A
sm100	0x236E160	6419	0x1913	25	19	0xDBC600	A
sm100	0x236E160	6420	0x1914	25	20	0x14BB8C0	A
sm100	0x236E160	6420	0x1914	25	20	0x1746D30	A
sm100	0x236E160	6420	0x1914	25	20	0xC98C00	A
sm100	0x236E160	6420	0x1914	25	20	0xD6BF00	A
sm100	0x236E160	6420	0x1914	25	20	0xDA0510	A
sm100	0x236E160	6420	0x1914	25	20	0xDC08E0	A
sm100	0x236E160	6421	0x1915	25	21	0x14BC500	A
sm100	0x236E160	6421	0x1915	25	21	0xC9AB00	A
sm100	0x236E160	6421	0x1915	25	21	0xD6CAB0	A
sm100	0x236E160	6421	0x1915	25	21	0xD9FED0	A
sm100	0x236E160	6421	0x1915	25	21	0xDBF6A0	A
sm100	0x236E160	6421	0x1915	25	21	0xDF40B0	A
sm100	0x236E160	6422	0x1916	25	22	0x14B4000	A
sm100	0x236E160	6422	0x1916	25	22	0xC9B720	A
sm100	0x236E160	6422	0x1916	25	22	0xD6FF70	A
sm100	0x236E160	6422	0x1916	25	22	0xD9D370	A
sm100	0x236E160	6422	0x1916	25	22	0xDC02C0	A
sm100	0x236E160	6422	0x1916	25	22	0xDF6E10	A
sm100	0x236E160	6423	0x1917	25	23	0x14B3970	A
sm100	0x236E160	6423	0x1917	25	23	0xC9B100	A
sm100	0x236E160	6423	0x1917	25	23	0xD6F980	A
sm100	0x236E160	6423	0x1917	25	23	0xD9DFD0	A
sm100	0x236E160	6423	0x1917	25	23	0xDBFCA0	A
sm100	0x236E160	6424	0x1918	25	24	0x14B4690	A
sm100	0x236E160	6424	0x1918	25	24	0xC9BD40	A
sm100	0x236E160	6424	0x1918	25	24	0xD70560	A
sm100	0x236E160	6424	0x1918	25	24	0xD9D990	A
sm100	0x236E160	6424	0x1918	25	24	0xDBA120	A
sm100	0x236E160	6425	0x1919	25	25	0x14B5AE0	A
sm100	0x236E160	6425	0x1919	25	25	0x1743E10	A
sm100	0x236E160	6425	0x1919	25	25	0xC959F0	A
sm100	0x236E160	6425	0x1919	25	25	0xD23A50	A
sm100	0x236E160	6425	0x1919	25	25	0xD6C4C0	A
sm100	0x236E160	6425	0x1919	25	25	0xDA1D90	A
sm100	0x236E160	6425	0x1919	25	25	0xDBAD40	A
sm100	0x236E160	6426	0x191A	25	26	0x1777FA0	A
sm100	0x236E160	6426	0x191A	25	26	0xC972E0	A
sm100	0x236E160	6426	0x191A	25	26	0xD6D0A0	A
sm100	0x236E160	6426	0x191A	25	26	0xDA29B0	A
sm100	0x236E160	6427	0x191B	25	27	0x1779160	A
sm100	0x236E160	6427	0x191B	25	27	0xC96650	A
sm100	0x236E160	6427	0x191B	25	27	0xCE0520	A
sm100	0x236E160	6427	0x191B	25	27	0xD2FEE0	A
sm100	0x236E160	6427	0x191B	25	27	0xDA2390	A
sm100	0x236E160	6427	0x191B	25	27	0xE007D0	A
sm100	0x236E160	6428	0x191C	25	28	0xC95FF0	A
sm100	0x236E160	6428	0x191C	25	28	0xD983F0	A
sm100	0x236E160	6428	0x191C	25	28	0xDA0B50	A
sm100	0x236E160	6429	0x191D	25	29	0xC97900	A
sm100	0x236E160	6429	0x191D	25	29	0xD6B030	A
sm100	0x236E160	6429	0x191D	25	29	0xDA1770	A
sm100	0x236E160	6430	0x191E	25	30	0xC96C70	A
sm100	0x236E160	6430	0x191E	25	30	0xD31A70	A
sm100	0x236E160	6430	0x191E	25	30	0xD741C0	A
sm100	0x236E160	6430	0x191E	25	30	0xE4C8D0	A
sm100	0x236E160	6431	0x191F	25	31	0x14C8380	A
sm100	0x236E160	6431	0x191F	25	31	0xC97F70	A
sm100	0x236E160	6431	0x191F	25	31	0xD24690	A
sm100	0x236E160	6432	0x1920	25	32	0xC99280	A
sm100	0x236E160	6432	0x1920	25	32	0xD25330	A
sm100	0x236E160	6433	0x1921	25	33	0xC99EA0	A
sm100	0x236E160	6433	0x1921	25	33	0xD6B530	A
sm100	0x236E160	6434	0x1922	25	34	0xC99880	A
sm100	0x236E160	6434	0x1922	25	34	0xD7A660	A
sm100	0x236E160	6435	0x1923	25	35	0xC9A4C0	A
sm100	0x236E160	6435	0x1923	25	35	0xD78690	A
sm100	0x236E160	6436	0x1924	25	36	0xC92E30	A
sm100	0x236E160	6436	0x1924	25	36	0xD76D30	A
sm100	0x236E160	6437	0x1925	25	37	0xC94720	A
sm100	0x236E160	6437	0x1925	25	37	0xD77A10	A
sm100	0x236E160	6438	0x1926	25	38	0xC93A90	A
sm100	0x236E160	6438	0x1926	25	38	0xD7AC90	A
sm100	0x236E160	6439	0x1927	25	39	0x175C750	A
sm100	0x236E160	6439	0x1927	25	39	0xC93430	A
sm100	0x236E160	6439	0x1927	25	39	0xD78CD0	A
sm100	0x236E160	6440	0x1928	25	40	0xC94D40	A
sm100	0x236E160	6441	0x1929	25	41	0x175DCE0	A
sm100	0x236E160	6441	0x1929	25	41	0xC940B0	A
sm100	0x236E160	6441	0x1929	25	41	0xD79FB0	A
sm100	0x236E160	6441	0x1929	25	41	0xDF6330	A
sm100	0x236E160	6442	0x192A	25	42	0x1495B00	A
sm100	0x236E160	6442	0x192A	25	42	0x176FE60	A
sm100	0x236E160	6442	0x192A	25	42	0xD79960	A
sm100	0x236E160	6443	0x192B	25	43	0x175F240	A
sm100	0x236E160	6443	0x192B	25	43	0x176F7D0	A
sm100	0x236E160	6443	0x192B	25	43	0xDDDDF0	A
sm100	0x236E160	6444	0x192C	25	44	0x1495400	A
sm100	0x236E160	6444	0x192C	25	44	0x16DFDE0	A
sm100	0x236E160	6444	0x192C	25	44	0x175EB30	A
sm100	0x236E160	6444	0x192C	25	44	0x176F140	A
sm100	0x236E160	6444	0x192C	25	44	0xD7BF40	A
sm100	0x236E160	6445	0x192D	25	45	0x1494050	A
sm100	0x236E160	6445	0x192D	25	45	0x175F950	A
sm100	0x236E160	6445	0x192D	25	45	0xC8EC90	A
sm100	0x236E160	6445	0x192D	25	45	0xD7B900	A
sm100	0x236E160	6446	0x192E	25	46	0xD773A0	A
sm100	0x236E160	6449	0x1931	25	49	0xC86610	A
sm100	0x236E160	6450	0x1932	25	50	0xC87DB0	A
sm100	0x236E160	6451	0x1933	25	51	0xC88A40	A
sm100	0x236E160	6452	0x1934	25	52	0xC883F0	A
sm100	0x236E160	6457	0x1939	25	57	0xC871F0	A
sm100	0x236E160	6458	0x193A	25	58	0xC896D0	A
sm100	0x236E160	6459	0x193B	25	59	0xC89090	A
sm100	0x236E160	6461	0x193D	25	61	0xC9CF80	A
sm100	0x236E160	6462	0x193E	25	62	0x1737D00	A
sm100	0x236E160	6465	0x1941	25	65	0xC9D540	A
sm100	0x236E160	6466	0x1942	25	66	0xC9DB30	A
sm100	0x236E160	6469	0x1945	25	69	0xC9EDB0	A
sm100	0x236E160	6470	0x1946	25	70	0xCDB530	A
sm100	0x236E160	6513	0x1971	25	113	0x174B0A0	A
sm100	0x236E160	6515	0x1973	25	115	0x174C7C0	A
sm100	0x236E160	6517	0x1975	25	117	0x174BC30	A
sm100	0x236E160	6519	0x1977	25	119	0xCE2320	A
sm100	0x236E160	6572	0x19AC	25	172	0x174EB60	A
sm100	0x236E160	6574	0x19AE	25	174	0x1750400	A
sm100	0x236E160	6576	0x19B0	25	176	0x174F7B0	A
sm100	0x236E160	6578	0x19B2	25	178	0x1750A00	A
sm100	0x236E160	6590	0x19BE	25	190	0x17492F0	A
sm100	0x236E160	6592	0x19C0	25	192	0x174AAD0	A
sm100	0x236E160	6615	0x19D7	25	215	0x1481430	A
sm100	0x236E160	6622	0x19DE	25	222	0x148FC80	A
sm100	0x236E160	6623	0x19DF	25	223	0x1486600	A
sm100	0x236E160	6656	0x1A00	26	0	0xE68E40	A
sm100	0x236E160	6657	0x1A01	26	1	0x14E77A0	A
sm100	0x236E160	6658	0x1A02	26	2	0x14E7F30	A
sm100	0x236E160	6659	0x1A03	26	3	0x14E86C0	A
sm100	0x236E160	6661	0x1A05	26	5	0x14E9600	A
sm100	0x236E160	6662	0x1A06	26	6	0x14E68E0	A
sm100	0x236E160	6680	0x1A18	26	24	0xCC47B0	A
sm100	0x236E160	6682	0x1A1A	26	26	0xCC71F0	A
sm100	0x236E160	6683	0x1A1B	26	27	0xCC53D0	A
sm100	0x236E160	6684	0x1A1C	26	28	0xCC4C50	A
sm100	0x236E160	6685	0x1A1D	26	29	0xCC62D0	A
sm100	0x236E160	6916	0x1B04	27	4	0x14E8E50	A
sm100	0x236E160	7681	0x1E01	30	1	0xDF11F0	A
sm100	0x236E160	7682	0x1E02	30	2	0xCAF0A0	A
sm100	0x236E160	7685	0x1E05	30	5	0xCAFB30	A
sm100	0x236E160	8193	0x2001	32	1	0x1510FA0	A
sm100	0x236E160	8488	0x2128	33	40	0xD79310	A
sm100	0x236E160	8490	0x212A	33	42	0x1772B70	A
sm100	0x236E160	8491	0x212B	33	43	0x1773120	A
sm100	0x236E160	8491	0x212B	33	43	0xD7B2C0	A
sm100	0x236E160	8496	0x2130	33	48	0x1773770	A
sm100	0x236E160	8705	0x2201	34	1	0xCF9A30	A
sm100	0x236E160	8706	0x2202	34	2	0xCF9490	A
sm100	0x236E160	8708	0x2204	34	4	0x173AD30	A
sm100	0x236E160	8708	0x2204	34	4	0xCBBCF0	A
sm100	0x236E160	8708	0x2204	34	4	0xCD28B0	A
sm100	0x236E160	8709	0x2205	34	5	0x173B200	A
sm100	0x236E160	8709	0x2205	34	5	0x1774360	A
sm100	0x236E160	8709	0x2205	34	5	0xCDAF50	A
sm100	0x236E160	8726	0x2216	34	22	0x1C06F50	A
sm100	0x236E160	8727	0x2217	34	23	0x1778580	A
sm100	0x236E160	8747	0x222B	34	43	0xCD2320	A
sm100	0x236E160	8748	0x222C	34	44	0xCDA970	A
sm100	0x236E160	8750	0x222E	34	46	0xCF8980	A
sm100	0x236E160	8751	0x222F	34	47	0xCF83E0	A
sm100	0x236E160	8766	0x223E	34	62	0xCD1D90	A
sm100	0x236E160	8767	0x223F	34	63	0xCDA390	A
sm100	0x236E160	8772	0x2244	34	68	0xCD1800	A
sm100	0x236E160	8773	0x2245	34	69	0xCD9DB0	A
sm100	0x236E160	8775	0x2247	34	71	0xCFAAB0	A
sm100	0x236E160	8776	0x2248	34	72	0xCFA540	A
sm100	0x236E160	8785	0x2251	34	81	0xCD33D0	A
sm100	0x236E160	8786	0x2252	34	82	0xCDD290	A
sm100	0x236E160	8788	0x2254	34	84	0xCD2E40	A
sm100	0x236E160	8789	0x2255	34	85	0xCDCCB0	A
sm100	0x236E160	8794	0x225A	34	90	0xCFBB10	A
sm100	0x236E160	8795	0x225B	34	91	0xCFB5A0	A
sm100	0x236E160	8827	0x227B	34	123	0x148DC00	A
sm100	0x236E160	8829	0x227D	34	125	0x147F290	A
sm100	0x236E160	8844	0x228C	34	140	0xCF3630	A
sm100	0x236E160	8845	0x228D	34	141	0xCF3020	A
sm100	0x236E160	8847	0x228F	34	143	0xCF2450	A
sm100	0x236E160	8848	0x2290	34	144	0xCF1E40	A
sm100	0x236E160	8850	0x2292	34	146	0xCF47C0	A
sm100	0x236E160	8851	0x2293	34	147	0xCF4200	A
sm100	0x236E160	8853	0x2295	34	149	0xCF5910	A
sm100	0x236E160	8854	0x2296	34	150	0xCF5350	A
sm100	0x236E160	8864	0x22A0	34	160	0xCEEFD0	A
sm100	0x236E160	8865	0x22A1	34	161	0xCEE9C0	A
sm100	0x236E160	8867	0x22A3	34	163	0xCEDDF0	A
sm100	0x236E160	8868	0x22A4	34	164	0xCED7E0	A
sm100	0x236E160	8870	0x22A6	34	166	0xCF0160	A
sm100	0x236E160	8871	0x22A7	34	167	0xCEFBA0	A
sm100	0x236E160	8873	0x22A9	34	169	0xCF12B0	A
sm100	0x236E160	8874	0x22AA	34	170	0xCF0CF0	A
sm100	0x236E160	8908	0x22CC	34	204	0x147F820	A
sm100	0x236E160	8910	0x22CE	34	206	0x148D0F0	A
sm100	0x236E160	8916	0x22D4	34	212	0x147ED00	A
sm100	0x236E160	8918	0x22D6	34	214	0x147E770	A
sm100	0x236E160	8920	0x22D8	34	216	0x148E710	A
sm100	0x236E160	8946	0x22F2	34	242	0x148B830	A
sm100	0x236E160	8948	0x22F4	34	244	0x148A0D0	A
sm100	0x236E160	8950	0x22F6	34	246	0x148AC50	A
sm100	0x236E160	8966	0x2306	35	6	0xDCDFE0	A
sm100	0x236E160	8977	0x2311	35	17	0xDD48F0	A
sm100	0x236E160	8980	0x2314	35	20	0xDD5D50	A
sm100	0x236E160	8980	0x2314	35	20	0xE52B90	A
sm100	0x236E160	8981	0x2315	35	21	0xE4C150	A
sm100	0x236E160	8985	0x2319	35	25	0xE4E4D0	A
sm100	0x236E160	8986	0x231A	35	26	0xE4BA20	A
sm100	0x236E160	8988	0x231C	35	28	0xD1FFC0	A
sm100	0x236E160	8989	0x231D	35	29	0xD195E0	A
sm100	0x236E160	8993	0x2321	35	33	0xD1B910	A
sm100	0x236E160	8994	0x2322	35	34	0xD18EB0	A
sm100	0x236E160	9753	0x2619	38	25	0xCC6A50	A
sm80_8x	0x238C9B0	1	0x0001	0	1	0x106D510	A
sm80_8x	0x238C9B0	1	0x0001	0	1	0xE23DF0	A
sm80_8x	0x238C9B0	2	0x0002	0	2	0xCD0890	A
sm80_8x	0x238C9B0	4	0x0004	0	4	0x1068780	A
sm80_8x	0x238C9B0	4	0x0004	0	4	0xE2E7C0	A
sm80_8x	0x238C9B0	6	0x0006	0	6	0xE350F0	A
sm80_8x	0x238C9B0	6	0x0006	0	6	0xFFFA60	A
sm80_8x	0x238C9B0	8	0x0008	0	8	0xE33B80	A
sm80_8x	0x238C9B0	8	0x0008	0	8	0xFFE7C0	A
sm80_8x	0x238C9B0	10	0x000A	0	10	0xE35630	A
sm80_8x	0x238C9B0	10	0x000A	0	10	0xFFFF00	A
sm80_8x	0x238C9B0	12	0x000C	0	12	0xE340A0	A
sm80_8x	0x238C9B0	12	0x000C	0	12	0xFFEC50	A
sm80_8x	0x238C9B0	14	0x000E	0	14	0xE30A00	A
sm80_8x	0x238C9B0	14	0x000E	0	14	0xFFC0E0	A
sm80_8x	0x238C9B0	512	0x0200	2	0	0x1008610	A
sm80_8x	0x238C9B0	512	0x0200	2	0	0x100E590	A
sm80_8x	0x238C9B0	512	0x0200	2	0	0x10206A0	A
sm80_8x	0x238C9B0	512	0x0200	2	0	0x102C3F0	A
sm80_8x	0x238C9B0	512	0x0200	2	0	0x1791550	A
sm80_8x	0x238C9B0	512	0x0200	2	0	0x17F13F0	A
sm80_8x	0x238C9B0	512	0x0200	2	0	0xCB54F0	A
sm80_8x	0x238C9B0	512	0x0200	2	0	0xD0AA50	A
sm80_8x	0x238C9B0	512	0x0200	2	0	0xD5A7B0	A
sm80_8x	0x238C9B0	512	0x0200	2	0	0xE3F3D0	A
sm80_8x	0x238C9B0	512	0x0200	2	0	0xE445E0	B
sm80_8x	0x238C9B0	512	0x0200	2	0	0xE47D20	A
sm80_8x	0x238C9B0	512	0x0200	2	0	0xE5CF40	A
sm80_8x	0x238C9B0	512	0x0200	2	0	0xE6C270	A
sm80_8x	0x238C9B0	512	0x0200	2	0	0xEA6B80	B
sm80_8x	0x238C9B0	512	0x0200	2	0	0xEA6FE0	B
sm80_8x	0x238C9B0	512	0x0200	2	0	0xEA7440	B
sm80_8x	0x238C9B0	513	0x0201	2	1	0x100B820	A
sm80_8x	0x238C9B0	513	0x0201	2	1	0x100D280	A
sm80_8x	0x238C9B0	513	0x0201	2	1	0x102F240	A
sm80_8x	0x238C9B0	513	0x0201	2	1	0x1769230	A
sm80_8x	0x238C9B0	513	0x0201	2	1	0x1794670	A
sm80_8x	0x238C9B0	513	0x0201	2	1	0x17F3350	A
sm80_8x	0x238C9B0	513	0x0201	2	1	0x1806590	A
sm80_8x	0x238C9B0	513	0x0201	2	1	0xD0A4E0	A
sm80_8x	0x238C9B0	513	0x0201	2	1	0xD0B530	A
sm80_8x	0x238C9B0	513	0x0201	2	1	0xDCB560	A
sm80_8x	0x238C9B0	513	0x0201	2	1	0xDF05D0	A
sm80_8x	0x238C9B0	513	0x0201	2	1	0xE44A20	A
sm80_8x	0x238C9B0	513	0x0201	2	1	0xE46320	B
sm80_8x	0x238C9B0	513	0x0201	2	1	0xE46790	A
sm80_8x	0x238C9B0	513	0x0201	2	1	0xE6F740	A
sm80_8x	0x238C9B0	514	0x0202	2	2	0x100C100	A
sm80_8x	0x238C9B0	514	0x0202	2	2	0x102EE00	A
sm80_8x	0x238C9B0	514	0x0202	2	2	0x105EFE0	A
sm80_8x	0x238C9B0	514	0x0202	2	2	0x176D420	A
sm80_8x	0x238C9B0	514	0x0202	2	2	0x1794150	A
sm80_8x	0x238C9B0	514	0x0202	2	2	0x17DA550	A
sm80_8x	0x238C9B0	514	0x0202	2	2	0x17F2EC0	A
sm80_8x	0x238C9B0	514	0x0202	2	2	0xC7B6B0	A
sm80_8x	0x238C9B0	514	0x0202	2	2	0xC7D190	A
sm80_8x	0x238C9B0	514	0x0202	2	2	0xD0AFC0	A
sm80_8x	0x238C9B0	514	0x0202	2	2	0xDB5030	A
sm80_8x	0x238C9B0	514	0x0202	2	2	0xDE1A00	A
sm80_8x	0x238C9B0	514	0x0202	2	2	0xDEFFB0	A
sm80_8x	0x238C9B0	514	0x0202	2	2	0xE453E0	A
sm80_8x	0x238C9B0	514	0x0202	2	2	0xE6F290	A
sm80_8x	0x238C9B0	514	0x0202	2	2	0xEA9C20	A
sm80_8x	0x238C9B0	515	0x0203	2	3	0x1769740	A
sm80_8x	0x238C9B0	515	0x0203	2	3	0x1806EA0	A
sm80_8x	0x238C9B0	515	0x0203	2	3	0xD09F70	A
sm80_8x	0x238C9B0	515	0x0203	2	3	0xD69950	A
sm80_8x	0x238C9B0	515	0x0203	2	3	0xD84DF0	A
sm80_8x	0x238C9B0	515	0x0203	2	3	0xDCA620	A
sm80_8x	0x238C9B0	515	0x0203	2	3	0xDF0BD0	A
sm80_8x	0x238C9B0	516	0x0204	2	4	0x102FF00	A
sm80_8x	0x238C9B0	516	0x0204	2	4	0x1769CB0	A
sm80_8x	0x238C9B0	516	0x0204	2	4	0x176D9F0	A
sm80_8x	0x238C9B0	516	0x0204	2	4	0x17DAA40	A
sm80_8x	0x238C9B0	516	0x0204	2	4	0x1805C70	A
sm80_8x	0x238C9B0	516	0x0204	2	4	0xC7A6C0	A
sm80_8x	0x238C9B0	516	0x0204	2	4	0xC7C1A0	A
sm80_8x	0x238C9B0	516	0x0204	2	4	0xC81C00	A
sm80_8x	0x238C9B0	516	0x0204	2	4	0xDAD530	A
sm80_8x	0x238C9B0	516	0x0204	2	4	0xDB45B0	A
sm80_8x	0x238C9B0	516	0x0204	2	4	0xE1EBD0	A
sm80_8x	0x238C9B0	516	0x0204	2	4	0xE705A0	A
sm80_8x	0x238C9B0	517	0x0205	2	5	0x102FAC0	A
sm80_8x	0x238C9B0	517	0x0205	2	5	0xD6A5B0	A
sm80_8x	0x238C9B0	517	0x0205	2	5	0xD85A50	A
sm80_8x	0x238C9B0	517	0x0205	2	5	0xDA7C50	A
sm80_8x	0x238C9B0	517	0x0205	2	5	0xDE3BD0	A
sm80_8x	0x238C9B0	517	0x0205	2	5	0xDEEAA0	A
sm80_8x	0x238C9B0	517	0x0205	2	5	0xE700F0	A
sm80_8x	0x238C9B0	518	0x0206	2	6	0x17687B0	A
sm80_8x	0x238C9B0	518	0x0206	2	6	0x17D7950	A
sm80_8x	0x238C9B0	518	0x0206	2	6	0xC70270	A
sm80_8x	0x238C9B0	518	0x0206	2	6	0xDB5FC0	A
sm80_8x	0x238C9B0	519	0x0207	2	7	0xDA4D90	A
sm80_8x	0x238C9B0	519	0x0207	2	7	0xDE3600	A
sm80_8x	0x238C9B0	519	0x0207	2	7	0xDEFA40	A
sm80_8x	0x238C9B0	520	0x0208	2	8	0x1767D30	A
sm80_8x	0x238C9B0	520	0x0208	2	8	0xC85510	A
sm80_8x	0x238C9B0	520	0x0208	2	8	0xDB0E40	A
sm80_8x	0x238C9B0	520	0x0208	2	8	0xE224E0	A
sm80_8x	0x238C9B0	521	0x0209	2	9	0xDA76B0	A
sm80_8x	0x238C9B0	528	0x0210	2	16	0xD595C0	A
sm80_8x	0x238C9B0	530	0x0212	2	18	0xCA5700	A
sm80_8x	0x238C9B0	530	0x0212	2	18	0xD4F0B0	A
sm80_8x	0x238C9B0	532	0x0214	2	20	0xC842F0	A
sm80_8x	0x238C9B0	532	0x0214	2	20	0xCA8820	A
sm80_8x	0x238C9B0	532	0x0214	2	20	0xD4FB60	A
sm80_8x	0x238C9B0	532	0x0214	2	20	0xDAFC20	A
sm80_8x	0x238C9B0	532	0x0214	2	20	0xE212C0	A
sm80_8x	0x238C9B0	533	0x0215	2	21	0xC82720	A
sm80_8x	0x238C9B0	533	0x0215	2	21	0xDAE050	A
sm80_8x	0x238C9B0	533	0x0215	2	21	0xE1F6F0	A
sm80_8x	0x238C9B0	534	0x0216	2	22	0xC821C0	A
sm80_8x	0x238C9B0	534	0x0216	2	22	0xDADAF0	A
sm80_8x	0x238C9B0	534	0x0216	2	22	0xE1F190	A
sm80_8x	0x238C9B0	535	0x0217	2	23	0xD59050	A
sm80_8x	0x238C9B0	535	0x0217	2	23	0xD979A0	A
sm80_8x	0x238C9B0	537	0x0219	2	25	0xD96F30	A
sm80_8x	0x238C9B0	539	0x021B	2	27	0xD98900	A
sm80_8x	0x238C9B0	540	0x021C	2	28	0xD88630	A
sm80_8x	0x238C9B0	542	0x021E	2	30	0xCAAD00	A
sm80_8x	0x238C9B0	542	0x021E	2	30	0xD89210	A
sm80_8x	0x238C9B0	544	0x0220	2	32	0xC74A90	A
sm80_8x	0x238C9B0	544	0x0220	2	32	0xCA8220	A
sm80_8x	0x238C9B0	546	0x0222	2	34	0xC6ED10	A
sm80_8x	0x238C9B0	548	0x0224	2	36	0xC6F7C0	A
sm80_8x	0x238C9B0	550	0x0226	2	38	0xDDA430	A
sm80_8x	0x238C9B0	552	0x0228	2	40	0xDDC650	A
sm80_8x	0x238C9B0	554	0x022A	2	42	0xDDE350	A
sm80_8x	0x238C9B0	768	0x0300	3	0	0x103F270	A
sm80_8x	0x238C9B0	768	0x0300	3	0	0x17A5900	A
sm80_8x	0x238C9B0	768	0x0300	3	0	0x18000F0	A
sm80_8x	0x238C9B0	768	0x0300	3	0	0xE84350	A
sm80_8x	0x238C9B0	769	0x0301	3	1	0x10292B0	A
sm80_8x	0x238C9B0	769	0x0301	3	1	0x102A4F0	A
sm80_8x	0x238C9B0	769	0x0301	3	1	0x103C530	A
sm80_8x	0x238C9B0	769	0x0301	3	1	0x103D770	A
sm80_8x	0x238C9B0	769	0x0301	3	1	0x1049300	A
sm80_8x	0x238C9B0	769	0x0301	3	1	0x1070F50	A
sm80_8x	0x238C9B0	769	0x0301	3	1	0x1075910	A
sm80_8x	0x238C9B0	769	0x0301	3	1	0x176CEB0	A
sm80_8x	0x238C9B0	769	0x0301	3	1	0x1771230	A
sm80_8x	0x238C9B0	769	0x0301	3	1	0x17960F0	A
sm80_8x	0x238C9B0	769	0x0301	3	1	0x1798970	A
sm80_8x	0x238C9B0	769	0x0301	3	1	0x17DA070	A
sm80_8x	0x238C9B0	769	0x0301	3	1	0x17F4A20	A
sm80_8x	0x238C9B0	769	0x0301	3	1	0x17F6C50	A
sm80_8x	0x238C9B0	769	0x0301	3	1	0xC7AC30	A
sm80_8x	0x238C9B0	769	0x0301	3	1	0xC7C710	A
sm80_8x	0x238C9B0	769	0x0301	3	1	0xC92210	A
sm80_8x	0x238C9B0	769	0x0301	3	1	0xCB05C0	A
sm80_8x	0x238C9B0	769	0x0301	3	1	0xCB1FC0	A
sm80_8x	0x238C9B0	769	0x0301	3	1	0xD07240	A
sm80_8x	0x238C9B0	769	0x0301	3	1	0xD224D0	A
sm80_8x	0x238C9B0	769	0x0301	3	1	0xD32C30	A
sm80_8x	0x238C9B0	769	0x0301	3	1	0xD38E20	A
sm80_8x	0x238C9B0	769	0x0301	3	1	0xD43D10	A
sm80_8x	0x238C9B0	769	0x0301	3	1	0xD67AA0	A
sm80_8x	0x238C9B0	769	0x0301	3	1	0xD82F40	A
sm80_8x	0x238C9B0	769	0x0301	3	1	0xDA58A0	A
sm80_8x	0x238C9B0	769	0x0301	3	1	0xDB40A0	A
sm80_8x	0x238C9B0	769	0x0301	3	1	0xDC8C70	A
sm80_8x	0x238C9B0	769	0x0301	3	1	0xDDFAF0	A
sm80_8x	0x238C9B0	769	0x0301	3	1	0xDE1490	A
sm80_8x	0x238C9B0	769	0x0301	3	1	0xDE8840	A
sm80_8x	0x238C9B0	769	0x0301	3	1	0xDEAB30	A
sm80_8x	0x238C9B0	769	0x0301	3	1	0xE0A930	A
sm80_8x	0x238C9B0	769	0x0301	3	1	0xE65180	A
sm80_8x	0x238C9B0	769	0x0301	3	1	0xE683A0	A
sm80_8x	0x238C9B0	769	0x0301	3	1	0xE69E80	A
sm80_8x	0x238C9B0	769	0x0301	3	1	0xE75D40	A
sm80_8x	0x238C9B0	769	0x0301	3	1	0xE80880	A
sm80_8x	0x238C9B0	769	0x0301	3	1	0xE82370	A
sm80_8x	0x238C9B0	769	0x0301	3	1	0xE8FFF0	A
sm80_8x	0x238C9B0	770	0x0302	3	2	0x1027220	A
sm80_8x	0x238C9B0	770	0x0302	3	2	0x102A090	A
sm80_8x	0x238C9B0	770	0x0302	3	2	0x103D310	A
sm80_8x	0x238C9B0	770	0x0302	3	2	0x106CC10	A
sm80_8x	0x238C9B0	770	0x0302	3	2	0x106D090	A
sm80_8x	0x238C9B0	770	0x0302	3	2	0x1736520	A
sm80_8x	0x238C9B0	770	0x0302	3	2	0x176A1C0	A
sm80_8x	0x238C9B0	770	0x0302	3	2	0x1770B90	A
sm80_8x	0x238C9B0	770	0x0302	3	2	0x1771810	A
sm80_8x	0x238C9B0	770	0x0302	3	2	0x1795B70	A
sm80_8x	0x238C9B0	770	0x0302	3	2	0x17F4580	A
sm80_8x	0x238C9B0	770	0x0302	3	2	0x1806100	A
sm80_8x	0x238C9B0	770	0x0302	3	2	0xC810C0	A
sm80_8x	0x238C9B0	770	0x0302	3	2	0xC8CDD0	A
sm80_8x	0x238C9B0	770	0x0302	3	2	0xD22F20	A
sm80_8x	0x238C9B0	770	0x0302	3	2	0xD3A0A0	A
sm80_8x	0x238C9B0	770	0x0302	3	2	0xD57F70	A
sm80_8x	0x238C9B0	770	0x0302	3	2	0xDAC9F0	A
sm80_8x	0x238C9B0	770	0x0302	3	2	0xDE8D10	A
sm80_8x	0x238C9B0	770	0x0302	3	2	0xE1E090	A
sm80_8x	0x238C9B0	770	0x0302	3	2	0xE64C00	A
sm80_8x	0x238C9B0	770	0x0302	3	2	0xE688F0	A
sm80_8x	0x238C9B0	770	0x0302	3	2	0xE69960	A
sm80_8x	0x238C9B0	770	0x0302	3	2	0xE80DD0	A
sm80_8x	0x238C9B0	770	0x0302	3	2	0xE81E50	A
sm80_8x	0x238C9B0	771	0x0303	3	3	0x10276C0	A
sm80_8x	0x238C9B0	771	0x0303	3	3	0x1029BD0	A
sm80_8x	0x238C9B0	771	0x0303	3	3	0x103CE50	A
sm80_8x	0x238C9B0	771	0x0303	3	3	0x17347D0	A
sm80_8x	0x238C9B0	771	0x0303	3	3	0x1735F90	A
sm80_8x	0x238C9B0	771	0x0303	3	3	0x17551D0	A
sm80_8x	0x238C9B0	771	0x0303	3	3	0x176DFD0	A
sm80_8x	0x238C9B0	771	0x0303	3	3	0x1787EF0	A
sm80_8x	0x238C9B0	771	0x0303	3	3	0x17DAF30	A
sm80_8x	0x238C9B0	771	0x0303	3	3	0x17EAD80	A
sm80_8x	0x238C9B0	771	0x0303	3	3	0xC7BC60	A
sm80_8x	0x238C9B0	771	0x0303	3	3	0xC7D740	A
sm80_8x	0x238C9B0	771	0x0303	3	3	0xC7F8C0	A
sm80_8x	0x238C9B0	771	0x0303	3	3	0xC8D3D0	A
sm80_8x	0x238C9B0	771	0x0303	3	3	0xCB1030	A
sm80_8x	0x238C9B0	771	0x0303	3	3	0xCB2A10	A
sm80_8x	0x238C9B0	771	0x0303	3	3	0xD07730	A
sm80_8x	0x238C9B0	771	0x0303	3	3	0xD0BFB0	A
sm80_8x	0x238C9B0	771	0x0303	3	3	0xD447D0	A
sm80_8x	0x238C9B0	771	0x0303	3	3	0xD601B0	A
sm80_8x	0x238C9B0	771	0x0303	3	3	0xD68560	A
sm80_8x	0x238C9B0	771	0x0303	3	3	0xD83A00	A
sm80_8x	0x238C9B0	771	0x0303	3	3	0xDA62B0	A
sm80_8x	0x238C9B0	771	0x0303	3	3	0xDAB1F0	A
sm80_8x	0x238C9B0	771	0x0303	3	3	0xDB55A0	A
sm80_8x	0x238C9B0	771	0x0303	3	3	0xDC26E0	A
sm80_8x	0x238C9B0	771	0x0303	3	3	0xDCA120	A
sm80_8x	0x238C9B0	771	0x0303	3	3	0xDCCD10	A
sm80_8x	0x238C9B0	771	0x0303	3	3	0xDE0540	A
sm80_8x	0x238C9B0	771	0x0303	3	3	0xDE25B0	A
sm80_8x	0x238C9B0	771	0x0303	3	3	0xDEB580	A
sm80_8x	0x238C9B0	771	0x0303	3	3	0xDF91B0	A
sm80_8x	0x238C9B0	771	0x0303	3	3	0xE01F30	A
sm80_8x	0x238C9B0	771	0x0303	3	3	0xE0BEA0	A
sm80_8x	0x238C9B0	771	0x0303	3	3	0xE1C890	A
sm80_8x	0x238C9B0	771	0x0303	3	3	0xE65700	A
sm80_8x	0x238C9B0	771	0x0303	3	3	0xE693B0	A
sm80_8x	0x238C9B0	771	0x0303	3	3	0xE818A0	A
sm80_8x	0x238C9B0	772	0x0304	3	4	0x1752E50	A
sm80_8x	0x238C9B0	772	0x0304	3	4	0x17893D0	A
sm80_8x	0x238C9B0	772	0x0304	3	4	0x17A3D80	A
sm80_8x	0x238C9B0	772	0x0304	3	4	0x17EB680	A
sm80_8x	0x238C9B0	772	0x0304	3	4	0x17FE910	A
sm80_8x	0x238C9B0	772	0x0304	3	4	0xC92800	A
sm80_8x	0x238C9B0	772	0x0304	3	4	0xD0CA50	A
sm80_8x	0x238C9B0	772	0x0304	3	4	0xD27720	A
sm80_8x	0x238C9B0	772	0x0304	3	4	0xD39440	A
sm80_8x	0x238C9B0	772	0x0304	3	4	0xD61830	A
sm80_8x	0x238C9B0	772	0x0304	3	4	0xD6A0A0	A
sm80_8x	0x238C9B0	772	0x0304	3	4	0xD85540	A
sm80_8x	0x238C9B0	772	0x0304	3	4	0xD90630	A
sm80_8x	0x238C9B0	772	0x0304	3	4	0xDC36B0	A
sm80_8x	0x238C9B0	772	0x0304	3	4	0xDE1FD0	A
sm80_8x	0x238C9B0	772	0x0304	3	4	0xDE9230	A
sm80_8x	0x238C9B0	772	0x0304	3	4	0xDEE590	A
sm80_8x	0x238C9B0	773	0x0305	3	5	0x104AA60	A
sm80_8x	0x238C9B0	773	0x0305	3	5	0x1767820	A
sm80_8x	0x238C9B0	773	0x0305	3	5	0x17D6B80	A
sm80_8x	0x238C9B0	773	0x0305	3	5	0xC77860	A
sm80_8x	0x238C9B0	773	0x0305	3	5	0xD30F80	A
sm80_8x	0x238C9B0	773	0x0305	3	5	0xD3B950	A
sm80_8x	0x238C9B0	773	0x0305	3	5	0xD8DDA0	A
sm80_8x	0x238C9B0	773	0x0305	3	5	0xDB4B20	A
sm80_8x	0x238C9B0	773	0x0305	3	5	0xDEA0F0	A
sm80_8x	0x238C9B0	773	0x0305	3	5	0xE91B60	A
sm80_8x	0x238C9B0	774	0x0306	3	6	0x1049CE0	A
sm80_8x	0x238C9B0	774	0x0306	3	6	0x176BDA0	A
sm80_8x	0x238C9B0	774	0x0306	3	6	0x179ED70	A
sm80_8x	0x238C9B0	774	0x0306	3	6	0x17FB090	A
sm80_8x	0x238C9B0	774	0x0306	3	6	0xC81660	A
sm80_8x	0x238C9B0	774	0x0306	3	6	0xC8E030	A
sm80_8x	0x238C9B0	774	0x0306	3	6	0xCDC6D0	A
sm80_8x	0x238C9B0	774	0x0306	3	6	0xD314F0	A
sm80_8x	0x238C9B0	774	0x0306	3	6	0xD42B80	A
sm80_8x	0x238C9B0	774	0x0306	3	6	0xD53240	A
sm80_8x	0x238C9B0	774	0x0306	3	6	0xD63D00	A
sm80_8x	0x238C9B0	774	0x0306	3	6	0xD6AB20	A
sm80_8x	0x238C9B0	774	0x0306	3	6	0xD7F1A0	A
sm80_8x	0x238C9B0	774	0x0306	3	6	0xD85FC0	A
sm80_8x	0x238C9B0	774	0x0306	3	6	0xDA4820	A
sm80_8x	0x238C9B0	774	0x0306	3	6	0xDACF90	A
sm80_8x	0x238C9B0	774	0x0306	3	6	0xDE2B20	A
sm80_8x	0x238C9B0	774	0x0306	3	6	0xDEF010	A
sm80_8x	0x238C9B0	774	0x0306	3	6	0xE0C8F0	A
sm80_8x	0x238C9B0	774	0x0306	3	6	0xE1E630	A
sm80_8x	0x238C9B0	774	0x0306	3	6	0xE90BB0	A
sm80_8x	0x238C9B0	775	0x0307	3	7	0x1049820	A
sm80_8x	0x238C9B0	775	0x0307	3	7	0x1768D20	A
sm80_8x	0x238C9B0	775	0x0307	3	7	0x176C2D0	A
sm80_8x	0x238C9B0	775	0x0307	3	7	0x179E150	A
sm80_8x	0x238C9B0	775	0x0307	3	7	0x17FA650	A
sm80_8x	0x238C9B0	775	0x0307	3	7	0xC6FD20	A
sm80_8x	0x238C9B0	775	0x0307	3	7	0xC77EF0	A
sm80_8x	0x238C9B0	775	0x0307	3	7	0xC83D90	A
sm80_8x	0x238C9B0	775	0x0307	3	7	0xC90A40	A
sm80_8x	0x238C9B0	775	0x0307	3	7	0xD30A00	A
sm80_8x	0x238C9B0	775	0x0307	3	7	0xDAF6C0	A
sm80_8x	0x238C9B0	775	0x0307	3	7	0xE0D3F0	A
sm80_8x	0x238C9B0	775	0x0307	3	7	0xE20D60	A
sm80_8x	0x238C9B0	775	0x0307	3	7	0xE90600	A
sm80_8x	0x238C9B0	776	0x0308	3	8	0x104AF20	A
sm80_8x	0x238C9B0	776	0x0308	3	8	0x1753460	A
sm80_8x	0x238C9B0	776	0x0308	3	8	0x179CFE0	A
sm80_8x	0x238C9B0	776	0x0308	3	8	0x17F9C90	A
sm80_8x	0x238C9B0	776	0x0308	3	8	0xC91610	A
sm80_8x	0x238C9B0	776	0x0308	3	8	0xD3D730	A
sm80_8x	0x238C9B0	776	0x0308	3	8	0xD43750	A
sm80_8x	0x238C9B0	776	0x0308	3	8	0xD5FCB0	A
sm80_8x	0x238C9B0	776	0x0308	3	8	0xD90AE0	A
sm80_8x	0x238C9B0	776	0x0308	3	8	0xDA5330	A
sm80_8x	0x238C9B0	776	0x0308	3	8	0xE92110	A
sm80_8x	0x238C9B0	777	0x0309	3	9	0x104B3E0	A
sm80_8x	0x238C9B0	777	0x0309	3	9	0x179DB70	A
sm80_8x	0x238C9B0	777	0x0309	3	9	0x1809800	A
sm80_8x	0x238C9B0	777	0x0309	3	9	0xD537B0	A
sm80_8x	0x238C9B0	777	0x0309	3	9	0xD60C90	A
sm80_8x	0x238C9B0	777	0x0309	3	9	0xD8E860	A
sm80_8x	0x238C9B0	777	0x0309	3	9	0xE926A0	A
sm80_8x	0x238C9B0	778	0x030A	3	10	0x17563B0	A
sm80_8x	0x238C9B0	778	0x030A	3	10	0xC74FC0	A
sm80_8x	0x238C9B0	778	0x030A	3	10	0xC91C00	A
sm80_8x	0x238C9B0	778	0x030A	3	10	0xD3DD70	A
sm80_8x	0x238C9B0	779	0x030B	3	11	0x1788450	A
sm80_8x	0x238C9B0	779	0x030B	3	11	0x18057E0	A
sm80_8x	0x238C9B0	779	0x030B	3	11	0xC8A320	A
sm80_8x	0x238C9B0	779	0x030B	3	11	0xD54F70	A
sm80_8x	0x238C9B0	779	0x030B	3	11	0xDC2BE0	A
sm80_8x	0x238C9B0	780	0x030C	3	12	0x1789990	A
sm80_8x	0x238C9B0	780	0x030C	3	12	0x1809330	A
sm80_8x	0x238C9B0	780	0x030C	3	12	0xC75580	A
sm80_8x	0x238C9B0	780	0x030C	3	12	0xC7FE20	A
sm80_8x	0x238C9B0	780	0x030C	3	12	0xC8BB80	A
sm80_8x	0x238C9B0	780	0x030C	3	12	0xDAB750	A
sm80_8x	0x238C9B0	780	0x030C	3	12	0xDC4230	A
sm80_8x	0x238C9B0	780	0x030C	3	12	0xDE51D0	A
sm80_8x	0x238C9B0	780	0x030C	3	12	0xE1CDF0	A
sm80_8x	0x238C9B0	781	0x030D	3	13	0x1756FC0	A
sm80_8x	0x238C9B0	781	0x030D	3	13	0xC7E840	A
sm80_8x	0x238C9B0	781	0x030D	3	13	0xD348B0	A
sm80_8x	0x238C9B0	781	0x030D	3	13	0xD543B0	A
sm80_8x	0x238C9B0	781	0x030D	3	13	0xDAA170	A
sm80_8x	0x238C9B0	781	0x030D	3	13	0xDE5D70	A
sm80_8x	0x238C9B0	781	0x030D	3	13	0xE1B810	A
sm80_8x	0x238C9B0	782	0x030E	3	14	0xCA2430	A
sm80_8x	0x238C9B0	782	0x030E	3	14	0xD359B0	A
sm80_8x	0x238C9B0	782	0x030E	3	14	0xD59B90	A
sm80_8x	0x238C9B0	782	0x030E	3	14	0xDD2440	A
sm80_8x	0x238C9B0	783	0x030F	3	15	0xDFAF60	A
sm80_8x	0x238C9B0	784	0x0310	3	16	0xC80450	A
sm80_8x	0x238C9B0	784	0x0310	3	16	0xCA3FA0	A
sm80_8x	0x238C9B0	784	0x0310	3	16	0xD34E50	A
sm80_8x	0x238C9B0	784	0x0310	3	16	0xD66B50	A
sm80_8x	0x238C9B0	784	0x0310	3	16	0xD81FF0	A
sm80_8x	0x238C9B0	784	0x0310	3	16	0xD94B80	A
sm80_8x	0x238C9B0	784	0x0310	3	16	0xDABD80	A
sm80_8x	0x238C9B0	784	0x0310	3	16	0xDE6F20	A
sm80_8x	0x238C9B0	784	0x0310	3	16	0xDFF1B0	A
sm80_8x	0x238C9B0	784	0x0310	3	16	0xE1D420	A
sm80_8x	0x238C9B0	785	0x0311	3	17	0xC837B0	A
sm80_8x	0x238C9B0	785	0x0311	3	17	0xD37060	A
sm80_8x	0x238C9B0	785	0x0311	3	17	0xD4F620	A
sm80_8x	0x238C9B0	785	0x0311	3	17	0xDAF0E0	A
sm80_8x	0x238C9B0	785	0x0311	3	17	0xDE6930	A
sm80_8x	0x238C9B0	785	0x0311	3	17	0xDFF780	A
sm80_8x	0x238C9B0	785	0x0311	3	17	0xE20780	A
sm80_8x	0x238C9B0	786	0x0312	3	18	0xDFEC00	A
sm80_8x	0x238C9B0	787	0x0313	3	19	0x178B570	A
sm80_8x	0x238C9B0	787	0x0313	3	19	0x17EC9A0	A
sm80_8x	0x238C9B0	787	0x0313	3	19	0xD2A310	A
sm80_8x	0x238C9B0	787	0x0313	3	19	0xD50650	A
sm80_8x	0x238C9B0	787	0x0313	3	19	0xD95AD0	A
sm80_8x	0x238C9B0	787	0x0313	3	19	0xDF3B00	A
sm80_8x	0x238C9B0	788	0x0314	3	20	0xD2E8B0	A
sm80_8x	0x238C9B0	788	0x0314	3	20	0xD3C5E0	A
sm80_8x	0x238C9B0	788	0x0314	3	20	0xDF4690	A
sm80_8x	0x238C9B0	789	0x0315	3	21	0x178D190	A
sm80_8x	0x238C9B0	789	0x0315	3	21	0x17EE140	A
sm80_8x	0x238C9B0	789	0x0315	3	21	0xD2EE90	A
sm80_8x	0x238C9B0	789	0x0315	3	21	0xD50110	A
sm80_8x	0x238C9B0	789	0x0315	3	21	0xD96520	A
sm80_8x	0x238C9B0	790	0x0316	3	22	0xC730F0	A
sm80_8x	0x238C9B0	790	0x0316	3	22	0xD2E310	A
sm80_8x	0x238C9B0	790	0x0316	3	22	0xD3CBA0	A
sm80_8x	0x238C9B0	790	0x0316	3	22	0xD58AA0	A
sm80_8x	0x238C9B0	791	0x0317	3	23	0x1743330	A
sm80_8x	0x238C9B0	791	0x0317	3	23	0xD23450	A
sm80_8x	0x238C9B0	791	0x0317	3	23	0xDF85A0	A
sm80_8x	0x238C9B0	792	0x0318	3	24	0xD24070	A
sm80_8x	0x238C9B0	792	0x0318	3	24	0xD96A20	A
sm80_8x	0x238C9B0	792	0x0318	3	24	0xDD7890	A
sm80_8x	0x238C9B0	792	0x0318	3	24	0xDF7430	A
sm80_8x	0x238C9B0	793	0x0319	3	25	0x1785FF0	A
sm80_8x	0x238C9B0	793	0x0319	3	25	0x17EA000	A
sm80_8x	0x238C9B0	793	0x0319	3	25	0xC707D0	A
sm80_8x	0x238C9B0	793	0x0319	3	25	0xD37BF0	A
sm80_8x	0x238C9B0	793	0x0319	3	25	0xDF7FC0	A
sm80_8x	0x238C9B0	794	0x031A	3	26	0x178AFC0	A
sm80_8x	0x238C9B0	794	0x031A	3	26	0x17EC4D0	A
sm80_8x	0x238C9B0	794	0x031A	3	26	0xCAB9D0	A
sm80_8x	0x238C9B0	794	0x031A	3	26	0xD26A50	A
sm80_8x	0x238C9B0	794	0x031A	3	26	0xD56760	A
sm80_8x	0x238C9B0	794	0x031A	3	26	0xD97490	A
sm80_8x	0x238C9B0	794	0x031A	3	26	0xDD8400	A
sm80_8x	0x238C9B0	794	0x031A	3	26	0xDF79E0	A
sm80_8x	0x238C9B0	795	0x031B	3	27	0x178BA70	A
sm80_8x	0x238C9B0	795	0x031B	3	27	0x17ECE00	A
sm80_8x	0x238C9B0	795	0x031B	3	27	0xC70DB0	A
sm80_8x	0x238C9B0	795	0x031B	3	27	0xD38200	A
sm80_8x	0x238C9B0	796	0x031C	3	28	0x178CBE0	A
sm80_8x	0x238C9B0	796	0x031C	3	28	0x17EDC70	A
sm80_8x	0x238C9B0	796	0x031C	3	28	0xCA7B80	A
sm80_8x	0x238C9B0	796	0x031C	3	28	0xD32600	A
sm80_8x	0x238C9B0	796	0x031C	3	28	0xD56170	A
sm80_8x	0x238C9B0	796	0x031C	3	28	0xE01910	A
sm80_8x	0x238C9B0	797	0x031D	3	29	0xD2F410	A
sm80_8x	0x238C9B0	797	0x031D	3	29	0xD88D00	A
sm80_8x	0x238C9B0	797	0x031D	3	29	0xDDAE70	A
sm80_8x	0x238C9B0	797	0x031D	3	29	0xDFFD00	A
sm80_8x	0x238C9B0	798	0x031E	3	30	0xC74010	A
sm80_8x	0x238C9B0	798	0x031E	3	30	0xCC5B50	A
sm80_8x	0x238C9B0	798	0x031E	3	30	0xD337F0	A
sm80_8x	0x238C9B0	798	0x031E	3	30	0xE00D80	A
sm80_8x	0x238C9B0	799	0x031F	3	31	0xCC3C70	A
sm80_8x	0x238C9B0	799	0x031F	3	31	0xD747B0	A
sm80_8x	0x238C9B0	799	0x031F	3	31	0xDDBAE0	A
sm80_8x	0x238C9B0	799	0x031F	3	31	0xDF4C70	A
sm80_8x	0x238C9B0	800	0x0320	3	32	0xD33D80	A
sm80_8x	0x238C9B0	800	0x0320	3	32	0xD51C30	A
sm80_8x	0x238C9B0	800	0x0320	3	32	0xDF5800	A
sm80_8x	0x238C9B0	801	0x0321	3	33	0xC6E270	A
sm80_8x	0x238C9B0	801	0x0321	3	33	0xD24CD0	A
sm80_8x	0x238C9B0	801	0x0321	3	33	0xDF5220	A
sm80_8x	0x238C9B0	802	0x0322	3	34	0xD29700	A
sm80_8x	0x238C9B0	802	0x0322	3	34	0xD516C0	A
sm80_8x	0x238C9B0	802	0x0322	3	34	0xDD8990	A
sm80_8x	0x238C9B0	802	0x0322	3	34	0xDFA3C0	A
sm80_8x	0x238C9B0	803	0x0323	3	35	0xC6E7C0	A
sm80_8x	0x238C9B0	803	0x0323	3	35	0xD2BC60	A
sm80_8x	0x238C9B0	803	0x0323	3	35	0xDFC770	A
sm80_8x	0x238C9B0	804	0x0324	3	36	0xD2A9A0	A
sm80_8x	0x238C9B0	804	0x0324	3	36	0xDD93D0	A
sm80_8x	0x238C9B0	804	0x0324	3	36	0xDFB580	A
sm80_8x	0x238C9B0	805	0x0325	3	37	0xD2F960	A
sm80_8x	0x238C9B0	805	0x0325	3	37	0xE00250	A
sm80_8x	0x238C9B0	806	0x0326	3	38	0xCAB3B0	A
sm80_8x	0x238C9B0	806	0x0326	3	38	0xD32020	A
sm80_8x	0x238C9B0	806	0x0326	3	38	0xE01330	A
sm80_8x	0x238C9B0	807	0x0327	3	39	0xD25990	A
sm80_8x	0x238C9B0	807	0x0327	3	39	0xDDC0F0	A
sm80_8x	0x238C9B0	807	0x0327	3	39	0xDF5DE0	A
sm80_8x	0x238C9B0	808	0x0328	3	40	0xCA74E0	A
sm80_8x	0x238C9B0	808	0x0328	3	40	0xD264B0	A
sm80_8x	0x238C9B0	808	0x0328	3	40	0xDF68A0	A
sm80_8x	0x238C9B0	809	0x0329	3	41	0x177C850	A
sm80_8x	0x238C9B0	809	0x0329	3	41	0xDDCC20	A
sm80_8x	0x238C9B0	810	0x032A	3	42	0xC953B0	A
sm80_8x	0x238C9B0	811	0x032B	3	43	0xC8E6B0	A
sm80_8x	0x238C9B0	812	0x032C	3	44	0xC8F280	A
sm80_8x	0x238C9B0	814	0x032E	3	46	0xC8F870	A
sm80_8x	0x238C9B0	815	0x032F	3	47	0x1784640	A
sm80_8x	0x238C9B0	815	0x032F	3	47	0xC86030	A
sm80_8x	0x238C9B0	815	0x032F	3	47	0xD78050	A
sm80_8x	0x238C9B0	816	0x0330	3	48	0xC86C00	A
sm80_8x	0x238C9B0	816	0x0330	3	48	0xCF8EF0	A
sm80_8x	0x238C9B0	817	0x0331	3	49	0x1761420	A
sm80_8x	0x238C9B0	818	0x0332	3	50	0xCA0FC0	A
sm80_8x	0x238C9B0	820	0x0334	3	52	0xCA39C0	A
sm80_8x	0x238C9B0	821	0x0335	3	53	0xC89D10	A
sm80_8x	0x238C9B0	822	0x0336	3	54	0xC90460	A
sm80_8x	0x238C9B0	823	0x0337	3	55	0x1744350	A
sm80_8x	0x238C9B0	823	0x0337	3	55	0xC8FE80	A
sm80_8x	0x238C9B0	824	0x0338	3	56	0xC877D0	A
sm80_8x	0x238C9B0	826	0x033A	3	58	0xCAEAF0	A
sm80_8x	0x238C9B0	826	0x033A	3	58	0xCE41C0	A
sm80_8x	0x238C9B0	828	0x033C	3	60	0xC9E120	A
sm80_8x	0x238C9B0	830	0x033E	3	62	0xCACF40	A
sm80_8x	0x238C9B0	831	0x033F	3	63	0xC9E750	A
sm80_8x	0x238C9B0	832	0x0340	3	64	0x1737710	A
sm80_8x	0x238C9B0	835	0x0343	3	67	0xC9F960	A
sm80_8x	0x238C9B0	836	0x0344	3	68	0xC9C9D0	A
sm80_8x	0x238C9B0	838	0x0346	3	70	0xC9FF90	A
sm80_8x	0x238C9B0	846	0x034E	3	78	0xD00340	A
sm80_8x	0x238C9B0	847	0x034F	3	79	0xD00E10	A
sm80_8x	0x238C9B0	854	0x0356	3	86	0xCDD870	A
sm80_8x	0x238C9B0	872	0x0368	3	104	0xCEC820	A
sm80_8x	0x238C9B0	875	0x036B	3	107	0xCDFF90	A
sm80_8x	0x238C9B0	877	0x036D	3	109	0x174CD60	A
sm80_8x	0x238C9B0	899	0x0383	3	131	0xD02300	A
sm80_8x	0x238C9B0	902	0x0386	3	134	0xD05600	A
sm80_8x	0x238C9B0	905	0x0389	3	137	0xD04470	A
sm80_8x	0x238C9B0	913	0x0391	3	145	0xCF2A10	A
sm80_8x	0x238C9B0	919	0x0397	3	151	0xCF5EE0	A
sm80_8x	0x238C9B0	921	0x0399	3	153	0xCF64A0	A
sm80_8x	0x238C9B0	925	0x039D	3	157	0xD032E0	A
sm80_8x	0x238C9B0	933	0x03A5	3	165	0xCEE3B0	A
sm80_8x	0x238C9B0	952	0x03B8	3	184	0x1742DD0	A
sm80_8x	0x238C9B0	953	0x03B9	3	185	0xCFD160	A
sm80_8x	0x238C9B0	955	0x03BB	3	187	0xCFCBC0	A
sm80_8x	0x238C9B0	1280	0x0500	5	0	0x1005F50	A
sm80_8x	0x238C9B0	1280	0x0500	5	0	0x1033630	A
sm80_8x	0x238C9B0	1280	0x0500	5	0	0x1037760	A
sm80_8x	0x238C9B0	1280	0x0500	5	0	0x10663B0	A
sm80_8x	0x238C9B0	1280	0x0500	5	0	0x1070AB0	A
sm80_8x	0x238C9B0	1280	0x0500	5	0	0x17A9B70	B
sm80_8x	0x238C9B0	1280	0x0500	5	0	0xC6A6C0	A
sm80_8x	0x238C9B0	1280	0x0500	5	0	0xCB8890	A
sm80_8x	0x238C9B0	1280	0x0500	5	0	0xCBFA60	A
sm80_8x	0x238C9B0	1280	0x0500	5	0	0xD35F70	A
sm80_8x	0x238C9B0	1280	0x0500	5	0	0xDA3A30	A
sm80_8x	0x238C9B0	1280	0x0500	5	0	0xDC4D30	A
sm80_8x	0x238C9B0	1280	0x0500	5	0	0xDE3090	A
sm80_8x	0x238C9B0	1280	0x0500	5	0	0xDE7B90	A
sm80_8x	0x238C9B0	1280	0x0500	5	0	0xE02510	A
sm80_8x	0x238C9B0	1280	0x0500	5	0	0xE29F40	A
sm80_8x	0x238C9B0	1280	0x0500	5	0	0xE3C820	A
sm80_8x	0x238C9B0	1280	0x0500	5	0	0xE46790	B
sm80_8x	0x238C9B0	1280	0x0500	5	0	0xE65C70	A
sm80_8x	0x238C9B0	1280	0x0500	5	0	0xE749D0	A
sm80_8x	0x238C9B0	1280	0x0500	5	0	0xE79E20	A
sm80_8x	0x238C9B0	1280	0x0500	5	0	0xEA6710	B
sm80_8x	0x238C9B0	1280	0x0500	5	0	0xEAA0C0	B
sm80_8x	0x238C9B0	1280	0x0500	5	0	0xEAAE30	B
sm80_8x	0x238C9B0	1280	0x0500	5	0	0xEAB320	B
sm80_8x	0x238C9B0	1280	0x0500	5	0	0xEB20E0	A
sm80_8x	0x238C9B0	1280	0x0500	5	0	0xEB2630	B
sm80_8x	0x238C9B0	1280	0x0500	5	0	0xFF7C80	A
sm80_8x	0x238C9B0	1281	0x0501	5	1	0x1002180	A
sm80_8x	0x238C9B0	1281	0x0501	5	1	0x1004C60	A
sm80_8x	0x238C9B0	1281	0x0501	5	1	0x100A010	A
sm80_8x	0x238C9B0	1281	0x0501	5	1	0x100B060	A
sm80_8x	0x238C9B0	1281	0x0501	5	1	0x100E120	A
sm80_8x	0x238C9B0	1281	0x0501	5	1	0x102BFD0	A
sm80_8x	0x238C9B0	1281	0x0501	5	1	0x1030D20	A
sm80_8x	0x238C9B0	1281	0x0501	5	1	0x1032CF0	A
sm80_8x	0x238C9B0	1281	0x0501	5	1	0x1038D00	A
sm80_8x	0x238C9B0	1281	0x0501	5	1	0x1066870	A
sm80_8x	0x238C9B0	1281	0x0501	5	1	0x106A4E0	A
sm80_8x	0x238C9B0	1281	0x0501	5	1	0x1739EF0	A
sm80_8x	0x238C9B0	1281	0x0501	5	1	0x17850C0	A
sm80_8x	0x238C9B0	1281	0x0501	5	1	0x178DB90	A
sm80_8x	0x238C9B0	1281	0x0501	5	1	0x17A4660	A
sm80_8x	0x238C9B0	1281	0x0501	5	1	0x17A96B0	B
sm80_8x	0x238C9B0	1281	0x0501	5	1	0x17A9B70	A
sm80_8x	0x238C9B0	1281	0x0501	5	1	0x17EEA10	A
sm80_8x	0x238C9B0	1281	0x0501	5	1	0x17FF0F0	A
sm80_8x	0x238C9B0	1281	0x0501	5	1	0x1803930	A
sm80_8x	0x238C9B0	1281	0x0501	5	1	0xC6A200	A
sm80_8x	0x238C9B0	1281	0x0501	5	1	0xCC0950	A
sm80_8x	0x238C9B0	1281	0x0501	5	1	0xCC1280	A
sm80_8x	0x238C9B0	1281	0x0501	5	1	0xCC1720	A
sm80_8x	0x238C9B0	1281	0x0501	5	1	0xCC2BE0	A
sm80_8x	0x238C9B0	1281	0x0501	5	1	0xCCEA80	A
sm80_8x	0x238C9B0	1281	0x0501	5	1	0xCD0D60	A
sm80_8x	0x238C9B0	1281	0x0501	5	1	0xD0DF80	A
sm80_8x	0x238C9B0	1281	0x0501	5	1	0xD0F9C0	A
sm80_8x	0x238C9B0	1281	0x0501	5	1	0xD11850	A
sm80_8x	0x238C9B0	1281	0x0501	5	1	0xD22060	A
sm80_8x	0x238C9B0	1281	0x0501	5	1	0xD41B80	A
sm80_8x	0x238C9B0	1281	0x0501	5	1	0xD5CEA0	A
sm80_8x	0x238C9B0	1281	0x0501	5	1	0xD8EDB0	A
sm80_8x	0x238C9B0	1281	0x0501	5	1	0xDA3F40	A
sm80_8x	0x238C9B0	1281	0x0501	5	1	0xDB8490	A
sm80_8x	0x238C9B0	1281	0x0501	5	1	0xDC7C70	A
sm80_8x	0x238C9B0	1281	0x0501	5	1	0xDED500	A
sm80_8x	0x238C9B0	1281	0x0501	5	1	0xDF2B00	A
sm80_8x	0x238C9B0	1281	0x0501	5	1	0xE059E0	A
sm80_8x	0x238C9B0	1281	0x0501	5	1	0xE0C3D0	A
sm80_8x	0x238C9B0	1281	0x0501	5	1	0xE2D520	A
sm80_8x	0x238C9B0	1281	0x0501	5	1	0xE31410	A
sm80_8x	0x238C9B0	1281	0x0501	5	1	0xE37DF0	A
sm80_8x	0x238C9B0	1281	0x0501	5	1	0xE3AE30	A
sm80_8x	0x238C9B0	1281	0x0501	5	1	0xE42EE0	A
sm80_8x	0x238C9B0	1281	0x0501	5	1	0xE44170	A
sm80_8x	0x238C9B0	1281	0x0501	5	1	0xE47830	A
sm80_8x	0x238C9B0	1281	0x0501	5	1	0xE6BDD0	A
sm80_8x	0x238C9B0	1281	0x0501	5	1	0xE71A50	A
sm80_8x	0x238C9B0	1281	0x0501	5	1	0xE73F10	A
sm80_8x	0x238C9B0	1281	0x0501	5	1	0xE7C190	A
sm80_8x	0x238C9B0	1281	0x0501	5	1	0xEB1C00	B
sm80_8x	0x238C9B0	1281	0x0501	5	1	0xEB2630	A
sm80_8x	0x238C9B0	1281	0x0501	5	1	0xFF9ED0	A
sm80_8x	0x238C9B0	1282	0x0502	5	2	0x10029F0	A
sm80_8x	0x238C9B0	1282	0x0502	5	2	0x100A400	A
sm80_8x	0x238C9B0	1282	0x0502	5	2	0x100CE80	A
sm80_8x	0x238C9B0	1282	0x0502	5	2	0x10307A0	A
sm80_8x	0x238C9B0	1282	0x0502	5	2	0x1032860	A
sm80_8x	0x238C9B0	1282	0x0502	5	2	0x1033EA0	A
sm80_8x	0x238C9B0	1282	0x0502	5	2	0x1039180	A
sm80_8x	0x238C9B0	1282	0x0502	5	2	0x104A1C0	A
sm80_8x	0x238C9B0	1282	0x0502	5	2	0x1068BA0	A
sm80_8x	0x238C9B0	1282	0x0502	5	2	0x1739A50	A
sm80_8x	0x238C9B0	1282	0x0502	5	2	0x173C1A0	A
sm80_8x	0x238C9B0	1282	0x0502	5	2	0x17651F0	A
sm80_8x	0x238C9B0	1282	0x0502	5	2	0x17768D0	A
sm80_8x	0x238C9B0	1282	0x0502	5	2	0x178E060	A
sm80_8x	0x238C9B0	1282	0x0502	5	2	0x17A4C40	A
sm80_8x	0x238C9B0	1282	0x0502	5	2	0x17FF600	A
sm80_8x	0x238C9B0	1282	0x0502	5	2	0x1808600	A
sm80_8x	0x238C9B0	1282	0x0502	5	2	0xC69D10	A
sm80_8x	0x238C9B0	1282	0x0502	5	2	0xC72530	A
sm80_8x	0x238C9B0	1282	0x0502	5	2	0xCB0AE0	A
sm80_8x	0x238C9B0	1282	0x0502	5	2	0xCB24C0	A
sm80_8x	0x238C9B0	1282	0x0502	5	2	0xCB6AC0	A
sm80_8x	0x238C9B0	1282	0x0502	5	2	0xCBA2F0	A
sm80_8x	0x238C9B0	1282	0x0502	5	2	0xCC3130	A
sm80_8x	0x238C9B0	1282	0x0502	5	2	0xD07C30	A
sm80_8x	0x238C9B0	1282	0x0502	5	2	0xD0E4A0	A
sm80_8x	0x238C9B0	1282	0x0502	5	2	0xD0F400	A
sm80_8x	0x238C9B0	1282	0x0502	5	2	0xD14990	A
sm80_8x	0x238C9B0	1282	0x0502	5	2	0xD420A0	A
sm80_8x	0x238C9B0	1282	0x0502	5	2	0xD5E360	A
sm80_8x	0x238C9B0	1282	0x0502	5	2	0xD8CF40	A
sm80_8x	0x238C9B0	1282	0x0502	5	2	0xDA5D90	A
sm80_8x	0x238C9B0	1282	0x0502	5	2	0xDB2300	A
sm80_8x	0x238C9B0	1282	0x0502	5	2	0xDB89B0	A
sm80_8x	0x238C9B0	1282	0x0502	5	2	0xDC8190	A
sm80_8x	0x238C9B0	1282	0x0502	5	2	0xDCBA70	A
sm80_8x	0x238C9B0	1282	0x0502	5	2	0xDDFFF0	A
sm80_8x	0x238C9B0	1282	0x0502	5	2	0xDEB030	A
sm80_8x	0x238C9B0	1282	0x0502	5	2	0xDEDA50	A
sm80_8x	0x238C9B0	1282	0x0502	5	2	0xDF3020	A
sm80_8x	0x238C9B0	1282	0x0502	5	2	0xE05F00	A
sm80_8x	0x238C9B0	1282	0x0502	5	2	0xE2DE70	A
sm80_8x	0x238C9B0	1282	0x0502	5	2	0xE38750	A
sm80_8x	0x238C9B0	1282	0x0502	5	2	0xE42A40	A
sm80_8x	0x238C9B0	1282	0x0502	5	2	0xE43350	A
sm80_8x	0x238C9B0	1282	0x0502	5	2	0xE46320	A
sm80_8x	0x238C9B0	1282	0x0502	5	2	0xE46C90	B
sm80_8x	0x238C9B0	1282	0x0502	5	2	0xE71420	A
sm80_8x	0x238C9B0	1282	0x0502	5	2	0xE739D0	A
sm80_8x	0x238C9B0	1282	0x0502	5	2	0xE75350	A
sm80_8x	0x238C9B0	1282	0x0502	5	2	0xE7C680	A
sm80_8x	0x238C9B0	1282	0x0502	5	2	0xE91170	A
sm80_8x	0x238C9B0	1282	0x0502	5	2	0xFFA720	A
sm80_8x	0x238C9B0	1283	0x0503	5	3	0x10331A0	A
sm80_8x	0x238C9B0	1283	0x0503	5	3	0x1033A60	A
sm80_8x	0x238C9B0	1283	0x0503	5	3	0x1037C40	A
sm80_8x	0x238C9B0	1283	0x0503	5	3	0x104A640	A
sm80_8x	0x238C9B0	1283	0x0503	5	3	0x1069C40	A
sm80_8x	0x238C9B0	1283	0x0503	5	3	0x173A390	A
sm80_8x	0x238C9B0	1283	0x0503	5	3	0x173D2E0	A
sm80_8x	0x238C9B0	1283	0x0503	5	3	0x1776EA0	A
sm80_8x	0x238C9B0	1283	0x0503	5	3	0xCAF5A0	A
sm80_8x	0x238C9B0	1283	0x0503	5	3	0xCBB780	A
sm80_8x	0x238C9B0	1283	0x0503	5	3	0xCBEAA0	A
sm80_8x	0x238C9B0	1283	0x0503	5	3	0xD10A10	A
sm80_8x	0x238C9B0	1283	0x0503	5	3	0xD5C440	A
sm80_8x	0x238C9B0	1283	0x0503	5	3	0xD90190	A
sm80_8x	0x238C9B0	1283	0x0503	5	3	0xDA34E0	A
sm80_8x	0x238C9B0	1283	0x0503	5	3	0xDDF500	A
sm80_8x	0x238C9B0	1283	0x0503	5	3	0xDE9700	A
sm80_8x	0x238C9B0	1283	0x0503	5	3	0xE2F650	A
sm80_8x	0x238C9B0	1283	0x0503	5	3	0xE74490	A
sm80_8x	0x238C9B0	1283	0x0503	5	3	0xE74E80	A
sm80_8x	0x238C9B0	1283	0x0503	5	3	0xE7AEA0	A
sm80_8x	0x238C9B0	1283	0x0503	5	3	0xE916C0	A
sm80_8x	0x238C9B0	1284	0x0504	5	4	0x1003FA0	A
sm80_8x	0x238C9B0	1284	0x0504	5	4	0x1034300	A
sm80_8x	0x238C9B0	1284	0x0504	5	4	0x17341B0	A
sm80_8x	0x238C9B0	1284	0x0504	5	4	0x1777430	A
sm80_8x	0x238C9B0	1284	0x0504	5	4	0x17F76E0	A
sm80_8x	0x238C9B0	1284	0x0504	5	4	0xCB1A70	A
sm80_8x	0x238C9B0	1284	0x0504	5	4	0xCB3410	A
sm80_8x	0x238C9B0	1284	0x0504	5	4	0xCB78F0	A
sm80_8x	0x238C9B0	1284	0x0504	5	4	0xCC1BB0	A
sm80_8x	0x238C9B0	1284	0x0504	5	4	0xD09050	A
sm80_8x	0x238C9B0	1284	0x0504	5	4	0xD0CFE0	A
sm80_8x	0x238C9B0	1284	0x0504	5	4	0xD10540	A
sm80_8x	0x238C9B0	1284	0x0504	5	4	0xD40BE0	A
sm80_8x	0x238C9B0	1284	0x0504	5	4	0xD5D900	A
sm80_8x	0x238C9B0	1284	0x0504	5	4	0xD92C10	A
sm80_8x	0x238C9B0	1284	0x0504	5	4	0xDA8140	A
sm80_8x	0x238C9B0	1284	0x0504	5	4	0xDB31B0	A
sm80_8x	0x238C9B0	1284	0x0504	5	4	0xDB6540	A
sm80_8x	0x238C9B0	1284	0x0504	5	4	0xDC5D20	A
sm80_8x	0x238C9B0	1284	0x0504	5	4	0xDCB030	A
sm80_8x	0x238C9B0	1284	0x0504	5	4	0xDCD9D0	A
sm80_8x	0x238C9B0	1284	0x0504	5	4	0xDCFB70	A
sm80_8x	0x238C9B0	1284	0x0504	5	4	0xDE0F40	A
sm80_8x	0x238C9B0	1284	0x0504	5	4	0xDEBF80	A
sm80_8x	0x238C9B0	1284	0x0504	5	4	0xDEC4D0	A
sm80_8x	0x238C9B0	1284	0x0504	5	4	0xDF1B60	A
sm80_8x	0x238C9B0	1284	0x0504	5	4	0xE04A40	A
sm80_8x	0x238C9B0	1284	0x0504	5	4	0xE39FD0	A
sm80_8x	0x238C9B0	1284	0x0504	5	4	0xE75870	A
sm80_8x	0x238C9B0	1285	0x0505	5	5	0x10003C0	A
sm80_8x	0x238C9B0	1285	0x0505	5	5	0x1004420	A
sm80_8x	0x238C9B0	1285	0x0505	5	5	0x1038070	A
sm80_8x	0x238C9B0	1285	0x0505	5	5	0x1786930	A
sm80_8x	0x238C9B0	1285	0x0505	5	5	0x17EA420	A
sm80_8x	0x238C9B0	1285	0x0505	5	5	0x17F7110	A
sm80_8x	0x238C9B0	1285	0x0505	5	5	0xCC2100	A
sm80_8x	0x238C9B0	1285	0x0505	5	5	0xD08B50	A
sm80_8x	0x238C9B0	1285	0x0505	5	5	0xD0D500	A
sm80_8x	0x238C9B0	1285	0x0505	5	5	0xD10EB0	A
sm80_8x	0x238C9B0	1285	0x0505	5	5	0xD41100	A
sm80_8x	0x238C9B0	1285	0x0505	5	5	0xD5ED90	A
sm80_8x	0x238C9B0	1285	0x0505	5	5	0xD61240	A
sm80_8x	0x238C9B0	1285	0x0505	5	5	0xD925F0	A
sm80_8x	0x238C9B0	1285	0x0505	5	5	0xDB6F90	A
sm80_8x	0x238C9B0	1285	0x0505	5	5	0xDC30E0	A
sm80_8x	0x238C9B0	1285	0x0505	5	5	0xDC6770	A
sm80_8x	0x238C9B0	1285	0x0505	5	5	0xDCD3C0	A
sm80_8x	0x238C9B0	1285	0x0505	5	5	0xDECA20	A
sm80_8x	0x238C9B0	1285	0x0505	5	5	0xDF2080	A
sm80_8x	0x238C9B0	1285	0x0505	5	5	0xE04F60	A
sm80_8x	0x238C9B0	1285	0x0505	5	5	0xE35BA0	A
sm80_8x	0x238C9B0	1285	0x0505	5	5	0xE3A4D0	A
sm80_8x	0x238C9B0	1285	0x0505	5	5	0xE7B350	A
sm80_8x	0x238C9B0	1286	0x0506	5	6	0x1007CC0	A
sm80_8x	0x238C9B0	1286	0x0506	5	6	0x1009330	A
sm80_8x	0x238C9B0	1286	0x0506	5	6	0x173B780	A
sm80_8x	0x238C9B0	1286	0x0506	5	6	0x1775300	A
sm80_8x	0x238C9B0	1286	0x0506	5	6	0xCB0030	A
sm80_8x	0x238C9B0	1286	0x0506	5	6	0xCBEFF0	A
sm80_8x	0x238C9B0	1286	0x0506	5	6	0xD08650	A
sm80_8x	0x238C9B0	1286	0x0506	5	6	0xD11380	A
sm80_8x	0x238C9B0	1286	0x0506	5	6	0xD5F7A0	A
sm80_8x	0x238C9B0	1286	0x0506	5	6	0xD8E300	A
sm80_8x	0x238C9B0	1286	0x0506	5	6	0xDEA610	A
sm80_8x	0x238C9B0	1286	0x0506	5	6	0xE3E940	A
sm80_8x	0x238C9B0	1286	0x0506	5	6	0xE41180	A
sm80_8x	0x238C9B0	1287	0x0507	5	7	0x1003290	A
sm80_8x	0x238C9B0	1287	0x0507	5	7	0x10081A0	A
sm80_8x	0x238C9B0	1287	0x0507	5	7	0x1031D70	A
sm80_8x	0x238C9B0	1287	0x0507	5	7	0x1738920	A
sm80_8x	0x238C9B0	1287	0x0507	5	7	0x1741C60	A
sm80_8x	0x238C9B0	1287	0x0507	5	7	0x1763E70	A
sm80_8x	0x238C9B0	1287	0x0507	5	7	0x17748C0	A
sm80_8x	0x238C9B0	1287	0x0507	5	7	0x17889B0	A
sm80_8x	0x238C9B0	1287	0x0507	5	7	0x17EB210	A
sm80_8x	0x238C9B0	1287	0x0507	5	7	0xCD44A0	A
sm80_8x	0x238C9B0	1287	0x0507	5	7	0xD09A70	A
sm80_8x	0x238C9B0	1287	0x0507	5	7	0xD14020	A
sm80_8x	0x238C9B0	1287	0x0507	5	7	0xD5E890	A
sm80_8x	0x238C9B0	1287	0x0507	5	7	0xD62420	A
sm80_8x	0x238C9B0	1287	0x0507	5	7	0xD7D8C0	A
sm80_8x	0x238C9B0	1287	0x0507	5	7	0xD8FCF0	A
sm80_8x	0x238C9B0	1287	0x0507	5	7	0xDB6A60	A
sm80_8x	0x238C9B0	1287	0x0507	5	7	0xDC6240	A
sm80_8x	0x238C9B0	1287	0x0507	5	7	0xE345F0	A
sm80_8x	0x238C9B0	1287	0x0507	5	7	0xE39100	A
sm80_8x	0x238C9B0	1287	0x0507	5	7	0xE3EEC0	A
sm80_8x	0x238C9B0	1287	0x0507	5	7	0xE72CF0	A
sm80_8x	0x238C9B0	1287	0x0507	5	7	0xFFF100	A
sm80_8x	0x238C9B0	1288	0x0508	5	8	0x1002E40	A
sm80_8x	0x238C9B0	1288	0x0508	5	8	0x10317E0	A
sm80_8x	0x238C9B0	1288	0x0508	5	8	0x1741660	A
sm80_8x	0x238C9B0	1288	0x0508	5	8	0x17637E0	A
sm80_8x	0x238C9B0	1288	0x0508	5	8	0x176C8B0	A
sm80_8x	0x238C9B0	1288	0x0508	5	8	0x1775880	A
sm80_8x	0x238C9B0	1288	0x0508	5	8	0x1789F50	A
sm80_8x	0x238C9B0	1288	0x0508	5	8	0x17EBB50	A
sm80_8x	0x238C9B0	1288	0x0508	5	8	0xC6C300	A
sm80_8x	0x238C9B0	1288	0x0508	5	8	0xCA19C0	A
sm80_8x	0x238C9B0	1288	0x0508	5	8	0xCD6BA0	A
sm80_8x	0x238C9B0	1288	0x0508	5	8	0xD08180	A
sm80_8x	0x238C9B0	1288	0x0508	5	8	0xD11CF0	A
sm80_8x	0x238C9B0	1288	0x0508	5	8	0xD5F290	A
sm80_8x	0x238C9B0	1288	0x0508	5	8	0xD61DF0	A
sm80_8x	0x238C9B0	1288	0x0508	5	8	0xD7D290	A
sm80_8x	0x238C9B0	1288	0x0508	5	8	0xDB74D0	A
sm80_8x	0x238C9B0	1288	0x0508	5	8	0xDC6CB0	A
sm80_8x	0x238C9B0	1288	0x0508	5	8	0xE38C20	A
sm80_8x	0x238C9B0	1288	0x0508	5	8	0xE726A0	A
sm80_8x	0x238C9B0	1289	0x0509	5	9	0x1000860	A
sm80_8x	0x238C9B0	1289	0x0509	5	9	0x1003700	A
sm80_8x	0x238C9B0	1289	0x0509	5	9	0x1774DE0	A
sm80_8x	0x238C9B0	1289	0x0509	5	9	0xC6BCE0	A
sm80_8x	0x238C9B0	1289	0x0509	5	9	0xCBD9B0	A
sm80_8x	0x238C9B0	1289	0x0509	5	9	0xCCF940	A
sm80_8x	0x238C9B0	1289	0x0509	5	9	0xD144F0	A
sm80_8x	0x238C9B0	1289	0x0509	5	9	0xD5C970	A
sm80_8x	0x238C9B0	1289	0x0509	5	9	0xE36110	A
sm80_8x	0x238C9B0	1289	0x0509	5	9	0xE39620	A
sm80_8x	0x238C9B0	1290	0x050A	5	10	0xC6C920	A
sm80_8x	0x238C9B0	1290	0x050A	5	10	0xCCFE40	A
sm80_8x	0x238C9B0	1290	0x050A	5	10	0xCD5560	A
sm80_8x	0x238C9B0	1290	0x050A	5	10	0xD5DE30	A
sm80_8x	0x238C9B0	1290	0x050A	5	10	0xD8F290	A
sm80_8x	0x238C9B0	1290	0x050A	5	10	0xD91A60	A
sm80_8x	0x238C9B0	1290	0x050A	5	10	0xDA7140	A
sm80_8x	0x238C9B0	1291	0x050B	5	11	0x17334F0	A
sm80_8x	0x238C9B0	1291	0x050B	5	11	0xCD8770	A
sm80_8x	0x238C9B0	1291	0x050B	5	11	0xD12690	A
sm80_8x	0x238C9B0	1291	0x050B	5	11	0xD5BF10	A
sm80_8x	0x238C9B0	1291	0x050B	5	11	0xD8F7F0	A
sm80_8x	0x238C9B0	1291	0x050B	5	11	0xD91490	A
sm80_8x	0x238C9B0	1291	0x050B	5	11	0xDA6C70	A
sm80_8x	0x238C9B0	1291	0x050B	5	11	0xE34B50	A
sm80_8x	0x238C9B0	1291	0x050B	5	11	0xFFF5A0	A
sm80_8x	0x238C9B0	1292	0x050C	5	12	0xCD9820	A
sm80_8x	0x238C9B0	1292	0x050C	5	12	0xD12190	A
sm80_8x	0x238C9B0	1292	0x050C	5	12	0xDA67A0	A
sm80_8x	0x238C9B0	1292	0x050C	5	12	0xDD1E80	A
sm80_8x	0x238C9B0	1293	0x050D	5	13	0x1732E90	A
sm80_8x	0x238C9B0	1293	0x050D	5	13	0x1786ED0	A
sm80_8x	0x238C9B0	1293	0x050D	5	13	0x18077F0	A
sm80_8x	0x238C9B0	1293	0x050D	5	13	0xD13150	A
sm80_8x	0x238C9B0	1293	0x050D	5	13	0xD649D0	A
sm80_8x	0x238C9B0	1293	0x050D	5	13	0xD7FE70	A
sm80_8x	0x238C9B0	1293	0x050D	5	13	0xD8C5B0	A
sm80_8x	0x238C9B0	1293	0x050D	5	13	0xD93EA0	A
sm80_8x	0x238C9B0	1293	0x050D	5	13	0xDD18C0	A
sm80_8x	0x238C9B0	1293	0x050D	5	13	0xE31910	A
sm80_8x	0x238C9B0	1293	0x050D	5	13	0xFFC9A0	A
sm80_8x	0x238C9B0	1294	0x050E	5	14	0x106D990	A
sm80_8x	0x238C9B0	1294	0x050E	5	14	0x1732170	A
sm80_8x	0x238C9B0	1294	0x050E	5	14	0x1748640	A
sm80_8x	0x238C9B0	1294	0x050E	5	14	0xCBAD30	A
sm80_8x	0x238C9B0	1294	0x050E	5	14	0xD13AF0	A
sm80_8x	0x238C9B0	1294	0x050E	5	14	0xD64360	A
sm80_8x	0x238C9B0	1294	0x050E	5	14	0xD7F800	A
sm80_8x	0x238C9B0	1294	0x050E	5	14	0xD93850	A
sm80_8x	0x238C9B0	1294	0x050E	5	14	0xE41690	A
sm80_8x	0x238C9B0	1295	0x050F	5	15	0x1788EC0	A
sm80_8x	0x238C9B0	1295	0x050F	5	15	0x1805370	A
sm80_8x	0x238C9B0	1295	0x050F	5	15	0xCBB280	A
sm80_8x	0x238C9B0	1295	0x050F	5	15	0xD65090	A
sm80_8x	0x238C9B0	1295	0x050F	5	15	0xD80530	A
sm80_8x	0x238C9B0	1295	0x050F	5	15	0xD8D8A0	A
sm80_8x	0x238C9B0	1295	0x050F	5	15	0xD94530	A
sm80_8x	0x238C9B0	1295	0x050F	5	15	0xDD4300	A
sm80_8x	0x238C9B0	1295	0x050F	5	15	0xE2FB50	A
sm80_8x	0x238C9B0	1295	0x050F	5	15	0xFFB820	A
sm80_8x	0x238C9B0	1296	0x0510	5	16	0x1747990	A
sm80_8x	0x238C9B0	1296	0x0510	5	16	0x178A4A0	A
sm80_8x	0x238C9B0	1296	0x0510	5	16	0x1808E80	A
sm80_8x	0x238C9B0	1296	0x0510	5	16	0xC6B720	A
sm80_8x	0x238C9B0	1296	0x0510	5	16	0xDD3D20	A
sm80_8x	0x238C9B0	1296	0x0510	5	16	0xE2EC60	A
sm80_8x	0x238C9B0	1296	0x0510	5	16	0xFFAF60	A
sm80_8x	0x238C9B0	1297	0x0511	5	17	0x1748010	A
sm80_8x	0x238C9B0	1297	0x0511	5	17	0x17879B0	A
sm80_8x	0x238C9B0	1297	0x0511	5	17	0x1807350	A
sm80_8x	0x238C9B0	1297	0x0511	5	17	0xC6AB80	A
sm80_8x	0x238C9B0	1297	0x0511	5	17	0xD67050	A
sm80_8x	0x238C9B0	1297	0x0511	5	17	0xD824F0	A
sm80_8x	0x238C9B0	1297	0x0511	5	17	0xD95080	A
sm80_8x	0x238C9B0	1297	0x0511	5	17	0xE336E0	A
sm80_8x	0x238C9B0	1297	0x0511	5	17	0xFFE3A0	A
sm80_8x	0x238C9B0	1298	0x0512	5	18	0x1786490	A
sm80_8x	0x238C9B0	1298	0x0512	5	18	0x1804320	A
sm80_8x	0x238C9B0	1298	0x0512	5	18	0xD955D0	A
sm80_8x	0x238C9B0	1299	0x0513	5	19	0x17466B0	A
sm80_8x	0x238C9B0	1299	0x0513	5	19	0xC6D590	A
sm80_8x	0x238C9B0	1299	0x0513	5	19	0xE30F10	A
sm80_8x	0x238C9B0	1299	0x0513	5	19	0xFFC560	A
sm80_8x	0x238C9B0	1300	0x0514	5	20	0x178A9F0	A
sm80_8x	0x238C9B0	1300	0x0514	5	20	0x17EC000	A
sm80_8x	0x238C9B0	1300	0x0514	5	20	0xC6CF40	A
sm80_8x	0x238C9B0	1300	0x0514	5	20	0xD95FD0	A
sm80_8x	0x238C9B0	1301	0x0515	5	21	0x1745A00	A
sm80_8x	0x238C9B0	1301	0x0515	5	21	0xC6DC20	A
sm80_8x	0x238C9B0	1301	0x0515	5	21	0xCC8B00	A
sm80_8x	0x238C9B0	1301	0x0515	5	21	0xE2F150	A
sm80_8x	0x238C9B0	1301	0x0515	5	21	0xFFB3D0	A
sm80_8x	0x238C9B0	1302	0x0516	5	22	0x1746080	A
sm80_8x	0x238C9B0	1302	0x0516	5	22	0x178C040	A
sm80_8x	0x238C9B0	1302	0x0516	5	22	0x17ED2D0	A
sm80_8x	0x238C9B0	1302	0x0516	5	22	0xCCEF50	A
sm80_8x	0x238C9B0	1302	0x0516	5	22	0xD97EA0	A
sm80_8x	0x238C9B0	1303	0x0517	5	23	0xC735F0	A
sm80_8x	0x238C9B0	1303	0x0517	5	23	0xCCF450	A
sm80_8x	0x238C9B0	1303	0x0517	5	23	0xE331B0	A
sm80_8x	0x238C9B0	1303	0x0517	5	23	0xFFDF30	A
sm80_8x	0x238C9B0	1304	0x0518	5	24	0x1743870	A
sm80_8x	0x238C9B0	1304	0x0518	5	24	0x17779F0	A
sm80_8x	0x238C9B0	1305	0x0519	5	25	0x1778B60	A
sm80_8x	0x238C9B0	1305	0x0519	5	25	0xE32790	A
sm80_8x	0x238C9B0	1305	0x0519	5	25	0xFFD660	A
sm80_8x	0x238C9B0	1306	0x051A	5	26	0xCE0B00	A
sm80_8x	0x238C9B0	1307	0x051B	5	27	0xD74DD0	A
sm80_8x	0x238C9B0	1308	0x051C	5	28	0xCE1710	A
sm80_8x	0x238C9B0	1308	0x051C	5	28	0xD6BA00	A
sm80_8x	0x238C9B0	1309	0x051D	5	29	0xC71970	A
sm80_8x	0x238C9B0	1309	0x051D	5	29	0xCE1D40	A
sm80_8x	0x238C9B0	1310	0x051E	5	30	0xCE1130	A
sm80_8x	0x238C9B0	1311	0x051F	5	31	0xC74540	A
sm80_8x	0x238C9B0	1311	0x051F	5	31	0xCE7020	A
sm80_8x	0x238C9B0	1312	0x0520	5	32	0xCC4210	A
sm80_8x	0x238C9B0	1312	0x0520	5	32	0xCE7560	A
sm80_8x	0x238C9B0	1312	0x0520	5	32	0xD6EE40	A
sm80_8x	0x238C9B0	1313	0x0521	5	33	0xCCE0F0	A
sm80_8x	0x238C9B0	1313	0x0521	5	33	0xCE7AA0	A
sm80_8x	0x238C9B0	1313	0x0521	5	33	0xDDD180	A
sm80_8x	0x238C9B0	1314	0x0522	5	34	0xCE8A40	A
sm80_8x	0x238C9B0	1315	0x0523	5	35	0xCE8F40	A
sm80_8x	0x238C9B0	1315	0x0523	5	35	0xDD8E80	A
sm80_8x	0x238C9B0	1316	0x0524	5	36	0xCE9F00	A
sm80_8x	0x238C9B0	1317	0x0525	5	37	0xCFE910	A
sm80_8x	0x238C9B0	1317	0x0525	5	37	0xDDA920	A
sm80_8x	0x238C9B0	1322	0x052A	5	42	0xCAA640	A
sm80_8x	0x238C9B0	1324	0x052C	5	44	0xCA05B0	A
sm80_8x	0x238C9B0	1328	0x0530	5	48	0xD72300	A
sm80_8x	0x238C9B0	1329	0x0531	5	49	0x1773D20	A
sm80_8x	0x238C9B0	1329	0x0531	5	49	0xCD3F00	A
sm80_8x	0x238C9B0	1330	0x0532	5	50	0x1771E20	A
sm80_8x	0x238C9B0	1330	0x0532	5	50	0xCD6610	A
sm80_8x	0x238C9B0	1331	0x0533	5	51	0x1772290	A
sm80_8x	0x238C9B0	1332	0x0534	5	52	0xCD4A40	A
sm80_8x	0x238C9B0	1333	0x0535	5	53	0xCD7C50	A
sm80_8x	0x238C9B0	1334	0x0536	5	54	0xCA5120	A
sm80_8x	0x238C9B0	1334	0x0536	5	54	0xCD8D00	A
sm80_8x	0x238C9B0	1335	0x0537	5	55	0xCABFE0	A
sm80_8x	0x238C9B0	1336	0x0538	5	56	0x17448B0	A
sm80_8x	0x238C9B0	1336	0x0538	5	56	0xCADFD0	A
sm80_8x	0x238C9B0	1337	0x0539	5	57	0x1744E70	A
sm80_8x	0x238C9B0	1339	0x053B	5	59	0xCAE510	A
sm80_8x	0x238C9B0	1339	0x053B	5	59	0xCE4730	A
sm80_8x	0x238C9B0	1340	0x053C	5	60	0xCAC480	A
sm80_8x	0x238C9B0	1340	0x053C	5	60	0xCE4D00	A
sm80_8x	0x238C9B0	1345	0x0541	5	65	0xCFC600	A
sm80_8x	0x238C9B0	1346	0x0542	5	66	0xCFDCF0	A
sm80_8x	0x238C9B0	1354	0x054A	5	74	0xCD4FD0	A
sm80_8x	0x238C9B0	1355	0x054B	5	75	0xCD81E0	A
sm80_8x	0x238C9B0	1356	0x054C	5	76	0xCD9290	A
sm80_8x	0x238C9B0	1357	0x054D	5	77	0xCFFE10	A
sm80_8x	0x238C9B0	1367	0x0557	5	87	0xCD3960	A
sm80_8x	0x238C9B0	1368	0x0558	5	88	0xCD5AF0	A
sm80_8x	0x238C9B0	1372	0x055C	5	92	0xCFC090	A
sm80_8x	0x238C9B0	1373	0x055D	5	93	0xCEA400	A
sm80_8x	0x238C9B0	1374	0x055E	5	94	0xCEA940	A
sm80_8x	0x238C9B0	1375	0x055F	5	95	0xCEAE80	A
sm80_8x	0x238C9B0	1376	0x0560	5	96	0xCEBE20	A
sm80_8x	0x238C9B0	1377	0x0561	5	97	0xCEC320	A
sm80_8x	0x238C9B0	1378	0x0562	5	98	0xCED2E0	A
sm80_8x	0x238C9B0	1379	0x0563	5	99	0xCFF390	A
sm80_8x	0x238C9B0	1385	0x0569	5	105	0xCDF9B0	A
sm80_8x	0x238C9B0	1386	0x056A	5	106	0xCDF420	A
sm80_8x	0x238C9B0	1392	0x0570	5	112	0x174D970	A
sm80_8x	0x238C9B0	1394	0x0572	5	114	0x174C1D0	A
sm80_8x	0x238C9B0	1396	0x0574	5	116	0x174B640	A
sm80_8x	0x238C9B0	1407	0x057F	5	127	0xCE2F70	A
sm80_8x	0x238C9B0	1409	0x0581	5	129	0xD018B0	A
sm80_8x	0x238C9B0	1410	0x0582	5	130	0xD01E00	A
sm80_8x	0x238C9B0	1412	0x0584	5	132	0xD02830	A
sm80_8x	0x238C9B0	1451	0x05AB	5	171	0xCF1880	A
sm80_8x	0x238C9B0	1453	0x05AD	5	173	0x174FDB0	A
sm80_8x	0x238C9B0	1455	0x05AF	5	175	0x174F160	A
sm80_8x	0x238C9B0	1462	0x05B6	5	182	0x1742810	A
sm80_8x	0x238C9B0	1463	0x05B7	5	183	0x17422B0	A
sm80_8x	0x238C9B0	1466	0x05BA	5	186	0xCFD740	A
sm80_8x	0x238C9B0	1468	0x05BC	5	188	0xD06CC0	A
sm80_8x	0x238C9B0	1469	0x05BD	5	189	0xD06790	A
sm80_8x	0x238C9B0	1471	0x05BF	5	191	0x174A4B0	A
sm80_8x	0x238C9B0	1473	0x05C1	5	193	0x17498C0	A
sm80_8x	0x238C9B0	1536	0x0600	6	0	0xD983F0	A
sm80_8x	0x238C9B0	1537	0x0601	6	1	0x1008A80	A
sm80_8x	0x238C9B0	1537	0x0601	6	1	0x105F3F0	A
sm80_8x	0x238C9B0	1537	0x0601	6	1	0xC693D0	A
sm80_8x	0x238C9B0	1537	0x0601	6	1	0xCB6620	A
sm80_8x	0x238C9B0	1537	0x0601	6	1	0xCB9DD0	A
sm80_8x	0x238C9B0	1537	0x0601	6	1	0xDB1E30	A
sm80_8x	0x238C9B0	1537	0x0601	6	1	0xDB36B0	A
sm80_8x	0x238C9B0	1537	0x0601	6	1	0xE3F8E0	A
sm80_8x	0x238C9B0	1537	0x0601	6	1	0xEAA0C0	A
sm80_8x	0x238C9B0	1538	0x0602	6	2	0x1008EA0	A
sm80_8x	0x238C9B0	1538	0x0602	6	2	0x176ABB0	A
sm80_8x	0x238C9B0	1538	0x0602	6	2	0xDA2FD0	A
sm80_8x	0x238C9B0	1538	0x0602	6	2	0xE406C0	A
sm80_8x	0x238C9B0	1539	0x0603	6	3	0x1009BF0	A
sm80_8x	0x238C9B0	1539	0x0603	6	3	0x176A6D0	A
sm80_8x	0x238C9B0	1539	0x0603	6	3	0xCB6FB0	A
sm80_8x	0x238C9B0	1539	0x0603	6	3	0xCC36D0	A
sm80_8x	0x238C9B0	1539	0x0603	6	3	0xD0EA10	A
sm80_8x	0x238C9B0	1539	0x0603	6	3	0xD42610	A
sm80_8x	0x238C9B0	1539	0x0603	6	3	0xDB27F0	A
sm80_8x	0x238C9B0	1539	0x0603	6	3	0xDB8F20	A
sm80_8x	0x238C9B0	1539	0x0603	6	3	0xDC8700	A
sm80_8x	0x238C9B0	1539	0x0603	6	3	0xDEDFF0	A
sm80_8x	0x238C9B0	1539	0x0603	6	3	0xDF3590	A
sm80_8x	0x238C9B0	1539	0x0603	6	3	0xE06470	A
sm80_8x	0x238C9B0	1539	0x0603	6	3	0xE420A0	A
sm80_8x	0x238C9B0	1540	0x0604	6	4	0x10097A0	A
sm80_8x	0x238C9B0	1540	0x0604	6	4	0x10384C0	A
sm80_8x	0x238C9B0	1540	0x0604	6	4	0xE41BA0	A
sm80_8x	0x238C9B0	1540	0x0604	6	4	0xE7B830	A
sm80_8x	0x238C9B0	1542	0x0606	6	6	0x1004840	A
sm80_8x	0x238C9B0	1542	0x0606	6	6	0xE3A980	A
sm80_8x	0x238C9B0	1545	0x0609	6	9	0x1787470	A
sm80_8x	0x238C9B0	1545	0x0609	6	9	0x17EA8E0	A
sm80_8x	0x238C9B0	1546	0x060A	6	10	0x106F3B0	A
sm80_8x	0x238C9B0	1546	0x060A	6	10	0x1738F30	A
sm80_8x	0x238C9B0	1546	0x060A	6	10	0xE40C20	A
sm80_8x	0x238C9B0	1547	0x060B	6	11	0xCBA810	A
sm80_8x	0x238C9B0	1548	0x060C	6	12	0xCB98B0	A
sm80_8x	0x238C9B0	1548	0x060C	6	12	0xD8C110	A
sm80_8x	0x238C9B0	1549	0x060D	6	13	0xCB9390	A
sm80_8x	0x238C9B0	1550	0x060E	6	14	0xD8CAA0	A
sm80_8x	0x238C9B0	1574	0x0626	6	38	0xCFEE50	A
sm80_8x	0x238C9B0	1576	0x0628	6	40	0xCE99A0	A
sm80_8x	0x238C9B0	1581	0x062D	6	45	0x16DF770	A
sm80_8x	0x238C9B0	1582	0x062E	6	46	0x17840B0	A
sm80_8x	0x238C9B0	1593	0x0639	6	57	0xCADA30	A
sm80_8x	0x238C9B0	1597	0x063D	6	61	0xCAD4C0	A
sm80_8x	0x238C9B0	1636	0x0664	6	100	0xCFF8D0	A
sm80_8x	0x238C9B0	1638	0x0666	6	102	0xCECD80	A
sm80_8x	0x238C9B0	1664	0x0680	6	128	0xD013B0	A
sm80_8x	0x238C9B0	1717	0x06B5	6	181	0x1751650	A
sm80_8x	0x238C9B0	1792	0x0700	7	0	0xD8D400	A
sm80_8x	0x238C9B0	1792	0x0700	7	0	0xDB3BC0	A
sm80_8x	0x238C9B0	1793	0x0701	7	1	0x1005080	A
sm80_8x	0x238C9B0	1793	0x0701	7	1	0x1006480	A
sm80_8x	0x238C9B0	1793	0x0701	7	1	0x10790B0	A
sm80_8x	0x238C9B0	1793	0x0701	7	1	0xCB4460	A
sm80_8x	0x238C9B0	1793	0x0701	7	1	0xCB8340	A
sm80_8x	0x238C9B0	1793	0x0701	7	1	0xCBE550	A
sm80_8x	0x238C9B0	1793	0x0701	7	1	0xDC5280	A
sm80_8x	0x238C9B0	1793	0x0701	7	1	0xE3B770	A
sm80_8x	0x238C9B0	1793	0x0701	7	1	0xE3CE00	A
sm80_8x	0x238C9B0	1793	0x0701	7	1	0xE7A3A0	A
sm80_8x	0x238C9B0	1794	0x0702	7	2	0x1006950	A
sm80_8x	0x238C9B0	1794	0x0702	7	2	0x1065F60	A
sm80_8x	0x238C9B0	1794	0x0702	7	2	0x1078BD0	A
sm80_8x	0x238C9B0	1794	0x0702	7	2	0x1785A30	A
sm80_8x	0x238C9B0	1794	0x0702	7	2	0x17E9AF0	A
sm80_8x	0x238C9B0	1794	0x0702	7	2	0xC79970	A
sm80_8x	0x238C9B0	1794	0x0702	7	2	0xCB49B0	A
sm80_8x	0x238C9B0	1794	0x0702	7	2	0xCB8E10	A
sm80_8x	0x238C9B0	1794	0x0702	7	2	0xCBE030	A
sm80_8x	0x238C9B0	1794	0x0702	7	2	0xDC57D0	A
sm80_8x	0x238C9B0	1794	0x0702	7	2	0xE3D360	A
sm80_8x	0x238C9B0	1794	0x0702	7	2	0xE7A920	A
sm80_8x	0x238C9B0	1794	0x0702	7	2	0xEB1C00	A
sm80_8x	0x238C9B0	1794	0x0702	7	2	0xEB2AE0	B
sm80_8x	0x238C9B0	1795	0x0703	7	3	0x10025D0	A
sm80_8x	0x238C9B0	1795	0x0703	7	3	0x1005550	A
sm80_8x	0x238C9B0	1795	0x0703	7	3	0x1006E30	A
sm80_8x	0x238C9B0	1795	0x0703	7	3	0x1037280	A
sm80_8x	0x238C9B0	1795	0x0703	7	3	0x1066CA0	A
sm80_8x	0x238C9B0	1795	0x0703	7	3	0xCB5AC0	A
sm80_8x	0x238C9B0	1795	0x0703	7	3	0xCB7DF0	A
sm80_8x	0x238C9B0	1795	0x0703	7	3	0xDC47E0	A
sm80_8x	0x238C9B0	1795	0x0703	7	3	0xE382C0	A
sm80_8x	0x238C9B0	1795	0x0703	7	3	0xE3BCD0	A
sm80_8x	0x238C9B0	1795	0x0703	7	3	0xE3D8E0	A
sm80_8x	0x238C9B0	1795	0x0703	7	3	0xE798A0	A
sm80_8x	0x238C9B0	1795	0x0703	7	3	0xEB20E0	B
sm80_8x	0x238C9B0	1795	0x0703	7	3	0xEB2AE0	A
sm80_8x	0x238C9B0	1796	0x0704	7	4	0x1007310	A
sm80_8x	0x238C9B0	1796	0x0704	7	4	0xCB6050	A
sm80_8x	0x238C9B0	1796	0x0704	7	4	0xCBFFB0	A
sm80_8x	0x238C9B0	1796	0x0704	7	4	0xE3DE60	A
sm80_8x	0x238C9B0	1797	0x0705	7	5	0x10077E0	A
sm80_8x	0x238C9B0	1797	0x0705	7	5	0x1734E40	A
sm80_8x	0x238C9B0	1797	0x0705	7	5	0xCB3960	A
sm80_8x	0x238C9B0	1797	0x0705	7	5	0xCBF510	A
sm80_8x	0x238C9B0	1797	0x0705	7	5	0xDD00B0	A
sm80_8x	0x238C9B0	1797	0x0705	7	5	0xE3E3C0	A
sm80_8x	0x238C9B0	1798	0x0706	7	6	0xCB3EB0	A
sm80_8x	0x238C9B0	1798	0x0706	7	6	0xDB7A10	A
sm80_8x	0x238C9B0	1798	0x0706	7	6	0xDC71F0	A
sm80_8x	0x238C9B0	1799	0x0707	7	7	0x1738360	A
sm80_8x	0x238C9B0	1799	0x0707	7	7	0xCC0480	A
sm80_8x	0x238C9B0	1801	0x0709	7	9	0x17644D0	A
sm80_8x	0x238C9B0	1801	0x0709	7	9	0xCD76C0	A
sm80_8x	0x238C9B0	1803	0x070B	7	11	0xDD36C0	A
sm80_8x	0x238C9B0	1805	0x070D	7	13	0x175A3E0	A
sm80_8x	0x238C9B0	1806	0x070E	7	14	0xD14E30	A
sm80_8x	0x238C9B0	1807	0x070F	7	15	0x1732800	A
sm80_8x	0x238C9B0	1831	0x0727	7	39	0xCE84F0	A
sm80_8x	0x238C9B0	1833	0x0729	7	41	0xCE7FA0	A
sm80_8x	0x238C9B0	1843	0x0733	7	51	0xCD7130	A
sm80_8x	0x238C9B0	1865	0x0749	7	73	0xCFB030	A
sm80_8x	0x238C9B0	1893	0x0765	7	101	0xCEB8D0	A
sm80_8x	0x238C9B0	1895	0x0767	7	103	0xCEB380	A
sm80_8x	0x238C9B0	1940	0x0794	7	148	0xCF4D90	A
sm80_8x	0x238C9B0	1960	0x07A8	7	168	0xCF0730	A
sm80_8x	0x238C9B0	2305	0x0901	9	1	0xD40240	A
sm80_8x	0x238C9B0	2560	0x0A00	10	0	0xE0CE10	A
sm80_8x	0x238C9B0	2561	0x0A01	10	1	0x1020BF0	A
sm80_8x	0x238C9B0	2561	0x0A01	10	1	0x10446F0	A
sm80_8x	0x238C9B0	2561	0x0A01	10	1	0x10581D0	A
sm80_8x	0x238C9B0	2561	0x0A01	10	1	0x105B7C0	A
sm80_8x	0x238C9B0	2561	0x0A01	10	1	0x17354B0	A
sm80_8x	0x238C9B0	2561	0x0A01	10	1	0x17557B0	A
sm80_8x	0x238C9B0	2561	0x0A01	10	1	0xC72B10	A
sm80_8x	0x238C9B0	2561	0x0A01	10	1	0xC7A000	A
sm80_8x	0x238C9B0	2561	0x0A01	10	1	0xC7EE20	A
sm80_8x	0x238C9B0	2561	0x0A01	10	1	0xD56D50	A
sm80_8x	0x238C9B0	2561	0x0A01	10	1	0xD86B60	A
sm80_8x	0x238C9B0	2561	0x0A01	10	1	0xDAA750	A
sm80_8x	0x238C9B0	2561	0x0A01	10	1	0xDDE920	A
sm80_8x	0x238C9B0	2561	0x0A01	10	1	0xE07D10	A
sm80_8x	0x238C9B0	2561	0x0A01	10	1	0xE1BDF0	A
sm80_8x	0x238C9B0	2561	0x0A01	10	1	0xE5D550	A
sm80_8x	0x238C9B0	2561	0x0A01	10	1	0xE8A6A0	A
sm80_8x	0x238C9B0	2561	0x0A01	10	1	0xEA1B50	A
sm80_8x	0x238C9B0	2561	0x0A01	10	1	0xEA5BB0	A
sm80_8x	0x238C9B0	2562	0x0A02	10	2	0x10211E0	A
sm80_8x	0x238C9B0	2562	0x0A02	10	2	0x1755DD0	A
sm80_8x	0x238C9B0	2562	0x0A02	10	2	0xD44240	A
sm80_8x	0x238C9B0	2562	0x0A02	10	2	0xD67FE0	A
sm80_8x	0x238C9B0	2562	0x0A02	10	2	0xD83480	A
sm80_8x	0x238C9B0	2562	0x0A02	10	2	0xD864D0	A
sm80_8x	0x238C9B0	2562	0x0A02	10	2	0xDC96C0	A
sm80_8x	0x238C9B0	2562	0x0A02	10	2	0xDDEF10	A
sm80_8x	0x238C9B0	2562	0x0A02	10	2	0xDE4C40	A
sm80_8x	0x238C9B0	2562	0x0A02	10	2	0xE0B3E0	A
sm80_8x	0x238C9B0	2562	0x0A02	10	2	0xE5DC20	A
sm80_8x	0x238C9B0	2563	0x0A03	10	3	0x1020150	A
sm80_8x	0x238C9B0	2563	0x0A03	10	3	0x17921E0	A
sm80_8x	0x238C9B0	2563	0x0A03	10	3	0x17F1ED0	A
sm80_8x	0x238C9B0	2563	0x0A03	10	3	0xC77280	A
sm80_8x	0x238C9B0	2563	0x0A03	10	3	0xD39A60	A
sm80_8x	0x238C9B0	2563	0x0A03	10	3	0xD57340	A
sm80_8x	0x238C9B0	2563	0x0A03	10	3	0xE5C930	A
sm80_8x	0x238C9B0	2564	0x0A04	10	4	0x1737100	A
sm80_8x	0x238C9B0	2564	0x0A04	10	4	0xC76CC0	A
sm80_8x	0x238C9B0	2564	0x0A04	10	4	0xD47560	A
sm80_8x	0x238C9B0	2564	0x0A04	10	4	0xD57980	A
sm80_8x	0x238C9B0	2564	0x0A04	10	4	0xD636D0	A
sm80_8x	0x238C9B0	2564	0x0A04	10	4	0xD7EB70	A
sm80_8x	0x238C9B0	2564	0x0A04	10	4	0xDC9170	A
sm80_8x	0x238C9B0	2564	0x0A04	10	4	0xE0AE60	A
sm80_8x	0x238C9B0	2565	0x0A05	10	5	0x1735A20	A
sm80_8x	0x238C9B0	2565	0x0A05	10	5	0x1753A10	A
sm80_8x	0x238C9B0	2565	0x0A05	10	5	0xC7F370	A
sm80_8x	0x238C9B0	2565	0x0A05	10	5	0xD47020	A
sm80_8x	0x238C9B0	2565	0x0A05	10	5	0xD521A0	A
sm80_8x	0x238C9B0	2565	0x0A05	10	5	0xD63070	A
sm80_8x	0x238C9B0	2565	0x0A05	10	5	0xD7E510	A
sm80_8x	0x238C9B0	2565	0x0A05	10	5	0xDAACA0	A
sm80_8x	0x238C9B0	2565	0x0A05	10	5	0xE1C340	A
sm80_8x	0x238C9B0	2566	0x0A06	10	6	0x17528A0	A
sm80_8x	0x238C9B0	2566	0x0A06	10	6	0xC78580	A
sm80_8x	0x238C9B0	2566	0x0A06	10	6	0xD3BF90	A
sm80_8x	0x238C9B0	2567	0x0A07	10	7	0x1754010	A
sm80_8x	0x238C9B0	2567	0x0A07	10	7	0x1760080	A
sm80_8x	0x238C9B0	2567	0x0A07	10	7	0x1762440	A
sm80_8x	0x238C9B0	2567	0x0A07	10	7	0xD3B320	A
sm80_8x	0x238C9B0	2567	0x0A07	10	7	0xD43140	A
sm80_8x	0x238C9B0	2567	0x0A07	10	7	0xD52710	A
sm80_8x	0x238C9B0	2568	0x0A08	10	8	0x1760D90	A
sm80_8x	0x238C9B0	2568	0x0A08	10	8	0x1763150	A
sm80_8x	0x238C9B0	2568	0x0A08	10	8	0xC792C0	A
sm80_8x	0x238C9B0	2568	0x0A08	10	8	0xD52CD0	A
sm80_8x	0x238C9B0	2569	0x0A09	10	9	0x1756990	A
sm80_8x	0x238C9B0	2569	0x0A09	10	9	0xC78C30	A
sm80_8x	0x238C9B0	2569	0x0A09	10	9	0xC83260	A
sm80_8x	0x238C9B0	2569	0x0A09	10	9	0xD3E3B0	A
sm80_8x	0x238C9B0	2569	0x0A09	10	9	0xD46A10	A
sm80_8x	0x238C9B0	2569	0x0A09	10	9	0xDAEB90	A
sm80_8x	0x238C9B0	2569	0x0A09	10	9	0xE20230	A
sm80_8x	0x238C9B0	2570	0x0A0A	10	10	0x1775DD0	A
sm80_8x	0x238C9B0	2570	0x0A0A	10	10	0xC84920	A
sm80_8x	0x238C9B0	2570	0x0A0A	10	10	0xD46450	A
sm80_8x	0x238C9B0	2570	0x0A0A	10	10	0xD54980	A
sm80_8x	0x238C9B0	2570	0x0A0A	10	10	0xDB0250	A
sm80_8x	0x238C9B0	2570	0x0A0A	10	10	0xE218F0	A
sm80_8x	0x238C9B0	2571	0x0A0B	10	11	0x17575A0	A
sm80_8x	0x238C9B0	2571	0x0A0B	10	11	0x1782CD0	A
sm80_8x	0x238C9B0	2571	0x0A0B	10	11	0xC75B40	A
sm80_8x	0x238C9B0	2571	0x0A0B	10	11	0xC7DC80	A
sm80_8x	0x238C9B0	2571	0x0A0B	10	11	0xD3FBF0	A
sm80_8x	0x238C9B0	2571	0x0A0B	10	11	0xD44D10	A
sm80_8x	0x238C9B0	2571	0x0A0B	10	11	0xDA95B0	A
sm80_8x	0x238C9B0	2571	0x0A0B	10	11	0xE1AC50	A
sm80_8x	0x238C9B0	2572	0x0A0C	10	12	0x1757BD0	A
sm80_8x	0x238C9B0	2572	0x0A0C	10	12	0x1782630	A
sm80_8x	0x238C9B0	2572	0x0A0C	10	12	0xD3F5A0	A
sm80_8x	0x238C9B0	2572	0x0A0C	10	12	0xD4A990	A
sm80_8x	0x238C9B0	2572	0x0A0C	10	12	0xD53D80	A
sm80_8x	0x238C9B0	2573	0x0A0D	10	13	0x1783A10	A
sm80_8x	0x238C9B0	2573	0x0A0D	10	13	0xC766E0	A
sm80_8x	0x238C9B0	2573	0x0A0D	10	13	0xD49210	A
sm80_8x	0x238C9B0	2574	0x0A0E	10	14	0x1754BA0	A
sm80_8x	0x238C9B0	2574	0x0A0E	10	14	0x1783370	A
sm80_8x	0x238C9B0	2574	0x0A0E	10	14	0xC80A80	A
sm80_8x	0x238C9B0	2574	0x0A0E	10	14	0xD4B590	A
sm80_8x	0x238C9B0	2574	0x0A0E	10	14	0xDAC3B0	A
sm80_8x	0x238C9B0	2574	0x0A0E	10	14	0xE1DA50	A
sm80_8x	0x238C9B0	2575	0x0A0F	10	15	0x177DC00	A
sm80_8x	0x238C9B0	2575	0x0A0F	10	15	0xC7E260	A
sm80_8x	0x238C9B0	2575	0x0A0F	10	15	0xD16140	A
sm80_8x	0x238C9B0	2575	0x0A0F	10	15	0xD353F0	A
sm80_8x	0x238C9B0	2575	0x0A0F	10	15	0xD4BBA0	A
sm80_8x	0x238C9B0	2575	0x0A0F	10	15	0xD5A1C0	A
sm80_8x	0x238C9B0	2575	0x0A0F	10	15	0xDA9B90	A
sm80_8x	0x238C9B0	2575	0x0A0F	10	15	0xE1B230	A
sm80_8x	0x238C9B0	2576	0x0A10	10	16	0x177D560	A
sm80_8x	0x238C9B0	2576	0x0A10	10	16	0xD15AE0	A
sm80_8x	0x238C9B0	2576	0x0A10	10	16	0xD458B0	A
sm80_8x	0x238C9B0	2577	0x0A11	10	17	0x177E940	A
sm80_8x	0x238C9B0	2577	0x0A11	10	17	0xD16780	A
sm80_8x	0x238C9B0	2577	0x0A11	10	17	0xD4AF90	A
sm80_8x	0x238C9B0	2578	0x0A12	10	18	0xC84ED0	A
sm80_8x	0x238C9B0	2578	0x0A12	10	18	0xD37620	A
sm80_8x	0x238C9B0	2578	0x0A12	10	18	0xD49810	A
sm80_8x	0x238C9B0	2578	0x0A12	10	18	0xDB0800	A
sm80_8x	0x238C9B0	2578	0x0A12	10	18	0xE21EA0	A
sm80_8x	0x238C9B0	2579	0x0A13	10	19	0xC82C80	A
sm80_8x	0x238C9B0	2579	0x0A13	10	19	0xD36AB0	A
sm80_8x	0x238C9B0	2579	0x0A13	10	19	0xD47AF0	A
sm80_8x	0x238C9B0	2579	0x0A13	10	19	0xDAE5B0	A
sm80_8x	0x238C9B0	2579	0x0A13	10	19	0xE1FC50	A
sm80_8x	0x238C9B0	2580	0x0A14	10	20	0xD4D910	A
sm80_8x	0x238C9B0	2581	0x0A15	10	21	0xD3D160	A
sm80_8x	0x238C9B0	2581	0x0A15	10	21	0xD4CD50	A
sm80_8x	0x238C9B0	2582	0x0A16	10	22	0xD4E4D0	A
sm80_8x	0x238C9B0	2583	0x0A17	10	23	0xD3EFD0	A
sm80_8x	0x238C9B0	2583	0x0A17	10	23	0xD45EA0	A
sm80_8x	0x238C9B0	2583	0x0A17	10	23	0xDD71E0	A
sm80_8x	0x238C9B0	2584	0x0A18	10	24	0xC73B10	A
sm80_8x	0x238C9B0	2584	0x0A18	10	24	0xD3EA00	A
sm80_8x	0x238C9B0	2584	0x0A18	10	24	0xD49E10	A
sm80_8x	0x238C9B0	2584	0x0A18	10	24	0xD58560	A
sm80_8x	0x238C9B0	2585	0x0A19	10	25	0xD48690	A
sm80_8x	0x238C9B0	2585	0x0A19	10	25	0xD55540	A
sm80_8x	0x238C9B0	2585	0x0A19	10	25	0xDD7E20	A
sm80_8x	0x238C9B0	2586	0x0A1A	10	26	0xC71390	A
sm80_8x	0x238C9B0	2586	0x0A1A	10	26	0xD38810	A
sm80_8x	0x238C9B0	2586	0x0A1A	10	26	0xD4C1B0	A
sm80_8x	0x238C9B0	2587	0x0A1B	10	27	0xD4C780	A
sm80_8x	0x238C9B0	2587	0x0A1B	10	27	0xD55B30	A
sm80_8x	0x238C9B0	2587	0x0A1B	10	27	0xDD9E50	A
sm80_8x	0x238C9B0	2588	0x0A1C	10	28	0xC71F50	A
sm80_8x	0x238C9B0	2588	0x0A1C	10	28	0xD3AD00	A
sm80_8x	0x238C9B0	2588	0x0A1C	10	28	0xD45300	A
sm80_8x	0x238C9B0	2588	0x0A1C	10	28	0xDD98C0	A
sm80_8x	0x238C9B0	2589	0x0A1D	10	29	0xD3A6E0	A
sm80_8x	0x238C9B0	2589	0x0A1D	10	29	0xD480E0	A
sm80_8x	0x238C9B0	2589	0x0A1D	10	29	0xD5B8D0	A
sm80_8x	0x238C9B0	2590	0x0A1E	10	30	0x177A3F0	A
sm80_8x	0x238C9B0	2590	0x0A1E	10	30	0xD4DF10	A
sm80_8x	0x238C9B0	2590	0x0A1E	10	30	0xD5B2E0	A
sm80_8x	0x238C9B0	2590	0x0A1E	10	30	0xDDB480	A
sm80_8x	0x238C9B0	2591	0x0A1F	10	31	0x177B2F0	A
sm80_8x	0x238C9B0	2591	0x0A1F	10	31	0xD34310	A
sm80_8x	0x238C9B0	2591	0x0A1F	10	31	0xD4D350	A
sm80_8x	0x238C9B0	2591	0x0A1F	10	31	0xD50B90	A
sm80_8x	0x238C9B0	2592	0x0A20	10	32	0xD4A3D0	A
sm80_8x	0x238C9B0	2592	0x0A20	10	32	0xDDD790	A
sm80_8x	0x238C9B0	2593	0x0A21	10	33	0xD36510	A
sm80_8x	0x238C9B0	2593	0x0A21	10	33	0xD48C50	A
sm80_8x	0x238C9B0	2593	0x0A21	10	33	0xD51100	A
sm80_8x	0x238C9B0	2594	0x0A22	10	34	0x1780AA0	A
sm80_8x	0x238C9B0	2595	0x0A23	10	35	0x1781F90	A
sm80_8x	0x238C9B0	2595	0x0A23	10	35	0xD5AD20	A
sm80_8x	0x238C9B0	2599	0x0A27	10	39	0x177B9D0	A
sm80_8x	0x238C9B0	2600	0x0A28	10	40	0x177CEC0	A
sm80_8x	0x238C9B0	2668	0x0A6C	10	108	0x174D340	A
sm80_8x	0x238C9B0	2670	0x0A6E	10	110	0x174DF50	A
sm80_8x	0x238C9B0	2671	0x0A6F	10	111	0x174E580	A
sm80_8x	0x238C9B0	2693	0x0A85	10	133	0xD02DB0	A
sm80_8x	0x238C9B0	2695	0x0A87	10	135	0xD05BC0	A
sm80_8x	0x238C9B0	2696	0x0A88	10	136	0xD061D0	A
sm80_8x	0x238C9B0	2698	0x0A8A	10	138	0xD04A30	A
sm80_8x	0x238C9B0	2712	0x0A98	10	152	0xCF6AC0	A
sm80_8x	0x238C9B0	2714	0x0A9A	10	154	0xCF7750	A
sm80_8x	0x238C9B0	2715	0x0A9B	10	155	0xCF7DC0	A
sm80_8x	0x238C9B0	2716	0x0A9C	10	156	0xCF7130	A
sm80_8x	0x238C9B0	2718	0x0A9E	10	158	0xD038A0	A
sm80_8x	0x238C9B0	2818	0x0B02	11	2	0x1069800	A
sm80_8x	0x238C9B0	2818	0x0B02	11	2	0xDA9080	A
sm80_8x	0x238C9B0	2818	0x0B02	11	2	0xE30540	A
sm80_8x	0x238C9B0	2819	0x0B03	11	3	0xCF9FA0	A
sm80_8x	0x238C9B0	2823	0x0B07	11	7	0xCA2990	A
sm80_8x	0x238C9B0	2825	0x0B09	11	9	0xCA1F10	A
sm80_8x	0x238C9B0	2826	0x0B0A	11	10	0xD13620	A
sm80_8x	0x238C9B0	2834	0x0B12	11	18	0xE31E50	A
sm80_8x	0x238C9B0	2834	0x0B12	11	18	0xFFCE20	A
sm80_8x	0x238C9B0	2836	0x0B14	11	20	0xE30080	A
sm80_8x	0x238C9B0	2836	0x0B14	11	20	0xFFBCA0	A
sm80_8x	0x238C9B0	2838	0x0B16	11	22	0xE2E320	A
sm80_8x	0x238C9B0	2838	0x0B16	11	22	0xFFAB40	A
sm80_8x	0x238C9B0	2840	0x0B18	11	24	0xE32CC0	A
sm80_8x	0x238C9B0	2840	0x0B18	11	24	0xFFDAD0	A
sm80_8x	0x238C9B0	2858	0x0B2A	11	42	0xCE9440	A
sm80_8x	0x238C9B0	2859	0x0B2B	11	43	0xCA14F0	A
sm80_8x	0x238C9B0	2861	0x0B2D	11	45	0xCA0AD0	A
sm80_8x	0x238C9B0	2861	0x0B2D	11	45	0xCDC0F0	A
sm80_8x	0x238C9B0	2877	0x0B3D	11	61	0x17581B0	A
sm80_8x	0x238C9B0	2880	0x0B40	11	64	0xCDBB10	A
sm80_8x	0x238C9B0	2883	0x0B43	11	67	0xCFE300	A
sm80_8x	0x238C9B0	2896	0x0B50	11	80	0xD00870	A
sm80_8x	0x238C9B0	2899	0x0B53	11	83	0xCDDE50	A
sm80_8x	0x238C9B0	2955	0x0B8B	11	139	0xD05040	A
sm80_8x	0x238C9B0	2958	0x0B8E	11	142	0xCF3BF0	A
sm80_8x	0x238C9B0	2975	0x0B9F	11	159	0xD03EB0	A
sm80_8x	0x238C9B0	2978	0x0BA2	11	162	0xCEF590	A
sm80_8x	0x238C9B0	3331	0x0D03	13	3	0xD871C0	A
sm80_8x	0x238C9B0	3334	0x0D06	13	6	0x17F7C40	A
sm80_8x	0x238C9B0	3334	0x0D06	13	6	0xE72070	A
sm80_8x	0x238C9B0	3337	0x0D09	13	9	0xD62A40	A
sm80_8x	0x238C9B0	3337	0x0D09	13	9	0xD7DEE0	A
sm80_8x	0x238C9B0	3338	0x0D0A	13	10	0x17F07F0	A
sm80_8x	0x238C9B0	3338	0x0D0A	13	10	0xE49FE0	A
sm80_8x	0x238C9B0	3339	0x0D0B	13	11	0x1015640	A
sm80_8x	0x238C9B0	3339	0x0D0B	13	11	0xE501D0	A
sm80_8x	0x238C9B0	3340	0x0D0C	13	12	0xD664A0	A
sm80_8x	0x238C9B0	3340	0x0D0C	13	12	0xD81940	A
sm80_8x	0x238C9B0	3340	0x0D0C	13	12	0xD92020	A
sm80_8x	0x238C9B0	3343	0x0D0F	13	15	0x1015C20	A
sm80_8x	0x238C9B0	3343	0x0D0F	13	15	0xE508F0	A
sm80_8x	0x238C9B0	3344	0x0D10	13	16	0x10173A0	A
sm80_8x	0x238C9B0	3344	0x0D10	13	16	0xE52420	A
sm80_8x	0x238C9B0	3346	0x0D12	13	18	0xC6B150	A
sm80_8x	0x238C9B0	3346	0x0D12	13	18	0xD15480	A
sm80_8x	0x238C9B0	3347	0x0D13	13	19	0xD1D610	A
sm80_8x	0x238C9B0	3351	0x0D17	13	23	0xD1DD30	A
sm80_8x	0x238C9B0	3352	0x0D18	13	24	0xD1F860	A
sm80_8x	0x238C9B0	4099	0x1003	16	3	0x102F690	A
sm80_8x	0x238C9B0	4099	0x1003	16	3	0xE6FC40	A
sm80_8x	0x238C9B0	4609	0x1201	18	1	0xDE41B0	A
sm80_8x	0x238C9B0	4609	0x1201	18	1	0xE25F30	A
sm80_8x	0x238C9B0	4609	0x1201	18	1	0xE27F80	A
sm80_8x	0x238C9B0	4609	0x1201	18	1	0xFF5050	A
sm80_8x	0x238C9B0	4609	0x1201	18	1	0xFF6720	A
sm80_8x	0x238C9B0	4610	0x1202	18	2	0x1025630	A
sm80_8x	0x238C9B0	4610	0x1202	18	2	0xE248A0	A
sm80_8x	0x238C9B0	4610	0x1202	18	2	0xE269B0	A
sm80_8x	0x238C9B0	4610	0x1202	18	2	0xE62B40	A
sm80_8x	0x238C9B0	4610	0x1202	18	2	0xFF4230	A
sm80_8x	0x238C9B0	4610	0x1202	18	2	0xFF5960	A
sm80_8x	0x238C9B0	4611	0x1203	18	3	0x1025190	A
sm80_8x	0x238C9B0	4611	0x1203	18	3	0xDE46E0	A
sm80_8x	0x238C9B0	4611	0x1203	18	3	0xE25980	A
sm80_8x	0x238C9B0	4611	0x1203	18	3	0xE27A00	A
sm80_8x	0x238C9B0	4611	0x1203	18	3	0xE625D0	A
sm80_8x	0x238C9B0	4611	0x1203	18	3	0xFF4B90	A
sm80_8x	0x238C9B0	4611	0x1203	18	3	0xFF6280	A
sm80_8x	0x238C9B0	4612	0x1204	18	4	0xE24320	A
sm80_8x	0x238C9B0	4612	0x1204	18	4	0xE26460	A
sm80_8x	0x238C9B0	4612	0x1204	18	4	0xFF3D90	A
sm80_8x	0x238C9B0	4612	0x1204	18	4	0xFF54E0	A
sm80_8x	0x238C9B0	4613	0x1205	18	5	0x1025FB0	A
sm80_8x	0x238C9B0	4613	0x1205	18	5	0x106F840	A
sm80_8x	0x238C9B0	4613	0x1205	18	5	0x10778B0	A
sm80_8x	0x238C9B0	4613	0x1205	18	5	0xE253D0	A
sm80_8x	0x238C9B0	4613	0x1205	18	5	0xE27480	A
sm80_8x	0x238C9B0	4613	0x1205	18	5	0xE63690	A
sm80_8x	0x238C9B0	4627	0x1213	18	19	0xCA6F50	A
sm80_8x	0x238C9B0	4629	0x1215	18	21	0xCAA090	A
sm80_8x	0x238C9B0	4639	0x121F	18	31	0xCA69A0	A
sm80_8x	0x238C9B0	4641	0x1221	18	33	0xCA9AE0	A
sm80_8x	0x238C9B0	4864	0x1300	19	0	0x1043780	A
sm80_8x	0x238C9B0	4864	0x1300	19	0	0x1048D80	A
sm80_8x	0x238C9B0	4864	0x1300	19	0	0x1053C60	A
sm80_8x	0x238C9B0	4864	0x1300	19	0	0x17A74D0	A
sm80_8x	0x238C9B0	4864	0x1300	19	0	0x1801890	A
sm80_8x	0x238C9B0	4864	0x1300	19	0	0xE89490	A
sm80_8x	0x238C9B0	4864	0x1300	19	0	0xE8F980	A
sm80_8x	0x238C9B0	4864	0x1300	19	0	0xE9C8B0	A
sm80_8x	0x238C9B0	4865	0x1301	19	1	0x1023D00	A
sm80_8x	0x238C9B0	4865	0x1301	19	1	0x1040480	A
sm80_8x	0x238C9B0	4865	0x1301	19	1	0x1041BB0	A
sm80_8x	0x238C9B0	4865	0x1301	19	1	0x1045BE0	A
sm80_8x	0x238C9B0	4865	0x1301	19	1	0x1047240	A
sm80_8x	0x238C9B0	4865	0x1301	19	1	0x1055A20	A
sm80_8x	0x238C9B0	4865	0x1301	19	1	0x1059D90	A
sm80_8x	0x238C9B0	4865	0x1301	19	1	0x175B250	A
sm80_8x	0x238C9B0	4865	0x1301	19	1	0x1776320	A
sm80_8x	0x238C9B0	4865	0x1301	19	1	0x1790F00	A
sm80_8x	0x238C9B0	4865	0x1301	19	1	0x1793460	A
sm80_8x	0x238C9B0	4865	0x1301	19	1	0x17A5240	A
sm80_8x	0x238C9B0	4865	0x1301	19	1	0x17A6E00	A
sm80_8x	0x238C9B0	4865	0x1301	19	1	0x17F0E90	A
sm80_8x	0x238C9B0	4865	0x1301	19	1	0x17FFB20	A
sm80_8x	0x238C9B0	4865	0x1301	19	1	0x18012C0	A
sm80_8x	0x238C9B0	4865	0x1301	19	1	0xD691F0	A
sm80_8x	0x238C9B0	4865	0x1301	19	1	0xD84690	A
sm80_8x	0x238C9B0	4865	0x1301	19	1	0xDCC680	A
sm80_8x	0x238C9B0	4865	0x1301	19	1	0xE03170	A
sm80_8x	0x238C9B0	4865	0x1301	19	1	0xE04410	A
sm80_8x	0x238C9B0	4865	0x1301	19	1	0xE858D0	A
sm80_8x	0x238C9B0	4865	0x1301	19	1	0xE873F0	A
sm80_8x	0x238C9B0	4865	0x1301	19	1	0xE8BF10	A
sm80_8x	0x238C9B0	4865	0x1301	19	1	0xE8D950	A
sm80_8x	0x238C9B0	4865	0x1301	19	1	0xE9EC60	A
sm80_8x	0x238C9B0	4865	0x1301	19	1	0xEA3C80	A
sm80_8x	0x238C9B0	4866	0x1302	19	2	0x1010BC0	A
sm80_8x	0x238C9B0	4866	0x1302	19	2	0x102DB10	A
sm80_8x	0x238C9B0	4866	0x1302	19	2	0x1042120	A
sm80_8x	0x238C9B0	4866	0x1302	19	2	0x1047790	A
sm80_8x	0x238C9B0	4866	0x1302	19	2	0x1055FD0	A
sm80_8x	0x238C9B0	4866	0x1302	19	2	0x175B940	A
sm80_8x	0x238C9B0	4866	0x1302	19	2	0x1791BA0	A
sm80_8x	0x238C9B0	4866	0x1302	19	2	0x17A5FF0	A
sm80_8x	0x238C9B0	4866	0x1302	19	2	0x17A7BD0	A
sm80_8x	0x238C9B0	4866	0x1302	19	2	0x17F1960	A
sm80_8x	0x238C9B0	4866	0x1302	19	2	0x18006D0	A
sm80_8x	0x238C9B0	4866	0x1302	19	2	0x1801E70	A
sm80_8x	0x238C9B0	4866	0x1302	19	2	0xCC79C0	A
sm80_8x	0x238C9B0	4866	0x1302	19	2	0xD68AA0	A
sm80_8x	0x238C9B0	4866	0x1302	19	2	0xD83F40	A
sm80_8x	0x238C9B0	4866	0x1302	19	2	0xD8A470	A
sm80_8x	0x238C9B0	4866	0x1302	19	2	0xDCBFD0	A
sm80_8x	0x238C9B0	4866	0x1302	19	2	0xE4AD00	A
sm80_8x	0x238C9B0	4866	0x1302	19	2	0xE6DCD0	A
sm80_8x	0x238C9B0	4866	0x1302	19	2	0xE87A40	A
sm80_8x	0x238C9B0	4866	0x1302	19	2	0xE8DF80	A
sm80_8x	0x238C9B0	4866	0x1302	19	2	0xE9F300	A
sm80_8x	0x238C9B0	4867	0x1303	19	3	0x10105E0	A
sm80_8x	0x238C9B0	4867	0x1303	19	3	0x1043220	A
sm80_8x	0x238C9B0	4867	0x1303	19	3	0x1048830	A
sm80_8x	0x238C9B0	4867	0x1303	19	3	0x1054820	A
sm80_8x	0x238C9B0	4867	0x1303	19	3	0x17A66E0	A
sm80_8x	0x238C9B0	4867	0x1303	19	3	0x17A82C0	A
sm80_8x	0x238C9B0	4867	0x1303	19	3	0x1800CC0	A
sm80_8x	0x238C9B0	4867	0x1303	19	3	0x1802460	A
sm80_8x	0x238C9B0	4867	0x1303	19	3	0xE4A670	A
sm80_8x	0x238C9B0	4867	0x1303	19	3	0xE88E40	A
sm80_8x	0x238C9B0	4867	0x1303	19	3	0xE8F340	A
sm80_8x	0x238C9B0	4867	0x1303	19	3	0xE9D6C0	A
sm80_8x	0x238C9B0	4868	0x1304	19	4	0x1011150	A
sm80_8x	0x238C9B0	4868	0x1304	19	4	0x173C620	A
sm80_8x	0x238C9B0	4868	0x1304	19	4	0xD87F20	A
sm80_8x	0x238C9B0	4868	0x1304	19	4	0xD89C90	A
sm80_8x	0x238C9B0	4868	0x1304	19	4	0xE4B390	A
sm80_8x	0x238C9B0	4869	0x1305	19	5	0xD18190	A
sm80_8x	0x238C9B0	4869	0x1305	19	5	0xD87850	A
sm80_8x	0x238C9B0	4870	0x1306	19	6	0xD17B00	A
sm80_8x	0x238C9B0	4870	0x1306	19	6	0xD8B2E0	A
sm80_8x	0x238C9B0	4870	0x1306	19	6	0xDD0C40	A
sm80_8x	0x238C9B0	4871	0x1307	19	7	0x17EF4F0	A
sm80_8x	0x238C9B0	4871	0x1307	19	7	0xD18820	A
sm80_8x	0x238C9B0	4871	0x1307	19	7	0xDCED10	A
sm80_8x	0x238C9B0	4871	0x1307	19	7	0xDD0600	A
sm80_8x	0x238C9B0	4872	0x1308	19	8	0x17EEE50	A
sm80_8x	0x238C9B0	4872	0x1308	19	8	0xCBD380	A
sm80_8x	0x238C9B0	4872	0x1308	19	8	0xD8AB60	A
sm80_8x	0x238C9B0	4872	0x1308	19	8	0xDCE5F0	A
sm80_8x	0x238C9B0	4873	0x1309	19	9	0x17EFB20	A
sm80_8x	0x238C9B0	4873	0x1309	19	9	0xDD3060	A
sm80_8x	0x238C9B0	4874	0x130A	19	10	0x1758DF0	A
sm80_8x	0x238C9B0	4874	0x130A	19	10	0xD65DB0	A
sm80_8x	0x238C9B0	4874	0x130A	19	10	0xD81250	A
sm80_8x	0x238C9B0	4874	0x130A	19	10	0xDD2A00	A
sm80_8x	0x238C9B0	4875	0x130B	19	11	0x1758680	A
sm80_8x	0x238C9B0	4875	0x130B	19	11	0xD65700	A
sm80_8x	0x238C9B0	4875	0x130B	19	11	0xD80BA0	A
sm80_8x	0x238C9B0	4876	0x130C	19	12	0x10167E0	A
sm80_8x	0x238C9B0	4876	0x130C	19	12	0x1759530	A
sm80_8x	0x238C9B0	4876	0x130C	19	12	0xE51650	A
sm80_8x	0x238C9B0	4877	0x130D	19	13	0x1016200	A
sm80_8x	0x238C9B0	4877	0x130D	19	13	0xCD0370	A
sm80_8x	0x238C9B0	4877	0x130D	19	13	0xE50FA0	A
sm80_8x	0x238C9B0	4878	0x130E	19	14	0x1016DC0	A
sm80_8x	0x238C9B0	4878	0x130E	19	14	0x173F460	A
sm80_8x	0x238C9B0	4878	0x130E	19	14	0xE51D70	A
sm80_8x	0x238C9B0	4879	0x130F	19	15	0x173EDF0	A
sm80_8x	0x238C9B0	4881	0x1311	19	17	0x1018620	A
sm80_8x	0x238C9B0	4881	0x1311	19	17	0xE53970	A
sm80_8x	0x238C9B0	4882	0x1312	19	18	0x1017FF0	A
sm80_8x	0x238C9B0	4882	0x1312	19	18	0x177E2A0	A
sm80_8x	0x238C9B0	4882	0x1312	19	18	0xCC91E0	A
sm80_8x	0x238C9B0	4882	0x1312	19	18	0xDD55F0	A
sm80_8x	0x238C9B0	4882	0x1312	19	18	0xE53280	A
sm80_8x	0x238C9B0	4883	0x1313	19	19	0x1018C40	A
sm80_8x	0x238C9B0	4883	0x1313	19	19	0x1740200	A
sm80_8x	0x238C9B0	4883	0x1313	19	19	0x177F690	A
sm80_8x	0x238C9B0	4883	0x1313	19	19	0xDD4ED0	A
sm80_8x	0x238C9B0	4883	0x1313	19	19	0xE540D0	A
sm80_8x	0x238C9B0	4884	0x1314	19	20	0x173FB30	A
sm80_8x	0x238C9B0	4884	0x1314	19	20	0x177EFE0	A
sm80_8x	0x238C9B0	4884	0x1314	19	20	0xD1EA90	A
sm80_8x	0x238C9B0	4885	0x1315	19	21	0x17803F0	A
sm80_8x	0x238C9B0	4885	0x1315	19	21	0xD1E3E0	A
sm80_8x	0x238C9B0	4885	0x1315	19	21	0xDD6B20	A
sm80_8x	0x238C9B0	4886	0x1316	19	22	0x1014970	A
sm80_8x	0x238C9B0	4886	0x1316	19	22	0xD1F1B0	A
sm80_8x	0x238C9B0	4886	0x1316	19	22	0xDD6470	A
sm80_8x	0x238C9B0	4886	0x1316	19	22	0xE4F330	A
sm80_8x	0x238C9B0	4887	0x1317	19	23	0x10142E0	A
sm80_8x	0x238C9B0	4887	0x1317	19	23	0xE4EC00	A
sm80_8x	0x238C9B0	4888	0x1318	19	24	0x1014FC0	A
sm80_8x	0x238C9B0	4888	0x1318	19	24	0xE4FAA0	A
sm80_8x	0x238C9B0	4889	0x1319	19	25	0xD20DA0	A
sm80_8x	0x238C9B0	4890	0x131A	19	26	0xD206B0	A
sm80_8x	0x238C9B0	4891	0x131B	19	27	0x1013010	A
sm80_8x	0x238C9B0	4891	0x131B	19	27	0xD21500	A
sm80_8x	0x238C9B0	4891	0x131B	19	27	0xE4D6B0	A
sm80_8x	0x238C9B0	4892	0x131C	19	28	0x10129D0	A
sm80_8x	0x238C9B0	4892	0x131C	19	28	0x1779750	A
sm80_8x	0x238C9B0	4892	0x131C	19	28	0xE4CFC0	A
sm80_8x	0x238C9B0	4893	0x131D	19	29	0x1013620	A
sm80_8x	0x238C9B0	4893	0x131D	19	29	0x177AB60	A
sm80_8x	0x238C9B0	4893	0x131D	19	29	0xE4DDE0	A
sm80_8x	0x238C9B0	4894	0x131E	19	30	0xD1C770	A
sm80_8x	0x238C9B0	4895	0x131F	19	31	0xD1C040	A
sm80_8x	0x238C9B0	4896	0x1320	19	32	0x1779D40	A
sm80_8x	0x238C9B0	4896	0x1320	19	32	0xD1CEE0	A
sm80_8x	0x238C9B0	4897	0x1321	19	33	0x17811D0	A
sm80_8x	0x238C9B0	4898	0x1322	19	34	0xCCE5C0	A
sm80_8x	0x238C9B0	4899	0x1323	19	35	0xCCA660	A
sm80_8x	0x238C9B0	4899	0x1323	19	35	0xD1AB10	A
sm80_8x	0x238C9B0	4900	0x1324	19	36	0xCC9910	A
sm80_8x	0x238C9B0	4900	0x1324	19	36	0xD1A430	A
sm80_8x	0x238C9B0	4901	0x1325	19	37	0x1781920	A
sm80_8x	0x238C9B0	4901	0x1325	19	37	0xD1B230	A
sm80_8x	0x238C9B0	4902	0x1326	19	38	0x1740F90	A
sm80_8x	0x238C9B0	4902	0x1326	19	38	0x177C100	A
sm80_8x	0x238C9B0	4902	0x1326	19	38	0xD19D50	A
sm80_8x	0x238C9B0	4904	0x1328	19	40	0x1740900	A
sm80_8x	0x238C9B0	4904	0x1328	19	40	0x175C040	A
sm80_8x	0x238C9B0	4905	0x1329	19	41	0xCC9FB0	A
sm80_8x	0x238C9B0	4906	0x132A	19	42	0x173D960	A
sm80_8x	0x238C9B0	4906	0x132A	19	42	0x175CE90	A
sm80_8x	0x238C9B0	4913	0x1331	19	49	0x173CC50	A
sm80_8x	0x238C9B0	4914	0x1332	19	50	0x173E6F0	A
sm80_8x	0x238C9B0	4982	0x1376	19	118	0xCE2920	A
sm80_8x	0x238C9B0	4984	0x1378	19	120	0xCE3570	A
sm80_8x	0x238C9B0	4985	0x1379	19	121	0xCE3BC0	A
sm80_8x	0x238C9B0	5041	0x13B1	19	177	0x1751000	A
sm80_8x	0x238C9B0	5043	0x13B3	19	179	0x1751C50	A
sm80_8x	0x238C9B0	5044	0x13B4	19	180	0x17522A0	A
sm80_8x	0x238C9B0	5377	0x1501	21	1	0x105D120	A
sm80_8x	0x238C9B0	5377	0x1501	21	1	0xEA7880	A
sm80_8x	0x238C9B0	5633	0x1601	22	1	0x1024870	A
sm80_8x	0x238C9B0	5633	0x1601	22	1	0xE61B40	A
sm80_8x	0x238C9B0	5636	0x1604	22	4	0x1024CF0	A
sm80_8x	0x238C9B0	5636	0x1604	22	4	0xE62070	A
sm80_8x	0x238C9B0	5646	0x160E	22	14	0xDE5770	A
sm80_8x	0x238C9B0	5647	0x160F	22	15	0xCA3410	A
sm80_8x	0x238C9B0	5647	0x160F	22	15	0xDE7560	A
sm80_8x	0x238C9B0	5649	0x1611	22	17	0xCA4B50	A
sm80_8x	0x238C9B0	5650	0x1612	22	18	0xDE6340	A
sm80_8x	0x238C9B0	5651	0x1613	22	19	0xDE8200	A
sm80_8x	0x238C9B0	5659	0x161B	22	27	0xCA6360	A
sm80_8x	0x238C9B0	5661	0x161D	22	29	0xCA9480	A
sm80_8x	0x238C9B0	5671	0x1627	22	39	0xCA5D10	A
sm80_8x	0x238C9B0	5673	0x1629	22	41	0xCA8E20	A
sm80_8x	0x238C9B0	5683	0x1633	22	51	0xCA2E90	A
sm80_8x	0x238C9B0	5685	0x1635	22	53	0xCA45B0	A
sm80_8x	0x238C9B0	5977	0x1759	23	89	0xCD6080	A
sm80_8x	0x238C9B0	6400	0x1900	25	0	0x1012390	A
sm80_8x	0x238C9B0	6400	0x1900	25	0	0x1029730	A
sm80_8x	0x238C9B0	6400	0x1900	25	0	0x103C9B0	A
sm80_8x	0x238C9B0	6400	0x1900	25	0	0xD5D3D0	A
sm80_8x	0x238C9B0	6400	0x1900	25	0	0xDEF520	A
sm80_8x	0x238C9B0	6400	0x1900	25	0	0xE68E40	A
sm80_8x	0x238C9B0	6400	0x1900	25	0	0xE81320	A
sm80_8x	0x238C9B0	6401	0x1901	25	1	0x100FA80	A
sm80_8x	0x238C9B0	6401	0x1901	25	1	0x1096270	A
sm80_8x	0x238C9B0	6401	0x1901	25	1	0x1764B60	A
sm80_8x	0x238C9B0	6401	0x1901	25	1	0x176B090	A
sm80_8x	0x238C9B0	6401	0x1901	25	1	0x1770520	A
sm80_8x	0x238C9B0	6401	0x1901	25	1	0x1797C70	A
sm80_8x	0x238C9B0	6401	0x1901	25	1	0x179B020	A
sm80_8x	0x238C9B0	6401	0x1901	25	1	0x17A3640	A
sm80_8x	0x238C9B0	6401	0x1901	25	1	0x17F6150	A
sm80_8x	0x238C9B0	6401	0x1901	25	1	0x17F8730	A
sm80_8x	0x238C9B0	6401	0x1901	25	1	0x17FE300	A
sm80_8x	0x238C9B0	6401	0x1901	25	1	0xD283E0	A
sm80_8x	0x238C9B0	6401	0x1901	25	1	0xD7C5E0	A
sm80_8x	0x238C9B0	6401	0x1901	25	1	0xD9BA90	A
sm80_8x	0x238C9B0	6401	0x1901	25	1	0xE069E0	A
sm80_8x	0x238C9B0	6401	0x1901	25	1	0xE2CE80	A
sm80_8x	0x238C9B0	6401	0x1901	25	1	0xE49950	A
sm80_8x	0x238C9B0	6402	0x1902	25	2	0x176B700	A
sm80_8x	0x238C9B0	6402	0x1902	25	2	0x1796DB0	A
sm80_8x	0x238C9B0	6402	0x1902	25	2	0x179B640	A
sm80_8x	0x238C9B0	6402	0x1902	25	2	0x17A2820	A
sm80_8x	0x238C9B0	6402	0x1902	25	2	0x17F54D0	A
sm80_8x	0x238C9B0	6402	0x1902	25	2	0x17FD720	A
sm80_8x	0x238C9B0	6402	0x1902	25	2	0x180A200	A
sm80_8x	0x238C9B0	6402	0x1902	25	2	0xD270E0	A
sm80_8x	0x238C9B0	6402	0x1902	25	2	0xD7CC30	A
sm80_8x	0x238C9B0	6402	0x1902	25	2	0xD9B440	A
sm80_8x	0x238C9B0	6402	0x1902	25	2	0xE076A0	A
sm80_8x	0x238C9B0	6402	0x1902	25	2	0xE2C7E0	A
sm80_8x	0x238C9B0	6402	0x1902	25	2	0xFF9940	A
sm80_8x	0x238C9B0	6403	0x1903	25	3	0x1031260	A
sm80_8x	0x238C9B0	6403	0x1903	25	3	0x1093A60	A
sm80_8x	0x238C9B0	6403	0x1903	25	3	0x175AB50	A
sm80_8x	0x238C9B0	6403	0x1903	25	3	0x1765850	A
sm80_8x	0x238C9B0	6403	0x1903	25	3	0x1797510	A
sm80_8x	0x238C9B0	6403	0x1903	25	3	0x179FA10	A
sm80_8x	0x238C9B0	6403	0x1903	25	3	0x17A2F30	A
sm80_8x	0x238C9B0	6403	0x1903	25	3	0x17F5B10	A
sm80_8x	0x238C9B0	6403	0x1903	25	3	0x17FB5E0	A
sm80_8x	0x238C9B0	6403	0x1903	25	3	0x17FDD10	A
sm80_8x	0x238C9B0	6403	0x1903	25	3	0xD27D80	A
sm80_8x	0x238C9B0	6403	0x1903	25	3	0xD73520	A
sm80_8x	0x238C9B0	6403	0x1903	25	3	0xD9ADF0	A
sm80_8x	0x238C9B0	6403	0x1903	25	3	0xDB9AC0	A
sm80_8x	0x238C9B0	6403	0x1903	25	3	0xE2ACC0	A
sm80_8x	0x238C9B0	6404	0x1904	25	4	0x1796670	A
sm80_8x	0x238C9B0	6404	0x1904	25	4	0x179E750	A
sm80_8x	0x238C9B0	6404	0x1904	25	4	0x17A2130	A
sm80_8x	0x238C9B0	6404	0x1904	25	4	0x17F4EC0	A
sm80_8x	0x238C9B0	6404	0x1904	25	4	0x17FAB60	A
sm80_8x	0x238C9B0	6404	0x1904	25	4	0x17FD150	A
sm80_8x	0x238C9B0	6404	0x1904	25	4	0xD16DE0	A
sm80_8x	0x238C9B0	6404	0x1904	25	4	0xD76090	A
sm80_8x	0x238C9B0	6404	0x1904	25	4	0xD9A7A0	A
sm80_8x	0x238C9B0	6404	0x1904	25	4	0xDB9490	A
sm80_8x	0x238C9B0	6404	0x1904	25	4	0xDF8BC0	A
sm80_8x	0x238C9B0	6404	0x1904	25	4	0xE2A630	A
sm80_8x	0x238C9B0	6404	0x1904	25	4	0xFF8260	A
sm80_8x	0x238C9B0	6405	0x1905	25	5	0x1010010	A
sm80_8x	0x238C9B0	6405	0x1905	25	5	0x1027B60	A
sm80_8x	0x238C9B0	6405	0x1905	25	5	0x17671D0	A
sm80_8x	0x238C9B0	6405	0x1905	25	5	0x179F3C0	A
sm80_8x	0x238C9B0	6405	0x1905	25	5	0x17A0080	A
sm80_8x	0x238C9B0	6405	0x1905	25	5	0x17FBB50	A
sm80_8x	0x238C9B0	6405	0x1905	25	5	0x180B6F0	A
sm80_8x	0x238C9B0	6405	0x1905	25	5	0xC8DA00	A
sm80_8x	0x238C9B0	6405	0x1905	25	5	0xD766D0	A
sm80_8x	0x238C9B0	6405	0x1905	25	5	0xDBD210	A
sm80_8x	0x238C9B0	6405	0x1905	25	5	0xDF97C0	A
sm80_8x	0x238C9B0	6405	0x1905	25	5	0xE2B350	A
sm80_8x	0x238C9B0	6405	0x1905	25	5	0xE661E0	A
sm80_8x	0x238C9B0	6405	0x1905	25	5	0xFF87E0	A
sm80_8x	0x238C9B0	6406	0x1906	25	6	0x1096800	A
sm80_8x	0x238C9B0	6406	0x1906	25	6	0x1766B80	A
sm80_8x	0x238C9B0	6406	0x1906	25	6	0x17A06D0	A
sm80_8x	0x238C9B0	6406	0x1906	25	6	0x17F01C0	A
sm80_8x	0x238C9B0	6406	0x1906	25	6	0x180B1A0	A
sm80_8x	0x238C9B0	6406	0x1906	25	6	0xD73B60	A
sm80_8x	0x238C9B0	6406	0x1906	25	6	0xD93230	A
sm80_8x	0x238C9B0	6406	0x1906	25	6	0xDBEA50	A
sm80_8x	0x238C9B0	6406	0x1906	25	6	0xDFBB30	A
sm80_8x	0x238C9B0	6406	0x1906	25	6	0xE2BA20	A
sm80_8x	0x238C9B0	6406	0x1906	25	6	0xE66860	A
sm80_8x	0x238C9B0	6406	0x1906	25	6	0xFF8DA0	A
sm80_8x	0x238C9B0	6407	0x1907	25	7	0x1028CB0	A
sm80_8x	0x238C9B0	6407	0x1907	25	7	0x17A1A60	A
sm80_8x	0x238C9B0	6407	0x1907	25	7	0x17FCBA0	A
sm80_8x	0x238C9B0	6407	0x1907	25	7	0xD70B60	A
sm80_8x	0x238C9B0	6407	0x1907	25	7	0xD9A150	A
sm80_8x	0x238C9B0	6407	0x1907	25	7	0xDBDE20	A
sm80_8x	0x238C9B0	6407	0x1907	25	7	0xDFA940	A
sm80_8x	0x238C9B0	6407	0x1907	25	7	0xE2C0F0	A
sm80_8x	0x238C9B0	6407	0x1907	25	7	0xE67CA0	A
sm80_8x	0x238C9B0	6407	0x1907	25	7	0xFF9360	A
sm80_8x	0x238C9B0	6408	0x1908	25	8	0x10280F0	A
sm80_8x	0x238C9B0	6408	0x1908	25	8	0x10934E0	A
sm80_8x	0x238C9B0	6408	0x1908	25	8	0x17A0D20	A
sm80_8x	0x238C9B0	6408	0x1908	25	8	0x17FC0A0	A
sm80_8x	0x238C9B0	6408	0x1908	25	8	0xD17470	A
sm80_8x	0x238C9B0	6408	0x1908	25	8	0xD30490	A
sm80_8x	0x238C9B0	6408	0x1908	25	8	0xD6D6A0	A
sm80_8x	0x238C9B0	6408	0x1908	25	8	0xD99B00	A
sm80_8x	0x238C9B0	6408	0x1908	25	8	0xDBF090	A
sm80_8x	0x238C9B0	6408	0x1908	25	8	0xDD1280	A
sm80_8x	0x238C9B0	6408	0x1908	25	8	0xDFCD20	A
sm80_8x	0x238C9B0	6408	0x1908	25	8	0xE28B10	A
sm80_8x	0x238C9B0	6408	0x1908	25	8	0xE66EE0	A
sm80_8x	0x238C9B0	6409	0x1909	25	9	0x1759CA0	A
sm80_8x	0x238C9B0	6409	0x1909	25	9	0xC91020	A
sm80_8x	0x238C9B0	6409	0x1909	25	9	0xD2DC60	A
sm80_8x	0x238C9B0	6409	0x1909	25	9	0xD6E250	A
sm80_8x	0x238C9B0	6409	0x1909	25	9	0xD994B0	A
sm80_8x	0x238C9B0	6409	0x1909	25	9	0xDC20D0	A
sm80_8x	0x238C9B0	6409	0x1909	25	9	0xDFE5B0	A
sm80_8x	0x238C9B0	6409	0x1909	25	9	0xE28480	A
sm80_8x	0x238C9B0	6409	0x1909	25	9	0xFF6B80	A
sm80_8x	0x238C9B0	6410	0x190A	25	10	0x179D590	A
sm80_8x	0x238C9B0	6410	0x190A	25	10	0x17FA160	A
sm80_8x	0x238C9B0	6410	0x190A	25	10	0xD2C8E0	A
sm80_8x	0x238C9B0	6410	0x190A	25	10	0xD71710	A
sm80_8x	0x238C9B0	6410	0x190A	25	10	0xD98E60	A
sm80_8x	0x238C9B0	6410	0x190A	25	10	0xDC0F30	A
sm80_8x	0x238C9B0	6410	0x190A	25	10	0xDFD370	A
sm80_8x	0x238C9B0	6410	0x190A	25	10	0xE291A0	A
sm80_8x	0x238C9B0	6410	0x190A	25	10	0xFF7100	A
sm80_8x	0x238C9B0	6411	0x190B	25	11	0x1766530	A
sm80_8x	0x238C9B0	6411	0x190B	25	11	0x179C940	A
sm80_8x	0x238C9B0	6411	0x190B	25	11	0x17F9710	A
sm80_8x	0x238C9B0	6411	0x190B	25	11	0xD2D5D0	A
sm80_8x	0x238C9B0	6411	0x190B	25	11	0xD71120	A
sm80_8x	0x238C9B0	6411	0x190B	25	11	0xDC1AE0	A
sm80_8x	0x238C9B0	6411	0x190B	25	11	0xDFDF90	A
sm80_8x	0x238C9B0	6411	0x190B	25	11	0xE29870	A
sm80_8x	0x238C9B0	6411	0x190B	25	11	0xFF76C0	A
sm80_8x	0x238C9B0	6412	0x190C	25	12	0x1733B50	A
sm80_8x	0x238C9B0	6412	0x190C	25	12	0x1765EE0	A
sm80_8x	0x238C9B0	6412	0x190C	25	12	0x179BC60	A
sm80_8x	0x238C9B0	6412	0x190C	25	12	0x17F8C50	A
sm80_8x	0x238C9B0	6412	0x190C	25	12	0xD2CF40	A
sm80_8x	0x238C9B0	6412	0x190C	25	12	0xD71D00	A
sm80_8x	0x238C9B0	6412	0x190C	25	12	0xDC14F0	A
sm80_8x	0x238C9B0	6412	0x190C	25	12	0xDFD970	A
sm80_8x	0x238C9B0	6413	0x190D	25	13	0x1747360	A
sm80_8x	0x238C9B0	6413	0x190D	25	13	0xC8AF40	A
sm80_8x	0x238C9B0	6413	0x190D	25	13	0xD28A60	A
sm80_8x	0x238C9B0	6413	0x190D	25	13	0xD6DC60	A
sm80_8x	0x238C9B0	6413	0x190D	25	13	0xD9E610	A
sm80_8x	0x238C9B0	6413	0x190D	25	13	0xDBCC50	A
sm80_8x	0x238C9B0	6413	0x190D	25	13	0xDF9DC0	A
sm80_8x	0x238C9B0	6414	0x190E	25	14	0xC8A900	A
sm80_8x	0x238C9B0	6414	0x190E	25	14	0xD2AF70	A
sm80_8x	0x238C9B0	6414	0x190E	25	14	0xD6E840	A
sm80_8x	0x238C9B0	6414	0x190E	25	14	0xD9F270	A
sm80_8x	0x238C9B0	6414	0x190E	25	14	0xDBE460	A
sm80_8x	0x238C9B0	6414	0x190E	25	14	0xDFC150	A
sm80_8x	0x238C9B0	6415	0x190F	25	15	0x1748CC0	A
sm80_8x	0x238C9B0	6415	0x190F	25	15	0xC8C170	A
sm80_8x	0x238C9B0	6415	0x190F	25	15	0xD29CB0	A
sm80_8x	0x238C9B0	6415	0x190F	25	15	0xD72880	A
sm80_8x	0x238C9B0	6415	0x190F	25	15	0xD9EC30	A
sm80_8x	0x238C9B0	6415	0x190F	25	15	0xDBD830	A
sm80_8x	0x238C9B0	6416	0x1910	25	16	0xC8B530	A
sm80_8x	0x238C9B0	6416	0x1910	25	16	0xD2C230	A
sm80_8x	0x238C9B0	6416	0x1910	25	16	0xD753F0	A
sm80_8x	0x238C9B0	6416	0x1910	25	16	0xD9C0D0	A
sm80_8x	0x238C9B0	6416	0x1910	25	16	0xDBB360	A
sm80_8x	0x238C9B0	6417	0x1911	25	17	0xC8C7C0	A
sm80_8x	0x238C9B0	6417	0x1911	25	17	0xD290A0	A
sm80_8x	0x238C9B0	6417	0x1911	25	17	0xD75A30	A
sm80_8x	0x238C9B0	6417	0x1911	25	17	0xD9CD30	A
sm80_8x	0x238C9B0	6417	0x1911	25	17	0xDBBFC0	A
sm80_8x	0x238C9B0	6418	0x1912	25	18	0x17453D0	A
sm80_8x	0x238C9B0	6418	0x1912	25	18	0xC9C380	A
sm80_8x	0x238C9B0	6418	0x1912	25	18	0xD2B5D0	A
sm80_8x	0x238C9B0	6418	0x1912	25	18	0xD72EC0	A
sm80_8x	0x238C9B0	6418	0x1912	25	18	0xD9C6F0	A
sm80_8x	0x238C9B0	6418	0x1912	25	18	0xDBB980	A
sm80_8x	0x238C9B0	6419	0x1913	25	19	0xC985B0	A
sm80_8x	0x238C9B0	6419	0x1913	25	19	0xD6F3C0	A
sm80_8x	0x238C9B0	6419	0x1913	25	19	0xD9F8B0	A
sm80_8x	0x238C9B0	6419	0x1913	25	19	0xDBC600	A
sm80_8x	0x238C9B0	6420	0x1914	25	20	0x1746D30	A
sm80_8x	0x238C9B0	6420	0x1914	25	20	0xC98C00	A
sm80_8x	0x238C9B0	6420	0x1914	25	20	0xD6BF00	A
sm80_8x	0x238C9B0	6420	0x1914	25	20	0xDA0510	A
sm80_8x	0x238C9B0	6420	0x1914	25	20	0xDC08E0	A
sm80_8x	0x238C9B0	6421	0x1915	25	21	0xC9AB00	A
sm80_8x	0x238C9B0	6421	0x1915	25	21	0xD6CAB0	A
sm80_8x	0x238C9B0	6421	0x1915	25	21	0xD9FED0	A
sm80_8x	0x238C9B0	6421	0x1915	25	21	0xDBF6A0	A
sm80_8x	0x238C9B0	6421	0x1915	25	21	0xDF40B0	A
sm80_8x	0x238C9B0	6422	0x1916	25	22	0xC9B720	A
sm80_8x	0x238C9B0	6422	0x1916	25	22	0xD6FF70	A
sm80_8x	0x238C9B0	6422	0x1916	25	22	0xD9D370	A
sm80_8x	0x238C9B0	6422	0x1916	25	22	0xDC02C0	A
sm80_8x	0x238C9B0	6422	0x1916	25	22	0xDF6E10	A
sm80_8x	0x238C9B0	6423	0x1917	25	23	0xC9B100	A
sm80_8x	0x238C9B0	6423	0x1917	25	23	0xD6F980	A
sm80_8x	0x238C9B0	6423	0x1917	25	23	0xD9DFD0	A
sm80_8x	0x238C9B0	6423	0x1917	25	23	0xDBFCA0	A
sm80_8x	0x238C9B0	6424	0x1918	25	24	0xC9BD40	A
sm80_8x	0x238C9B0	6424	0x1918	25	24	0xD70560	A
sm80_8x	0x238C9B0	6424	0x1918	25	24	0xD9D990	A
sm80_8x	0x238C9B0	6424	0x1918	25	24	0xDBA120	A
sm80_8x	0x238C9B0	6425	0x1919	25	25	0x1743E10	A
sm80_8x	0x238C9B0	6425	0x1919	25	25	0xC959F0	A
sm80_8x	0x238C9B0	6425	0x1919	25	25	0xD23A50	A
sm80_8x	0x238C9B0	6425	0x1919	25	25	0xD6C4C0	A
sm80_8x	0x238C9B0	6425	0x1919	25	25	0xDA1D90	A
sm80_8x	0x238C9B0	6425	0x1919	25	25	0xDBAD40	A
sm80_8x	0x238C9B0	6426	0x191A	25	26	0x1777FA0	A
sm80_8x	0x238C9B0	6426	0x191A	25	26	0xC972E0	A
sm80_8x	0x238C9B0	6426	0x191A	25	26	0xD6D0A0	A
sm80_8x	0x238C9B0	6426	0x191A	25	26	0xDA29B0	A
sm80_8x	0x238C9B0	6427	0x191B	25	27	0x1779160	A
sm80_8x	0x238C9B0	6427	0x191B	25	27	0xC96650	A
sm80_8x	0x238C9B0	6427	0x191B	25	27	0xCE0520	A
sm80_8x	0x238C9B0	6427	0x191B	25	27	0xD2FEE0	A
sm80_8x	0x238C9B0	6427	0x191B	25	27	0xDA2390	A
sm80_8x	0x238C9B0	6427	0x191B	25	27	0xE007D0	A
sm80_8x	0x238C9B0	6428	0x191C	25	28	0xC95FF0	A
sm80_8x	0x238C9B0	6428	0x191C	25	28	0xDA0B50	A
sm80_8x	0x238C9B0	6429	0x191D	25	29	0xC97900	A
sm80_8x	0x238C9B0	6429	0x191D	25	29	0xD6B030	A
sm80_8x	0x238C9B0	6429	0x191D	25	29	0xDA1770	A
sm80_8x	0x238C9B0	6430	0x191E	25	30	0xC96C70	A
sm80_8x	0x238C9B0	6430	0x191E	25	30	0xD31A70	A
sm80_8x	0x238C9B0	6430	0x191E	25	30	0xD741C0	A
sm80_8x	0x238C9B0	6431	0x191F	25	31	0xC97F70	A
sm80_8x	0x238C9B0	6431	0x191F	25	31	0xD24690	A
sm80_8x	0x238C9B0	6432	0x1920	25	32	0xC99280	A
sm80_8x	0x238C9B0	6432	0x1920	25	32	0xD25330	A
sm80_8x	0x238C9B0	6433	0x1921	25	33	0xC99EA0	A
sm80_8x	0x238C9B0	6433	0x1921	25	33	0xD6B530	A
sm80_8x	0x238C9B0	6434	0x1922	25	34	0xC99880	A
sm80_8x	0x238C9B0	6434	0x1922	25	34	0xD7A660	A
sm80_8x	0x238C9B0	6435	0x1923	25	35	0xC9A4C0	A
sm80_8x	0x238C9B0	6435	0x1923	25	35	0xD78690	A
sm80_8x	0x238C9B0	6436	0x1924	25	36	0xC92E30	A
sm80_8x	0x238C9B0	6436	0x1924	25	36	0xD76D30	A
sm80_8x	0x238C9B0	6437	0x1925	25	37	0xC94720	A
sm80_8x	0x238C9B0	6437	0x1925	25	37	0xD77A10	A
sm80_8x	0x238C9B0	6438	0x1926	25	38	0xC93A90	A
sm80_8x	0x238C9B0	6438	0x1926	25	38	0xD7AC90	A
sm80_8x	0x238C9B0	6439	0x1927	25	39	0x175C750	A
sm80_8x	0x238C9B0	6439	0x1927	25	39	0xC93430	A
sm80_8x	0x238C9B0	6439	0x1927	25	39	0xD78CD0	A
sm80_8x	0x238C9B0	6440	0x1928	25	40	0xC94D40	A
sm80_8x	0x238C9B0	6441	0x1929	25	41	0x175DCE0	A
sm80_8x	0x238C9B0	6441	0x1929	25	41	0xC940B0	A
sm80_8x	0x238C9B0	6441	0x1929	25	41	0xD79FB0	A
sm80_8x	0x238C9B0	6441	0x1929	25	41	0xDF6330	A
sm80_8x	0x238C9B0	6442	0x192A	25	42	0x176FE60	A
sm80_8x	0x238C9B0	6442	0x192A	25	42	0xD25F10	A
sm80_8x	0x238C9B0	6442	0x192A	25	42	0xD79960	A
sm80_8x	0x238C9B0	6443	0x192B	25	43	0x175F240	A
sm80_8x	0x238C9B0	6443	0x192B	25	43	0x176F7D0	A
sm80_8x	0x238C9B0	6444	0x192C	25	44	0x16DFDE0	A
sm80_8x	0x238C9B0	6444	0x192C	25	44	0x175EB30	A
sm80_8x	0x238C9B0	6444	0x192C	25	44	0x176F140	A
sm80_8x	0x238C9B0	6444	0x192C	25	44	0xD7BF40	A
sm80_8x	0x238C9B0	6445	0x192D	25	45	0x175F950	A
sm80_8x	0x238C9B0	6445	0x192D	25	45	0xC8EC90	A
sm80_8x	0x238C9B0	6445	0x192D	25	45	0xD7B900	A
sm80_8x	0x238C9B0	6446	0x192E	25	46	0xD773A0	A
sm80_8x	0x238C9B0	6449	0x1931	25	49	0xC86610	A
sm80_8x	0x238C9B0	6450	0x1932	25	50	0xC87DB0	A
sm80_8x	0x238C9B0	6451	0x1933	25	51	0xC88A40	A
sm80_8x	0x238C9B0	6452	0x1934	25	52	0xC883F0	A
sm80_8x	0x238C9B0	6457	0x1939	25	57	0xC871F0	A
sm80_8x	0x238C9B0	6458	0x193A	25	58	0xC896D0	A
sm80_8x	0x238C9B0	6459	0x193B	25	59	0xC89090	A
sm80_8x	0x238C9B0	6461	0x193D	25	61	0xC9CF80	A
sm80_8x	0x238C9B0	6462	0x193E	25	62	0x1737D00	A
sm80_8x	0x238C9B0	6465	0x1941	25	65	0xC9D540	A
sm80_8x	0x238C9B0	6466	0x1942	25	66	0xC9DB30	A
sm80_8x	0x238C9B0	6469	0x1945	25	69	0xC9EDB0	A
sm80_8x	0x238C9B0	6470	0x1946	25	70	0xCDB530	A
sm80_8x	0x238C9B0	6513	0x1971	25	113	0x174B0A0	A
sm80_8x	0x238C9B0	6515	0x1973	25	115	0x174C7C0	A
sm80_8x	0x238C9B0	6517	0x1975	25	117	0x174BC30	A
sm80_8x	0x238C9B0	6519	0x1977	25	119	0xCE2320	A
sm80_8x	0x238C9B0	6572	0x19AC	25	172	0x174EB60	A
sm80_8x	0x238C9B0	6574	0x19AE	25	174	0x1750400	A
sm80_8x	0x238C9B0	6576	0x19B0	25	176	0x174F7B0	A
sm80_8x	0x238C9B0	6578	0x19B2	25	178	0x1750A00	A
sm80_8x	0x238C9B0	6590	0x19BE	25	190	0x17492F0	A
sm80_8x	0x238C9B0	6592	0x19C0	25	192	0x174AAD0	A
sm80_8x	0x238C9B0	6680	0x1A18	26	24	0xCC47B0	A
sm80_8x	0x238C9B0	6682	0x1A1A	26	26	0xCC71F0	A
sm80_8x	0x238C9B0	6683	0x1A1B	26	27	0xCC53D0	A
sm80_8x	0x238C9B0	6684	0x1A1C	26	28	0xCC4C50	A
sm80_8x	0x238C9B0	6685	0x1A1D	26	29	0xCC62D0	A
sm80_8x	0x238C9B0	7681	0x1E01	30	1	0xDF11F0	A
sm80_8x	0x238C9B0	7682	0x1E02	30	2	0xCAF0A0	A
sm80_8x	0x238C9B0	7685	0x1E05	30	5	0xCAFB30	A
sm80_8x	0x238C9B0	8488	0x2128	33	40	0xD79310	A
sm80_8x	0x238C9B0	8490	0x212A	33	42	0x1772B70	A
sm80_8x	0x238C9B0	8491	0x212B	33	43	0x1773120	A
sm80_8x	0x238C9B0	8491	0x212B	33	43	0xD7B2C0	A
sm80_8x	0x238C9B0	8496	0x2130	33	48	0x1773770	A
sm80_8x	0x238C9B0	8705	0x2201	34	1	0xCF9A30	A
sm80_8x	0x238C9B0	8706	0x2202	34	2	0xCF9490	A
sm80_8x	0x238C9B0	8708	0x2204	34	4	0x173AD30	A
sm80_8x	0x238C9B0	8708	0x2204	34	4	0xCBBCF0	A
sm80_8x	0x238C9B0	8708	0x2204	34	4	0xCD28B0	A
sm80_8x	0x238C9B0	8709	0x2205	34	5	0x173B200	A
sm80_8x	0x238C9B0	8709	0x2205	34	5	0x1774360	A
sm80_8x	0x238C9B0	8709	0x2205	34	5	0xCDAF50	A
sm80_8x	0x238C9B0	8726	0x2216	34	22	0x177FD40	A
sm80_8x	0x238C9B0	8727	0x2217	34	23	0x1778580	A
sm80_8x	0x238C9B0	8747	0x222B	34	43	0xCD2320	A
sm80_8x	0x238C9B0	8748	0x222C	34	44	0xCDA970	A
sm80_8x	0x238C9B0	8750	0x222E	34	46	0xCF8980	A
sm80_8x	0x238C9B0	8751	0x222F	34	47	0xCF83E0	A
sm80_8x	0x238C9B0	8766	0x223E	34	62	0xCD1D90	A
sm80_8x	0x238C9B0	8767	0x223F	34	63	0xCDA390	A
sm80_8x	0x238C9B0	8772	0x2244	34	68	0xCD1800	A
sm80_8x	0x238C9B0	8773	0x2245	34	69	0xCD9DB0	A
sm80_8x	0x238C9B0	8775	0x2247	34	71	0xCFAAB0	A
sm80_8x	0x238C9B0	8776	0x2248	34	72	0xCFA540	A
sm80_8x	0x238C9B0	8785	0x2251	34	81	0xCD33D0	A
sm80_8x	0x238C9B0	8786	0x2252	34	82	0xCDD290	A
sm80_8x	0x238C9B0	8788	0x2254	34	84	0xCD2E40	A
sm80_8x	0x238C9B0	8789	0x2255	34	85	0xCDCCB0	A
sm80_8x	0x238C9B0	8794	0x225A	34	90	0xCFBB10	A
sm80_8x	0x238C9B0	8795	0x225B	34	91	0xCFB5A0	A
sm80_8x	0x238C9B0	8844	0x228C	34	140	0xCF3630	A
sm80_8x	0x238C9B0	8845	0x228D	34	141	0xCF3020	A
sm80_8x	0x238C9B0	8847	0x228F	34	143	0xCF2450	A
sm80_8x	0x238C9B0	8848	0x2290	34	144	0xCF1E40	A
sm80_8x	0x238C9B0	8850	0x2292	34	146	0xCF47C0	A
sm80_8x	0x238C9B0	8851	0x2293	34	147	0xCF4200	A
sm80_8x	0x238C9B0	8853	0x2295	34	149	0xCF5910	A
sm80_8x	0x238C9B0	8854	0x2296	34	150	0xCF5350	A
sm80_8x	0x238C9B0	8864	0x22A0	34	160	0xCEEFD0	A
sm80_8x	0x238C9B0	8865	0x22A1	34	161	0xCEE9C0	A
sm80_8x	0x238C9B0	8867	0x22A3	34	163	0xCEDDF0	A
sm80_8x	0x238C9B0	8868	0x22A4	34	164	0xCED7E0	A
sm80_8x	0x238C9B0	8870	0x22A6	34	166	0xCF0160	A
sm80_8x	0x238C9B0	8871	0x22A7	34	167	0xCEFBA0	A
sm80_8x	0x238C9B0	8873	0x22A9	34	169	0xCF12B0	A
sm80_8x	0x238C9B0	8874	0x22AA	34	170	0xCF0CF0	A
sm80_8x	0x238C9B0	8966	0x2306	35	6	0xDCDFE0	A
sm80_8x	0x238C9B0	8977	0x2311	35	17	0xDD48F0	A
sm80_8x	0x238C9B0	8980	0x2314	35	20	0x10179D0	A
sm80_8x	0x238C9B0	8980	0x2314	35	20	0xDD5D50	A
sm80_8x	0x238C9B0	8980	0x2314	35	20	0xE52B90	A
sm80_8x	0x238C9B0	8981	0x2315	35	21	0x1011D30	A
sm80_8x	0x238C9B0	8981	0x2315	35	21	0xE4C150	A
sm80_8x	0x238C9B0	8985	0x2319	35	25	0x1013C60	A
sm80_8x	0x238C9B0	8985	0x2319	35	25	0xE4E4D0	A
sm80_8x	0x238C9B0	8986	0x231A	35	26	0x1011720	A
sm80_8x	0x238C9B0	8986	0x231A	35	26	0xE4BA20	A
sm80_8x	0x238C9B0	8988	0x231C	35	28	0xD1FFC0	A
sm80_8x	0x238C9B0	8989	0x231D	35	29	0xD195E0	A
sm80_8x	0x238C9B0	8993	0x2321	35	33	0xD1B910	A
sm80_8x	0x238C9B0	8994	0x2322	35	34	0xD18EB0	A
sm80_8x	0x238C9B0	9474	0x2502	37	2	0x1040A40	A
sm80_8x	0x238C9B0	9474	0x2502	37	2	0xE85F90	A
sm80_8x	0x238C9B0	9475	0x2503	37	3	0x103ECB0	A
sm80_8x	0x238C9B0	9475	0x2503	37	3	0xE83CA0	A
sm80_8x	0x238C9B0	9753	0x2619	38	25	0xCC6A50	A
sm86_89	0x23A8090	1	0x0001	0	1	0xE23DF0	A
sm86_89	0x23A8090	2	0x0002	0	2	0xCD0890	A
sm86_89	0x23A8090	4	0x0004	0	4	0xE2E7C0	A
sm86_89	0x23A8090	6	0x0006	0	6	0xE350F0	A
sm86_89	0x23A8090	8	0x0008	0	8	0xE33B80	A
sm86_89	0x23A8090	10	0x000A	0	10	0xE35630	A
sm86_89	0x23A8090	12	0x000C	0	12	0xE340A0	A
sm86_89	0x23A8090	14	0x000E	0	14	0xE30A00	A
sm86_89	0x23A8090	512	0x0200	2	0	0x1791550	A
sm86_89	0x23A8090	512	0x0200	2	0	0xCB54F0	A
sm86_89	0x23A8090	512	0x0200	2	0	0xD0AA50	A
sm86_89	0x23A8090	512	0x0200	2	0	0xD5A7B0	A
sm86_89	0x23A8090	512	0x0200	2	0	0xE3F3D0	A
sm86_89	0x23A8090	512	0x0200	2	0	0xE445E0	B
sm86_89	0x23A8090	512	0x0200	2	0	0xE47D20	A
sm86_89	0x23A8090	512	0x0200	2	0	0xE5CF40	A
sm86_89	0x23A8090	512	0x0200	2	0	0xE6C270	A
sm86_89	0x23A8090	512	0x0200	2	0	0xEA6B80	B
sm86_89	0x23A8090	512	0x0200	2	0	0xEA6FE0	B
sm86_89	0x23A8090	512	0x0200	2	0	0xEA7440	B
sm86_89	0x23A8090	513	0x0201	2	1	0x1769230	A
sm86_89	0x23A8090	513	0x0201	2	1	0x1794670	A
sm86_89	0x23A8090	513	0x0201	2	1	0xD0A4E0	A
sm86_89	0x23A8090	513	0x0201	2	1	0xD0B530	A
sm86_89	0x23A8090	513	0x0201	2	1	0xDCB560	A
sm86_89	0x23A8090	513	0x0201	2	1	0xDF05D0	A
sm86_89	0x23A8090	513	0x0201	2	1	0xE44A20	A
sm86_89	0x23A8090	513	0x0201	2	1	0xE46320	B
sm86_89	0x23A8090	513	0x0201	2	1	0xE46790	A
sm86_89	0x23A8090	513	0x0201	2	1	0xE6F740	A
sm86_89	0x23A8090	514	0x0202	2	2	0x176D420	A
sm86_89	0x23A8090	514	0x0202	2	2	0x1794150	A
sm86_89	0x23A8090	514	0x0202	2	2	0xC7B6B0	A
sm86_89	0x23A8090	514	0x0202	2	2	0xC7D190	A
sm86_89	0x23A8090	514	0x0202	2	2	0xD0AFC0	A
sm86_89	0x23A8090	514	0x0202	2	2	0xDB5030	A
sm86_89	0x23A8090	514	0x0202	2	2	0xDE1A00	A
sm86_89	0x23A8090	514	0x0202	2	2	0xDEFFB0	A
sm86_89	0x23A8090	514	0x0202	2	2	0xE453E0	A
sm86_89	0x23A8090	514	0x0202	2	2	0xE6F290	A
sm86_89	0x23A8090	514	0x0202	2	2	0xEA9C20	A
sm86_89	0x23A8090	515	0x0203	2	3	0x1769740	A
sm86_89	0x23A8090	515	0x0203	2	3	0xD09F70	A
sm86_89	0x23A8090	515	0x0203	2	3	0xD69950	A
sm86_89	0x23A8090	515	0x0203	2	3	0xD84DF0	A
sm86_89	0x23A8090	515	0x0203	2	3	0xDCA620	A
sm86_89	0x23A8090	515	0x0203	2	3	0xDF0BD0	A
sm86_89	0x23A8090	516	0x0204	2	4	0x1769CB0	A
sm86_89	0x23A8090	516	0x0204	2	4	0x176D9F0	A
sm86_89	0x23A8090	516	0x0204	2	4	0xC7A6C0	A
sm86_89	0x23A8090	516	0x0204	2	4	0xC7C1A0	A
sm86_89	0x23A8090	516	0x0204	2	4	0xC81C00	A
sm86_89	0x23A8090	516	0x0204	2	4	0xDAD530	A
sm86_89	0x23A8090	516	0x0204	2	4	0xDB45B0	A
sm86_89	0x23A8090	516	0x0204	2	4	0xE1EBD0	A
sm86_89	0x23A8090	516	0x0204	2	4	0xE705A0	A
sm86_89	0x23A8090	517	0x0205	2	5	0xD6A5B0	A
sm86_89	0x23A8090	517	0x0205	2	5	0xD85A50	A
sm86_89	0x23A8090	517	0x0205	2	5	0xDA7C50	A
sm86_89	0x23A8090	517	0x0205	2	5	0xDE3BD0	A
sm86_89	0x23A8090	517	0x0205	2	5	0xDEEAA0	A
sm86_89	0x23A8090	517	0x0205	2	5	0xE700F0	A
sm86_89	0x23A8090	518	0x0206	2	6	0x17687B0	A
sm86_89	0x23A8090	518	0x0206	2	6	0xC70270	A
sm86_89	0x23A8090	518	0x0206	2	6	0xDB5FC0	A
sm86_89	0x23A8090	519	0x0207	2	7	0xDA4D90	A
sm86_89	0x23A8090	519	0x0207	2	7	0xDE3600	A
sm86_89	0x23A8090	519	0x0207	2	7	0xDEFA40	A
sm86_89	0x23A8090	520	0x0208	2	8	0x1767D30	A
sm86_89	0x23A8090	520	0x0208	2	8	0xC85510	A
sm86_89	0x23A8090	520	0x0208	2	8	0xDB0E40	A
sm86_89	0x23A8090	520	0x0208	2	8	0xE224E0	A
sm86_89	0x23A8090	521	0x0209	2	9	0xDA76B0	A
sm86_89	0x23A8090	528	0x0210	2	16	0xD595C0	A
sm86_89	0x23A8090	530	0x0212	2	18	0xCA5700	A
sm86_89	0x23A8090	530	0x0212	2	18	0xD4F0B0	A
sm86_89	0x23A8090	532	0x0214	2	20	0xC842F0	A
sm86_89	0x23A8090	532	0x0214	2	20	0xCA8820	A
sm86_89	0x23A8090	532	0x0214	2	20	0xD4FB60	A
sm86_89	0x23A8090	532	0x0214	2	20	0xDAFC20	A
sm86_89	0x23A8090	532	0x0214	2	20	0xE212C0	A
sm86_89	0x23A8090	533	0x0215	2	21	0xC82720	A
sm86_89	0x23A8090	533	0x0215	2	21	0xDAE050	A
sm86_89	0x23A8090	533	0x0215	2	21	0xE1F6F0	A
sm86_89	0x23A8090	534	0x0216	2	22	0xC821C0	A
sm86_89	0x23A8090	534	0x0216	2	22	0xDADAF0	A
sm86_89	0x23A8090	534	0x0216	2	22	0xE1F190	A
sm86_89	0x23A8090	535	0x0217	2	23	0xD59050	A
sm86_89	0x23A8090	535	0x0217	2	23	0xD979A0	A
sm86_89	0x23A8090	537	0x0219	2	25	0xD96F30	A
sm86_89	0x23A8090	539	0x021B	2	27	0xD98900	A
sm86_89	0x23A8090	540	0x021C	2	28	0x18EFA90	A
sm86_89	0x23A8090	540	0x021C	2	28	0xD88630	A
sm86_89	0x23A8090	542	0x021E	2	30	0x18EFAB0	A
sm86_89	0x23A8090	542	0x021E	2	30	0xCAAD00	A
sm86_89	0x23A8090	542	0x021E	2	30	0xD89210	A
sm86_89	0x23A8090	544	0x0220	2	32	0xC74A90	A
sm86_89	0x23A8090	544	0x0220	2	32	0xCA8220	A
sm86_89	0x23A8090	546	0x0222	2	34	0xC6ED10	A
sm86_89	0x23A8090	548	0x0224	2	36	0xC6F7C0	A
sm86_89	0x23A8090	550	0x0226	2	38	0xDDA430	A
sm86_89	0x23A8090	552	0x0228	2	40	0xDDC650	A
sm86_89	0x23A8090	554	0x022A	2	42	0xDDE350	A
sm86_89	0x23A8090	768	0x0300	3	0	0x17A5900	A
sm86_89	0x23A8090	768	0x0300	3	0	0xE84350	A
sm86_89	0x23A8090	769	0x0301	3	1	0x176CEB0	A
sm86_89	0x23A8090	769	0x0301	3	1	0x1771230	A
sm86_89	0x23A8090	769	0x0301	3	1	0x17960F0	A
sm86_89	0x23A8090	769	0x0301	3	1	0x1798970	A
sm86_89	0x23A8090	769	0x0301	3	1	0x18F0B20	A
sm86_89	0x23A8090	769	0x0301	3	1	0xC7AC30	A
sm86_89	0x23A8090	769	0x0301	3	1	0xC7C710	A
sm86_89	0x23A8090	769	0x0301	3	1	0xC92210	A
sm86_89	0x23A8090	769	0x0301	3	1	0xCB05C0	A
sm86_89	0x23A8090	769	0x0301	3	1	0xCB1FC0	A
sm86_89	0x23A8090	769	0x0301	3	1	0xD07240	A
sm86_89	0x23A8090	769	0x0301	3	1	0xD224D0	A
sm86_89	0x23A8090	769	0x0301	3	1	0xD32C30	A
sm86_89	0x23A8090	769	0x0301	3	1	0xD38E20	A
sm86_89	0x23A8090	769	0x0301	3	1	0xD43D10	A
sm86_89	0x23A8090	769	0x0301	3	1	0xD67AA0	A
sm86_89	0x23A8090	769	0x0301	3	1	0xD82F40	A
sm86_89	0x23A8090	769	0x0301	3	1	0xDA58A0	A
sm86_89	0x23A8090	769	0x0301	3	1	0xDB40A0	A
sm86_89	0x23A8090	769	0x0301	3	1	0xDC8C70	A
sm86_89	0x23A8090	769	0x0301	3	1	0xDDFAF0	A
sm86_89	0x23A8090	769	0x0301	3	1	0xDE1490	A
sm86_89	0x23A8090	769	0x0301	3	1	0xDE8840	A
sm86_89	0x23A8090	769	0x0301	3	1	0xDEAB30	A
sm86_89	0x23A8090	769	0x0301	3	1	0xE0A930	A
sm86_89	0x23A8090	769	0x0301	3	1	0xE65180	A
sm86_89	0x23A8090	769	0x0301	3	1	0xE683A0	A
sm86_89	0x23A8090	769	0x0301	3	1	0xE69E80	A
sm86_89	0x23A8090	769	0x0301	3	1	0xE75D40	A
sm86_89	0x23A8090	769	0x0301	3	1	0xE80880	A
sm86_89	0x23A8090	769	0x0301	3	1	0xE82370	A
sm86_89	0x23A8090	769	0x0301	3	1	0xE8FFF0	A
sm86_89	0x23A8090	770	0x0302	3	2	0x1736520	A
sm86_89	0x23A8090	770	0x0302	3	2	0x176A1C0	A
sm86_89	0x23A8090	770	0x0302	3	2	0x1770B90	A
sm86_89	0x23A8090	770	0x0302	3	2	0x1771810	A
sm86_89	0x23A8090	770	0x0302	3	2	0x1795B70	A
sm86_89	0x23A8090	770	0x0302	3	2	0xC810C0	A
sm86_89	0x23A8090	770	0x0302	3	2	0xC8CDD0	A
sm86_89	0x23A8090	770	0x0302	3	2	0xD22F20	A
sm86_89	0x23A8090	770	0x0302	3	2	0xD3A0A0	A
sm86_89	0x23A8090	770	0x0302	3	2	0xD57F70	A
sm86_89	0x23A8090	770	0x0302	3	2	0xDAC9F0	A
sm86_89	0x23A8090	770	0x0302	3	2	0xDE8D10	A
sm86_89	0x23A8090	770	0x0302	3	2	0xE1E090	A
sm86_89	0x23A8090	770	0x0302	3	2	0xE64C00	A
sm86_89	0x23A8090	770	0x0302	3	2	0xE688F0	A
sm86_89	0x23A8090	770	0x0302	3	2	0xE69960	A
sm86_89	0x23A8090	770	0x0302	3	2	0xE80DD0	A
sm86_89	0x23A8090	770	0x0302	3	2	0xE81E50	A
sm86_89	0x23A8090	771	0x0303	3	3	0x17347D0	A
sm86_89	0x23A8090	771	0x0303	3	3	0x1735F90	A
sm86_89	0x23A8090	771	0x0303	3	3	0x17551D0	A
sm86_89	0x23A8090	771	0x0303	3	3	0x176DFD0	A
sm86_89	0x23A8090	771	0x0303	3	3	0x1787EF0	A
sm86_89	0x23A8090	771	0x0303	3	3	0x18F0B60	A
sm86_89	0x23A8090	771	0x0303	3	3	0xC7BC60	A
sm86_89	0x23A8090	771	0x0303	3	3	0xC7D740	A
sm86_89	0x23A8090	771	0x0303	3	3	0xC7F8C0	A
sm86_89	0x23A8090	771	0x0303	3	3	0xC8D3D0	A
sm86_89	0x23A8090	771	0x0303	3	3	0xCB1030	A
sm86_89	0x23A8090	771	0x0303	3	3	0xCB2A10	A
sm86_89	0x23A8090	771	0x0303	3	3	0xD07730	A
sm86_89	0x23A8090	771	0x0303	3	3	0xD0BFB0	A
sm86_89	0x23A8090	771	0x0303	3	3	0xD447D0	A
sm86_89	0x23A8090	771	0x0303	3	3	0xD601B0	A
sm86_89	0x23A8090	771	0x0303	3	3	0xD68560	A
sm86_89	0x23A8090	771	0x0303	3	3	0xD83A00	A
sm86_89	0x23A8090	771	0x0303	3	3	0xDA62B0	A
sm86_89	0x23A8090	771	0x0303	3	3	0xDAB1F0	A
sm86_89	0x23A8090	771	0x0303	3	3	0xDB55A0	A
sm86_89	0x23A8090	771	0x0303	3	3	0xDC26E0	A
sm86_89	0x23A8090	771	0x0303	3	3	0xDCA120	A
sm86_89	0x23A8090	771	0x0303	3	3	0xDCCD10	A
sm86_89	0x23A8090	771	0x0303	3	3	0xDE0540	A
sm86_89	0x23A8090	771	0x0303	3	3	0xDE25B0	A
sm86_89	0x23A8090	771	0x0303	3	3	0xDEB580	A
sm86_89	0x23A8090	771	0x0303	3	3	0xDF91B0	A
sm86_89	0x23A8090	771	0x0303	3	3	0xE01F30	A
sm86_89	0x23A8090	771	0x0303	3	3	0xE0BEA0	A
sm86_89	0x23A8090	771	0x0303	3	3	0xE1C890	A
sm86_89	0x23A8090	771	0x0303	3	3	0xE65700	A
sm86_89	0x23A8090	771	0x0303	3	3	0xE693B0	A
sm86_89	0x23A8090	771	0x0303	3	3	0xE818A0	A
sm86_89	0x23A8090	772	0x0304	3	4	0x1752E50	A
sm86_89	0x23A8090	772	0x0304	3	4	0x17893D0	A
sm86_89	0x23A8090	772	0x0304	3	4	0x17A3D80	A
sm86_89	0x23A8090	772	0x0304	3	4	0xC92800	A
sm86_89	0x23A8090	772	0x0304	3	4	0xD0CA50	A
sm86_89	0x23A8090	772	0x0304	3	4	0xD27720	A
sm86_89	0x23A8090	772	0x0304	3	4	0xD39440	A
sm86_89	0x23A8090	772	0x0304	3	4	0xD61830	A
sm86_89	0x23A8090	772	0x0304	3	4	0xD6A0A0	A
sm86_89	0x23A8090	772	0x0304	3	4	0xD85540	A
sm86_89	0x23A8090	772	0x0304	3	4	0xD90630	A
sm86_89	0x23A8090	772	0x0304	3	4	0xDC36B0	A
sm86_89	0x23A8090	772	0x0304	3	4	0xDE1FD0	A
sm86_89	0x23A8090	772	0x0304	3	4	0xDE9230	A
sm86_89	0x23A8090	772	0x0304	3	4	0xDEE590	A
sm86_89	0x23A8090	773	0x0305	3	5	0x1767820	A
sm86_89	0x23A8090	773	0x0305	3	5	0xC77860	A
sm86_89	0x23A8090	773	0x0305	3	5	0xD30F80	A
sm86_89	0x23A8090	773	0x0305	3	5	0xD3B950	A
sm86_89	0x23A8090	773	0x0305	3	5	0xD8DDA0	A
sm86_89	0x23A8090	773	0x0305	3	5	0xDB4B20	A
sm86_89	0x23A8090	773	0x0305	3	5	0xDEA0F0	A
sm86_89	0x23A8090	773	0x0305	3	5	0xE91B60	A
sm86_89	0x23A8090	774	0x0306	3	6	0x176BDA0	A
sm86_89	0x23A8090	774	0x0306	3	6	0x179ED70	A
sm86_89	0x23A8090	774	0x0306	3	6	0xC81660	A
sm86_89	0x23A8090	774	0x0306	3	6	0xC8E030	A
sm86_89	0x23A8090	774	0x0306	3	6	0xCDC6D0	A
sm86_89	0x23A8090	774	0x0306	3	6	0xD314F0	A
sm86_89	0x23A8090	774	0x0306	3	6	0xD42B80	A
sm86_89	0x23A8090	774	0x0306	3	6	0xD53240	A
sm86_89	0x23A8090	774	0x0306	3	6	0xD63D00	A
sm86_89	0x23A8090	774	0x0306	3	6	0xD6AB20	A
sm86_89	0x23A8090	774	0x0306	3	6	0xD7F1A0	A
sm86_89	0x23A8090	774	0x0306	3	6	0xD85FC0	A
sm86_89	0x23A8090	774	0x0306	3	6	0xDA4820	A
sm86_89	0x23A8090	774	0x0306	3	6	0xDACF90	A
sm86_89	0x23A8090	774	0x0306	3	6	0xDE2B20	A
sm86_89	0x23A8090	774	0x0306	3	6	0xDEF010	A
sm86_89	0x23A8090	774	0x0306	3	6	0xE0C8F0	A
sm86_89	0x23A8090	774	0x0306	3	6	0xE1E630	A
sm86_89	0x23A8090	774	0x0306	3	6	0xE90BB0	A
sm86_89	0x23A8090	775	0x0307	3	7	0x1768D20	A
sm86_89	0x23A8090	775	0x0307	3	7	0x176C2D0	A
sm86_89	0x23A8090	775	0x0307	3	7	0x179E150	A
sm86_89	0x23A8090	775	0x0307	3	7	0xC6FD20	A
sm86_89	0x23A8090	775	0x0307	3	7	0xC77EF0	A
sm86_89	0x23A8090	775	0x0307	3	7	0xC83D90	A
sm86_89	0x23A8090	775	0x0307	3	7	0xC90A40	A
sm86_89	0x23A8090	775	0x0307	3	7	0xD30A00	A
sm86_89	0x23A8090	775	0x0307	3	7	0xDAF6C0	A
sm86_89	0x23A8090	775	0x0307	3	7	0xE0D3F0	A
sm86_89	0x23A8090	775	0x0307	3	7	0xE20D60	A
sm86_89	0x23A8090	775	0x0307	3	7	0xE90600	A
sm86_89	0x23A8090	776	0x0308	3	8	0x1753460	A
sm86_89	0x23A8090	776	0x0308	3	8	0x179CFE0	A
sm86_89	0x23A8090	776	0x0308	3	8	0xC91610	A
sm86_89	0x23A8090	776	0x0308	3	8	0xD3D730	A
sm86_89	0x23A8090	776	0x0308	3	8	0xD43750	A
sm86_89	0x23A8090	776	0x0308	3	8	0xD5FCB0	A
sm86_89	0x23A8090	776	0x0308	3	8	0xD90AE0	A
sm86_89	0x23A8090	776	0x0308	3	8	0xDA5330	A
sm86_89	0x23A8090	776	0x0308	3	8	0xE92110	A
sm86_89	0x23A8090	777	0x0309	3	9	0x179DB70	A
sm86_89	0x23A8090	777	0x0309	3	9	0xD537B0	A
sm86_89	0x23A8090	777	0x0309	3	9	0xD60C90	A
sm86_89	0x23A8090	777	0x0309	3	9	0xD8E860	A
sm86_89	0x23A8090	777	0x0309	3	9	0xE926A0	A
sm86_89	0x23A8090	778	0x030A	3	10	0x17563B0	A
sm86_89	0x23A8090	778	0x030A	3	10	0xC74FC0	A
sm86_89	0x23A8090	778	0x030A	3	10	0xC91C00	A
sm86_89	0x23A8090	778	0x030A	3	10	0xD3DD70	A
sm86_89	0x23A8090	779	0x030B	3	11	0x1788450	A
sm86_89	0x23A8090	779	0x030B	3	11	0xC8A320	A
sm86_89	0x23A8090	779	0x030B	3	11	0xD54F70	A
sm86_89	0x23A8090	779	0x030B	3	11	0xDC2BE0	A
sm86_89	0x23A8090	780	0x030C	3	12	0x1789990	A
sm86_89	0x23A8090	780	0x030C	3	12	0xC75580	A
sm86_89	0x23A8090	780	0x030C	3	12	0xC7FE20	A
sm86_89	0x23A8090	780	0x030C	3	12	0xC8BB80	A
sm86_89	0x23A8090	780	0x030C	3	12	0xDAB750	A
sm86_89	0x23A8090	780	0x030C	3	12	0xDC4230	A
sm86_89	0x23A8090	780	0x030C	3	12	0xDE51D0	A
sm86_89	0x23A8090	780	0x030C	3	12	0xE1CDF0	A
sm86_89	0x23A8090	781	0x030D	3	13	0x1756FC0	A
sm86_89	0x23A8090	781	0x030D	3	13	0xC7E840	A
sm86_89	0x23A8090	781	0x030D	3	13	0xD348B0	A
sm86_89	0x23A8090	781	0x030D	3	13	0xD543B0	A
sm86_89	0x23A8090	781	0x030D	3	13	0xDAA170	A
sm86_89	0x23A8090	781	0x030D	3	13	0xDE5D70	A
sm86_89	0x23A8090	781	0x030D	3	13	0xE1B810	A
sm86_89	0x23A8090	782	0x030E	3	14	0xCA2430	A
sm86_89	0x23A8090	782	0x030E	3	14	0xD359B0	A
sm86_89	0x23A8090	782	0x030E	3	14	0xD59B90	A
sm86_89	0x23A8090	782	0x030E	3	14	0xDD2440	A
sm86_89	0x23A8090	783	0x030F	3	15	0xDFAF60	A
sm86_89	0x23A8090	784	0x0310	3	16	0xC80450	A
sm86_89	0x23A8090	784	0x0310	3	16	0xCA3FA0	A
sm86_89	0x23A8090	784	0x0310	3	16	0xD34E50	A
sm86_89	0x23A8090	784	0x0310	3	16	0xD66B50	A
sm86_89	0x23A8090	784	0x0310	3	16	0xD81FF0	A
sm86_89	0x23A8090	784	0x0310	3	16	0xD94B80	A
sm86_89	0x23A8090	784	0x0310	3	16	0xDABD80	A
sm86_89	0x23A8090	784	0x0310	3	16	0xDE6F20	A
sm86_89	0x23A8090	784	0x0310	3	16	0xDFF1B0	A
sm86_89	0x23A8090	784	0x0310	3	16	0xE1D420	A
sm86_89	0x23A8090	785	0x0311	3	17	0xC837B0	A
sm86_89	0x23A8090	785	0x0311	3	17	0xD37060	A
sm86_89	0x23A8090	785	0x0311	3	17	0xD4F620	A
sm86_89	0x23A8090	785	0x0311	3	17	0xDAF0E0	A
sm86_89	0x23A8090	785	0x0311	3	17	0xDE6930	A
sm86_89	0x23A8090	785	0x0311	3	17	0xDFF780	A
sm86_89	0x23A8090	785	0x0311	3	17	0xE20780	A
sm86_89	0x23A8090	786	0x0312	3	18	0xDFEC00	A
sm86_89	0x23A8090	787	0x0313	3	19	0x178B570	A
sm86_89	0x23A8090	787	0x0313	3	19	0xD2A310	A
sm86_89	0x23A8090	787	0x0313	3	19	0xD50650	A
sm86_89	0x23A8090	787	0x0313	3	19	0xD95AD0	A
sm86_89	0x23A8090	787	0x0313	3	19	0xDF3B00	A
sm86_89	0x23A8090	788	0x0314	3	20	0xD2E8B0	A
sm86_89	0x23A8090	788	0x0314	3	20	0xD3C5E0	A
sm86_89	0x23A8090	788	0x0314	3	20	0xDF4690	A
sm86_89	0x23A8090	789	0x0315	3	21	0x178D190	A
sm86_89	0x23A8090	789	0x0315	3	21	0xD2EE90	A
sm86_89	0x23A8090	789	0x0315	3	21	0xD50110	A
sm86_89	0x23A8090	789	0x0315	3	21	0xD96520	A
sm86_89	0x23A8090	790	0x0316	3	22	0xC730F0	A
sm86_89	0x23A8090	790	0x0316	3	22	0xD2E310	A
sm86_89	0x23A8090	790	0x0316	3	22	0xD3CBA0	A
sm86_89	0x23A8090	790	0x0316	3	22	0xD58AA0	A
sm86_89	0x23A8090	791	0x0317	3	23	0x1743330	A
sm86_89	0x23A8090	791	0x0317	3	23	0xD23450	A
sm86_89	0x23A8090	791	0x0317	3	23	0xDF85A0	A
sm86_89	0x23A8090	792	0x0318	3	24	0xD24070	A
sm86_89	0x23A8090	792	0x0318	3	24	0xD96A20	A
sm86_89	0x23A8090	792	0x0318	3	24	0xDD7890	A
sm86_89	0x23A8090	792	0x0318	3	24	0xDF7430	A
sm86_89	0x23A8090	793	0x0319	3	25	0x1785FF0	A
sm86_89	0x23A8090	793	0x0319	3	25	0xC707D0	A
sm86_89	0x23A8090	793	0x0319	3	25	0xD37BF0	A
sm86_89	0x23A8090	793	0x0319	3	25	0xDF7FC0	A
sm86_89	0x23A8090	794	0x031A	3	26	0x178AFC0	A
sm86_89	0x23A8090	794	0x031A	3	26	0xCAB9D0	A
sm86_89	0x23A8090	794	0x031A	3	26	0xD26A50	A
sm86_89	0x23A8090	794	0x031A	3	26	0xD56760	A
sm86_89	0x23A8090	794	0x031A	3	26	0xD97490	A
sm86_89	0x23A8090	794	0x031A	3	26	0xDD8400	A
sm86_89	0x23A8090	794	0x031A	3	26	0xDF79E0	A
sm86_89	0x23A8090	795	0x031B	3	27	0x178BA70	A
sm86_89	0x23A8090	795	0x031B	3	27	0xC70DB0	A
sm86_89	0x23A8090	795	0x031B	3	27	0xD38200	A
sm86_89	0x23A8090	796	0x031C	3	28	0x178CBE0	A
sm86_89	0x23A8090	796	0x031C	3	28	0xCA7B80	A
sm86_89	0x23A8090	796	0x031C	3	28	0xD32600	A
sm86_89	0x23A8090	796	0x031C	3	28	0xD56170	A
sm86_89	0x23A8090	796	0x031C	3	28	0xE01910	A
sm86_89	0x23A8090	797	0x031D	3	29	0x18EFAA0	A
sm86_89	0x23A8090	797	0x031D	3	29	0xD2F410	A
sm86_89	0x23A8090	797	0x031D	3	29	0xD88D00	A
sm86_89	0x23A8090	797	0x031D	3	29	0xDDAE70	A
sm86_89	0x23A8090	797	0x031D	3	29	0xDFFD00	A
sm86_89	0x23A8090	798	0x031E	3	30	0xC74010	A
sm86_89	0x23A8090	798	0x031E	3	30	0xCC5B50	A
sm86_89	0x23A8090	798	0x031E	3	30	0xD337F0	A
sm86_89	0x23A8090	798	0x031E	3	30	0xE00D80	A
sm86_89	0x23A8090	799	0x031F	3	31	0xCC3C70	A
sm86_89	0x23A8090	799	0x031F	3	31	0xD747B0	A
sm86_89	0x23A8090	799	0x031F	3	31	0xDDBAE0	A
sm86_89	0x23A8090	799	0x031F	3	31	0xDF4C70	A
sm86_89	0x23A8090	800	0x0320	3	32	0xD33D80	A
sm86_89	0x23A8090	800	0x0320	3	32	0xD51C30	A
sm86_89	0x23A8090	800	0x0320	3	32	0xDF5800	A
sm86_89	0x23A8090	801	0x0321	3	33	0xC6E270	A
sm86_89	0x23A8090	801	0x0321	3	33	0xD24CD0	A
sm86_89	0x23A8090	801	0x0321	3	33	0xDF5220	A
sm86_89	0x23A8090	802	0x0322	3	34	0xD29700	A
sm86_89	0x23A8090	802	0x0322	3	34	0xD516C0	A
sm86_89	0x23A8090	802	0x0322	3	34	0xDD8990	A
sm86_89	0x23A8090	802	0x0322	3	34	0xDFA3C0	A
sm86_89	0x23A8090	803	0x0323	3	35	0xC6E7C0	A
sm86_89	0x23A8090	803	0x0323	3	35	0xD2BC60	A
sm86_89	0x23A8090	803	0x0323	3	35	0xDFC770	A
sm86_89	0x23A8090	804	0x0324	3	36	0xD2A9A0	A
sm86_89	0x23A8090	804	0x0324	3	36	0xDD93D0	A
sm86_89	0x23A8090	804	0x0324	3	36	0xDFB580	A
sm86_89	0x23A8090	805	0x0325	3	37	0xD2F960	A
sm86_89	0x23A8090	805	0x0325	3	37	0xE00250	A
sm86_89	0x23A8090	806	0x0326	3	38	0xCAB3B0	A
sm86_89	0x23A8090	806	0x0326	3	38	0xD32020	A
sm86_89	0x23A8090	806	0x0326	3	38	0xE01330	A
sm86_89	0x23A8090	807	0x0327	3	39	0xD25990	A
sm86_89	0x23A8090	807	0x0327	3	39	0xDDC0F0	A
sm86_89	0x23A8090	807	0x0327	3	39	0xDF5DE0	A
sm86_89	0x23A8090	808	0x0328	3	40	0xCA74E0	A
sm86_89	0x23A8090	808	0x0328	3	40	0xD264B0	A
sm86_89	0x23A8090	808	0x0328	3	40	0xDF68A0	A
sm86_89	0x23A8090	809	0x0329	3	41	0x177C850	A
sm86_89	0x23A8090	809	0x0329	3	41	0x18F0A70	A
sm86_89	0x23A8090	809	0x0329	3	41	0xDDCC20	A
sm86_89	0x23A8090	810	0x032A	3	42	0xC953B0	A
sm86_89	0x23A8090	811	0x032B	3	43	0xC8E6B0	A
sm86_89	0x23A8090	812	0x032C	3	44	0xC8F280	A
sm86_89	0x23A8090	814	0x032E	3	46	0xC8F870	A
sm86_89	0x23A8090	815	0x032F	3	47	0x1784640	A
sm86_89	0x23A8090	815	0x032F	3	47	0x18F0AB0	A
sm86_89	0x23A8090	815	0x032F	3	47	0xC86030	A
sm86_89	0x23A8090	815	0x032F	3	47	0xD78050	A
sm86_89	0x23A8090	816	0x0330	3	48	0xC86C00	A
sm86_89	0x23A8090	816	0x0330	3	48	0xCF8EF0	A
sm86_89	0x23A8090	817	0x0331	3	49	0x1761420	A
sm86_89	0x23A8090	818	0x0332	3	50	0xCA0FC0	A
sm86_89	0x23A8090	820	0x0334	3	52	0xCA39C0	A
sm86_89	0x23A8090	821	0x0335	3	53	0xC89D10	A
sm86_89	0x23A8090	822	0x0336	3	54	0xC90460	A
sm86_89	0x23A8090	823	0x0337	3	55	0x1744350	A
sm86_89	0x23A8090	823	0x0337	3	55	0xC8FE80	A
sm86_89	0x23A8090	824	0x0338	3	56	0xC877D0	A
sm86_89	0x23A8090	826	0x033A	3	58	0xCAEAF0	A
sm86_89	0x23A8090	826	0x033A	3	58	0xCE41C0	A
sm86_89	0x23A8090	828	0x033C	3	60	0xC9E120	A
sm86_89	0x23A8090	830	0x033E	3	62	0xCACF40	A
sm86_89	0x23A8090	831	0x033F	3	63	0xC9E750	A
sm86_89	0x23A8090	832	0x0340	3	64	0x1737710	A
sm86_89	0x23A8090	835	0x0343	3	67	0xC9F960	A
sm86_89	0x23A8090	836	0x0344	3	68	0xC9C9D0	A
sm86_89	0x23A8090	838	0x0346	3	70	0xC9FF90	A
sm86_89	0x23A8090	846	0x034E	3	78	0xD00340	A
sm86_89	0x23A8090	847	0x034F	3	79	0xD00E10	A
sm86_89	0x23A8090	854	0x0356	3	86	0xCDD870	A
sm86_89	0x23A8090	872	0x0368	3	104	0xCEC820	A
sm86_89	0x23A8090	875	0x036B	3	107	0xCDFF90	A
sm86_89	0x23A8090	877	0x036D	3	109	0x174CD60	A
sm86_89	0x23A8090	899	0x0383	3	131	0xD02300	A
sm86_89	0x23A8090	902	0x0386	3	134	0xD05600	A
sm86_89	0x23A8090	905	0x0389	3	137	0xD04470	A
sm86_89	0x23A8090	913	0x0391	3	145	0xCF2A10	A
sm86_89	0x23A8090	919	0x0397	3	151	0xCF5EE0	A
sm86_89	0x23A8090	921	0x0399	3	153	0xCF64A0	A
sm86_89	0x23A8090	925	0x039D	3	157	0xD032E0	A
sm86_89	0x23A8090	933	0x03A5	3	165	0xCEE3B0	A
sm86_89	0x23A8090	952	0x03B8	3	184	0x1742DD0	A
sm86_89	0x23A8090	953	0x03B9	3	185	0xCFD160	A
sm86_89	0x23A8090	955	0x03BB	3	187	0xCFCBC0	A
sm86_89	0x23A8090	1280	0x0500	5	0	0x178D690	B
sm86_89	0x23A8090	1280	0x0500	5	0	0x17A9B70	B
sm86_89	0x23A8090	1280	0x0500	5	0	0x18F07A0	A
sm86_89	0x23A8090	1280	0x0500	5	0	0xC6A6C0	A
sm86_89	0x23A8090	1280	0x0500	5	0	0xCB8890	A
sm86_89	0x23A8090	1280	0x0500	5	0	0xCBFA60	A
sm86_89	0x23A8090	1280	0x0500	5	0	0xD35F70	A
sm86_89	0x23A8090	1280	0x0500	5	0	0xDA3A30	A
sm86_89	0x23A8090	1280	0x0500	5	0	0xDC4D30	A
sm86_89	0x23A8090	1280	0x0500	5	0	0xDE3090	A
sm86_89	0x23A8090	1280	0x0500	5	0	0xDE7B90	A
sm86_89	0x23A8090	1280	0x0500	5	0	0xE02510	A
sm86_89	0x23A8090	1280	0x0500	5	0	0xE29F40	A
sm86_89	0x23A8090	1280	0x0500	5	0	0xE3C820	A
sm86_89	0x23A8090	1280	0x0500	5	0	0xE46790	B
sm86_89	0x23A8090	1280	0x0500	5	0	0xE65C70	A
sm86_89	0x23A8090	1280	0x0500	5	0	0xE749D0	A
sm86_89	0x23A8090	1280	0x0500	5	0	0xE79E20	A
sm86_89	0x23A8090	1280	0x0500	5	0	0xEA6710	B
sm86_89	0x23A8090	1280	0x0500	5	0	0xEAAE30	B
sm86_89	0x23A8090	1280	0x0500	5	0	0xEAB320	B
sm86_89	0x23A8090	1280	0x0500	5	0	0xEB20E0	A
sm86_89	0x23A8090	1280	0x0500	5	0	0xEB2630	B
sm86_89	0x23A8090	1281	0x0501	5	1	0x1739EF0	A
sm86_89	0x23A8090	1281	0x0501	5	1	0x17850C0	A
sm86_89	0x23A8090	1281	0x0501	5	1	0x178DB90	A
sm86_89	0x23A8090	1281	0x0501	5	1	0x17A4660	A
sm86_89	0x23A8090	1281	0x0501	5	1	0x17A96B0	B
sm86_89	0x23A8090	1281	0x0501	5	1	0x17A9B70	A
sm86_89	0x23A8090	1281	0x0501	5	1	0xC6A200	A
sm86_89	0x23A8090	1281	0x0501	5	1	0xCC0950	A
sm86_89	0x23A8090	1281	0x0501	5	1	0xCC1280	A
sm86_89	0x23A8090	1281	0x0501	5	1	0xCC1720	A
sm86_89	0x23A8090	1281	0x0501	5	1	0xCC2BE0	A
sm86_89	0x23A8090	1281	0x0501	5	1	0xCCEA80	A
sm86_89	0x23A8090	1281	0x0501	5	1	0xCD0D60	A
sm86_89	0x23A8090	1281	0x0501	5	1	0xD0DF80	A
sm86_89	0x23A8090	1281	0x0501	5	1	0xD0F9C0	A
sm86_89	0x23A8090	1281	0x0501	5	1	0xD11850	A
sm86_89	0x23A8090	1281	0x0501	5	1	0xD22060	A
sm86_89	0x23A8090	1281	0x0501	5	1	0xD41B80	A
sm86_89	0x23A8090	1281	0x0501	5	1	0xD5CEA0	A
sm86_89	0x23A8090	1281	0x0501	5	1	0xD8EDB0	A
sm86_89	0x23A8090	1281	0x0501	5	1	0xDA3F40	A
sm86_89	0x23A8090	1281	0x0501	5	1	0xDB8490	A
sm86_89	0x23A8090	1281	0x0501	5	1	0xDC7C70	A
sm86_89	0x23A8090	1281	0x0501	5	1	0xDED500	A
sm86_89	0x23A8090	1281	0x0501	5	1	0xDF2B00	A
sm86_89	0x23A8090	1281	0x0501	5	1	0xE059E0	A
sm86_89	0x23A8090	1281	0x0501	5	1	0xE0C3D0	A
sm86_89	0x23A8090	1281	0x0501	5	1	0xE2D520	A
sm86_89	0x23A8090	1281	0x0501	5	1	0xE31410	A
sm86_89	0x23A8090	1281	0x0501	5	1	0xE37DF0	A
sm86_89	0x23A8090	1281	0x0501	5	1	0xE3AE30	A
sm86_89	0x23A8090	1281	0x0501	5	1	0xE42EE0	A
sm86_89	0x23A8090	1281	0x0501	5	1	0xE44170	A
sm86_89	0x23A8090	1281	0x0501	5	1	0xE47830	A
sm86_89	0x23A8090	1281	0x0501	5	1	0xE6BDD0	A
sm86_89	0x23A8090	1281	0x0501	5	1	0xE71A50	A
sm86_89	0x23A8090	1281	0x0501	5	1	0xE73F10	A
sm86_89	0x23A8090	1281	0x0501	5	1	0xE7C190	A
sm86_89	0x23A8090	1281	0x0501	5	1	0xEB1C00	B
sm86_89	0x23A8090	1281	0x0501	5	1	0xEB2630	A
sm86_89	0x23A8090	1282	0x0502	5	2	0x1739A50	A
sm86_89	0x23A8090	1282	0x0502	5	2	0x173C1A0	A
sm86_89	0x23A8090	1282	0x0502	5	2	0x17651F0	A
sm86_89	0x23A8090	1282	0x0502	5	2	0x17768D0	A
sm86_89	0x23A8090	1282	0x0502	5	2	0x178E060	A
sm86_89	0x23A8090	1282	0x0502	5	2	0x17A4C40	A
sm86_89	0x23A8090	1282	0x0502	5	2	0x18F09F0	A
sm86_89	0x23A8090	1282	0x0502	5	2	0xC69D10	A
sm86_89	0x23A8090	1282	0x0502	5	2	0xC72530	A
sm86_89	0x23A8090	1282	0x0502	5	2	0xCB0AE0	A
sm86_89	0x23A8090	1282	0x0502	5	2	0xCB24C0	A
sm86_89	0x23A8090	1282	0x0502	5	2	0xCB6AC0	A
sm86_89	0x23A8090	1282	0x0502	5	2	0xCBA2F0	A
sm86_89	0x23A8090	1282	0x0502	5	2	0xCC3130	A
sm86_89	0x23A8090	1282	0x0502	5	2	0xD07C30	A
sm86_89	0x23A8090	1282	0x0502	5	2	0xD0E4A0	A
sm86_89	0x23A8090	1282	0x0502	5	2	0xD0F400	A
sm86_89	0x23A8090	1282	0x0502	5	2	0xD14990	A
sm86_89	0x23A8090	1282	0x0502	5	2	0xD420A0	A
sm86_89	0x23A8090	1282	0x0502	5	2	0xD5E360	A
sm86_89	0x23A8090	1282	0x0502	5	2	0xD8CF40	A
sm86_89	0x23A8090	1282	0x0502	5	2	0xDA5D90	A
sm86_89	0x23A8090	1282	0x0502	5	2	0xDB2300	A
sm86_89	0x23A8090	1282	0x0502	5	2	0xDB89B0	A
sm86_89	0x23A8090	1282	0x0502	5	2	0xDC8190	A
sm86_89	0x23A8090	1282	0x0502	5	2	0xDCBA70	A
sm86_89	0x23A8090	1282	0x0502	5	2	0xDDFFF0	A
sm86_89	0x23A8090	1282	0x0502	5	2	0xDEB030	A
sm86_89	0x23A8090	1282	0x0502	5	2	0xDEDA50	A
sm86_89	0x23A8090	1282	0x0502	5	2	0xDF3020	A
sm86_89	0x23A8090	1282	0x0502	5	2	0xE05F00	A
sm86_89	0x23A8090	1282	0x0502	5	2	0xE2DE70	A
sm86_89	0x23A8090	1282	0x0502	5	2	0xE38750	A
sm86_89	0x23A8090	1282	0x0502	5	2	0xE42A40	A
sm86_89	0x23A8090	1282	0x0502	5	2	0xE43350	A
sm86_89	0x23A8090	1282	0x0502	5	2	0xE46320	A
sm86_89	0x23A8090	1282	0x0502	5	2	0xE46C90	B
sm86_89	0x23A8090	1282	0x0502	5	2	0xE71420	A
sm86_89	0x23A8090	1282	0x0502	5	2	0xE739D0	A
sm86_89	0x23A8090	1282	0x0502	5	2	0xE75350	A
sm86_89	0x23A8090	1282	0x0502	5	2	0xE7C680	A
sm86_89	0x23A8090	1282	0x0502	5	2	0xE91170	A
sm86_89	0x23A8090	1283	0x0503	5	3	0x173A390	A
sm86_89	0x23A8090	1283	0x0503	5	3	0x173D2E0	A
sm86_89	0x23A8090	1283	0x0503	5	3	0x1776EA0	A
sm86_89	0x23A8090	1283	0x0503	5	3	0x18F0A00	A
sm86_89	0x23A8090	1283	0x0503	5	3	0xCAF5A0	A
sm86_89	0x23A8090	1283	0x0503	5	3	0xCBB780	A
sm86_89	0x23A8090	1283	0x0503	5	3	0xCBEAA0	A
sm86_89	0x23A8090	1283	0x0503	5	3	0xD10A10	A
sm86_89	0x23A8090	1283	0x0503	5	3	0xD5C440	A
sm86_89	0x23A8090	1283	0x0503	5	3	0xD90190	A
sm86_89	0x23A8090	1283	0x0503	5	3	0xDA34E0	A
sm86_89	0x23A8090	1283	0x0503	5	3	0xDDF500	A
sm86_89	0x23A8090	1283	0x0503	5	3	0xDE9700	A
sm86_89	0x23A8090	1283	0x0503	5	3	0xE2F650	A
sm86_89	0x23A8090	1283	0x0503	5	3	0xE74490	A
sm86_89	0x23A8090	1283	0x0503	5	3	0xE74E80	A
sm86_89	0x23A8090	1283	0x0503	5	3	0xE7AEA0	A
sm86_89	0x23A8090	1283	0x0503	5	3	0xE916C0	A
sm86_89	0x23A8090	1284	0x0504	5	4	0x17341B0	A
sm86_89	0x23A8090	1284	0x0504	5	4	0x1777430	A
sm86_89	0x23A8090	1284	0x0504	5	4	0x1799D30	A
sm86_89	0x23A8090	1284	0x0504	5	4	0x18F0A10	A
sm86_89	0x23A8090	1284	0x0504	5	4	0xCB1A70	A
sm86_89	0x23A8090	1284	0x0504	5	4	0xCB3410	A
sm86_89	0x23A8090	1284	0x0504	5	4	0xCB78F0	A
sm86_89	0x23A8090	1284	0x0504	5	4	0xCC1BB0	A
sm86_89	0x23A8090	1284	0x0504	5	4	0xD09050	A
sm86_89	0x23A8090	1284	0x0504	5	4	0xD0CFE0	A
sm86_89	0x23A8090	1284	0x0504	5	4	0xD10540	A
sm86_89	0x23A8090	1284	0x0504	5	4	0xD40BE0	A
sm86_89	0x23A8090	1284	0x0504	5	4	0xD5D900	A
sm86_89	0x23A8090	1284	0x0504	5	4	0xD92C10	A
sm86_89	0x23A8090	1284	0x0504	5	4	0xDA8140	A
sm86_89	0x23A8090	1284	0x0504	5	4	0xDB31B0	A
sm86_89	0x23A8090	1284	0x0504	5	4	0xDB6540	A
sm86_89	0x23A8090	1284	0x0504	5	4	0xDC5D20	A
sm86_89	0x23A8090	1284	0x0504	5	4	0xDCB030	A
sm86_89	0x23A8090	1284	0x0504	5	4	0xDCD9D0	A
sm86_89	0x23A8090	1284	0x0504	5	4	0xDCFB70	A
sm86_89	0x23A8090	1284	0x0504	5	4	0xDE0F40	A
sm86_89	0x23A8090	1284	0x0504	5	4	0xDEBF80	A
sm86_89	0x23A8090	1284	0x0504	5	4	0xDEC4D0	A
sm86_89	0x23A8090	1284	0x0504	5	4	0xDF1B60	A
sm86_89	0x23A8090	1284	0x0504	5	4	0xE04A40	A
sm86_89	0x23A8090	1284	0x0504	5	4	0xE39FD0	A
sm86_89	0x23A8090	1284	0x0504	5	4	0xE75870	A
sm86_89	0x23A8090	1285	0x0505	5	5	0x1786930	A
sm86_89	0x23A8090	1285	0x0505	5	5	0x1799690	A
sm86_89	0x23A8090	1285	0x0505	5	5	0xCC2100	A
sm86_89	0x23A8090	1285	0x0505	5	5	0xD08B50	A
sm86_89	0x23A8090	1285	0x0505	5	5	0xD0D500	A
sm86_89	0x23A8090	1285	0x0505	5	5	0xD10EB0	A
sm86_89	0x23A8090	1285	0x0505	5	5	0xD41100	A
sm86_89	0x23A8090	1285	0x0505	5	5	0xD5ED90	A
sm86_89	0x23A8090	1285	0x0505	5	5	0xD61240	A
sm86_89	0x23A8090	1285	0x0505	5	5	0xD925F0	A
sm86_89	0x23A8090	1285	0x0505	5	5	0xDB6F90	A
sm86_89	0x23A8090	1285	0x0505	5	5	0xDC30E0	A
sm86_89	0x23A8090	1285	0x0505	5	5	0xDC6770	A
sm86_89	0x23A8090	1285	0x0505	5	5	0xDCD3C0	A
sm86_89	0x23A8090	1285	0x0505	5	5	0xDECA20	A
sm86_89	0x23A8090	1285	0x0505	5	5	0xDF2080	A
sm86_89	0x23A8090	1285	0x0505	5	5	0xE04F60	A
sm86_89	0x23A8090	1285	0x0505	5	5	0xE35BA0	A
sm86_89	0x23A8090	1285	0x0505	5	5	0xE3A4D0	A
sm86_89	0x23A8090	1285	0x0505	5	5	0xE7B350	A
sm86_89	0x23A8090	1286	0x0506	5	6	0x173B780	A
sm86_89	0x23A8090	1286	0x0506	5	6	0x1775300	A
sm86_89	0x23A8090	1286	0x0506	5	6	0x18F09D0	A
sm86_89	0x23A8090	1286	0x0506	5	6	0xCB0030	A
sm86_89	0x23A8090	1286	0x0506	5	6	0xCBEFF0	A
sm86_89	0x23A8090	1286	0x0506	5	6	0xD08650	A
sm86_89	0x23A8090	1286	0x0506	5	6	0xD11380	A
sm86_89	0x23A8090	1286	0x0506	5	6	0xD5F7A0	A
sm86_89	0x23A8090	1286	0x0506	5	6	0xD8E300	A
sm86_89	0x23A8090	1286	0x0506	5	6	0xDEA610	A
sm86_89	0x23A8090	1286	0x0506	5	6	0xE3E940	A
sm86_89	0x23A8090	1286	0x0506	5	6	0xE41180	A
sm86_89	0x23A8090	1287	0x0507	5	7	0x1738920	A
sm86_89	0x23A8090	1287	0x0507	5	7	0x1741C60	A
sm86_89	0x23A8090	1287	0x0507	5	7	0x1763E70	A
sm86_89	0x23A8090	1287	0x0507	5	7	0x17748C0	A
sm86_89	0x23A8090	1287	0x0507	5	7	0x17889B0	A
sm86_89	0x23A8090	1287	0x0507	5	7	0x18F0A80	A
sm86_89	0x23A8090	1287	0x0507	5	7	0xCD44A0	A
sm86_89	0x23A8090	1287	0x0507	5	7	0xD09A70	A
sm86_89	0x23A8090	1287	0x0507	5	7	0xD14020	A
sm86_89	0x23A8090	1287	0x0507	5	7	0xD5E890	A
sm86_89	0x23A8090	1287	0x0507	5	7	0xD62420	A
sm86_89	0x23A8090	1287	0x0507	5	7	0xD7D8C0	A
sm86_89	0x23A8090	1287	0x0507	5	7	0xD8FCF0	A
sm86_89	0x23A8090	1287	0x0507	5	7	0xDB6A60	A
sm86_89	0x23A8090	1287	0x0507	5	7	0xDC6240	A
sm86_89	0x23A8090	1287	0x0507	5	7	0xE345F0	A
sm86_89	0x23A8090	1287	0x0507	5	7	0xE39100	A
sm86_89	0x23A8090	1287	0x0507	5	7	0xE3EEC0	A
sm86_89	0x23A8090	1287	0x0507	5	7	0xE72CF0	A
sm86_89	0x23A8090	1288	0x0508	5	8	0x1741660	A
sm86_89	0x23A8090	1288	0x0508	5	8	0x17637E0	A
sm86_89	0x23A8090	1288	0x0508	5	8	0x176C8B0	A
sm86_89	0x23A8090	1288	0x0508	5	8	0x1775880	A
sm86_89	0x23A8090	1288	0x0508	5	8	0x1789F50	A
sm86_89	0x23A8090	1288	0x0508	5	8	0x18F0A90	A
sm86_89	0x23A8090	1288	0x0508	5	8	0xC6C300	A
sm86_89	0x23A8090	1288	0x0508	5	8	0xCA19C0	A
sm86_89	0x23A8090	1288	0x0508	5	8	0xCD6BA0	A
sm86_89	0x23A8090	1288	0x0508	5	8	0xD08180	A
sm86_89	0x23A8090	1288	0x0508	5	8	0xD11CF0	A
sm86_89	0x23A8090	1288	0x0508	5	8	0xD5F290	A
sm86_89	0x23A8090	1288	0x0508	5	8	0xD61DF0	A
sm86_89	0x23A8090	1288	0x0508	5	8	0xD7D290	A
sm86_89	0x23A8090	1288	0x0508	5	8	0xDB74D0	A
sm86_89	0x23A8090	1288	0x0508	5	8	0xDC6CB0	A
sm86_89	0x23A8090	1288	0x0508	5	8	0xE38C20	A
sm86_89	0x23A8090	1288	0x0508	5	8	0xE726A0	A
sm86_89	0x23A8090	1289	0x0509	5	9	0x1774DE0	A
sm86_89	0x23A8090	1289	0x0509	5	9	0x18F0AC0	A
sm86_89	0x23A8090	1289	0x0509	5	9	0xC6BCE0	A
sm86_89	0x23A8090	1289	0x0509	5	9	0xCBD9B0	A
sm86_89	0x23A8090	1289	0x0509	5	9	0xCCF940	A
sm86_89	0x23A8090	1289	0x0509	5	9	0xD144F0	A
sm86_89	0x23A8090	1289	0x0509	5	9	0xD5C970	A
sm86_89	0x23A8090	1289	0x0509	5	9	0xE36110	A
sm86_89	0x23A8090	1289	0x0509	5	9	0xE39620	A
sm86_89	0x23A8090	1290	0x050A	5	10	0xC6C920	A
sm86_89	0x23A8090	1290	0x050A	5	10	0xCCFE40	A
sm86_89	0x23A8090	1290	0x050A	5	10	0xCD5560	A
sm86_89	0x23A8090	1290	0x050A	5	10	0xD5DE30	A
sm86_89	0x23A8090	1290	0x050A	5	10	0xD8F290	A
sm86_89	0x23A8090	1290	0x050A	5	10	0xD91A60	A
sm86_89	0x23A8090	1290	0x050A	5	10	0xDA7140	A
sm86_89	0x23A8090	1291	0x050B	5	11	0x17334F0	A
sm86_89	0x23A8090	1291	0x050B	5	11	0xCD8770	A
sm86_89	0x23A8090	1291	0x050B	5	11	0xD12690	A
sm86_89	0x23A8090	1291	0x050B	5	11	0xD5BF10	A
sm86_89	0x23A8090	1291	0x050B	5	11	0xD8F7F0	A
sm86_89	0x23A8090	1291	0x050B	5	11	0xD91490	A
sm86_89	0x23A8090	1291	0x050B	5	11	0xDA6C70	A
sm86_89	0x23A8090	1291	0x050B	5	11	0xE34B50	A
sm86_89	0x23A8090	1292	0x050C	5	12	0xCD9820	A
sm86_89	0x23A8090	1292	0x050C	5	12	0xD12190	A
sm86_89	0x23A8090	1292	0x050C	5	12	0xDA67A0	A
sm86_89	0x23A8090	1292	0x050C	5	12	0xDD1E80	A
sm86_89	0x23A8090	1293	0x050D	5	13	0x1732E90	A
sm86_89	0x23A8090	1293	0x050D	5	13	0x1786ED0	A
sm86_89	0x23A8090	1293	0x050D	5	13	0xD13150	A
sm86_89	0x23A8090	1293	0x050D	5	13	0xD649D0	A
sm86_89	0x23A8090	1293	0x050D	5	13	0xD7FE70	A
sm86_89	0x23A8090	1293	0x050D	5	13	0xD8C5B0	A
sm86_89	0x23A8090	1293	0x050D	5	13	0xD93EA0	A
sm86_89	0x23A8090	1293	0x050D	5	13	0xDD18C0	A
sm86_89	0x23A8090	1293	0x050D	5	13	0xE31910	A
sm86_89	0x23A8090	1294	0x050E	5	14	0x1732170	A
sm86_89	0x23A8090	1294	0x050E	5	14	0x1748640	A
sm86_89	0x23A8090	1294	0x050E	5	14	0xCBAD30	A
sm86_89	0x23A8090	1294	0x050E	5	14	0xD13AF0	A
sm86_89	0x23A8090	1294	0x050E	5	14	0xD64360	A
sm86_89	0x23A8090	1294	0x050E	5	14	0xD7F800	A
sm86_89	0x23A8090	1294	0x050E	5	14	0xD93850	A
sm86_89	0x23A8090	1294	0x050E	5	14	0xE41690	A
sm86_89	0x23A8090	1295	0x050F	5	15	0x1788EC0	A
sm86_89	0x23A8090	1295	0x050F	5	15	0xCBB280	A
sm86_89	0x23A8090	1295	0x050F	5	15	0xD65090	A
sm86_89	0x23A8090	1295	0x050F	5	15	0xD80530	A
sm86_89	0x23A8090	1295	0x050F	5	15	0xD8D8A0	A
sm86_89	0x23A8090	1295	0x050F	5	15	0xD94530	A
sm86_89	0x23A8090	1295	0x050F	5	15	0xDD4300	A
sm86_89	0x23A8090	1295	0x050F	5	15	0xE2FB50	A
sm86_89	0x23A8090	1296	0x0510	5	16	0x1747990	A
sm86_89	0x23A8090	1296	0x0510	5	16	0x178A4A0	A
sm86_89	0x23A8090	1296	0x0510	5	16	0xC6B720	A
sm86_89	0x23A8090	1296	0x0510	5	16	0xDD3D20	A
sm86_89	0x23A8090	1296	0x0510	5	16	0xE2EC60	A
sm86_89	0x23A8090	1297	0x0511	5	17	0x1748010	A
sm86_89	0x23A8090	1297	0x0511	5	17	0x17879B0	A
sm86_89	0x23A8090	1297	0x0511	5	17	0xC6AB80	A
sm86_89	0x23A8090	1297	0x0511	5	17	0xD67050	A
sm86_89	0x23A8090	1297	0x0511	5	17	0xD824F0	A
sm86_89	0x23A8090	1297	0x0511	5	17	0xD95080	A
sm86_89	0x23A8090	1297	0x0511	5	17	0xE336E0	A
sm86_89	0x23A8090	1298	0x0512	5	18	0x1786490	A
sm86_89	0x23A8090	1298	0x0512	5	18	0xD955D0	A
sm86_89	0x23A8090	1299	0x0513	5	19	0x17466B0	A
sm86_89	0x23A8090	1299	0x0513	5	19	0xC6D590	A
sm86_89	0x23A8090	1299	0x0513	5	19	0xE30F10	A
sm86_89	0x23A8090	1300	0x0514	5	20	0x178A9F0	A
sm86_89	0x23A8090	1300	0x0514	5	20	0xC6CF40	A
sm86_89	0x23A8090	1300	0x0514	5	20	0xD95FD0	A
sm86_89	0x23A8090	1301	0x0515	5	21	0x1745A00	A
sm86_89	0x23A8090	1301	0x0515	5	21	0xC6DC20	A
sm86_89	0x23A8090	1301	0x0515	5	21	0xCC8B00	A
sm86_89	0x23A8090	1301	0x0515	5	21	0xE2F150	A
sm86_89	0x23A8090	1302	0x0516	5	22	0x1746080	A
sm86_89	0x23A8090	1302	0x0516	5	22	0x178C040	A
sm86_89	0x23A8090	1302	0x0516	5	22	0xCCEF50	A
sm86_89	0x23A8090	1302	0x0516	5	22	0xD97EA0	A
sm86_89	0x23A8090	1303	0x0517	5	23	0xC735F0	A
sm86_89	0x23A8090	1303	0x0517	5	23	0xCCF450	A
sm86_89	0x23A8090	1303	0x0517	5	23	0xE331B0	A
sm86_89	0x23A8090	1304	0x0518	5	24	0x1743870	A
sm86_89	0x23A8090	1304	0x0518	5	24	0x17779F0	A
sm86_89	0x23A8090	1304	0x0518	5	24	0x18F0A40	A
sm86_89	0x23A8090	1305	0x0519	5	25	0x1778B60	A
sm86_89	0x23A8090	1305	0x0519	5	25	0x18F0A30	A
sm86_89	0x23A8090	1305	0x0519	5	25	0xE32790	A
sm86_89	0x23A8090	1306	0x051A	5	26	0xCE0B00	A
sm86_89	0x23A8090	1307	0x051B	5	27	0xD74DD0	A
sm86_89	0x23A8090	1308	0x051C	5	28	0xCE1710	A
sm86_89	0x23A8090	1308	0x051C	5	28	0xD6BA00	A
sm86_89	0x23A8090	1309	0x051D	5	29	0xC71970	A
sm86_89	0x23A8090	1309	0x051D	5	29	0xCE1D40	A
sm86_89	0x23A8090	1310	0x051E	5	30	0xCE1130	A
sm86_89	0x23A8090	1311	0x051F	5	31	0xC74540	A
sm86_89	0x23A8090	1311	0x051F	5	31	0xCE7020	A
sm86_89	0x23A8090	1312	0x0520	5	32	0xCC4210	A
sm86_89	0x23A8090	1312	0x0520	5	32	0xCE7560	A
sm86_89	0x23A8090	1312	0x0520	5	32	0xD6EE40	A
sm86_89	0x23A8090	1313	0x0521	5	33	0xCCE0F0	A
sm86_89	0x23A8090	1313	0x0521	5	33	0xCE7AA0	A
sm86_89	0x23A8090	1313	0x0521	5	33	0xDDD180	A
sm86_89	0x23A8090	1314	0x0522	5	34	0xCE8A40	A
sm86_89	0x23A8090	1315	0x0523	5	35	0xCE8F40	A
sm86_89	0x23A8090	1315	0x0523	5	35	0xDD8E80	A
sm86_89	0x23A8090	1316	0x0524	5	36	0xCE9F00	A
sm86_89	0x23A8090	1317	0x0525	5	37	0xCFE910	A
sm86_89	0x23A8090	1317	0x0525	5	37	0xDDA920	A
sm86_89	0x23A8090	1322	0x052A	5	42	0xCAA640	A
sm86_89	0x23A8090	1324	0x052C	5	44	0xCA05B0	A
sm86_89	0x23A8090	1328	0x0530	5	48	0xD72300	A
sm86_89	0x23A8090	1329	0x0531	5	49	0x1773D20	A
sm86_89	0x23A8090	1329	0x0531	5	49	0xCD3F00	A
sm86_89	0x23A8090	1330	0x0532	5	50	0x1771E20	A
sm86_89	0x23A8090	1330	0x0532	5	50	0xCD6610	A
sm86_89	0x23A8090	1331	0x0533	5	51	0x1772290	A
sm86_89	0x23A8090	1332	0x0534	5	52	0xCD4A40	A
sm86_89	0x23A8090	1333	0x0535	5	53	0xCD7C50	A
sm86_89	0x23A8090	1334	0x0536	5	54	0xCA5120	A
sm86_89	0x23A8090	1334	0x0536	5	54	0xCD8D00	A
sm86_89	0x23A8090	1335	0x0537	5	55	0xCABFE0	A
sm86_89	0x23A8090	1336	0x0538	5	56	0x17448B0	A
sm86_89	0x23A8090	1336	0x0538	5	56	0xCADFD0	A
sm86_89	0x23A8090	1337	0x0539	5	57	0x1744E70	A
sm86_89	0x23A8090	1339	0x053B	5	59	0xCAE510	A
sm86_89	0x23A8090	1339	0x053B	5	59	0xCE4730	A
sm86_89	0x23A8090	1340	0x053C	5	60	0xCAC480	A
sm86_89	0x23A8090	1340	0x053C	5	60	0xCE4D00	A
sm86_89	0x23A8090	1345	0x0541	5	65	0xCFC600	A
sm86_89	0x23A8090	1346	0x0542	5	66	0xCFDCF0	A
sm86_89	0x23A8090	1354	0x054A	5	74	0xCD4FD0	A
sm86_89	0x23A8090	1355	0x054B	5	75	0xCD81E0	A
sm86_89	0x23A8090	1356	0x054C	5	76	0xCD9290	A
sm86_89	0x23A8090	1357	0x054D	5	77	0xCFFE10	A
sm86_89	0x23A8090	1367	0x0557	5	87	0xCD3960	A
sm86_89	0x23A8090	1368	0x0558	5	88	0xCD5AF0	A
sm86_89	0x23A8090	1372	0x055C	5	92	0xCFC090	A
sm86_89	0x23A8090	1373	0x055D	5	93	0xCEA400	A
sm86_89	0x23A8090	1374	0x055E	5	94	0xCEA940	A
sm86_89	0x23A8090	1375	0x055F	5	95	0xCEAE80	A
sm86_89	0x23A8090	1376	0x0560	5	96	0xCEBE20	A
sm86_89	0x23A8090	1377	0x0561	5	97	0xCEC320	A
sm86_89	0x23A8090	1378	0x0562	5	98	0xCED2E0	A
sm86_89	0x23A8090	1379	0x0563	5	99	0xCFF390	A
sm86_89	0x23A8090	1385	0x0569	5	105	0xCDF9B0	A
sm86_89	0x23A8090	1386	0x056A	5	106	0xCDF420	A
sm86_89	0x23A8090	1392	0x0570	5	112	0x174D970	A
sm86_89	0x23A8090	1394	0x0572	5	114	0x174C1D0	A
sm86_89	0x23A8090	1396	0x0574	5	116	0x174B640	A
sm86_89	0x23A8090	1407	0x057F	5	127	0xCE2F70	A
sm86_89	0x23A8090	1409	0x0581	5	129	0xD018B0	A
sm86_89	0x23A8090	1410	0x0582	5	130	0xD01E00	A
sm86_89	0x23A8090	1412	0x0584	5	132	0xD02830	A
sm86_89	0x23A8090	1451	0x05AB	5	171	0xCF1880	A
sm86_89	0x23A8090	1453	0x05AD	5	173	0x174FDB0	A
sm86_89	0x23A8090	1455	0x05AF	5	175	0x174F160	A
sm86_89	0x23A8090	1462	0x05B6	5	182	0x1742810	A
sm86_89	0x23A8090	1463	0x05B7	5	183	0x17422B0	A
sm86_89	0x23A8090	1466	0x05BA	5	186	0xCFD740	A
sm86_89	0x23A8090	1468	0x05BC	5	188	0xD06CC0	A
sm86_89	0x23A8090	1469	0x05BD	5	189	0xD06790	A
sm86_89	0x23A8090	1471	0x05BF	5	191	0x174A4B0	A
sm86_89	0x23A8090	1473	0x05C1	5	193	0x17498C0	A
sm86_89	0x23A8090	1536	0x0600	6	0	0xD983F0	A
sm86_89	0x23A8090	1537	0x0601	6	1	0xC693D0	A
sm86_89	0x23A8090	1537	0x0601	6	1	0xCB6620	A
sm86_89	0x23A8090	1537	0x0601	6	1	0xCB9DD0	A
sm86_89	0x23A8090	1537	0x0601	6	1	0xDB1E30	A
sm86_89	0x23A8090	1537	0x0601	6	1	0xDB36B0	A
sm86_89	0x23A8090	1537	0x0601	6	1	0xE3F8E0	A
sm86_89	0x23A8090	1537	0x0601	6	1	0xEAA0C0	A
sm86_89	0x23A8090	1538	0x0602	6	2	0x176ABB0	A
sm86_89	0x23A8090	1538	0x0602	6	2	0xDA2FD0	A
sm86_89	0x23A8090	1538	0x0602	6	2	0xE406C0	A
sm86_89	0x23A8090	1539	0x0603	6	3	0x176A6D0	A
sm86_89	0x23A8090	1539	0x0603	6	3	0xCB6FB0	A
sm86_89	0x23A8090	1539	0x0603	6	3	0xCC36D0	A
sm86_89	0x23A8090	1539	0x0603	6	3	0xD0EA10	A
sm86_89	0x23A8090	1539	0x0603	6	3	0xD42610	A
sm86_89	0x23A8090	1539	0x0603	6	3	0xDB27F0	A
sm86_89	0x23A8090	1539	0x0603	6	3	0xDB8F20	A
sm86_89	0x23A8090	1539	0x0603	6	3	0xDC8700	A
sm86_89	0x23A8090	1539	0x0603	6	3	0xDEDFF0	A
sm86_89	0x23A8090	1539	0x0603	6	3	0xDF3590	A
sm86_89	0x23A8090	1539	0x0603	6	3	0xE06470	A
sm86_89	0x23A8090	1539	0x0603	6	3	0xE420A0	A
sm86_89	0x23A8090	1540	0x0604	6	4	0xE41BA0	A
sm86_89	0x23A8090	1540	0x0604	6	4	0xE7B830	A
sm86_89	0x23A8090	1542	0x0606	6	6	0xE3A980	A
sm86_89	0x23A8090	1545	0x0609	6	9	0x1787470	A
sm86_89	0x23A8090	1546	0x060A	6	10	0x1738F30	A
sm86_89	0x23A8090	1546	0x060A	6	10	0xE40C20	A
sm86_89	0x23A8090	1547	0x060B	6	11	0xCBA810	A
sm86_89	0x23A8090	1548	0x060C	6	12	0xCB98B0	A
sm86_89	0x23A8090	1548	0x060C	6	12	0xD8C110	A
sm86_89	0x23A8090	1549	0x060D	6	13	0xCB9390	A
sm86_89	0x23A8090	1550	0x060E	6	14	0xD8CAA0	A
sm86_89	0x23A8090	1574	0x0626	6	38	0xCFEE50	A
sm86_89	0x23A8090	1576	0x0628	6	40	0xCE99A0	A
sm86_89	0x23A8090	1581	0x062D	6	45	0x1773120	A
sm86_89	0x23A8090	1581	0x062D	6	45	0x18F09A0	A
sm86_89	0x23A8090	1582	0x062E	6	46	0x17840B0	A
sm86_89	0x23A8090	1582	0x062E	6	46	0x18F0AA0	A
sm86_89	0x23A8090	1593	0x0639	6	57	0xCADA30	A
sm86_89	0x23A8090	1597	0x063D	6	61	0xCAD4C0	A
sm86_89	0x23A8090	1636	0x0664	6	100	0xCFF8D0	A
sm86_89	0x23A8090	1638	0x0666	6	102	0xCECD80	A
sm86_89	0x23A8090	1664	0x0680	6	128	0xD013B0	A
sm86_89	0x23A8090	1717	0x06B5	6	181	0x1751650	A
sm86_89	0x23A8090	1792	0x0700	7	0	0xD8D400	A
sm86_89	0x23A8090	1792	0x0700	7	0	0xDB3BC0	A
sm86_89	0x23A8090	1793	0x0701	7	1	0xCB4460	A
sm86_89	0x23A8090	1793	0x0701	7	1	0xCB8340	A
sm86_89	0x23A8090	1793	0x0701	7	1	0xCBE550	A
sm86_89	0x23A8090	1793	0x0701	7	1	0xDC5280	A
sm86_89	0x23A8090	1793	0x0701	7	1	0xE3B770	A
sm86_89	0x23A8090	1793	0x0701	7	1	0xE3CE00	A
sm86_89	0x23A8090	1793	0x0701	7	1	0xE7A3A0	A
sm86_89	0x23A8090	1794	0x0702	7	2	0x1785A30	A
sm86_89	0x23A8090	1794	0x0702	7	2	0xC79970	A
sm86_89	0x23A8090	1794	0x0702	7	2	0xCB49B0	A
sm86_89	0x23A8090	1794	0x0702	7	2	0xCB8E10	A
sm86_89	0x23A8090	1794	0x0702	7	2	0xCBE030	A
sm86_89	0x23A8090	1794	0x0702	7	2	0xDC57D0	A
sm86_89	0x23A8090	1794	0x0702	7	2	0xE3D360	A
sm86_89	0x23A8090	1794	0x0702	7	2	0xE7A920	A
sm86_89	0x23A8090	1794	0x0702	7	2	0xEB1C00	A
sm86_89	0x23A8090	1794	0x0702	7	2	0xEB2AE0	B
sm86_89	0x23A8090	1795	0x0703	7	3	0xCB5AC0	A
sm86_89	0x23A8090	1795	0x0703	7	3	0xCB7DF0	A
sm86_89	0x23A8090	1795	0x0703	7	3	0xDC47E0	A
sm86_89	0x23A8090	1795	0x0703	7	3	0xE382C0	A
sm86_89	0x23A8090	1795	0x0703	7	3	0xE3BCD0	A
sm86_89	0x23A8090	1795	0x0703	7	3	0xE3D8E0	A
sm86_89	0x23A8090	1795	0x0703	7	3	0xE798A0	A
sm86_89	0x23A8090	1795	0x0703	7	3	0xEB20E0	B
sm86_89	0x23A8090	1795	0x0703	7	3	0xEB2AE0	A
sm86_89	0x23A8090	1796	0x0704	7	4	0xCB6050	A
sm86_89	0x23A8090	1796	0x0704	7	4	0xCBFFB0	A
sm86_89	0x23A8090	1796	0x0704	7	4	0xE3DE60	A
sm86_89	0x23A8090	1797	0x0705	7	5	0x1734E40	A
sm86_89	0x23A8090	1797	0x0705	7	5	0xCB3960	A
sm86_89	0x23A8090	1797	0x0705	7	5	0xCBF510	A
sm86_89	0x23A8090	1797	0x0705	7	5	0xDD00B0	A
sm86_89	0x23A8090	1797	0x0705	7	5	0xE3E3C0	A
sm86_89	0x23A8090	1798	0x0706	7	6	0xCB3EB0	A
sm86_89	0x23A8090	1798	0x0706	7	6	0xDB7A10	A
sm86_89	0x23A8090	1798	0x0706	7	6	0xDC71F0	A
sm86_89	0x23A8090	1799	0x0707	7	7	0x1738360	A
sm86_89	0x23A8090	1799	0x0707	7	7	0xCC0480	A
sm86_89	0x23A8090	1801	0x0709	7	9	0x17644D0	A
sm86_89	0x23A8090	1801	0x0709	7	9	0xCD76C0	A
sm86_89	0x23A8090	1803	0x070B	7	11	0xDD36C0	A
sm86_89	0x23A8090	1805	0x070D	7	13	0x175A3E0	A
sm86_89	0x23A8090	1806	0x070E	7	14	0xD14E30	A
sm86_89	0x23A8090	1807	0x070F	7	15	0x1732800	A
sm86_89	0x23A8090	1831	0x0727	7	39	0xCE84F0	A
sm86_89	0x23A8090	1833	0x0729	7	41	0xCE7FA0	A
sm86_89	0x23A8090	1843	0x0733	7	51	0xCD7130	A
sm86_89	0x23A8090	1865	0x0749	7	73	0xCFB030	A
sm86_89	0x23A8090	1893	0x0765	7	101	0xCEB8D0	A
sm86_89	0x23A8090	1895	0x0767	7	103	0xCEB380	A
sm86_89	0x23A8090	1940	0x0794	7	148	0xCF4D90	A
sm86_89	0x23A8090	1960	0x07A8	7	168	0xCF0730	A
sm86_89	0x23A8090	2305	0x0901	9	1	0xD40240	A
sm86_89	0x23A8090	2560	0x0A00	10	0	0xE0CE10	A
sm86_89	0x23A8090	2561	0x0A01	10	1	0x17354B0	A
sm86_89	0x23A8090	2561	0x0A01	10	1	0x17557B0	A
sm86_89	0x23A8090	2561	0x0A01	10	1	0x18EFA50	A
sm86_89	0x23A8090	2561	0x0A01	10	1	0xC72B10	A
sm86_89	0x23A8090	2561	0x0A01	10	1	0xC7A000	A
sm86_89	0x23A8090	2561	0x0A01	10	1	0xC7EE20	A
sm86_89	0x23A8090	2561	0x0A01	10	1	0xD56D50	A
sm86_89	0x23A8090	2561	0x0A01	10	1	0xD86B60	A
sm86_89	0x23A8090	2561	0x0A01	10	1	0xDAA750	A
sm86_89	0x23A8090	2561	0x0A01	10	1	0xDDE920	A
sm86_89	0x23A8090	2561	0x0A01	10	1	0xE07D10	A
sm86_89	0x23A8090	2561	0x0A01	10	1	0xE1BDF0	A
sm86_89	0x23A8090	2561	0x0A01	10	1	0xE5D550	A
sm86_89	0x23A8090	2561	0x0A01	10	1	0xE8A6A0	A
sm86_89	0x23A8090	2561	0x0A01	10	1	0xEA1B50	A
sm86_89	0x23A8090	2561	0x0A01	10	1	0xEA5BB0	A
sm86_89	0x23A8090	2562	0x0A02	10	2	0x1755DD0	A
sm86_89	0x23A8090	2562	0x0A02	10	2	0x18EFA40	A
sm86_89	0x23A8090	2562	0x0A02	10	2	0x18F0B40	A
sm86_89	0x23A8090	2562	0x0A02	10	2	0xD44240	A
sm86_89	0x23A8090	2562	0x0A02	10	2	0xD67FE0	A
sm86_89	0x23A8090	2562	0x0A02	10	2	0xD83480	A
sm86_89	0x23A8090	2562	0x0A02	10	2	0xD864D0	A
sm86_89	0x23A8090	2562	0x0A02	10	2	0xDC96C0	A
sm86_89	0x23A8090	2562	0x0A02	10	2	0xDDEF10	A
sm86_89	0x23A8090	2562	0x0A02	10	2	0xDE4C40	A
sm86_89	0x23A8090	2562	0x0A02	10	2	0xE0B3E0	A
sm86_89	0x23A8090	2562	0x0A02	10	2	0xE5DC20	A
sm86_89	0x23A8090	2563	0x0A03	10	3	0x17921E0	A
sm86_89	0x23A8090	2563	0x0A03	10	3	0xC77280	A
sm86_89	0x23A8090	2563	0x0A03	10	3	0xD39A60	A
sm86_89	0x23A8090	2563	0x0A03	10	3	0xD57340	A
sm86_89	0x23A8090	2563	0x0A03	10	3	0xE5C930	A
sm86_89	0x23A8090	2564	0x0A04	10	4	0x1737100	A
sm86_89	0x23A8090	2564	0x0A04	10	4	0x18F0B30	A
sm86_89	0x23A8090	2564	0x0A04	10	4	0xC76CC0	A
sm86_89	0x23A8090	2564	0x0A04	10	4	0xD47560	A
sm86_89	0x23A8090	2564	0x0A04	10	4	0xD57980	A
sm86_89	0x23A8090	2564	0x0A04	10	4	0xD636D0	A
sm86_89	0x23A8090	2564	0x0A04	10	4	0xD7EB70	A
sm86_89	0x23A8090	2564	0x0A04	10	4	0xDC9170	A
sm86_89	0x23A8090	2564	0x0A04	10	4	0xE0AE60	A
sm86_89	0x23A8090	2565	0x0A05	10	5	0x1735A20	A
sm86_89	0x23A8090	2565	0x0A05	10	5	0x1753A10	A
sm86_89	0x23A8090	2565	0x0A05	10	5	0xC7F370	A
sm86_89	0x23A8090	2565	0x0A05	10	5	0xD47020	A
sm86_89	0x23A8090	2565	0x0A05	10	5	0xD521A0	A
sm86_89	0x23A8090	2565	0x0A05	10	5	0xD63070	A
sm86_89	0x23A8090	2565	0x0A05	10	5	0xD7E510	A
sm86_89	0x23A8090	2565	0x0A05	10	5	0xDAACA0	A
sm86_89	0x23A8090	2565	0x0A05	10	5	0xE1C340	A
sm86_89	0x23A8090	2566	0x0A06	10	6	0x17528A0	A
sm86_89	0x23A8090	2566	0x0A06	10	6	0xC78580	A
sm86_89	0x23A8090	2566	0x0A06	10	6	0xD3BF90	A
sm86_89	0x23A8090	2567	0x0A07	10	7	0x1754010	A
sm86_89	0x23A8090	2567	0x0A07	10	7	0x1760080	A
sm86_89	0x23A8090	2567	0x0A07	10	7	0x1762440	A
sm86_89	0x23A8090	2567	0x0A07	10	7	0xD3B320	A
sm86_89	0x23A8090	2567	0x0A07	10	7	0xD43140	A
sm86_89	0x23A8090	2567	0x0A07	10	7	0xD52710	A
sm86_89	0x23A8090	2568	0x0A08	10	8	0x1760D90	A
sm86_89	0x23A8090	2568	0x0A08	10	8	0x1763150	A
sm86_89	0x23A8090	2568	0x0A08	10	8	0xC792C0	A
sm86_89	0x23A8090	2568	0x0A08	10	8	0xD52CD0	A
sm86_89	0x23A8090	2569	0x0A09	10	9	0x1756990	A
sm86_89	0x23A8090	2569	0x0A09	10	9	0xC78C30	A
sm86_89	0x23A8090	2569	0x0A09	10	9	0xC83260	A
sm86_89	0x23A8090	2569	0x0A09	10	9	0xD3E3B0	A
sm86_89	0x23A8090	2569	0x0A09	10	9	0xD46A10	A
sm86_89	0x23A8090	2569	0x0A09	10	9	0xDAEB90	A
sm86_89	0x23A8090	2569	0x0A09	10	9	0xE20230	A
sm86_89	0x23A8090	2570	0x0A0A	10	10	0x1775DD0	A
sm86_89	0x23A8090	2570	0x0A0A	10	10	0xC84920	A
sm86_89	0x23A8090	2570	0x0A0A	10	10	0xD46450	A
sm86_89	0x23A8090	2570	0x0A0A	10	10	0xD54980	A
sm86_89	0x23A8090	2570	0x0A0A	10	10	0xDB0250	A
sm86_89	0x23A8090	2570	0x0A0A	10	10	0xE218F0	A
sm86_89	0x23A8090	2571	0x0A0B	10	11	0x17575A0	A
sm86_89	0x23A8090	2571	0x0A0B	10	11	0x1782CD0	A
sm86_89	0x23A8090	2571	0x0A0B	10	11	0xC75B40	A
sm86_89	0x23A8090	2571	0x0A0B	10	11	0xC7DC80	A
sm86_89	0x23A8090	2571	0x0A0B	10	11	0xD3FBF0	A
sm86_89	0x23A8090	2571	0x0A0B	10	11	0xD44D10	A
sm86_89	0x23A8090	2571	0x0A0B	10	11	0xDA95B0	A
sm86_89	0x23A8090	2571	0x0A0B	10	11	0xE1AC50	A
sm86_89	0x23A8090	2572	0x0A0C	10	12	0x1757BD0	A
sm86_89	0x23A8090	2572	0x0A0C	10	12	0x1782630	A
sm86_89	0x23A8090	2572	0x0A0C	10	12	0xD3F5A0	A
sm86_89	0x23A8090	2572	0x0A0C	10	12	0xD4A990	A
sm86_89	0x23A8090	2572	0x0A0C	10	12	0xD53D80	A
sm86_89	0x23A8090	2573	0x0A0D	10	13	0x1783A10	A
sm86_89	0x23A8090	2573	0x0A0D	10	13	0xC766E0	A
sm86_89	0x23A8090	2573	0x0A0D	10	13	0xD49210	A
sm86_89	0x23A8090	2574	0x0A0E	10	14	0x1754BA0	A
sm86_89	0x23A8090	2574	0x0A0E	10	14	0x1783370	A
sm86_89	0x23A8090	2574	0x0A0E	10	14	0xC80A80	A
sm86_89	0x23A8090	2574	0x0A0E	10	14	0xD4B590	A
sm86_89	0x23A8090	2574	0x0A0E	10	14	0xDAC3B0	A
sm86_89	0x23A8090	2574	0x0A0E	10	14	0xE1DA50	A
sm86_89	0x23A8090	2575	0x0A0F	10	15	0x177DC00	A
sm86_89	0x23A8090	2575	0x0A0F	10	15	0xC7E260	A
sm86_89	0x23A8090	2575	0x0A0F	10	15	0xD16140	A
sm86_89	0x23A8090	2575	0x0A0F	10	15	0xD353F0	A
sm86_89	0x23A8090	2575	0x0A0F	10	15	0xD4BBA0	A
sm86_89	0x23A8090	2575	0x0A0F	10	15	0xD5A1C0	A
sm86_89	0x23A8090	2575	0x0A0F	10	15	0xDA9B90	A
sm86_89	0x23A8090	2575	0x0A0F	10	15	0xE1B230	A
sm86_89	0x23A8090	2576	0x0A10	10	16	0x177D560	A
sm86_89	0x23A8090	2576	0x0A10	10	16	0xD15AE0	A
sm86_89	0x23A8090	2576	0x0A10	10	16	0xD458B0	A
sm86_89	0x23A8090	2577	0x0A11	10	17	0x177E940	A
sm86_89	0x23A8090	2577	0x0A11	10	17	0xD16780	A
sm86_89	0x23A8090	2577	0x0A11	10	17	0xD4AF90	A
sm86_89	0x23A8090	2578	0x0A12	10	18	0xC84ED0	A
sm86_89	0x23A8090	2578	0x0A12	10	18	0xD37620	A
sm86_89	0x23A8090	2578	0x0A12	10	18	0xD49810	A
sm86_89	0x23A8090	2578	0x0A12	10	18	0xDB0800	A
sm86_89	0x23A8090	2578	0x0A12	10	18	0xE21EA0	A
sm86_89	0x23A8090	2579	0x0A13	10	19	0xC82C80	A
sm86_89	0x23A8090	2579	0x0A13	10	19	0xD36AB0	A
sm86_89	0x23A8090	2579	0x0A13	10	19	0xD47AF0	A
sm86_89	0x23A8090	2579	0x0A13	10	19	0xDAE5B0	A
sm86_89	0x23A8090	2579	0x0A13	10	19	0xE1FC50	A
sm86_89	0x23A8090	2580	0x0A14	10	20	0xD4D910	A
sm86_89	0x23A8090	2581	0x0A15	10	21	0xD3D160	A
sm86_89	0x23A8090	2581	0x0A15	10	21	0xD4CD50	A
sm86_89	0x23A8090	2582	0x0A16	10	22	0xD4E4D0	A
sm86_89	0x23A8090	2583	0x0A17	10	23	0xD3EFD0	A
sm86_89	0x23A8090	2583	0x0A17	10	23	0xD45EA0	A
sm86_89	0x23A8090	2583	0x0A17	10	23	0xDD71E0	A
sm86_89	0x23A8090	2584	0x0A18	10	24	0xC73B10	A
sm86_89	0x23A8090	2584	0x0A18	10	24	0xD3EA00	A
sm86_89	0x23A8090	2584	0x0A18	10	24	0xD49E10	A
sm86_89	0x23A8090	2584	0x0A18	10	24	0xD58560	A
sm86_89	0x23A8090	2585	0x0A19	10	25	0xD48690	A
sm86_89	0x23A8090	2585	0x0A19	10	25	0xD55540	A
sm86_89	0x23A8090	2585	0x0A19	10	25	0xDD7E20	A
sm86_89	0x23A8090	2586	0x0A1A	10	26	0xC71390	A
sm86_89	0x23A8090	2586	0x0A1A	10	26	0xD38810	A
sm86_89	0x23A8090	2586	0x0A1A	10	26	0xD4C1B0	A
sm86_89	0x23A8090	2587	0x0A1B	10	27	0xD4C780	A
sm86_89	0x23A8090	2587	0x0A1B	10	27	0xD55B30	A
sm86_89	0x23A8090	2587	0x0A1B	10	27	0xDD9E50	A
sm86_89	0x23A8090	2588	0x0A1C	10	28	0xC71F50	A
sm86_89	0x23A8090	2588	0x0A1C	10	28	0xD3AD00	A
sm86_89	0x23A8090	2588	0x0A1C	10	28	0xD45300	A
sm86_89	0x23A8090	2588	0x0A1C	10	28	0xDD98C0	A
sm86_89	0x23A8090	2589	0x0A1D	10	29	0xD3A6E0	A
sm86_89	0x23A8090	2589	0x0A1D	10	29	0xD480E0	A
sm86_89	0x23A8090	2589	0x0A1D	10	29	0xD5B8D0	A
sm86_89	0x23A8090	2590	0x0A1E	10	30	0x177A3F0	A
sm86_89	0x23A8090	2590	0x0A1E	10	30	0xD4DF10	A
sm86_89	0x23A8090	2590	0x0A1E	10	30	0xD5B2E0	A
sm86_89	0x23A8090	2590	0x0A1E	10	30	0xDDB480	A
sm86_89	0x23A8090	2591	0x0A1F	10	31	0x177B2F0	A
sm86_89	0x23A8090	2591	0x0A1F	10	31	0xD34310	A
sm86_89	0x23A8090	2591	0x0A1F	10	31	0xD4D350	A
sm86_89	0x23A8090	2591	0x0A1F	10	31	0xD50B90	A
sm86_89	0x23A8090	2592	0x0A20	10	32	0xD4A3D0	A
sm86_89	0x23A8090	2592	0x0A20	10	32	0xDDD790	A
sm86_89	0x23A8090	2593	0x0A21	10	33	0xD36510	A
sm86_89	0x23A8090	2593	0x0A21	10	33	0xD48C50	A
sm86_89	0x23A8090	2593	0x0A21	10	33	0xD51100	A
sm86_89	0x23A8090	2594	0x0A22	10	34	0x1780AA0	A
sm86_89	0x23A8090	2595	0x0A23	10	35	0x1781F90	A
sm86_89	0x23A8090	2595	0x0A23	10	35	0xD5AD20	A
sm86_89	0x23A8090	2599	0x0A27	10	39	0x177B9D0	A
sm86_89	0x23A8090	2600	0x0A28	10	40	0x177CEC0	A
sm86_89	0x23A8090	2668	0x0A6C	10	108	0x174D340	A
sm86_89	0x23A8090	2670	0x0A6E	10	110	0x174DF50	A
sm86_89	0x23A8090	2671	0x0A6F	10	111	0x174E580	A
sm86_89	0x23A8090	2693	0x0A85	10	133	0xD02DB0	A
sm86_89	0x23A8090	2695	0x0A87	10	135	0xD05BC0	A
sm86_89	0x23A8090	2696	0x0A88	10	136	0xD061D0	A
sm86_89	0x23A8090	2698	0x0A8A	10	138	0xD04A30	A
sm86_89	0x23A8090	2712	0x0A98	10	152	0xCF6AC0	A
sm86_89	0x23A8090	2714	0x0A9A	10	154	0xCF7750	A
sm86_89	0x23A8090	2715	0x0A9B	10	155	0xCF7DC0	A
sm86_89	0x23A8090	2716	0x0A9C	10	156	0xCF7130	A
sm86_89	0x23A8090	2718	0x0A9E	10	158	0xD038A0	A
sm86_89	0x23A8090	2818	0x0B02	11	2	0xDA9080	A
sm86_89	0x23A8090	2818	0x0B02	11	2	0xE30540	A
sm86_89	0x23A8090	2819	0x0B03	11	3	0xCF9FA0	A
sm86_89	0x23A8090	2823	0x0B07	11	7	0xCA2990	A
sm86_89	0x23A8090	2825	0x0B09	11	9	0xCA1F10	A
sm86_89	0x23A8090	2826	0x0B0A	11	10	0xD13620	A
sm86_89	0x23A8090	2834	0x0B12	11	18	0xE31E50	A
sm86_89	0x23A8090	2836	0x0B14	11	20	0xE30080	A
sm86_89	0x23A8090	2838	0x0B16	11	22	0xE2E320	A
sm86_89	0x23A8090	2840	0x0B18	11	24	0xE32CC0	A
sm86_89	0x23A8090	2858	0x0B2A	11	42	0xCE9440	A
sm86_89	0x23A8090	2859	0x0B2B	11	43	0xCA14F0	A
sm86_89	0x23A8090	2861	0x0B2D	11	45	0xCA0AD0	A
sm86_89	0x23A8090	2861	0x0B2D	11	45	0xCDC0F0	A
sm86_89	0x23A8090	2877	0x0B3D	11	61	0x17581B0	A
sm86_89	0x23A8090	2880	0x0B40	11	64	0xCDBB10	A
sm86_89	0x23A8090	2883	0x0B43	11	67	0xCFE300	A
sm86_89	0x23A8090	2896	0x0B50	11	80	0xD00870	A
sm86_89	0x23A8090	2899	0x0B53	11	83	0xCDDE50	A
sm86_89	0x23A8090	2955	0x0B8B	11	139	0xD05040	A
sm86_89	0x23A8090	2958	0x0B8E	11	142	0xCF3BF0	A
sm86_89	0x23A8090	2975	0x0B9F	11	159	0xD03EB0	A
sm86_89	0x23A8090	2978	0x0BA2	11	162	0xCEF590	A
sm86_89	0x23A8090	3331	0x0D03	13	3	0x18EFA60	A
sm86_89	0x23A8090	3331	0x0D03	13	3	0xD871C0	A
sm86_89	0x23A8090	3334	0x0D06	13	6	0x179A390	A
sm86_89	0x23A8090	3337	0x0D09	13	9	0xD62A40	A
sm86_89	0x23A8090	3337	0x0D09	13	9	0xD7DEE0	A
sm86_89	0x23A8090	3338	0x0D0A	13	10	0x1790780	A
sm86_89	0x23A8090	3339	0x0D0B	13	11	0xE501D0	A
sm86_89	0x23A8090	3340	0x0D0C	13	12	0xD664A0	A
sm86_89	0x23A8090	3340	0x0D0C	13	12	0xD81940	A
sm86_89	0x23A8090	3340	0x0D0C	13	12	0xD92020	A
sm86_89	0x23A8090	3343	0x0D0F	13	15	0xE508F0	A
sm86_89	0x23A8090	3344	0x0D10	13	16	0xE52420	A
sm86_89	0x23A8090	3346	0x0D12	13	18	0xC6B150	A
sm86_89	0x23A8090	3346	0x0D12	13	18	0xD15480	A
sm86_89	0x23A8090	3347	0x0D13	13	19	0xD1D610	A
sm86_89	0x23A8090	3351	0x0D17	13	23	0xD1DD30	A
sm86_89	0x23A8090	3352	0x0D18	13	24	0xD1F860	A
sm86_89	0x23A8090	4099	0x1003	16	3	0xE6FC40	A
sm86_89	0x23A8090	4609	0x1201	18	1	0xDE41B0	A
sm86_89	0x23A8090	4609	0x1201	18	1	0xE25F30	A
sm86_89	0x23A8090	4609	0x1201	18	1	0xE27F80	A
sm86_89	0x23A8090	4610	0x1202	18	2	0xE248A0	A
sm86_89	0x23A8090	4610	0x1202	18	2	0xE269B0	A
sm86_89	0x23A8090	4610	0x1202	18	2	0xE62B40	A
sm86_89	0x23A8090	4611	0x1203	18	3	0xDE46E0	A
sm86_89	0x23A8090	4611	0x1203	18	3	0xE25980	A
sm86_89	0x23A8090	4611	0x1203	18	3	0xE27A00	A
sm86_89	0x23A8090	4611	0x1203	18	3	0xE625D0	A
sm86_89	0x23A8090	4612	0x1204	18	4	0xE24320	A
sm86_89	0x23A8090	4612	0x1204	18	4	0xE26460	A
sm86_89	0x23A8090	4613	0x1205	18	5	0xE253D0	A
sm86_89	0x23A8090	4613	0x1205	18	5	0xE27480	A
sm86_89	0x23A8090	4613	0x1205	18	5	0xE63690	A
sm86_89	0x23A8090	4627	0x1213	18	19	0xCA6F50	A
sm86_89	0x23A8090	4629	0x1215	18	21	0xCAA090	A
sm86_89	0x23A8090	4639	0x121F	18	31	0xCA69A0	A
sm86_89	0x23A8090	4641	0x1221	18	33	0xCA9AE0	A
sm86_89	0x23A8090	4864	0x1300	19	0	0x17A74D0	A
sm86_89	0x23A8090	4864	0x1300	19	0	0xE89490	A
sm86_89	0x23A8090	4864	0x1300	19	0	0xE8F980	A
sm86_89	0x23A8090	4864	0x1300	19	0	0xE9C8B0	A
sm86_89	0x23A8090	4865	0x1301	19	1	0x175B250	A
sm86_89	0x23A8090	4865	0x1301	19	1	0x1776320	A
sm86_89	0x23A8090	4865	0x1301	19	1	0x1790F00	A
sm86_89	0x23A8090	4865	0x1301	19	1	0x1793460	A
sm86_89	0x23A8090	4865	0x1301	19	1	0x17A5240	A
sm86_89	0x23A8090	4865	0x1301	19	1	0x17A6E00	A
sm86_89	0x23A8090	4865	0x1301	19	1	0x18F09E0	A
sm86_89	0x23A8090	4865	0x1301	19	1	0xD691F0	A
sm86_89	0x23A8090	4865	0x1301	19	1	0xD84690	A
sm86_89	0x23A8090	4865	0x1301	19	1	0xDCC680	A
sm86_89	0x23A8090	4865	0x1301	19	1	0xE03170	A
sm86_89	0x23A8090	4865	0x1301	19	1	0xE04410	A
sm86_89	0x23A8090	4865	0x1301	19	1	0xE858D0	A
sm86_89	0x23A8090	4865	0x1301	19	1	0xE873F0	A
sm86_89	0x23A8090	4865	0x1301	19	1	0xE8BF10	A
sm86_89	0x23A8090	4865	0x1301	19	1	0xE8D950	A
sm86_89	0x23A8090	4865	0x1301	19	1	0xE9EC60	A
sm86_89	0x23A8090	4865	0x1301	19	1	0xEA3C80	A
sm86_89	0x23A8090	4866	0x1302	19	2	0x175B940	A
sm86_89	0x23A8090	4866	0x1302	19	2	0x1791BA0	A
sm86_89	0x23A8090	4866	0x1302	19	2	0x17A5FF0	A
sm86_89	0x23A8090	4866	0x1302	19	2	0x17A7BD0	A
sm86_89	0x23A8090	4866	0x1302	19	2	0xCC79C0	A
sm86_89	0x23A8090	4866	0x1302	19	2	0xD68AA0	A
sm86_89	0x23A8090	4866	0x1302	19	2	0xD83F40	A
sm86_89	0x23A8090	4866	0x1302	19	2	0xD8A470	A
sm86_89	0x23A8090	4866	0x1302	19	2	0xDCBFD0	A
sm86_89	0x23A8090	4866	0x1302	19	2	0xE4AD00	A
sm86_89	0x23A8090	4866	0x1302	19	2	0xE6DCD0	A
sm86_89	0x23A8090	4866	0x1302	19	2	0xE87A40	A
sm86_89	0x23A8090	4866	0x1302	19	2	0xE8DF80	A
sm86_89	0x23A8090	4866	0x1302	19	2	0xE9F300	A
sm86_89	0x23A8090	4867	0x1303	19	3	0x17A66E0	A
sm86_89	0x23A8090	4867	0x1303	19	3	0x17A82C0	A
sm86_89	0x23A8090	4867	0x1303	19	3	0xE4A670	A
sm86_89	0x23A8090	4867	0x1303	19	3	0xE88E40	A
sm86_89	0x23A8090	4867	0x1303	19	3	0xE8F340	A
sm86_89	0x23A8090	4867	0x1303	19	3	0xE9D6C0	A
sm86_89	0x23A8090	4868	0x1304	19	4	0x173C620	A
sm86_89	0x23A8090	4868	0x1304	19	4	0x18EFA80	A
sm86_89	0x23A8090	4868	0x1304	19	4	0xD87F20	A
sm86_89	0x23A8090	4868	0x1304	19	4	0xD89C90	A
sm86_89	0x23A8090	4868	0x1304	19	4	0xE4B390	A
sm86_89	0x23A8090	4869	0x1305	19	5	0x18EFA70	A
sm86_89	0x23A8090	4869	0x1305	19	5	0xD18190	A
sm86_89	0x23A8090	4869	0x1305	19	5	0xD87850	A
sm86_89	0x23A8090	4870	0x1306	19	6	0xD17B00	A
sm86_89	0x23A8090	4870	0x1306	19	6	0xD8B2E0	A
sm86_89	0x23A8090	4870	0x1306	19	6	0xDD0C40	A
sm86_89	0x23A8090	4871	0x1307	19	7	0x178F180	A
sm86_89	0x23A8090	4871	0x1307	19	7	0xD18820	A
sm86_89	0x23A8090	4871	0x1307	19	7	0xDCED10	A
sm86_89	0x23A8090	4871	0x1307	19	7	0xDD0600	A
sm86_89	0x23A8090	4872	0x1308	19	8	0x178EA00	A
sm86_89	0x23A8090	4872	0x1308	19	8	0xCBD380	A
sm86_89	0x23A8090	4872	0x1308	19	8	0xD8AB60	A
sm86_89	0x23A8090	4872	0x1308	19	8	0xDCE5F0	A
sm86_89	0x23A8090	4873	0x1309	19	9	0x178F8C0	A
sm86_89	0x23A8090	4873	0x1309	19	9	0xDD3060	A
sm86_89	0x23A8090	4874	0x130A	19	10	0x1758DF0	A
sm86_89	0x23A8090	4874	0x130A	19	10	0xD65DB0	A
sm86_89	0x23A8090	4874	0x130A	19	10	0xD81250	A
sm86_89	0x23A8090	4874	0x130A	19	10	0xDD2A00	A
sm86_89	0x23A8090	4875	0x130B	19	11	0x1758680	A
sm86_89	0x23A8090	4875	0x130B	19	11	0xD65700	A
sm86_89	0x23A8090	4875	0x130B	19	11	0xD80BA0	A
sm86_89	0x23A8090	4876	0x130C	19	12	0x1759530	A
sm86_89	0x23A8090	4876	0x130C	19	12	0xE51650	A
sm86_89	0x23A8090	4877	0x130D	19	13	0xCD0370	A
sm86_89	0x23A8090	4877	0x130D	19	13	0xE50FA0	A
sm86_89	0x23A8090	4878	0x130E	19	14	0x173F460	A
sm86_89	0x23A8090	4878	0x130E	19	14	0xE51D70	A
sm86_89	0x23A8090	4879	0x130F	19	15	0x173EDF0	A
sm86_89	0x23A8090	4881	0x1311	19	17	0xE53970	A
sm86_89	0x23A8090	4882	0x1312	19	18	0x177E2A0	A
sm86_89	0x23A8090	4882	0x1312	19	18	0xCC91E0	A
sm86_89	0x23A8090	4882	0x1312	19	18	0xDD55F0	A
sm86_89	0x23A8090	4882	0x1312	19	18	0xE53280	A
sm86_89	0x23A8090	4883	0x1313	19	19	0x1740200	A
sm86_89	0x23A8090	4883	0x1313	19	19	0x177F690	A
sm86_89	0x23A8090	4883	0x1313	19	19	0xDD4ED0	A
sm86_89	0x23A8090	4883	0x1313	19	19	0xE540D0	A
sm86_89	0x23A8090	4884	0x1314	19	20	0x173FB30	A
sm86_89	0x23A8090	4884	0x1314	19	20	0x177EFE0	A
sm86_89	0x23A8090	4884	0x1314	19	20	0xD1EA90	A
sm86_89	0x23A8090	4885	0x1315	19	21	0x17803F0	A
sm86_89	0x23A8090	4885	0x1315	19	21	0xD1E3E0	A
sm86_89	0x23A8090	4885	0x1315	19	21	0xDD6B20	A
sm86_89	0x23A8090	4886	0x1316	19	22	0xD1F1B0	A
sm86_89	0x23A8090	4886	0x1316	19	22	0xDD6470	A
sm86_89	0x23A8090	4886	0x1316	19	22	0xE4F330	A
sm86_89	0x23A8090	4887	0x1317	19	23	0xE4EC00	A
sm86_89	0x23A8090	4888	0x1318	19	24	0xE4FAA0	A
sm86_89	0x23A8090	4889	0x1319	19	25	0xD20DA0	A
sm86_89	0x23A8090	4890	0x131A	19	26	0xD206B0	A
sm86_89	0x23A8090	4891	0x131B	19	27	0xD21500	A
sm86_89	0x23A8090	4891	0x131B	19	27	0xE4D6B0	A
sm86_89	0x23A8090	4892	0x131C	19	28	0x1779750	A
sm86_89	0x23A8090	4892	0x131C	19	28	0xE4CFC0	A
sm86_89	0x23A8090	4893	0x131D	19	29	0x177AB60	A
sm86_89	0x23A8090	4893	0x131D	19	29	0xE4DDE0	A
sm86_89	0x23A8090	4894	0x131E	19	30	0xD1C770	A
sm86_89	0x23A8090	4895	0x131F	19	31	0xD1C040	A
sm86_89	0x23A8090	4896	0x1320	19	32	0x1779D40	A
sm86_89	0x23A8090	4896	0x1320	19	32	0xD1CEE0	A
sm86_89	0x23A8090	4897	0x1321	19	33	0x17811D0	A
sm86_89	0x23A8090	4898	0x1322	19	34	0xCCE5C0	A
sm86_89	0x23A8090	4899	0x1323	19	35	0xCCA660	A
sm86_89	0x23A8090	4899	0x1323	19	35	0xD1AB10	A
sm86_89	0x23A8090	4900	0x1324	19	36	0xCC9910	A
sm86_89	0x23A8090	4900	0x1324	19	36	0xD1A430	A
sm86_89	0x23A8090	4901	0x1325	19	37	0x1781920	A
sm86_89	0x23A8090	4901	0x1325	19	37	0xD1B230	A
sm86_89	0x23A8090	4902	0x1326	19	38	0x1740F90	A
sm86_89	0x23A8090	4902	0x1326	19	38	0x177C100	A
sm86_89	0x23A8090	4902	0x1326	19	38	0xD19D50	A
sm86_89	0x23A8090	4904	0x1328	19	40	0x1740900	A
sm86_89	0x23A8090	4904	0x1328	19	40	0x175C040	A
sm86_89	0x23A8090	4905	0x1329	19	41	0xCC9FB0	A
sm86_89	0x23A8090	4906	0x132A	19	42	0x173D960	A
sm86_89	0x23A8090	4906	0x132A	19	42	0x175CE90	A
sm86_89	0x23A8090	4913	0x1331	19	49	0x173CC50	A
sm86_89	0x23A8090	4914	0x1332	19	50	0x173E6F0	A
sm86_89	0x23A8090	4982	0x1376	19	118	0xCE2920	A
sm86_89	0x23A8090	4984	0x1378	19	120	0xCE3570	A
sm86_89	0x23A8090	4985	0x1379	19	121	0xCE3BC0	A
sm86_89	0x23A8090	5041	0x13B1	19	177	0x1751000	A
sm86_89	0x23A8090	5043	0x13B3	19	179	0x1751C50	A
sm86_89	0x23A8090	5044	0x13B4	19	180	0x17522A0	A
sm86_89	0x23A8090	5377	0x1501	21	1	0xEA7880	A
sm86_89	0x23A8090	5633	0x1601	22	1	0xE61B40	A
sm86_89	0x23A8090	5636	0x1604	22	4	0xE62070	A
sm86_89	0x23A8090	5646	0x160E	22	14	0xDE5770	A
sm86_89	0x23A8090	5647	0x160F	22	15	0xCA3410	A
sm86_89	0x23A8090	5647	0x160F	22	15	0xDE7560	A
sm86_89	0x23A8090	5649	0x1611	22	17	0xCA4B50	A
sm86_89	0x23A8090	5650	0x1612	22	18	0xDE6340	A
sm86_89	0x23A8090	5651	0x1613	22	19	0xDE8200	A
sm86_89	0x23A8090	5659	0x161B	22	27	0xCA6360	A
sm86_89	0x23A8090	5661	0x161D	22	29	0xCA9480	A
sm86_89	0x23A8090	5671	0x1627	22	39	0xCA5D10	A
sm86_89	0x23A8090	5673	0x1629	22	41	0xCA8E20	A
sm86_89	0x23A8090	5683	0x1633	22	51	0xCA2E90	A
sm86_89	0x23A8090	5685	0x1635	22	53	0xCA45B0	A
sm86_89	0x23A8090	5977	0x1759	23	89	0xCD6080	A
sm86_89	0x23A8090	6400	0x1900	25	0	0xD5D3D0	A
sm86_89	0x23A8090	6400	0x1900	25	0	0xDEF520	A
sm86_89	0x23A8090	6400	0x1900	25	0	0xE4C8D0	A
sm86_89	0x23A8090	6400	0x1900	25	0	0xE68E40	A
sm86_89	0x23A8090	6400	0x1900	25	0	0xE81320	A
sm86_89	0x23A8090	6401	0x1901	25	1	0x1764B60	A
sm86_89	0x23A8090	6401	0x1901	25	1	0x176B090	A
sm86_89	0x23A8090	6401	0x1901	25	1	0x1770520	A
sm86_89	0x23A8090	6401	0x1901	25	1	0x1797C70	A
sm86_89	0x23A8090	6401	0x1901	25	1	0x179B020	A
sm86_89	0x23A8090	6401	0x1901	25	1	0x17A3640	A
sm86_89	0x23A8090	6401	0x1901	25	1	0xD283E0	A
sm86_89	0x23A8090	6401	0x1901	25	1	0xD7C5E0	A
sm86_89	0x23A8090	6401	0x1901	25	1	0xD9BA90	A
sm86_89	0x23A8090	6401	0x1901	25	1	0xE069E0	A
sm86_89	0x23A8090	6401	0x1901	25	1	0xE2CE80	A
sm86_89	0x23A8090	6401	0x1901	25	1	0xE49950	A
sm86_89	0x23A8090	6402	0x1902	25	2	0x176B700	A
sm86_89	0x23A8090	6402	0x1902	25	2	0x1796DB0	A
sm86_89	0x23A8090	6402	0x1902	25	2	0x179B640	A
sm86_89	0x23A8090	6402	0x1902	25	2	0x17A2820	A
sm86_89	0x23A8090	6402	0x1902	25	2	0xD270E0	A
sm86_89	0x23A8090	6402	0x1902	25	2	0xD7CC30	A
sm86_89	0x23A8090	6402	0x1902	25	2	0xD9B440	A
sm86_89	0x23A8090	6402	0x1902	25	2	0xE076A0	A
sm86_89	0x23A8090	6402	0x1902	25	2	0xE2C7E0	A
sm86_89	0x23A8090	6403	0x1903	25	3	0x175AB50	A
sm86_89	0x23A8090	6403	0x1903	25	3	0x1765850	A
sm86_89	0x23A8090	6403	0x1903	25	3	0x1797510	A
sm86_89	0x23A8090	6403	0x1903	25	3	0x179FA10	A
sm86_89	0x23A8090	6403	0x1903	25	3	0x17A2F30	A
sm86_89	0x23A8090	6403	0x1903	25	3	0xD27D80	A
sm86_89	0x23A8090	6403	0x1903	25	3	0xD73520	A
sm86_89	0x23A8090	6403	0x1903	25	3	0xD9ADF0	A
sm86_89	0x23A8090	6403	0x1903	25	3	0xDB9AC0	A
sm86_89	0x23A8090	6403	0x1903	25	3	0xE2ACC0	A
sm86_89	0x23A8090	6403	0x1903	25	3	0xE72070	A
sm86_89	0x23A8090	6404	0x1904	25	4	0x1796670	A
sm86_89	0x23A8090	6404	0x1904	25	4	0x179E750	A
sm86_89	0x23A8090	6404	0x1904	25	4	0x17A2130	A
sm86_89	0x23A8090	6404	0x1904	25	4	0xD16DE0	A
sm86_89	0x23A8090	6404	0x1904	25	4	0xD76090	A
sm86_89	0x23A8090	6404	0x1904	25	4	0xD9A7A0	A
sm86_89	0x23A8090	6404	0x1904	25	4	0xDB9490	A
sm86_89	0x23A8090	6404	0x1904	25	4	0xDF8BC0	A
sm86_89	0x23A8090	6404	0x1904	25	4	0xE2A630	A
sm86_89	0x23A8090	6405	0x1905	25	5	0x17671D0	A
sm86_89	0x23A8090	6405	0x1905	25	5	0x179F3C0	A
sm86_89	0x23A8090	6405	0x1905	25	5	0x17A0080	A
sm86_89	0x23A8090	6405	0x1905	25	5	0xC8DA00	A
sm86_89	0x23A8090	6405	0x1905	25	5	0xD766D0	A
sm86_89	0x23A8090	6405	0x1905	25	5	0xDBD210	A
sm86_89	0x23A8090	6405	0x1905	25	5	0xDF97C0	A
sm86_89	0x23A8090	6405	0x1905	25	5	0xE2B350	A
sm86_89	0x23A8090	6405	0x1905	25	5	0xE49FE0	A
sm86_89	0x23A8090	6405	0x1905	25	5	0xE661E0	A
sm86_89	0x23A8090	6406	0x1906	25	6	0x1766B80	A
sm86_89	0x23A8090	6406	0x1906	25	6	0x1790040	A
sm86_89	0x23A8090	6406	0x1906	25	6	0x17A06D0	A
sm86_89	0x23A8090	6406	0x1906	25	6	0xD73B60	A
sm86_89	0x23A8090	6406	0x1906	25	6	0xD93230	A
sm86_89	0x23A8090	6406	0x1906	25	6	0xDBEA50	A
sm86_89	0x23A8090	6406	0x1906	25	6	0xDFBB30	A
sm86_89	0x23A8090	6406	0x1906	25	6	0xE2BA20	A
sm86_89	0x23A8090	6406	0x1906	25	6	0xE66860	A
sm86_89	0x23A8090	6407	0x1907	25	7	0x17A1A60	A
sm86_89	0x23A8090	6407	0x1907	25	7	0xD70B60	A
sm86_89	0x23A8090	6407	0x1907	25	7	0xD9A150	A
sm86_89	0x23A8090	6407	0x1907	25	7	0xDBDE20	A
sm86_89	0x23A8090	6407	0x1907	25	7	0xDFA940	A
sm86_89	0x23A8090	6407	0x1907	25	7	0xE2C0F0	A
sm86_89	0x23A8090	6407	0x1907	25	7	0xE67CA0	A
sm86_89	0x23A8090	6408	0x1908	25	8	0x17A0D20	A
sm86_89	0x23A8090	6408	0x1908	25	8	0xD17470	A
sm86_89	0x23A8090	6408	0x1908	25	8	0xD30490	A
sm86_89	0x23A8090	6408	0x1908	25	8	0xD6D6A0	A
sm86_89	0x23A8090	6408	0x1908	25	8	0xD99B00	A
sm86_89	0x23A8090	6408	0x1908	25	8	0xDBF090	A
sm86_89	0x23A8090	6408	0x1908	25	8	0xDD1280	A
sm86_89	0x23A8090	6408	0x1908	25	8	0xDFCD20	A
sm86_89	0x23A8090	6408	0x1908	25	8	0xE28B10	A
sm86_89	0x23A8090	6408	0x1908	25	8	0xE66EE0	A
sm86_89	0x23A8090	6409	0x1909	25	9	0x1759CA0	A
sm86_89	0x23A8090	6409	0x1909	25	9	0xC91020	A
sm86_89	0x23A8090	6409	0x1909	25	9	0xD2DC60	A
sm86_89	0x23A8090	6409	0x1909	25	9	0xD6E250	A
sm86_89	0x23A8090	6409	0x1909	25	9	0xD994B0	A
sm86_89	0x23A8090	6409	0x1909	25	9	0xDC20D0	A
sm86_89	0x23A8090	6409	0x1909	25	9	0xDFE5B0	A
sm86_89	0x23A8090	6409	0x1909	25	9	0xE28480	A
sm86_89	0x23A8090	6410	0x190A	25	10	0x179D590	A
sm86_89	0x23A8090	6410	0x190A	25	10	0xD2C8E0	A
sm86_89	0x23A8090	6410	0x190A	25	10	0xD71710	A
sm86_89	0x23A8090	6410	0x190A	25	10	0xD98E60	A
sm86_89	0x23A8090	6410	0x190A	25	10	0xDC0F30	A
sm86_89	0x23A8090	6410	0x190A	25	10	0xDFD370	A
sm86_89	0x23A8090	6410	0x190A	25	10	0xE291A0	A
sm86_89	0x23A8090	6411	0x190B	25	11	0x1766530	A
sm86_89	0x23A8090	6411	0x190B	25	11	0x179C940	A
sm86_89	0x23A8090	6411	0x190B	25	11	0xD2D5D0	A
sm86_89	0x23A8090	6411	0x190B	25	11	0xD71120	A
sm86_89	0x23A8090	6411	0x190B	25	11	0xDC1AE0	A
sm86_89	0x23A8090	6411	0x190B	25	11	0xDFDF90	A
sm86_89	0x23A8090	6411	0x190B	25	11	0xE29870	A
sm86_89	0x23A8090	6412	0x190C	25	12	0x1733B50	A
sm86_89	0x23A8090	6412	0x190C	25	12	0x1765EE0	A
sm86_89	0x23A8090	6412	0x190C	25	12	0x179BC60	A
sm86_89	0x23A8090	6412	0x190C	25	12	0xD2CF40	A
sm86_89	0x23A8090	6412	0x190C	25	12	0xD71D00	A
sm86_89	0x23A8090	6412	0x190C	25	12	0xDC14F0	A
sm86_89	0x23A8090	6412	0x190C	25	12	0xDFD970	A
sm86_89	0x23A8090	6413	0x190D	25	13	0x1747360	A
sm86_89	0x23A8090	6413	0x190D	25	13	0xC8AF40	A
sm86_89	0x23A8090	6413	0x190D	25	13	0xD28A60	A
sm86_89	0x23A8090	6413	0x190D	25	13	0xD6DC60	A
sm86_89	0x23A8090	6413	0x190D	25	13	0xD9E610	A
sm86_89	0x23A8090	6413	0x190D	25	13	0xDBCC50	A
sm86_89	0x23A8090	6413	0x190D	25	13	0xDF9DC0	A
sm86_89	0x23A8090	6414	0x190E	25	14	0xC8A900	A
sm86_89	0x23A8090	6414	0x190E	25	14	0xD2AF70	A
sm86_89	0x23A8090	6414	0x190E	25	14	0xD6E840	A
sm86_89	0x23A8090	6414	0x190E	25	14	0xD9F270	A
sm86_89	0x23A8090	6414	0x190E	25	14	0xDBE460	A
sm86_89	0x23A8090	6414	0x190E	25	14	0xDFC150	A
sm86_89	0x23A8090	6415	0x190F	25	15	0x1748CC0	A
sm86_89	0x23A8090	6415	0x190F	25	15	0xC8C170	A
sm86_89	0x23A8090	6415	0x190F	25	15	0xD29CB0	A
sm86_89	0x23A8090	6415	0x190F	25	15	0xD72880	A
sm86_89	0x23A8090	6415	0x190F	25	15	0xD9EC30	A
sm86_89	0x23A8090	6415	0x190F	25	15	0xDBD830	A
sm86_89	0x23A8090	6416	0x1910	25	16	0xC8B530	A
sm86_89	0x23A8090	6416	0x1910	25	16	0xD2C230	A
sm86_89	0x23A8090	6416	0x1910	25	16	0xD753F0	A
sm86_89	0x23A8090	6416	0x1910	25	16	0xD9C0D0	A
sm86_89	0x23A8090	6416	0x1910	25	16	0xDBB360	A
sm86_89	0x23A8090	6417	0x1911	25	17	0xC8C7C0	A
sm86_89	0x23A8090	6417	0x1911	25	17	0xD290A0	A
sm86_89	0x23A8090	6417	0x1911	25	17	0xD75A30	A
sm86_89	0x23A8090	6417	0x1911	25	17	0xD9CD30	A
sm86_89	0x23A8090	6417	0x1911	25	17	0xDBBFC0	A
sm86_89	0x23A8090	6418	0x1912	25	18	0x17453D0	A
sm86_89	0x23A8090	6418	0x1912	25	18	0xC9C380	A
sm86_89	0x23A8090	6418	0x1912	25	18	0xD2B5D0	A
sm86_89	0x23A8090	6418	0x1912	25	18	0xD72EC0	A
sm86_89	0x23A8090	6418	0x1912	25	18	0xD9C6F0	A
sm86_89	0x23A8090	6418	0x1912	25	18	0xDBB980	A
sm86_89	0x23A8090	6419	0x1913	25	19	0xC985B0	A
sm86_89	0x23A8090	6419	0x1913	25	19	0xD6F3C0	A
sm86_89	0x23A8090	6419	0x1913	25	19	0xD9F8B0	A
sm86_89	0x23A8090	6419	0x1913	25	19	0xDBC600	A
sm86_89	0x23A8090	6420	0x1914	25	20	0x1746D30	A
sm86_89	0x23A8090	6420	0x1914	25	20	0xC98C00	A
sm86_89	0x23A8090	6420	0x1914	25	20	0xD6BF00	A
sm86_89	0x23A8090	6420	0x1914	25	20	0xDA0510	A
sm86_89	0x23A8090	6420	0x1914	25	20	0xDC08E0	A
sm86_89	0x23A8090	6421	0x1915	25	21	0xC9AB00	A
sm86_89	0x23A8090	6421	0x1915	25	21	0xD6CAB0	A
sm86_89	0x23A8090	6421	0x1915	25	21	0xD9FED0	A
sm86_89	0x23A8090	6421	0x1915	25	21	0xDBF6A0	A
sm86_89	0x23A8090	6421	0x1915	25	21	0xDF40B0	A
sm86_89	0x23A8090	6422	0x1916	25	22	0xC9B720	A
sm86_89	0x23A8090	6422	0x1916	25	22	0xD6FF70	A
sm86_89	0x23A8090	6422	0x1916	25	22	0xD9D370	A
sm86_89	0x23A8090	6422	0x1916	25	22	0xDC02C0	A
sm86_89	0x23A8090	6422	0x1916	25	22	0xDF6E10	A
sm86_89	0x23A8090	6423	0x1917	25	23	0xC9B100	A
sm86_89	0x23A8090	6423	0x1917	25	23	0xD6F980	A
sm86_89	0x23A8090	6423	0x1917	25	23	0xD9DFD0	A
sm86_89	0x23A8090	6423	0x1917	25	23	0xDBFCA0	A
sm86_89	0x23A8090	6424	0x1918	25	24	0xC9BD40	A
sm86_89	0x23A8090	6424	0x1918	25	24	0xD70560	A
sm86_89	0x23A8090	6424	0x1918	25	24	0xD9D990	A
sm86_89	0x23A8090	6424	0x1918	25	24	0xDBA120	A
sm86_89	0x23A8090	6425	0x1919	25	25	0x1743E10	A
sm86_89	0x23A8090	6425	0x1919	25	25	0xC959F0	A
sm86_89	0x23A8090	6425	0x1919	25	25	0xD23A50	A
sm86_89	0x23A8090	6425	0x1919	25	25	0xD6C4C0	A
sm86_89	0x23A8090	6425	0x1919	25	25	0xDA1D90	A
sm86_89	0x23A8090	6425	0x1919	25	25	0xDBAD40	A
sm86_89	0x23A8090	6426	0x191A	25	26	0x1777FA0	A
sm86_89	0x23A8090	6426	0x191A	25	26	0x18F0A50	A
sm86_89	0x23A8090	6426	0x191A	25	26	0xC972E0	A
sm86_89	0x23A8090	6426	0x191A	25	26	0xD6D0A0	A
sm86_89	0x23A8090	6426	0x191A	25	26	0xDA29B0	A
sm86_89	0x23A8090	6427	0x191B	25	27	0x1779160	A
sm86_89	0x23A8090	6427	0x191B	25	27	0x18F0A60	A
sm86_89	0x23A8090	6427	0x191B	25	27	0xC96650	A
sm86_89	0x23A8090	6427	0x191B	25	27	0xCE0520	A
sm86_89	0x23A8090	6427	0x191B	25	27	0xD2FEE0	A
sm86_89	0x23A8090	6427	0x191B	25	27	0xDA2390	A
sm86_89	0x23A8090	6427	0x191B	25	27	0xE007D0	A
sm86_89	0x23A8090	6428	0x191C	25	28	0xC95FF0	A
sm86_89	0x23A8090	6428	0x191C	25	28	0xDA0B50	A
sm86_89	0x23A8090	6429	0x191D	25	29	0xC97900	A
sm86_89	0x23A8090	6429	0x191D	25	29	0xD6B030	A
sm86_89	0x23A8090	6429	0x191D	25	29	0xDA1770	A
sm86_89	0x23A8090	6430	0x191E	25	30	0xC96C70	A
sm86_89	0x23A8090	6430	0x191E	25	30	0xD31A70	A
sm86_89	0x23A8090	6430	0x191E	25	30	0xD741C0	A
sm86_89	0x23A8090	6431	0x191F	25	31	0xC97F70	A
sm86_89	0x23A8090	6431	0x191F	25	31	0xD24690	A
sm86_89	0x23A8090	6432	0x1920	25	32	0xC99280	A
sm86_89	0x23A8090	6432	0x1920	25	32	0xD25330	A
sm86_89	0x23A8090	6433	0x1921	25	33	0xC99EA0	A
sm86_89	0x23A8090	6433	0x1921	25	33	0xD6B530	A
sm86_89	0x23A8090	6434	0x1922	25	34	0xC99880	A
sm86_89	0x23A8090	6434	0x1922	25	34	0xD7A660	A
sm86_89	0x23A8090	6435	0x1923	25	35	0xC9A4C0	A
sm86_89	0x23A8090	6435	0x1923	25	35	0xD78690	A
sm86_89	0x23A8090	6436	0x1924	25	36	0xC92E30	A
sm86_89	0x23A8090	6436	0x1924	25	36	0xD76D30	A
sm86_89	0x23A8090	6437	0x1925	25	37	0xC94720	A
sm86_89	0x23A8090	6437	0x1925	25	37	0xD77A10	A
sm86_89	0x23A8090	6438	0x1926	25	38	0xC93A90	A
sm86_89	0x23A8090	6438	0x1926	25	38	0xD7AC90	A
sm86_89	0x23A8090	6439	0x1927	25	39	0x175C750	A
sm86_89	0x23A8090	6439	0x1927	25	39	0xC93430	A
sm86_89	0x23A8090	6439	0x1927	25	39	0xD78CD0	A
sm86_89	0x23A8090	6440	0x1928	25	40	0xC94D40	A
sm86_89	0x23A8090	6441	0x1929	25	41	0x175DCE0	A
sm86_89	0x23A8090	6441	0x1929	25	41	0xC940B0	A
sm86_89	0x23A8090	6441	0x1929	25	41	0xD79FB0	A
sm86_89	0x23A8090	6441	0x1929	25	41	0xDF6330	A
sm86_89	0x23A8090	6442	0x192A	25	42	0x176FE60	A
sm86_89	0x23A8090	6442	0x192A	25	42	0xD25F10	A
sm86_89	0x23A8090	6442	0x192A	25	42	0xD79960	A
sm86_89	0x23A8090	6443	0x192B	25	43	0x175F240	A
sm86_89	0x23A8090	6443	0x192B	25	43	0x176F7D0	A
sm86_89	0x23A8090	6444	0x192C	25	44	0x175EB30	A
sm86_89	0x23A8090	6444	0x192C	25	44	0x176F140	A
sm86_89	0x23A8090	6444	0x192C	25	44	0x18F0990	A
sm86_89	0x23A8090	6444	0x192C	25	44	0xD7BF40	A
sm86_89	0x23A8090	6445	0x192D	25	45	0x175F950	A
sm86_89	0x23A8090	6445	0x192D	25	45	0xC8EC90	A
sm86_89	0x23A8090	6445	0x192D	25	45	0xD7B900	A
sm86_89	0x23A8090	6446	0x192E	25	46	0xD773A0	A
sm86_89	0x23A8090	6449	0x1931	25	49	0xC86610	A
sm86_89	0x23A8090	6450	0x1932	25	50	0xC87DB0	A
sm86_89	0x23A8090	6451	0x1933	25	51	0xC88A40	A
sm86_89	0x23A8090	6452	0x1934	25	52	0xC883F0	A
sm86_89	0x23A8090	6457	0x1939	25	57	0xC871F0	A
sm86_89	0x23A8090	6458	0x193A	25	58	0xC896D0	A
sm86_89	0x23A8090	6459	0x193B	25	59	0xC89090	A
sm86_89	0x23A8090	6461	0x193D	25	61	0xC9CF80	A
sm86_89	0x23A8090	6462	0x193E	25	62	0x1737D00	A
sm86_89	0x23A8090	6465	0x1941	25	65	0xC9D540	A
sm86_89	0x23A8090	6466	0x1942	25	66	0xC9DB30	A
sm86_89	0x23A8090	6469	0x1945	25	69	0xC9EDB0	A
sm86_89	0x23A8090	6470	0x1946	25	70	0xCDB530	A
sm86_89	0x23A8090	6513	0x1971	25	113	0x174B0A0	A
sm86_89	0x23A8090	6515	0x1973	25	115	0x174C7C0	A
sm86_89	0x23A8090	6517	0x1975	25	117	0x174BC30	A
sm86_89	0x23A8090	6519	0x1977	25	119	0xCE2320	A
sm86_89	0x23A8090	6572	0x19AC	25	172	0x174EB60	A
sm86_89	0x23A8090	6574	0x19AE	25	174	0x1750400	A
sm86_89	0x23A8090	6576	0x19B0	25	176	0x174F7B0	A
sm86_89	0x23A8090	6578	0x19B2	25	178	0x1750A00	A
sm86_89	0x23A8090	6590	0x19BE	25	190	0x17492F0	A
sm86_89	0x23A8090	6592	0x19C0	25	192	0x174AAD0	A
sm86_89	0x23A8090	6680	0x1A18	26	24	0xCC47B0	A
sm86_89	0x23A8090	6682	0x1A1A	26	26	0xCC71F0	A
sm86_89	0x23A8090	6683	0x1A1B	26	27	0xCC53D0	A
sm86_89	0x23A8090	6684	0x1A1C	26	28	0xCC4C50	A
sm86_89	0x23A8090	6685	0x1A1D	26	29	0xCC62D0	A
sm86_89	0x23A8090	7681	0x1E01	30	1	0x18F07B0	A
sm86_89	0x23A8090	7681	0x1E01	30	1	0xDF11F0	A
sm86_89	0x23A8090	7682	0x1E02	30	2	0xCAF0A0	A
sm86_89	0x23A8090	7685	0x1E05	30	5	0xCAFB30	A
sm86_89	0x23A8090	8488	0x2128	33	40	0xD79310	A
sm86_89	0x23A8090	8490	0x212A	33	42	0x1772B70	A
sm86_89	0x23A8090	8491	0x212B	33	43	0xD7B2C0	A
sm86_89	0x23A8090	8496	0x2130	33	48	0x1773770	A
sm86_89	0x23A8090	8705	0x2201	34	1	0xCF9A30	A
sm86_89	0x23A8090	8706	0x2202	34	2	0xCF9490	A
sm86_89	0x23A8090	8708	0x2204	34	4	0x173AD30	A
sm86_89	0x23A8090	8708	0x2204	34	4	0xCBBCF0	A
sm86_89	0x23A8090	8708	0x2204	34	4	0xCD28B0	A
sm86_89	0x23A8090	8709	0x2205	34	5	0x173B200	A
sm86_89	0x23A8090	8709	0x2205	34	5	0x1774360	A
sm86_89	0x23A8090	8709	0x2205	34	5	0x18F09C0	A
sm86_89	0x23A8090	8709	0x2205	34	5	0xCDAF50	A
sm86_89	0x23A8090	8726	0x2216	34	22	0x177FD40	A
sm86_89	0x23A8090	8726	0x2216	34	22	0x18F0AD0	A
sm86_89	0x23A8090	8727	0x2217	34	23	0x1778580	A
sm86_89	0x23A8090	8727	0x2217	34	23	0x18F0A20	A
sm86_89	0x23A8090	8747	0x222B	34	43	0xCD2320	A
sm86_89	0x23A8090	8748	0x222C	34	44	0xCDA970	A
sm86_89	0x23A8090	8750	0x222E	34	46	0xCF8980	A
sm86_89	0x23A8090	8751	0x222F	34	47	0xCF83E0	A
sm86_89	0x23A8090	8766	0x223E	34	62	0xCD1D90	A
sm86_89	0x23A8090	8767	0x223F	34	63	0xCDA390	A
sm86_89	0x23A8090	8772	0x2244	34	68	0xCD1800	A
sm86_89	0x23A8090	8773	0x2245	34	69	0xCD9DB0	A
sm86_89	0x23A8090	8775	0x2247	34	71	0xCFAAB0	A
sm86_89	0x23A8090	8776	0x2248	34	72	0xCFA540	A
sm86_89	0x23A8090	8785	0x2251	34	81	0xCD33D0	A
sm86_89	0x23A8090	8786	0x2252	34	82	0xCDD290	A
sm86_89	0x23A8090	8788	0x2254	34	84	0xCD2E40	A
sm86_89	0x23A8090	8789	0x2255	34	85	0xCDCCB0	A
sm86_89	0x23A8090	8794	0x225A	34	90	0xCFBB10	A
sm86_89	0x23A8090	8795	0x225B	34	91	0xCFB5A0	A
sm86_89	0x23A8090	8844	0x228C	34	140	0xCF3630	A
sm86_89	0x23A8090	8845	0x228D	34	141	0xCF3020	A
sm86_89	0x23A8090	8847	0x228F	34	143	0xCF2450	A
sm86_89	0x23A8090	8848	0x2290	34	144	0xCF1E40	A
sm86_89	0x23A8090	8850	0x2292	34	146	0xCF47C0	A
sm86_89	0x23A8090	8851	0x2293	34	147	0xCF4200	A
sm86_89	0x23A8090	8853	0x2295	34	149	0xCF5910	A
sm86_89	0x23A8090	8854	0x2296	34	150	0xCF5350	A
sm86_89	0x23A8090	8864	0x22A0	34	160	0xCEEFD0	A
sm86_89	0x23A8090	8865	0x22A1	34	161	0xCEE9C0	A
sm86_89	0x23A8090	8867	0x22A3	34	163	0xCEDDF0	A
sm86_89	0x23A8090	8868	0x22A4	34	164	0xCED7E0	A
sm86_89	0x23A8090	8870	0x22A6	34	166	0xCF0160	A
sm86_89	0x23A8090	8871	0x22A7	34	167	0xCEFBA0	A
sm86_89	0x23A8090	8873	0x22A9	34	169	0xCF12B0	A
sm86_89	0x23A8090	8874	0x22AA	34	170	0xCF0CF0	A
sm86_89	0x23A8090	8966	0x2306	35	6	0xDCDFE0	A
sm86_89	0x23A8090	8977	0x2311	35	17	0xDD48F0	A
sm86_89	0x23A8090	8980	0x2314	35	20	0xDD5D50	A
sm86_89	0x23A8090	8980	0x2314	35	20	0xE52B90	A
sm86_89	0x23A8090	8981	0x2315	35	21	0xE4C150	A
sm86_89	0x23A8090	8985	0x2319	35	25	0xE4E4D0	A
sm86_89	0x23A8090	8986	0x231A	35	26	0xE4BA20	A
sm86_89	0x23A8090	8988	0x231C	35	28	0xD1FFC0	A
sm86_89	0x23A8090	8989	0x231D	35	29	0xD195E0	A
sm86_89	0x23A8090	8993	0x2321	35	33	0xD1B910	A
sm86_89	0x23A8090	8994	0x2322	35	34	0xD18EB0	A
sm86_89	0x23A8090	9474	0x2502	37	2	0xE85F90	A
sm86_89	0x23A8090	9475	0x2503	37	3	0xE83CA0	A
sm86_89	0x23A8090	9753	0x2619	38	25	0xCC6A50	A
