sm	idx	unit_id	rule_type	latency	throughput_inv	barrier_latency	barrier_throughput	read_latency	write_latency	stall_cycles	issue_slots
sm_100	0	0	0	52	21	56	1	-1	-1	39	4
sm_100	1	2	1	17	0	56	8	-1	-1	0	1
sm_100	2	3	1	17	0	56	8	-1	-1	33	2
sm_100	3	4	1	42	15	56	4	-1	-1	1	1
sm_100	4	5	1	42	15	56	4	-1	-1	1	1
sm_100	5	6	1	42	15	56	4	-1	-1	1	1
sm_100	6	7	1	42	15	56	4	-1	-1	3	3
sm_100	7	8	1	42	15	56	4	-1	-1	2	3
sm_100	8	9	1	42	15	56	4	-1	-1	1	1
sm_100	9	10	1	42	15	56	4	-1	-1	4	1
sm_100	10	11	1	17	0	56	8	-1	6	33	2
sm_100	11	12	1	17	0	56	8	-1	-1	33	2
sm_100	12	13	1	46	19	14	4	-1	-1	12	1
sm_100	13	14	1	46	19	14	4	-1	-1	12	1
sm_100	14	15	0	22	2	56	2	-1	-1	39	4
sm_100	15	17	0	21	19	31	4	-1	-1	39	4
sm_100	16	18	0	56	19	33	6	-1	-1	39	4
sm_100	17	19	0	23	19	35	4	-1	-1	39	4
sm_100	18	20	1	28	5	56	4	-1	5	33	2
sm_100	19	21	0	22	2	56	2	-1	-1	39	4
sm_100	20	22	1	28	5	56	4	-1	-1	5	1
sm_100	21	23	1	28	5	56	4	-1	-1	5	1
sm_100	22	24	0	52	21	56	1	-1	-1	39	4
sm_100	23	25	1	28	5	56	4	-1	5	5	1
sm_100	24	26	1	28	5	56	4	-1	5	5	1
sm_100	25	27	1	28	5	56	4	-1	5	5	1
sm_100	26	28	1	72	34	56	8	15	-1	36	1
sm_100	27	29	1	29	6	56	8	-1	5	5	1
sm_100	28	30	1	28	5	56	4	-1	-1	5	1
sm_100	29	31	1	28	5	56	4	-1	-1	5	1
sm_100	30	32	1	28	5	56	4	-1	5	5	1
sm_100	31	33	1	29	6	56	8	-1	5	5	1
sm_100	32	34	1	42	15	56	4	-1	-1	33	2
sm_100	33	35	0	52	21	56	1	-1	8	39	4
sm_100	34	39	0	52	21	56	1	-1	11	39	4
sm_100	35	42	1	42	15	56	4	-1	-1	33	2
sm_100	36	43	1	63	27	56	32	-1	-1	33	2
sm_100	37	44	1	17	0	56	8	-1	6	33	2
sm_100	38	45	0	47	19	11	4	-1	-1	39	4
sm_100	39	48	0	22	2	56	2	-1	-1	39	4
sm_100	40	49	0	22	2	56	2	-1	-1	39	4
sm_100	41	51	0	22	2	56	2	-1	-1	39	4
sm_100	42	52	0	46	19	10	2	-1	-1	39	4
sm_100	43	54	0	52	21	56	1	-1	4	39	4
sm_100	44	55	0	46	19	10	2	-1	-1	39	4
sm_100	45	56	2	45	19	2	16	26	-1	17	1
sm_100	46	57	2	43	19	5	64	82	-1	17	1
sm_100	47	58	2	41	19	3	16	34	-1	17	1
sm_100	48	59	2	42	19	4	32	50	-1	17	1
sm_100	49	60	0	46	19	10	2	-1	-1	39	4
sm_100	50	61	0	46	19	10	2	-1	-1	39	4
sm_100	51	62	0	22	2	56	2	-1	-1	39	4
sm_100	52	63	1	28	5	56	4	-1	-1	5	1
sm_100	53	64	0	52	21	56	1	-1	-1	39	4
sm_100	54	65	1	28	5	56	4	-1	5	5	1
sm_100	55	66	1	72	34	56	8	15	-1	38	1
sm_100	56	67	1	72	34	56	8	15	-1	36	1
sm_100	57	68	0	22	2	56	2	-1	-1	39	4
sm_100	58	69	1	72	34	56	8	15	-1	38	1
sm_100	59	70	1	72	34	56	8	15	-1	36	1
sm_100	60	71	0	22	2	56	2	-1	-1	39	4
sm_100	61	72	0	31	12	9	1	-1	-1	39	4
sm_100	62	74	0	31	12	9	1	-1	-1	39	4
sm_100	63	75	1	72	34	56	8	15	-1	36	1
sm_100	64	76	1	42	15	56	4	-1	-1	8	1
sm_100	65	77	1	42	15	56	4	-1	-1	9	1
sm_100	66	79	0	31	12	9	1	-1	-1	39	4
sm_100	67	81	0	31	12	9	1	-1	-1	39	4
sm_100	68	87	1	72	34	56	8	15	-1	36	1
sm_100	69	88	0	22	2	56	2	-1	-1	39	4
sm_100	70	90	0	31	12	9	1	-1	-1	39	4
sm_100	71	92	0	31	12	9	1	-1	-1	39	4
sm_100	72	93	1	63	27	56	32	-1	-1	11	1
sm_100	73	94	1	72	34	56	8	15	-1	38	1
sm_100	74	95	1	72	34	56	8	15	-1	36	1
sm_100	75	96	0	22	2	56	2	-1	-1	39	4
sm_100	76	97	0	22	2	56	2	-1	-1	39	4
sm_100	77	98	0	22	2	56	2	-1	-1	39	4
sm_100	78	99	0	30	12	8	2	-1	-1	39	4
sm_100	79	100	0	22	2	56	2	-1	-1	39	4
sm_100	80	101	0	22	2	56	2	-1	-1	39	4
sm_100	81	102	1	17	0	56	8	-1	-1	33	2
sm_100	82	103	0	33	12	13	2	-1	-1	39	4
sm_100	83	104	0	30	12	8	2	-1	-1	39	4
sm_100	84	105	0	33	12	13	2	-1	-1	39	4
sm_100	85	106	0	33	12	13	2	-1	-1	39	4
sm_100	86	107	0	14	19	15	2	-1	-1	39	4
sm_100	87	108	0	33	12	13	2	-1	-1	39	4
sm_100	88	109	1	46	19	14	4	-1	-1	12	1
sm_100	89	110	1	46	19	14	4	-1	-1	12	1
sm_100	90	112	0	19	19	26	6	-1	-1	39	4
sm_100	91	113	0	18	19	23	4	-1	-1	39	4
sm_100	92	114	0	19	19	26	6	-1	-1	39	4
sm_100	93	115	0	17	19	21	4	-1	-1	39	4
sm_100	94	116	0	20	19	28	6	-1	-1	39	4
sm_100	95	117	0	16	19	19	8	-1	-1	39	4
sm_100	96	118	0	15	19	17	8	-1	-1	39	4
sm_100	97	119	0	52	19	25	6	-1	-1	39	4
sm_100	98	120	0	22	2	56	2	-1	-1	39	4
sm_100	99	121	0	33	12	13	2	-1	-1	39	4
sm_100	100	122	0	33	12	13	2	-1	-1	39	4
sm_100	101	123	0	22	2	56	2	-1	-1	39	4
sm_100	102	124	0	22	2	56	2	-1	-1	39	4
sm_100	103	125	1	72	34	56	8	15	-1	38	1
sm_100	104	126	1	72	34	56	8	15	-1	36	1
sm_100	105	127	0	22	2	56	2	-1	-1	39	4
sm_100	106	128	0	22	2	56	2	-1	-1	39	4
sm_100	107	129	0	22	2	56	2	-1	-1	39	4
sm_100	108	130	0	22	2	56	2	-1	-1	39	4
sm_100	109	131	0	22	2	56	2	-1	-1	39	4
sm_100	110	140	0	22	2	56	2	-1	-1	39	4
sm_100	111	141	0	22	2	56	2	-1	-1	39	4
sm_100	112	142	0	52	21	56	1	-1	4	39	4
sm_100	113	143	0	30	12	8	2	-1	-1	39	4
sm_100	114	144	0	30	12	8	2	-1	-1	39	4
sm_100	115	145	1	46	19	14	4	-1	-1	12	1
sm_100	116	146	1	46	19	14	4	-1	-1	12	1
sm_100	117	147	0	30	12	8	2	-1	-1	39	4
sm_100	118	148	0	32	12	12	4	-1	-1	39	4
sm_100	119	149	0	32	12	12	4	-1	-1	39	4
sm_100	120	150	0	32	12	12	4	-1	-1	39	4
sm_100	121	151	0	32	12	12	4	-1	-1	39	4
sm_100	122	152	0	32	12	12	4	-1	-1	39	4
sm_100	123	153	0	32	12	12	4	-1	-1	39	4
sm_100	124	154	0	32	12	12	4	-1	-1	39	4
sm_100	125	156	0	59	19	38	8	-1	-1	39	4
sm_100	126	157	0	24	19	36	6	-1	-1	39	4
sm_100	127	158	0	25	19	39	4	-1	-1	39	4
sm_100	128	159	0	21	19	31	4	-1	-1	39	4
sm_100	129	160	0	56	19	33	6	-1	-1	39	4
sm_100	130	161	0	23	19	35	4	-1	-1	39	4
sm_100	131	162	0	22	2	56	2	-1	-1	39	4
sm_100	132	166	0	30	12	8	2	-1	-1	39	4
sm_100	133	167	0	32	12	12	4	-1	-1	39	4
sm_100	134	168	0	30	12	8	2	-1	-1	39	4
sm_100	135	169	0	32	12	12	4	-1	-1	39	4
sm_100	136	170	1	34	13	56	8	27	-1	14	1
sm_100	137	171	1	42	15	56	4	-1	-1	1	1
sm_100	138	172	1	42	15	56	4	-1	-1	1	1
sm_100	139	173	0	22	2	56	2	-1	-1	39	4
sm_100	140	174	0	22	2	56	2	-1	-1	39	4
sm_100	141	175	0	22	2	56	2	-1	-1	39	4
sm_100	142	179	1	28	5	56	4	-1	5	5	1
sm_100	143	180	1	28	5	56	4	-1	5	5	1
sm_100	144	181	1	29	6	56	8	-1	5	5	1
sm_100	145	182	1	28	5	56	4	-1	-1	5	1
sm_100	146	183	1	28	5	56	4	-1	5	5	1
sm_100	147	184	1	42	15	56	4	-1	-1	2	3
sm_100	148	185	1	17	0	56	8	-1	-1	33	2
sm_100	149	186	4	255	35	56	-1	-1	-1	39	4
sm_100	150	187	1	42	15	56	4	-1	-1	2	3
sm_100	151	188	1	42	15	56	4	-1	-1	16	0
sm_100	152	189	1	42	15	56	4	-1	-1	2	3
sm_100	153	190	1	42	15	56	4	-1	-1	2	3
sm_100	154	191	1	42	15	56	4	-1	-1	2	3
sm_100	155	192	1	42	15	56	4	-1	-1	1	1
sm_100	156	193	1	42	15	56	4	-1	-1	1	1
sm_100	157	196	1	42	15	56	4	-1	-1	1	1
sm_100	158	197	0	22	2	56	2	-1	-1	39	4
sm_100	159	198	0	22	2	56	2	-1	-1	39	4
sm_100	160	199	0	22	2	56	2	-1	-1	39	4
sm_100	161	200	0	22	2	56	2	-1	-1	39	4
sm_100	162	201	0	22	2	56	2	-1	-1	39	4
sm_100	163	202	1	17	0	56	8	-1	-1	33	2
sm_100	164	203	1	43	16	56	32	-1	6	33	2
sm_100	165	224	1	15	0	56	67	87	-1	33	2
sm_100	166	225	1	38	15	56	8	24	-1	33	2
sm_100	167	226	1	38	15	56	8	24	-1	33	2
sm_100	168	227	1	15	0	56	67	87	-1	33	2
sm_100	169	228	1	15	0	56	71	87	-1	33	2
sm_100	170	229	1	41	15	56	32	30	-1	33	2
sm_100	171	230	1	15	0	56	71	87	-1	33	2
sm_100	172	231	1	41	15	56	32	30	-1	33	2
sm_100	173	236	1	41	15	56	32	30	-1	33	2
sm_100	174	237	1	15	0	56	67	87	-1	33	2
sm_100	175	238	1	15	0	56	71	87	-1	33	2
sm_100	176	239	1	41	15	56	32	30	-1	33	2
sm_100	177	240	1	15	0	56	67	87	-1	33	2
sm_100	178	241	1	15	0	56	71	87	-1	33	2
sm_100	179	243	1	9	0	56	74	67	-1	33	2
sm_100	180	246	1	9	0	56	82	76	-1	33	2
sm_100	181	247	1	6	0	56	24	18	-1	33	2
sm_100	182	249	1	25	5	56	6	3	-1	33	2
sm_100	183	251	1	8	0	56	16	13	-1	33	2
sm_100	184	253	1	6	0	56	18	17	-1	33	2
sm_100	185	255	1	6	0	56	18	15	-1	33	2
sm_100	186	256	1	5	0	56	29	49	-1	33	2
sm_100	187	257	1	13	0	56	8	25	-1	33	2
sm_100	188	258	1	13	0	56	8	25	-1	33	2
sm_100	189	260	1	2	0	56	31	50	-1	33	2
sm_100	190	261	1	7	0	56	16	33	-1	33	2
sm_100	191	264	1	7	0	56	16	33	-1	33	2
sm_100	192	265	1	5	0	56	29	49	-1	33	2
sm_100	193	266	1	13	0	56	8	25	-1	33	2
sm_100	194	267	1	13	0	56	8	25	-1	33	2
sm_100	195	269	1	2	0	56	31	50	-1	33	2
sm_100	196	271	1	7	0	56	16	33	-1	33	2
sm_100	197	273	1	7	0	56	16	33	-1	33	2
sm_100	198	274	1	0	0	56	22	27	-1	33	2
sm_100	199	276	1	1	0	56	26	28	-1	33	2
sm_100	200	277	1	6	0	56	16	17	-1	33	2
sm_100	201	280	1	6	0	56	16	10	-1	33	2
sm_100	202	282	1	6	0	56	8	5	-1	5	1
sm_100	203	283	1	6	0	56	8	9	-1	5	1
sm_100	204	285	1	39	15	56	4	2	-1	33	2
sm_100	205	286	1	39	15	56	4	2	-1	33	2
sm_100	206	287	1	39	15	56	4	2	-1	33	2
sm_100	207	288	0	51	21	56	27	37	-1	39	4
sm_100	208	291	0	51	21	56	10	20	-1	39	4
sm_100	209	301	0	50	21	56	2	6	-1	39	4
sm_100	210	307	1	1	0	56	8	14	-1	5	1
sm_100	211	308	1	1	0	56	8	14	-1	5	1
sm_100	212	312	1	1	0	56	8	14	-1	5	1
sm_100	213	313	1	1	0	56	8	14	-1	5	1
sm_100	214	315	1	41	15	56	32	7	-1	33	2
sm_100	215	316	1	41	15	56	64	39	-1	33	2
sm_100	216	318	1	15	0	56	65	58	-1	33	2
sm_100	217	319	1	15	0	56	67	64	-1	33	2
sm_100	218	326	1	62	21	56	5	12	-1	29	3
sm_100	219	327	1	25	5	56	6	13	-1	33	2
sm_100	220	328	1	15	0	56	33	26	-1	33	2
sm_100	221	329	1	23	5	56	69	47	-1	33	2
sm_100	222	334	1	27	5	56	6	6	-1	5	1
sm_100	223	335	1	38	15	56	8	24	-1	33	2
sm_100	224	336	1	38	15	56	8	24	-1	33	2
sm_100	225	337	1	38	15	56	8	24	-1	33	2
sm_100	226	341	0	20	2	56	4	9	-1	39	4
sm_100	227	342	0	51	21	56	2	12	-1	39	4
sm_100	228	345	1	6	0	56	16	32	-1	33	2
sm_100	229	347	1	6	0	56	16	32	-1	33	2
sm_100	230	349	1	6	0	56	16	32	-1	33	2
sm_100	231	351	1	6	0	56	16	32	-1	33	2
sm_100	232	376	1	4	0	56	72	77	-1	33	2
sm_100	233	377	1	14	0	56	79	87	-1	33	2
sm_100	234	379	1	14	0	56	71	74	-1	33	2
sm_100	235	383	1	14	0	56	79	74	-1	33	2
sm_100	236	384	1	14	0	56	71	87	-1	33	2
sm_100	237	385	0	69	31	56	8	18	-1	39	4
sm_100	238	386	0	69	31	56	12	22	-1	39	4
sm_100	239	391	1	40	15	56	17	13	-1	33	2
sm_100	240	394	0	20	2	56	10	21	-1	39	4
sm_100	241	396	1	40	15	56	16	40	-1	33	2
sm_100	242	401	1	11	0	56	56	80	-1	33	2
sm_100	243	402	1	10	0	56	56	80	-1	33	2
sm_100	244	403	1	11	0	56	56	80	-1	33	2
sm_100	245	407	1	10	0	56	56	80	-1	33	2
sm_100	246	412	1	11	0	56	56	80	-1	33	2
sm_100	247	413	1	10	0	56	56	80	-1	33	2
sm_100	248	414	1	11	0	56	56	80	-1	33	2
sm_100	249	415	1	10	0	56	84	81	-1	33	2
sm_100	250	421	1	10	0	56	84	81	-1	33	2
sm_100	251	427	1	11	0	56	56	80	-1	33	2
sm_100	252	428	1	11	0	56	56	80	-1	33	2
sm_100	253	429	1	10	0	56	84	81	-1	33	2
sm_100	254	448	1	5	0	56	38	43	-1	33	2
sm_100	255	451	1	16	0	56	30	40	-1	22	1
sm_100	256	455	1	38	15	56	8	24	-1	33	2
sm_100	257	456	1	41	15	56	32	18	-1	33	2
sm_100	258	460	1	15	0	56	67	75	-1	33	2
sm_100	259	461	1	41	15	56	32	16	-1	33	2
sm_100	260	462	1	41	15	56	32	18	-1	33	2
sm_100	261	471	1	6	0	56	16	17	-1	33	2
sm_100	262	472	1	1	0	56	16	33	-1	33	2
sm_100	263	477	1	6	0	56	16	17	-1	33	2
sm_100	264	478	1	1	0	56	16	33	-1	33	2
sm_100	265	482	0	20	2	56	4	17	-1	39	4
sm_100	266	484	1	7	0	56	8	25	-1	33	2
sm_100	267	486	1	7	0	56	8	25	-1	33	2
sm_100	268	487	1	15	0	56	67	75	-1	33	2
sm_100	269	488	1	41	15	56	32	16	-1	33	2
sm_100	270	489	1	15	0	56	67	73	-1	33	2
sm_100	271	490	1	15	0	56	67	73	-1	33	2
sm_100	272	502	1	1	0	56	8	14	-1	5	1
sm_100	273	505	1	1	0	56	8	14	-1	5	1
sm_100	274	506	1	11	0	56	8	2	-1	5	1
sm_100	275	507	1	11	0	56	8	2	-1	5	1
sm_100	276	508	1	10	0	56	8	24	-1	33	2
sm_100	277	509	1	10	0	56	16	24	-1	33	2
sm_100	278	510	1	10	0	56	8	20	-1	33	2
sm_100	279	511	1	10	0	56	8	12	-1	33	2
sm_100	280	512	1	10	0	56	8	16	-1	33	2
sm_100	281	513	1	10	0	56	16	28	-1	33	2
sm_100	282	514	1	10	0	56	16	20	-1	33	2
sm_100	283	515	1	10	0	56	16	32	-1	33	2
sm_100	284	516	1	10	0	56	16	30	-1	33	2
sm_100	285	517	1	10	0	56	8	22	-1	33	2
sm_100	286	518	1	10	0	56	8	14	-1	33	2
sm_100	287	519	1	10	0	56	16	22	-1	33	2
sm_100	288	520	1	10	0	56	8	18	-1	33	2
sm_100	289	521	1	10	0	56	16	34	-1	33	2
sm_100	290	522	1	10	0	56	16	26	-1	33	2
sm_100	291	523	1	10	0	56	8	26	-1	33	2
sm_100	292	524	1	10	0	56	16	10	-1	33	2
sm_100	293	525	1	11	0	56	8	2	-1	5	1
sm_100	294	526	0	22	2	56	2	-1	-1	39	4
sm_100	295	530	0	22	2	56	2	-1	-1	39	4
sm_100	296	532	1	42	15	56	4	-1	-1	1	1
sm_100	297	533	1	72	34	56	8	17	-1	36	1
sm_100	298	540	1	29	6	56	8	-1	5	5	1
sm_100	299	541	1	29	6	56	8	-1	5	5	1
sm_100	300	542	1	29	6	56	8	-1	-1	33	2
sm_100	301	543	1	29	6	56	8	-1	-1	33	2
sm_100	302	544	0	52	21	56	1	-1	-1	39	4
sm_100	303	547	1	42	15	56	4	-1	-1	1	1
sm_100	304	548	1	42	15	56	4	-1	-1	1	1
sm_100	305	549	0	22	2	56	2	-1	-1	39	4
sm_100	306	550	1	34	13	56	8	27	-1	1	1
sm_100	307	551	0	22	2	56	2	-1	-1	39	4
sm_100	308	552	0	52	21	56	1	-1	-1	39	4
sm_100	309	553	1	72	34	56	8	15	-1	36	1
sm_100	310	554	1	17	0	56	8	-1	-1	33	2
sm_100	311	555	0	22	2	56	2	-1	-1	39	4
sm_100	312	556	0	22	2	56	2	-1	-1	39	4
sm_100	313	559	1	46	19	14	4	-1	-1	12	1
sm_100	314	560	1	46	19	14	4	-1	-1	12	1
sm_100	315	569	1	42	15	56	4	-1	-1	1	1
sm_100	316	570	1	42	15	56	4	-1	-1	4	1
sm_100	317	571	0	22	2	56	2	-1	-1	39	4
sm_100	318	572	0	22	2	56	2	-1	-1	39	4
sm_100	319	574	1	42	15	56	4	-1	-1	1	1
sm_100	320	575	1	42	15	56	4	-1	-1	1	1
sm_100	321	576	1	18	0	43	8	25	-1	20	1
sm_100	322	577	1	29	6	56	8	-1	5	5	1
sm_100	323	579	0	22	2	56	2	-1	6	39	4
sm_100	324	580	0	22	2	56	2	-1	-1	39	4
sm_100	325	581	0	22	2	56	2	-1	6	39	4
sm_100	326	582	1	28	5	56	4	-1	-1	5	1
sm_100	327	583	1	44	17	56	4	-1	-1	33	2
sm_100	328	584	1	17	0	56	8	-1	-1	22	1
sm_100	329	585	0	22	2	56	2	-1	-1	39	4
sm_100	330	586	0	22	2	56	2	-1	-1	39	4
sm_100	331	590	1	17	0	56	8	-1	-1	0	1
sm_100	332	591	1	17	0	56	8	-1	-1	0	1
sm_100	333	592	0	22	2	56	2	-1	-1	39	4
sm_100	334	593	0	22	2	56	2	-1	-1	39	4
sm_100	335	594	1	42	15	56	4	-1	-1	1	1
sm_100	336	595	0	22	2	56	2	-1	-1	39	4
sm_100	337	596	0	22	2	56	2	-1	-1	39	4
sm_100	338	598	0	22	2	56	2	-1	-1	39	4
sm_100	339	599	1	42	15	56	4	-1	-1	1	1
sm_100	340	600	1	42	15	56	4	-1	-1	1	1
sm_100	341	601	1	42	15	56	4	-1	-1	1	1
sm_100	342	602	1	42	15	56	4	-1	-1	1	1
sm_100	343	603	1	42	15	56	4	-1	-1	1	1
sm_100	344	604	1	42	15	56	4	-1	-1	1	1
sm_100	345	607	1	63	27	56	32	-1	-1	23	1
sm_100	346	608	1	63	27	56	32	-1	-1	28	1
sm_100	347	609	1	63	27	56	32	-1	-1	28	1
sm_100	348	610	1	63	27	56	32	-1	-1	24	1
sm_100	349	611	1	63	27	56	32	-1	-1	24	1
sm_100	350	612	1	54	23	45	8	-1	-1	25	3
sm_100	351	613	1	56	23	47	16	-1	-1	25	3
sm_100	352	614	1	55	23	46	16	-1	-1	25	3
sm_100	353	615	1	54	23	45	8	-1	-1	25	3
sm_100	354	617	1	54	23	45	8	-1	-1	25	3
sm_100	355	618	1	54	23	45	8	-1	-1	25	3
sm_100	356	619	1	55	23	46	16	40	-1	25	3
sm_100	357	623	1	63	27	56	32	-1	-1	28	1
sm_100	358	624	1	63	27	56	32	-1	-1	28	1
sm_100	359	625	1	63	27	56	32	-1	-1	28	1
sm_100	360	626	1	63	27	56	32	-1	-1	28	1
sm_100	361	627	4	255	35	56	-1	-1	-1	39	4
sm_100	362	628	4	255	35	56	-1	-1	-1	39	4
sm_100	363	629	4	255	35	56	-1	-1	-1	39	4
sm_100	364	630	4	255	35	56	-1	-1	-1	39	4
sm_100	365	631	4	255	35	56	-1	-1	-1	39	4
sm_100	366	632	4	255	35	56	-1	-1	-1	39	4
sm_100	367	633	4	255	35	56	-1	-1	-1	39	4
sm_100	368	634	4	255	35	56	-1	-1	-1	39	4
sm_100	369	635	1	63	27	56	32	-1	-1	28	1
sm_100	370	636	1	63	27	56	32	-1	-1	28	1
sm_100	371	637	1	64	28	0	8	-1	-1	29	3
sm_100	372	639	1	64	28	0	8	-1	-1	29	3
sm_100	373	640	1	64	28	0	8	-1	-1	29	3
sm_100	374	641	0	70	31	56	2	-1	-1	39	4
sm_100	375	642	0	70	31	56	2	-1	-1	39	4
sm_100	376	644	1	17	0	56	8	-1	-1	33	2
sm_100	377	645	0	52	21	56	1	-1	-1	39	4
sm_100	378	646	0	52	21	56	1	-1	-1	39	4
sm_100	379	647	0	52	21	56	1	-1	-1	39	4
sm_100	380	648	0	70	31	56	2	-1	-1	39	4
sm_100	381	663	0	70	31	56	2	-1	-1	39	4
sm_100	382	670	0	70	31	56	2	-1	-1	39	4
sm_100	383	683	0	70	31	56	2	-1	-1	39	4
sm_100	384	684	0	70	31	56	2	-1	-1	39	4
sm_100	385	685	0	70	31	56	2	-1	-1	39	4
sm_100	386	688	0	70	31	56	2	-1	-1	39	4
sm_100	387	690	0	52	21	56	1	-1	-1	39	4
sm_100	388	691	0	70	31	56	2	-1	-1	39	4
sm_100	389	692	0	52	21	56	1	-1	-1	39	4
sm_100	390	693	0	70	31	56	2	-1	-1	39	4
sm_100	391	694	0	70	31	56	2	-1	-1	39	4
sm_100	392	695	0	70	31	56	2	-1	-1	39	4
sm_100	393	697	0	52	21	56	1	-1	-1	39	4
sm_100	394	699	0	70	31	56	2	-1	-1	39	4
sm_100	395	700	0	70	31	56	2	-1	-1	39	4
sm_100	396	701	0	70	31	56	2	-1	-1	39	4
sm_100	397	702	0	70	31	56	2	-1	-1	39	4
sm_100	398	703	0	70	31	56	2	-1	-1	39	4
sm_100	399	704	0	70	31	56	2	-1	-1	39	4
sm_100	400	707	0	70	31	56	2	-1	-1	39	4
sm_100	401	709	1	17	0	56	8	-1	-1	33	2
sm_100	402	710	4	255	35	56	-1	-1	-1	39	4
sm_100	403	711	1	19	1	56	8	-1	-1	34	1
sm_100	404	712	1	17	0	56	8	-1	-1	34	1
sm_100	405	713	0	70	31	56	2	-1	-1	39	4
sm_100	406	714	0	70	31	56	2	-1	-1	39	4
sm_100	407	715	0	70	31	56	2	-1	-1	39	4
sm_100	408	716	0	70	31	56	2	-1	-1	39	4
sm_100	409	744	1	65	28	52	4	-1	-1	29	3
sm_100	410	745	1	65	28	52	4	-1	-1	30	1
sm_100	411	747	1	66	28	54	8	-1	-1	29	3
sm_100	412	748	1	66	28	54	8	-1	-1	29	3
sm_100	413	749	1	66	28	54	8	-1	-1	29	3
sm_100	414	750	1	66	28	54	8	-1	-1	29	3
sm_100	415	755	0	22	2	56	2	-1	-1	39	4
sm_100	416	756	0	22	2	56	2	-1	-1	39	4
sm_100	417	757	0	22	2	56	2	-1	-1	39	4
sm_100	418	758	0	30	12	8	2	-1	-1	39	4
sm_100	419	759	0	22	2	56	2	-1	-1	39	4
sm_100	420	760	0	22	2	56	2	-1	-1	39	4
sm_100	421	761	0	22	2	56	2	-1	-1	39	4
sm_100	422	763	0	22	2	56	2	-1	-1	39	4
sm_100	423	764	0	52	21	56	1	-1	-1	39	4
sm_100	424	765	0	52	21	56	1	-1	-1	39	4
sm_100	425	766	0	52	21	56	1	-1	2	39	4
sm_100	426	767	0	52	21	56	1	-1	-1	39	4
sm_100	427	768	0	52	21	56	1	-1	-1	39	4
sm_100	428	769	1	29	6	56	8	-1	5	5	1
sm_100	429	771	1	28	5	56	4	-1	5	5	1
sm_103	0	0	0	52	21	56	1	-1	-1	39	4
sm_103	1	2	1	17	0	56	8	-1	-1	0	1
sm_103	2	3	1	17	0	56	8	-1	-1	33	2
sm_103	3	4	1	42	15	56	4	-1	-1	1	1
sm_103	4	5	1	42	15	56	4	-1	-1	1	1
sm_103	5	6	1	42	15	56	4	-1	-1	1	1
sm_103	6	7	1	42	15	56	4	-1	-1	3	3
sm_103	7	8	1	42	15	56	4	-1	-1	2	3
sm_103	8	9	1	42	15	56	4	-1	-1	1	1
sm_103	9	10	1	42	15	56	4	-1	-1	4	1
sm_103	10	11	1	17	0	56	8	-1	6	33	2
sm_103	11	12	1	17	0	56	8	-1	-1	33	2
sm_103	12	13	1	46	19	14	4	-1	-1	12	1
sm_103	13	14	1	46	19	14	4	-1	-1	12	1
sm_103	14	15	0	22	2	56	2	-1	-1	39	4
sm_103	15	17	0	21	19	31	4	-1	-1	39	4
sm_103	16	18	0	56	19	33	6	-1	-1	39	4
sm_103	17	19	0	23	19	35	4	-1	-1	39	4
sm_103	18	20	1	28	5	56	4	-1	5	33	2
sm_103	19	21	0	22	2	56	2	-1	-1	39	4
sm_103	20	22	1	28	5	56	4	-1	-1	5	1
sm_103	21	23	1	28	5	56	4	-1	-1	5	1
sm_103	22	24	0	52	21	56	1	-1	-1	39	4
sm_103	23	25	1	28	5	56	4	-1	5	5	1
sm_103	24	26	1	28	5	56	4	-1	5	5	1
sm_103	25	27	1	28	5	56	4	-1	5	5	1
sm_103	26	28	1	74	33	56	8	15	-1	36	1
sm_103	27	29	1	29	6	56	8	-1	5	5	1
sm_103	28	30	1	28	5	56	4	-1	-1	5	1
sm_103	29	31	1	28	5	56	4	-1	-1	5	1
sm_103	30	32	1	28	5	56	4	-1	5	5	1
sm_103	31	33	1	29	6	56	8	-1	5	5	1
sm_103	32	34	1	42	15	56	4	-1	-1	33	2
sm_103	33	35	0	52	21	56	1	-1	8	39	4
sm_103	34	39	0	52	21	56	1	-1	11	39	4
sm_103	35	42	1	42	15	56	4	-1	-1	33	2
sm_103	36	43	1	63	27	56	32	-1	-1	33	2
sm_103	37	44	1	17	0	56	8	-1	6	33	2
sm_103	38	45	1	48	19	10	64	-1	-1	18	1
sm_103	39	48	0	22	2	56	2	-1	-1	39	4
sm_103	40	49	0	46	18	56	2	-1	-1	39	4
sm_103	41	51	0	22	2	56	2	-1	-1	39	4
sm_103	42	52	1	48	19	10	64	-1	-1	18	1
sm_103	43	54	0	52	21	56	1	-1	4	39	4
sm_103	44	55	1	48	19	10	64	-1	-1	18	1
sm_103	45	56	1	47	19	2	584	176	-1	17	1
sm_103	46	57	1	19	19	5	1024	-1	-1	17	1
sm_103	47	58	1	17	19	3	584	-1	-1	17	1
sm_103	48	59	1	18	19	4	1024	-1	-1	17	1
sm_103	49	60	1	48	19	10	64	-1	-1	18	1
sm_103	50	61	1	48	19	10	64	-1	-1	18	1
sm_103	51	62	0	22	2	56	2	-1	-1	39	4
sm_103	52	63	1	28	5	56	4	-1	-1	5	1
sm_103	53	64	0	52	21	56	1	-1	-1	39	4
sm_103	54	65	1	28	5	56	4	-1	5	5	1
sm_103	55	66	1	48	19	10	64	-1	-1	38	1
sm_103	56	67	1	74	33	56	8	15	-1	36	1
sm_103	57	68	0	22	2	56	2	-1	-1	39	4
sm_103	58	69	1	48	19	10	64	-1	-1	38	1
sm_103	59	70	1	74	33	56	8	15	-1	36	1
sm_103	60	71	0	22	2	56	2	-1	-1	39	4
sm_103	61	72	0	31	12	9	1	-1	-1	39	4
sm_103	62	74	0	31	12	9	1	-1	-1	39	4
sm_103	63	75	1	74	33	56	8	15	-1	36	1
sm_103	64	76	1	42	15	56	4	-1	-1	8	1
sm_103	65	77	1	42	15	56	4	-1	-1	9	1
sm_103	66	79	0	31	12	9	1	-1	-1	39	4
sm_103	67	81	0	31	12	9	1	-1	-1	39	4
sm_103	68	87	1	74	33	56	8	15	-1	36	1
sm_103	69	88	0	22	2	56	2	-1	-1	39	4
sm_103	70	90	0	31	12	9	1	-1	-1	39	4
sm_103	71	92	0	31	12	9	1	-1	-1	39	4
sm_103	72	93	1	63	27	56	32	-1	-1	11	1
sm_103	73	94	1	48	19	10	64	-1	-1	38	1
sm_103	74	95	1	74	33	56	8	15	-1	36	1
sm_103	75	96	0	22	2	56	2	-1	-1	39	4
sm_103	76	97	0	22	2	56	2	-1	-1	39	4
sm_103	77	98	0	22	2	56	2	-1	-1	39	4
sm_103	78	99	0	30	12	8	2	-1	-1	39	4
sm_103	79	100	0	22	2	56	2	-1	-1	39	4
sm_103	80	101	0	22	2	56	2	-1	-1	39	4
sm_103	81	102	1	17	0	56	8	-1	-1	33	2
sm_103	82	103	0	33	12	13	2	-1	-1	39	4
sm_103	83	104	0	30	12	8	2	-1	-1	39	4
sm_103	84	105	0	33	12	13	2	-1	-1	39	4
sm_103	85	106	0	33	12	13	2	-1	-1	39	4
sm_103	86	107	0	33	12	13	2	-1	-1	39	4
sm_103	87	108	0	33	12	13	2	-1	-1	39	4
sm_103	88	109	1	46	19	14	4	-1	-1	12	1
sm_103	89	110	1	46	19	14	4	-1	-1	12	1
sm_103	90	112	0	19	19	26	6	-1	-1	39	4
sm_103	91	113	0	18	19	23	4	-1	-1	39	4
sm_103	92	114	0	19	19	26	6	-1	-1	39	4
sm_103	93	115	0	17	19	21	4	-1	-1	39	4
sm_103	94	116	0	20	19	28	6	-1	-1	39	4
sm_103	95	117	0	16	19	19	8	-1	-1	39	4
sm_103	96	118	0	15	19	17	8	-1	-1	39	4
sm_103	97	119	0	52	19	25	6	-1	-1	39	4
sm_103	98	120	0	22	2	56	2	-1	-1	39	4
sm_103	99	121	0	33	12	13	2	-1	-1	39	4
sm_103	100	122	0	33	12	13	2	-1	-1	39	4
sm_103	101	123	0	22	2	56	2	-1	-1	39	4
sm_103	102	124	0	22	2	56	2	-1	-1	39	4
sm_103	103	125	1	48	19	10	64	-1	-1	38	1
sm_103	104	126	1	74	33	56	8	15	-1	36	1
sm_103	105	127	0	22	2	56	2	-1	-1	39	4
sm_103	106	128	0	22	2	56	2	-1	-1	39	4
sm_103	107	129	0	22	2	56	2	-1	-1	39	4
sm_103	108	130	0	22	2	56	2	-1	-1	39	4
sm_103	109	131	0	22	2	56	2	-1	-1	39	4
sm_103	110	140	0	22	2	56	2	-1	-1	39	4
sm_103	111	141	0	22	2	56	2	-1	-1	39	4
sm_103	112	142	0	52	21	56	1	-1	4	39	4
sm_103	113	143	0	30	12	8	2	-1	-1	39	4
sm_103	114	144	0	30	12	8	2	-1	-1	39	4
sm_103	115	145	1	46	19	14	4	-1	-1	12	1
sm_103	116	146	1	46	19	14	4	-1	-1	12	1
sm_103	117	147	0	30	12	8	2	-1	-1	39	4
sm_103	118	148	0	32	12	12	4	-1	-1	39	4
sm_103	119	149	0	32	12	12	4	-1	-1	39	4
sm_103	120	150	0	32	12	12	4	-1	-1	39	4
sm_103	121	151	0	32	12	12	4	-1	-1	39	4
sm_103	122	152	0	32	12	12	4	-1	-1	39	4
sm_103	123	153	0	32	12	12	4	-1	-1	39	4
sm_103	124	154	0	32	12	12	4	-1	-1	39	4
sm_103	125	156	0	59	19	38	8	-1	-1	39	4
sm_103	126	157	0	24	19	36	6	-1	-1	39	4
sm_103	127	158	0	25	19	39	4	-1	-1	39	4
sm_103	128	159	0	21	19	31	4	-1	-1	39	4
sm_103	129	160	0	56	19	33	6	-1	-1	39	4
sm_103	130	161	0	23	19	35	4	-1	-1	39	4
sm_103	131	162	0	22	2	56	2	-1	-1	39	4
sm_103	132	166	0	30	12	8	2	-1	-1	39	4
sm_103	133	167	0	32	12	12	4	-1	-1	39	4
sm_103	134	168	0	30	12	8	2	-1	-1	39	4
sm_103	135	169	0	32	12	12	4	-1	-1	39	4
sm_103	136	170	1	34	13	56	8	27	-1	14	1
sm_103	137	171	1	42	15	56	4	-1	-1	1	1
sm_103	138	172	1	42	15	56	4	-1	-1	1	1
sm_103	139	173	0	22	2	56	2	-1	-1	39	4
sm_103	140	174	0	22	2	56	2	-1	-1	39	4
sm_103	141	175	0	22	2	56	2	-1	-1	39	4
sm_103	142	179	1	28	5	56	4	-1	5	5	1
sm_103	143	180	1	28	5	56	4	-1	5	5	1
sm_103	144	181	1	29	6	56	8	-1	5	5	1
sm_103	145	182	1	28	5	56	4	-1	-1	5	1
sm_103	146	183	1	28	5	56	4	-1	5	5	1
sm_103	147	184	1	42	15	56	4	-1	-1	2	3
sm_103	148	185	1	17	0	56	8	-1	-1	33	2
sm_103	149	186	1	11	14	56	1	-1	-1	15	3
sm_103	150	187	1	42	15	56	4	-1	-1	2	3
sm_103	151	188	1	42	15	56	4	-1	-1	16	0
sm_103	152	189	1	42	15	56	4	-1	-1	2	3
sm_103	153	190	1	42	15	56	4	-1	-1	2	3
sm_103	154	191	1	42	15	56	4	-1	-1	2	3
sm_103	155	192	1	42	15	56	4	-1	-1	1	1
sm_103	156	193	1	42	15	56	4	-1	-1	1	1
sm_103	157	196	1	42	15	56	4	-1	-1	1	1
sm_103	158	197	0	22	2	56	2	-1	-1	39	4
sm_103	159	198	0	46	18	56	2	-1	-1	39	4
sm_103	160	199	0	22	2	56	2	-1	-1	39	4
sm_103	161	200	0	22	2	56	2	-1	-1	39	4
sm_103	162	201	0	22	2	56	2	-1	-1	39	4
sm_103	163	202	1	17	0	56	8	-1	-1	33	2
sm_103	164	203	1	43	16	56	32	-1	6	33	2
sm_103	165	224	4	255	35	56	-1	-1	-1	39	4
sm_103	166	225	4	255	35	56	-1	-1	-1	39	4
sm_103	167	226	4	255	35	56	-1	-1	-1	39	4
sm_103	168	227	4	255	35	56	-1	-1	-1	39	4
sm_103	169	228	4	255	35	56	-1	-1	-1	39	4
sm_103	170	229	4	255	35	56	-1	-1	-1	39	4
sm_103	171	230	4	255	35	56	-1	-1	-1	39	4
sm_103	172	231	4	255	35	56	-1	-1	-1	39	4
sm_103	173	236	4	255	35	56	-1	-1	-1	39	4
sm_103	174	237	4	255	35	56	-1	-1	-1	39	4
sm_103	175	238	4	255	35	56	-1	-1	-1	39	4
sm_103	176	239	4	255	35	56	-1	-1	-1	39	4
sm_103	177	240	4	255	35	56	-1	-1	-1	39	4
sm_103	178	241	4	255	35	56	-1	-1	-1	39	4
sm_103	179	243	4	255	35	56	-1	-1	-1	39	4
sm_103	180	246	4	255	35	56	-1	-1	-1	39	4
sm_103	181	247	4	255	35	56	-1	-1	-1	39	4
sm_103	182	249	4	255	35	56	-1	-1	-1	39	4
sm_103	183	251	4	255	35	56	-1	-1	-1	39	4
sm_103	184	253	4	255	35	56	-1	-1	-1	39	4
sm_103	185	255	4	255	35	56	-1	-1	-1	39	4
sm_103	186	256	4	255	35	56	-1	-1	-1	39	4
sm_103	187	257	4	255	35	56	-1	-1	-1	39	4
sm_103	188	258	4	255	35	56	-1	-1	-1	39	4
sm_103	189	260	4	255	35	56	-1	-1	-1	39	4
sm_103	190	261	4	255	35	56	-1	-1	-1	39	4
sm_103	191	264	4	255	35	56	-1	-1	-1	39	4
sm_103	192	265	4	255	35	56	-1	-1	-1	39	4
sm_103	193	266	4	255	35	56	-1	-1	-1	39	4
sm_103	194	267	4	255	35	56	-1	-1	-1	39	4
sm_103	195	269	4	255	35	56	-1	-1	-1	39	4
sm_103	196	271	4	255	35	56	-1	-1	-1	39	4
sm_103	197	273	4	255	35	56	-1	-1	-1	39	4
sm_103	198	274	4	255	35	56	-1	-1	-1	39	4
sm_103	199	276	4	255	35	56	-1	-1	-1	39	4
sm_103	200	277	4	255	35	56	-1	-1	-1	39	4
sm_103	201	280	4	255	35	56	-1	-1	-1	39	4
sm_103	202	282	4	255	35	56	-1	-1	-1	39	4
sm_103	203	283	4	255	35	56	-1	-1	-1	39	4
sm_103	204	285	4	255	35	56	-1	-1	-1	39	4
sm_103	205	286	4	255	35	56	-1	-1	-1	39	4
sm_103	206	287	4	255	35	56	-1	-1	-1	39	4
sm_103	207	288	4	255	35	56	-1	-1	-1	39	4
sm_103	208	291	4	255	35	56	-1	-1	-1	39	4
sm_103	209	301	4	255	35	56	-1	-1	-1	39	4
sm_103	210	307	4	255	35	56	-1	-1	-1	39	4
sm_103	211	308	4	255	35	56	-1	-1	-1	39	4
sm_103	212	312	4	255	35	56	-1	-1	-1	39	4
sm_103	213	313	4	255	35	56	-1	-1	-1	39	4
sm_103	214	315	4	255	35	56	-1	-1	-1	39	4
sm_103	215	316	4	255	35	56	-1	-1	-1	39	4
sm_103	216	318	4	255	35	56	-1	-1	-1	39	4
sm_103	217	319	4	255	35	56	-1	-1	-1	39	4
sm_103	218	326	4	255	35	56	-1	-1	-1	39	4
sm_103	219	327	4	255	35	56	-1	-1	-1	39	4
sm_103	220	328	4	255	35	56	-1	-1	-1	39	4
sm_103	221	329	4	255	35	56	-1	-1	-1	39	4
sm_103	222	334	4	255	35	56	-1	-1	-1	39	4
sm_103	223	335	4	255	35	56	-1	-1	-1	39	4
sm_103	224	336	4	255	35	56	-1	-1	-1	39	4
sm_103	225	337	4	255	35	56	-1	-1	-1	39	4
sm_103	226	341	4	255	35	56	-1	-1	-1	39	4
sm_103	227	342	4	255	35	56	-1	-1	-1	39	4
sm_103	228	345	4	255	35	56	-1	-1	-1	39	4
sm_103	229	347	4	255	35	56	-1	-1	-1	39	4
sm_103	230	349	4	255	35	56	-1	-1	-1	39	4
sm_103	231	351	4	255	35	56	-1	-1	-1	39	4
sm_103	232	376	4	255	35	56	-1	-1	-1	39	4
sm_103	233	377	4	255	35	56	-1	-1	-1	39	4
sm_103	234	379	4	255	35	56	-1	-1	-1	39	4
sm_103	235	383	4	255	35	56	-1	-1	-1	39	4
sm_103	236	384	4	255	35	56	-1	-1	-1	39	4
sm_103	237	385	4	255	35	56	-1	-1	-1	39	4
sm_103	238	386	4	255	35	56	-1	-1	-1	39	4
sm_103	239	391	4	255	35	56	-1	-1	-1	39	4
sm_103	240	394	4	255	35	56	-1	-1	-1	39	4
sm_103	241	396	4	255	35	56	-1	-1	-1	39	4
sm_103	242	401	4	255	35	56	-1	-1	-1	39	4
sm_103	243	402	4	255	35	56	-1	-1	-1	39	4
sm_103	244	403	4	255	35	56	-1	-1	-1	39	4
sm_103	245	407	4	255	35	56	-1	-1	-1	39	4
sm_103	246	412	4	255	35	56	-1	-1	-1	39	4
sm_103	247	413	4	255	35	56	-1	-1	-1	39	4
sm_103	248	414	4	255	35	56	-1	-1	-1	39	4
sm_103	249	415	4	255	35	56	-1	-1	-1	39	4
sm_103	250	421	4	255	35	56	-1	-1	-1	39	4
sm_103	251	427	4	255	35	56	-1	-1	-1	39	4
sm_103	252	428	4	255	35	56	-1	-1	-1	39	4
sm_103	253	429	4	255	35	56	-1	-1	-1	39	4
sm_103	254	448	4	255	35	56	-1	-1	-1	39	4
sm_103	255	451	4	255	35	56	-1	-1	-1	39	4
sm_103	256	455	4	255	35	56	-1	-1	-1	39	4
sm_103	257	456	4	255	35	56	-1	-1	-1	39	4
sm_103	258	460	4	255	35	56	-1	-1	-1	39	4
sm_103	259	461	4	255	35	56	-1	-1	-1	39	4
sm_103	260	462	4	255	35	56	-1	-1	-1	39	4
sm_103	261	471	4	255	35	56	-1	-1	-1	39	4
sm_103	262	472	4	255	35	56	-1	-1	-1	39	4
sm_103	263	477	4	255	35	56	-1	-1	-1	39	4
sm_103	264	478	4	255	35	56	-1	-1	-1	39	4
sm_103	265	482	4	255	35	56	-1	-1	-1	39	4
sm_103	266	484	4	255	35	56	-1	-1	-1	39	4
sm_103	267	486	4	255	35	56	-1	-1	-1	39	4
sm_103	268	487	4	255	35	56	-1	-1	-1	39	4
sm_103	269	488	4	255	35	56	-1	-1	-1	39	4
sm_103	270	489	4	255	35	56	-1	-1	-1	39	4
sm_103	271	490	4	255	35	56	-1	-1	-1	39	4
sm_103	272	502	4	255	35	56	-1	-1	-1	39	4
sm_103	273	505	4	255	35	56	-1	-1	-1	39	4
sm_103	274	506	4	255	35	56	-1	-1	-1	39	4
sm_103	275	507	4	255	35	56	-1	-1	-1	39	4
sm_103	276	508	4	255	35	56	-1	-1	-1	39	4
sm_103	277	509	4	255	35	56	-1	-1	-1	39	4
sm_103	278	510	4	255	35	56	-1	-1	-1	39	4
sm_103	279	511	4	255	35	56	-1	-1	-1	39	4
sm_103	280	512	4	255	35	56	-1	-1	-1	39	4
sm_103	281	513	4	255	35	56	-1	-1	-1	39	4
sm_103	282	514	4	255	35	56	-1	-1	-1	39	4
sm_103	283	515	4	255	35	56	-1	-1	-1	39	4
sm_103	284	516	4	255	35	56	-1	-1	-1	39	4
sm_103	285	517	4	255	35	56	-1	-1	-1	39	4
sm_103	286	518	4	255	35	56	-1	-1	-1	39	4
sm_103	287	519	4	255	35	56	-1	-1	-1	39	4
sm_103	288	520	4	255	35	56	-1	-1	-1	39	4
sm_103	289	521	4	255	35	56	-1	-1	-1	39	4
sm_103	290	522	4	255	35	56	-1	-1	-1	39	4
sm_103	291	523	4	255	35	56	-1	-1	-1	39	4
sm_103	292	524	4	255	35	56	-1	-1	-1	39	4
sm_103	293	525	4	255	35	56	-1	-1	-1	39	4
sm_103	294	526	0	22	2	56	2	-1	-1	39	4
sm_103	295	530	0	22	2	56	2	-1	-1	39	4
sm_103	296	532	1	42	15	56	4	-1	-1	1	1
sm_103	297	533	1	74	33	56	8	17	-1	36	1
sm_103	298	540	1	29	6	56	8	-1	5	5	1
sm_103	299	541	1	29	6	56	8	-1	5	5	1
sm_103	300	542	1	29	6	56	8	-1	-1	33	2
sm_103	301	543	1	29	6	56	8	-1	-1	33	2
sm_103	302	544	0	52	21	56	1	-1	-1	39	4
sm_103	303	547	1	42	15	56	4	-1	-1	1	1
sm_103	304	548	1	42	15	56	4	-1	-1	1	1
sm_103	305	549	0	22	2	56	2	-1	-1	39	4
sm_103	306	550	1	34	13	56	8	27	-1	1	1
sm_103	307	551	0	22	2	56	2	-1	-1	39	4
sm_103	308	552	0	52	21	56	1	-1	-1	39	4
sm_103	309	553	1	74	33	56	8	15	-1	36	1
sm_103	310	554	1	17	0	56	8	-1	-1	33	2
sm_103	311	555	0	22	2	56	2	-1	-1	39	4
sm_103	312	556	0	22	2	56	2	-1	-1	39	4
sm_103	313	559	1	46	19	14	4	-1	-1	12	1
sm_103	314	560	1	46	19	14	4	-1	-1	12	1
sm_103	315	569	1	42	15	56	4	-1	-1	1	1
sm_103	316	570	1	42	15	56	4	-1	-1	4	1
sm_103	317	571	0	22	2	56	2	-1	-1	39	4
sm_103	318	572	0	22	2	56	2	-1	-1	39	4
sm_103	319	574	1	42	15	56	4	-1	-1	1	1
sm_103	320	575	1	42	15	56	4	-1	-1	1	1
sm_103	321	576	1	18	0	43	8	25	-1	20	1
sm_103	322	577	1	29	6	56	8	-1	5	5	1
sm_103	323	579	0	22	2	56	2	-1	6	39	4
sm_103	324	580	0	22	2	56	2	-1	-1	39	4
sm_103	325	581	0	46	18	56	2	-1	6	39	4
sm_103	326	582	1	28	5	56	4	-1	-1	5	1
sm_103	327	583	1	44	17	56	4	-1	-1	33	2
sm_103	328	584	1	17	0	56	8	-1	-1	22	1
sm_103	329	585	0	22	2	56	2	-1	-1	39	4
sm_103	330	586	0	22	2	56	2	-1	-1	39	4
sm_103	331	590	1	17	0	56	8	-1	-1	0	1
sm_103	332	591	1	17	0	56	8	-1	-1	0	1
sm_103	333	592	0	22	2	56	2	-1	-1	39	4
sm_103	334	593	0	22	2	56	2	-1	-1	39	4
sm_103	335	594	1	42	15	56	4	-1	-1	1	1
sm_103	336	595	0	22	2	56	2	-1	-1	39	4
sm_103	337	596	0	22	2	56	2	-1	-1	39	4
sm_103	338	598	0	22	2	56	2	-1	-1	39	4
sm_103	339	599	1	42	15	56	4	-1	-1	1	1
sm_103	340	600	1	42	15	56	4	-1	-1	1	1
sm_103	341	601	1	42	15	56	4	-1	-1	1	1
sm_103	342	602	1	42	15	56	4	-1	-1	1	1
sm_103	343	603	1	42	15	56	4	-1	-1	1	1
sm_103	344	604	1	42	15	56	4	-1	-1	1	1
sm_103	345	607	1	63	27	56	32	-1	-1	23	1
sm_103	346	608	1	63	27	56	32	-1	-1	28	1
sm_103	347	609	1	63	27	56	32	-1	-1	28	1
sm_103	348	610	1	63	27	56	32	-1	-1	24	1
sm_103	349	611	1	63	27	56	32	-1	-1	24	1
sm_103	350	612	1	54	23	45	8	-1	-1	25	3
sm_103	351	613	1	56	23	47	16	-1	-1	25	3
sm_103	352	614	1	55	23	46	16	-1	-1	25	3
sm_103	353	615	1	54	23	45	8	-1	-1	25	3
sm_103	354	617	1	54	23	45	8	-1	-1	25	3
sm_103	355	618	1	54	23	45	8	-1	-1	25	3
sm_103	356	619	1	55	23	46	16	40	-1	25	3
sm_103	357	623	1	63	27	56	32	-1	-1	28	1
sm_103	358	624	1	63	27	56	32	-1	-1	28	1
sm_103	359	625	1	63	27	56	32	-1	-1	28	1
sm_103	360	626	1	63	27	56	32	-1	-1	28	1
sm_103	361	627	1	62	30	56	32	-1	-1	32	3
sm_103	362	628	1	62	30	56	32	-1	-1	32	3
sm_103	363	629	1	62	30	56	32	-1	-1	32	3
sm_103	364	630	1	62	30	56	32	-1	-1	32	3
sm_103	365	631	1	62	30	56	32	-1	2	32	3
sm_103	366	632	0	52	21	56	1	-1	4	39	4
sm_103	367	633	1	62	30	56	32	-1	6	32	3
sm_103	368	634	1	62	30	56	32	-1	-1	32	3
sm_103	369	635	1	63	27	56	32	-1	-1	28	1
sm_103	370	636	1	63	27	56	32	-1	-1	28	1
sm_103	371	637	1	64	28	0	8	-1	-1	29	3
sm_103	372	639	1	64	28	0	8	-1	-1	29	3
sm_103	373	640	1	64	28	0	8	-1	-1	29	3
sm_103	374	641	0	70	31	56	2	-1	-1	39	4
sm_103	375	642	0	70	31	56	2	-1	-1	39	4
sm_103	376	644	1	17	0	56	8	-1	-1	33	2
sm_103	377	645	0	52	21	56	1	-1	-1	39	4
sm_103	378	646	0	52	21	56	1	-1	-1	39	4
sm_103	379	647	0	52	21	56	1	-1	-1	39	4
sm_103	380	648	0	70	31	56	2	-1	-1	39	4
sm_103	381	663	0	70	31	56	2	-1	-1	39	4
sm_103	382	670	0	70	31	56	2	-1	-1	39	4
sm_103	383	683	0	70	31	56	2	-1	-1	39	4
sm_103	384	684	0	70	31	56	2	-1	-1	39	4
sm_103	385	685	0	70	31	56	2	-1	-1	39	4
sm_103	386	688	0	70	31	56	2	-1	-1	39	4
sm_103	387	690	0	52	21	56	1	-1	-1	39	4
sm_103	388	691	0	70	31	56	2	-1	-1	39	4
sm_103	389	692	0	52	21	56	1	-1	-1	39	4
sm_103	390	693	0	70	31	56	2	-1	-1	39	4
sm_103	391	694	0	70	31	56	2	-1	-1	39	4
sm_103	392	695	0	70	31	56	2	-1	-1	39	4
sm_103	393	697	0	52	21	56	1	-1	-1	39	4
sm_103	394	699	0	70	31	56	2	-1	-1	39	4
sm_103	395	700	0	70	31	56	2	-1	-1	39	4
sm_103	396	701	0	70	31	56	2	-1	-1	39	4
sm_103	397	702	0	70	31	56	2	-1	-1	39	4
sm_103	398	703	0	70	31	56	2	-1	-1	39	4
sm_103	399	704	0	70	31	56	2	-1	-1	39	4
sm_103	400	707	0	70	31	56	2	-1	-1	39	4
sm_103	401	709	1	17	0	56	8	-1	-1	33	2
sm_103	402	710	1	17	0	56	8	-1	-1	33	2
sm_103	403	711	1	19	1	56	8	-1	-1	34	1
sm_103	404	712	1	17	0	56	8	-1	-1	34	1
sm_103	405	713	0	70	31	56	2	-1	-1	39	4
sm_103	406	714	0	70	31	56	2	-1	-1	39	4
sm_103	407	715	0	70	31	56	2	-1	-1	39	4
sm_103	408	716	0	70	31	56	2	-1	-1	39	4
sm_103	409	744	1	65	28	52	4	-1	-1	29	3
sm_103	410	745	1	65	28	52	4	-1	-1	30	1
sm_103	411	747	1	66	28	54	8	-1	-1	29	3
sm_103	412	748	1	66	28	54	8	-1	-1	29	3
sm_103	413	749	1	66	28	54	8	-1	-1	29	3
sm_103	414	750	1	66	28	54	8	-1	-1	29	3
sm_103	415	755	0	22	2	56	2	-1	-1	39	4
sm_103	416	756	0	22	2	56	2	-1	-1	39	4
sm_103	417	757	0	22	2	56	2	-1	-1	39	4
sm_103	418	758	0	30	12	8	2	-1	-1	39	4
sm_103	419	759	0	22	2	56	2	-1	-1	39	4
sm_103	420	760	0	22	2	56	2	-1	-1	39	4
sm_103	421	761	0	22	2	56	2	-1	-1	39	4
sm_103	422	763	0	22	2	56	2	-1	-1	39	4
sm_103	423	764	0	52	21	56	1	-1	-1	39	4
sm_103	424	765	0	52	21	56	1	-1	-1	39	4
sm_103	425	766	0	52	21	56	1	-1	2	39	4
sm_103	426	767	0	52	21	56	1	-1	-1	39	4
sm_103	427	768	0	52	21	56	1	-1	-1	39	4
sm_103	428	769	1	29	6	56	8	-1	5	5	1
sm_103	429	771	1	28	5	56	4	-1	5	5	1
sm_80	0	2	1	17	0	56	8	-1	-1	0	1
sm_80	1	3	1	17	0	56	8	-1	-1	33	2
sm_80	2	4	1	42	15	56	4	-1	-1	1	1
sm_80	3	5	1	42	15	56	4	-1	-1	1	1
sm_80	4	6	1	42	15	56	4	-1	-1	1	1
sm_80	5	7	1	42	15	56	4	-1	-1	2	3
sm_80	6	8	1	42	15	56	4	-1	-1	2	3
sm_80	7	9	1	42	15	56	4	-1	-1	1	1
sm_80	8	10	1	42	15	56	4	-1	-1	4	1
sm_80	9	11	1	17	0	56	8	-1	6	1	1
sm_80	10	12	1	17	0	56	8	-1	-1	1	1
sm_80	11	15	4	255	35	56	-1	-1	-1	39	4
sm_80	12	16	0	21	19	31	4	-1	-1	39	4
sm_80	13	17	0	21	19	31	4	-1	-1	39	4
sm_80	14	18	0	22	19	33	8	-1	-1	39	4
sm_80	15	19	0	23	19	35	4	-1	-1	39	4
sm_80	16	20	1	28	5	56	4	-1	-1	33	2
sm_80	17	21	0	22	2	56	2	-1	-1	39	4
sm_80	18	22	1	28	5	56	4	-1	-1	5	1
sm_80	19	23	1	28	5	56	4	-1	-1	5	1
sm_80	20	24	0	52	21	56	1	-1	-1	39	4
sm_80	21	25	1	28	5	56	4	-1	-1	5	1
sm_80	22	26	1	28	5	56	4	-1	5	5	1
sm_80	23	27	1	28	5	56	4	-1	-1	5	1
sm_80	24	28	1	72	34	56	8	15	-1	36	1
sm_80	25	29	1	29	6	56	8	-1	-1	5	1
sm_80	26	30	1	28	5	56	4	-1	-1	5	1
sm_80	27	31	1	28	5	56	4	-1	-1	5	1
sm_80	28	32	1	28	5	56	4	-1	-1	5	1
sm_80	29	33	1	29	6	56	8	-1	-1	5	1
sm_80	30	34	1	42	15	56	4	-1	-1	33	2
sm_80	31	35	0	52	21	56	1	-1	8	39	4
sm_80	32	39	0	52	21	56	1	-1	11	39	4
sm_80	33	41	4	255	35	56	-1	-1	-1	39	4
sm_80	34	42	1	42	15	56	4	-1	-1	33	2
sm_80	35	43	1	63	27	56	32	-1	-1	33	2
sm_80	36	45	0	11	19	1	4	-1	-1	39	4
sm_80	37	47	0	46	18	56	2	-1	-1	39	4
sm_80	38	48	0	22	2	56	2	-1	-1	39	4
sm_80	39	49	0	46	18	56	2	-1	-1	39	4
sm_80	40	51	0	22	2	56	2	-1	-1	39	4
sm_80	41	52	0	13	19	10	4	-1	-1	39	4
sm_80	42	54	0	52	21	56	1	-1	4	39	4
sm_80	43	55	0	13	19	10	4	-1	-1	39	4
sm_80	44	56	0	45	19	2	16	-1	-1	39	4
sm_80	45	60	0	13	19	10	4	-1	-1	39	4
sm_80	46	61	0	13	19	10	4	-1	-1	39	4
sm_80	47	64	0	52	21	56	1	-1	-1	39	4
sm_80	48	65	1	28	5	56	4	-1	-1	5	1
sm_80	49	66	1	72	34	56	8	15	-1	38	1
sm_80	50	67	1	72	34	56	8	15	-1	36	1
sm_80	51	68	0	22	2	56	2	-1	-1	39	4
sm_80	52	69	1	72	34	56	8	15	-1	38	1
sm_80	53	70	1	72	34	56	8	15	-1	36	1
sm_80	54	71	4	255	35	56	-1	-1	-1	39	4
sm_80	55	72	0	5	9	56	2	-1	-1	39	4
sm_80	56	74	0	5	9	56	2	-1	-1	39	4
sm_80	57	75	1	72	34	56	8	15	-1	36	1
sm_80	58	79	0	5	9	56	2	-1	-1	39	4
sm_80	59	81	0	5	9	56	2	-1	-1	39	4
sm_80	60	87	1	72	34	56	8	15	-1	36	1
sm_80	61	88	0	22	2	56	2	-1	-1	39	4
sm_80	62	90	0	5	9	56	2	-1	-1	39	4
sm_80	63	92	0	5	9	56	2	-1	-1	39	4
sm_80	64	93	1	63	27	56	32	-1	-1	11	1
sm_80	65	94	1	72	34	56	8	15	-1	38	1
sm_80	66	95	1	72	34	56	8	15	-1	36	1
sm_80	67	96	0	22	2	56	2	-1	-1	39	4
sm_80	68	97	0	22	2	56	2	-1	-1	39	4
sm_80	69	98	0	22	2	56	2	-1	-1	39	4
sm_80	70	99	0	5	9	56	2	-1	-1	39	4
sm_80	71	100	0	22	2	56	2	-1	-1	39	4
sm_80	72	101	0	22	2	56	2	-1	-1	39	4
sm_80	73	102	1	17	0	56	8	-1	-1	33	2
sm_80	74	103	0	6	11	56	2	-1	-1	39	4
sm_80	75	104	0	6	11	56	2	-1	-1	39	4
sm_80	76	105	0	6	11	56	2	-1	-1	39	4
sm_80	77	106	0	6	11	56	2	-1	-1	39	4
sm_80	78	107	0	14	19	15	2	-1	-1	39	4
sm_80	79	108	0	6	11	56	2	-1	-1	39	4
sm_80	80	111	0	16	19	19	8	-1	-1	39	4
sm_80	81	112	0	16	19	19	8	-1	-1	39	4
sm_80	82	113	0	18	19	23	4	-1	-1	39	4
sm_80	83	114	0	15	19	17	8	-1	-1	39	4
sm_80	84	115	0	17	19	21	4	-1	-1	39	4
sm_80	85	116	0	20	19	28	6	-1	-1	39	4
sm_80	86	117	0	16	19	19	8	-1	-1	39	4
sm_80	87	118	0	15	19	17	8	-1	-1	39	4
sm_80	88	119	0	19	19	26	6	-1	-1	39	4
sm_80	89	120	0	6	11	56	2	-1	-1	39	4
sm_80	90	121	0	6	11	56	2	-1	-1	39	4
sm_80	91	122	0	6	11	56	2	-1	-1	39	4
sm_80	92	123	0	6	11	56	2	-1	-1	39	4
sm_80	93	124	0	6	11	56	2	-1	-1	39	4
sm_80	94	125	1	72	34	56	8	15	-1	38	1
sm_80	95	126	1	72	34	56	8	15	-1	36	1
sm_80	96	127	4	255	35	56	-1	-1	-1	39	4
sm_80	97	128	0	22	2	56	2	-1	-1	39	4
sm_80	98	129	0	22	2	56	2	-1	-1	39	4
sm_80	99	130	0	22	2	56	2	-1	-1	39	4
sm_80	100	131	0	22	2	56	2	-1	-1	39	4
sm_80	101	140	0	22	2	56	2	-1	-1	39	4
sm_80	102	141	0	22	2	56	2	-1	-1	39	4
sm_80	103	142	0	52	21	56	1	-1	4	39	4
sm_80	104	143	0	5	9	56	2	-1	-1	39	4
sm_80	105	144	0	5	9	56	2	-1	-1	39	4
sm_80	106	147	0	5	9	56	2	-1	-1	39	4
sm_80	107	148	0	4	9	16	4	-1	-1	39	4
sm_80	108	149	0	4	9	16	4	-1	-1	39	4
sm_80	109	150	0	4	9	16	4	-1	-1	39	4
sm_80	110	151	0	4	9	16	4	-1	-1	39	4
sm_80	111	152	0	4	9	16	4	-1	-1	39	4
sm_80	112	153	0	4	9	16	4	-1	-1	39	4
sm_80	113	154	0	4	9	16	4	-1	-1	39	4
sm_80	114	155	0	21	19	31	4	-1	-1	39	4
sm_80	115	156	0	22	19	33	8	-1	-1	39	4
sm_80	116	157	0	24	19	36	6	-1	-1	39	4
sm_80	117	158	0	25	19	39	4	-1	-1	39	4
sm_80	118	159	0	21	19	31	4	-1	-1	39	4
sm_80	119	160	0	22	19	33	8	-1	-1	39	4
sm_80	120	161	0	23	19	35	4	-1	-1	39	4
sm_80	121	162	0	22	2	56	2	-1	-1	39	4
sm_80	122	166	0	5	9	56	2	-1	-1	39	4
sm_80	123	167	0	4	9	16	4	-1	-1	39	4
sm_80	124	168	0	5	9	56	2	-1	-1	39	4
sm_80	125	169	0	4	9	16	4	-1	-1	39	4
sm_80	126	170	1	34	13	56	8	27	-1	14	1
sm_80	127	171	1	42	15	56	4	-1	-1	1	1
sm_80	128	172	1	42	15	56	4	-1	-1	1	1
sm_80	129	173	0	22	2	56	2	-1	-1	39	4
sm_80	130	174	0	22	2	56	2	-1	-1	39	4
sm_80	131	175	0	22	2	56	2	-1	-1	39	4
sm_80	132	179	1	28	5	56	4	-1	-1	5	1
sm_80	133	180	1	28	5	56	4	-1	5	5	1
sm_80	134	181	1	29	6	56	8	-1	-1	5	1
sm_80	135	182	1	28	5	56	4	-1	-1	5	1
sm_80	136	183	1	28	5	56	4	-1	-1	5	1
sm_80	137	184	1	42	15	56	4	-1	-1	2	3
sm_80	138	185	1	17	0	56	8	-1	-1	33	2
sm_80	139	187	1	42	15	56	4	-1	-1	2	3
sm_80	140	188	1	42	15	56	4	-1	-1	16	0
sm_80	141	190	1	42	15	56	4	-1	-1	2	3
sm_80	142	191	1	42	15	56	4	-1	-1	2	3
sm_80	143	192	1	42	15	56	4	-1	-1	1	1
sm_80	144	193	1	42	15	56	4	-1	-1	1	1
sm_80	145	196	1	42	15	56	4	-1	-1	1	1
sm_80	146	197	0	22	2	56	2	-1	-1	39	4
sm_80	147	198	0	46	18	56	2	-1	-1	39	4
sm_80	148	199	0	22	2	56	2	-1	-1	39	4
sm_80	149	200	0	22	2	56	2	-1	-1	39	4
sm_80	150	201	0	22	2	56	2	-1	-1	39	4
sm_80	151	202	1	17	0	56	8	-1	-1	33	2
sm_80	152	203	1	43	16	56	32	-1	6	33	2
sm_80	153	526	0	22	2	56	2	-1	-1	39	4
sm_80	154	530	0	22	2	56	2	-1	-1	39	4
sm_80	155	532	1	42	15	56	4	-1	-1	1	1
sm_80	156	533	1	72	34	56	8	15	-1	36	1
sm_80	157	540	1	28	5	56	4	-1	-1	5	1
sm_80	158	541	1	28	5	56	4	-1	-1	5	1
sm_80	159	542	1	28	5	56	4	-1	-1	33	2
sm_80	160	543	1	28	5	56	4	-1	-1	33	2
sm_80	161	544	0	52	21	56	1	-1	-1	39	4
sm_80	162	547	1	42	15	56	4	-1	-1	1	1
sm_80	163	548	1	42	15	56	4	-1	-1	1	1
sm_80	164	549	0	22	2	56	2	-1	-1	39	4
sm_80	165	550	1	34	13	56	8	27	-1	1	1
sm_80	166	551	0	22	2	56	2	-1	-1	39	4
sm_80	167	552	0	52	21	56	1	-1	-1	39	4
sm_80	168	553	1	72	34	56	8	15	-1	36	1
sm_80	169	555	0	22	2	56	2	-1	-1	39	4
sm_80	170	556	0	22	2	56	2	-1	-1	39	4
sm_80	171	561	4	255	35	56	-1	-1	-1	39	4
sm_80	172	562	4	255	35	56	-1	-1	-1	39	4
sm_80	173	563	4	255	35	56	-1	-1	-1	39	4
sm_80	174	566	4	255	35	56	-1	-1	-1	39	4
sm_80	175	567	4	255	35	56	-1	-1	-1	39	4
sm_80	176	569	1	42	15	56	4	-1	-1	1	1
sm_80	177	570	1	42	15	56	4	-1	-1	4	1
sm_80	178	571	0	22	2	56	2	-1	-1	39	4
sm_80	179	572	1	17	0	56	8	-1	-1	22	1
sm_80	180	573	1	42	15	56	4	-1	-1	1	1
sm_80	181	576	1	26	20	56	8	25	-1	20	1
sm_80	182	577	1	29	6	56	8	-1	-1	5	1
sm_80	183	578	0	46	18	56	2	-1	6	39	4
sm_80	184	579	0	22	2	56	2	-1	6	39	4
sm_80	185	580	0	22	2	56	2	-1	-1	39	4
sm_80	186	581	0	46	18	56	2	-1	6	39	4
sm_80	187	582	1	28	5	56	4	-1	-1	5	1
sm_80	188	583	1	42	15	56	4	-1	-1	33	2
sm_80	189	584	1	17	0	56	8	-1	-1	22	1
sm_80	190	585	0	22	2	56	2	-1	-1	39	4
sm_80	191	586	0	22	2	56	2	-1	-1	39	4
sm_80	192	590	1	17	0	56	8	-1	-1	0	1
sm_80	193	591	1	17	0	56	8	-1	-1	0	1
sm_80	194	592	0	22	2	56	2	-1	-1	39	4
sm_80	195	593	0	22	2	56	2	-1	-1	39	4
sm_80	196	594	1	42	15	56	4	-1	-1	1	1
sm_80	197	595	0	22	2	56	2	-1	-1	39	4
sm_80	198	596	0	22	2	56	2	-1	-1	39	4
sm_80	199	598	0	22	2	56	2	-1	-1	39	4
sm_80	200	599	1	42	15	56	4	-1	-1	1	1
sm_80	201	601	1	42	15	56	4	-1	-1	1	1
sm_80	202	602	1	42	15	56	4	-1	-1	1	1
sm_80	203	603	1	42	15	56	4	-1	-1	1	1
sm_80	204	607	1	63	27	56	32	-1	-1	23	1
sm_80	205	608	1	63	27	56	32	-1	-1	28	1
sm_80	206	609	4	255	35	56	-1	-1	-1	39	4
sm_80	207	610	1	63	27	56	32	-1	-1	24	1
sm_80	208	611	1	63	27	56	32	-1	-1	24	1
sm_80	209	623	1	63	27	56	32	-1	-1	28	1
sm_80	210	624	1	63	27	56	32	-1	-1	28	1
sm_80	211	625	1	63	27	56	32	-1	-1	28	1
sm_80	212	626	1	63	27	56	32	-1	-1	28	1
sm_80	213	627	4	255	35	56	-1	-1	-1	39	4
sm_80	214	628	4	255	35	56	-1	-1	-1	39	4
sm_80	215	629	4	255	35	56	-1	-1	-1	39	4
sm_80	216	630	4	255	35	56	-1	-1	-1	39	4
sm_80	217	631	4	255	35	56	-1	-1	-1	39	4
sm_80	218	632	4	255	35	56	-1	-1	-1	39	4
sm_80	219	633	4	255	35	56	-1	-1	-1	39	4
sm_80	220	634	4	255	35	56	-1	-1	-1	39	4
sm_80	221	635	1	63	27	56	32	-1	-1	28	1
sm_80	222	636	1	63	27	56	32	-1	-1	28	1
sm_80	223	641	0	70	31	56	2	-1	-1	39	4
sm_80	224	642	0	70	31	56	2	-1	-1	39	4
sm_80	225	648	0	70	31	56	2	-1	-1	39	4
sm_80	226	663	4	255	35	56	-1	-1	-1	39	4
sm_80	227	670	0	70	31	56	2	-1	-1	39	4
sm_80	228	683	0	70	31	56	2	-1	-1	39	4
sm_80	229	684	0	70	31	56	2	-1	-1	39	4
sm_80	230	685	0	70	31	56	2	-1	-1	39	4
sm_80	231	688	0	70	31	56	2	-1	-1	39	4
sm_80	232	690	0	52	21	56	1	-1	-1	39	4
sm_80	233	691	0	70	31	56	2	-1	-1	39	4
sm_80	234	693	0	70	31	56	2	-1	-1	39	4
sm_80	235	694	0	70	31	56	2	-1	-1	39	4
sm_80	236	695	0	70	31	56	2	-1	-1	39	4
sm_80	237	697	0	52	21	56	1	-1	-1	39	4
sm_80	238	699	0	70	31	56	2	-1	-1	39	4
sm_80	239	700	0	70	31	56	2	-1	-1	39	4
sm_80	240	701	0	70	31	56	2	-1	-1	39	4
sm_80	241	702	0	70	31	56	2	-1	-1	39	4
sm_80	242	703	0	70	31	56	2	-1	-1	39	4
sm_80	243	704	0	70	31	56	2	-1	-1	39	4
sm_80	244	707	0	70	31	56	2	-1	-1	39	4
sm_80	245	713	0	70	31	56	2	-1	-1	39	4
sm_80	246	714	0	70	31	56	2	-1	-1	39	4
sm_80	247	715	0	70	31	56	2	-1	-1	39	4
sm_80	248	716	0	70	31	56	2	-1	-1	39	4
sm_80	249	755	0	22	2	56	2	-1	-1	39	4
sm_80	250	756	0	22	2	56	2	-1	-1	39	4
sm_80	251	763	0	22	2	56	2	-1	-1	39	4
sm_80	252	764	0	52	21	56	1	-1	-1	39	4
sm_80	253	769	1	28	5	56	4	-1	-1	5	1
sm_80	254	770	1	28	5	56	4	-1	-1	5	1
sm_80	255	771	1	28	5	56	4	-1	-1	5	1
sm_86	0	2	1	17	0	56	8	-1	-1	0	1
sm_86	1	3	1	17	0	56	8	-1	-1	33	2
sm_86	2	4	1	42	15	56	4	-1	-1	1	1
sm_86	3	5	1	42	15	56	4	-1	-1	1	1
sm_86	4	6	1	42	15	56	4	-1	-1	1	1
sm_86	5	7	1	42	15	56	4	-1	-1	2	3
sm_86	6	8	1	42	15	56	4	-1	-1	2	3
sm_86	7	9	1	42	15	56	4	-1	-1	1	1
sm_86	8	10	1	42	15	56	4	-1	-1	4	1
sm_86	9	11	1	17	0	56	8	-1	6	1	1
sm_86	10	12	1	17	0	56	8	-1	-1	1	1
sm_86	11	15	0	22	2	56	2	-1	-1	39	4
sm_86	12	16	0	20	19	32	8	-1	-1	39	4
sm_86	13	17	0	20	19	32	8	-1	-1	39	4
sm_86	14	18	0	21	19	34	16	-1	-1	39	4
sm_86	15	19	0	23	19	35	4	-1	-1	39	4
sm_86	16	20	1	28	5	56	4	-1	-1	33	2
sm_86	17	21	0	22	2	56	2	-1	-1	39	4
sm_86	18	22	1	28	5	56	4	-1	-1	5	1
sm_86	19	23	1	28	5	56	4	-1	-1	5	1
sm_86	20	24	0	52	21	56	1	-1	-1	39	4
sm_86	21	25	1	28	5	56	4	-1	-1	5	1
sm_86	22	26	1	28	5	56	4	-1	5	5	1
sm_86	23	27	1	28	5	56	4	-1	-1	5	1
sm_86	24	28	1	74	33	56	8	15	-1	36	1
sm_86	25	29	1	29	6	56	8	-1	-1	5	1
sm_86	26	30	1	28	5	56	4	-1	-1	5	1
sm_86	27	31	1	28	5	56	4	-1	-1	5	1
sm_86	28	32	1	28	5	56	4	-1	-1	5	1
sm_86	29	33	1	29	6	56	8	-1	-1	5	1
sm_86	30	34	1	42	15	56	4	-1	-1	33	2
sm_86	31	35	0	52	21	56	1	-1	8	39	4
sm_86	32	39	0	52	21	56	1	-1	11	39	4
sm_86	33	41	4	255	35	56	-1	-1	-1	39	4
sm_86	34	42	1	42	15	56	4	-1	-1	33	2
sm_86	35	43	1	63	27	56	32	-1	-1	33	2
sm_86	36	45	1	48	19	10	64	20	-1	18	1
sm_86	37	47	0	46	18	56	2	-1	-1	39	4
sm_86	38	48	0	22	2	56	2	-1	-1	39	4
sm_86	39	49	0	46	18	56	2	-1	-1	39	4
sm_86	40	51	0	22	2	56	2	-1	-1	39	4
sm_86	41	52	1	48	19	10	64	20	-1	18	1
sm_86	42	54	0	52	21	56	1	-1	4	39	4
sm_86	43	55	1	48	19	10	64	20	-1	18	1
sm_86	44	56	1	47	19	2	584	176	-1	17	1
sm_86	45	60	1	48	19	10	64	20	-1	18	1
sm_86	46	61	1	48	19	10	64	20	-1	18	1
sm_86	47	64	0	52	21	56	1	-1	-1	39	4
sm_86	48	65	1	28	5	56	4	-1	-1	5	1
sm_86	49	66	1	48	19	10	64	20	-1	38	1
sm_86	50	67	1	74	33	56	8	15	-1	36	1
sm_86	51	68	0	22	2	56	2	-1	-1	39	4
sm_86	52	69	1	48	19	10	64	20	-1	38	1
sm_86	53	70	1	74	33	56	8	15	-1	36	1
sm_86	54	71	0	22	2	56	2	-1	-1	39	4
sm_86	55	72	0	31	12	9	1	-1	-1	39	4
sm_86	56	74	0	31	12	9	1	-1	-1	39	4
sm_86	57	75	1	74	33	56	8	15	-1	36	1
sm_86	58	79	0	31	12	9	1	-1	-1	39	4
sm_86	59	81	0	31	12	9	1	-1	-1	39	4
sm_86	60	87	1	74	33	56	8	15	-1	36	1
sm_86	61	88	0	22	2	56	2	-1	-1	39	4
sm_86	62	90	0	31	12	9	1	-1	-1	39	4
sm_86	63	92	0	31	12	9	1	-1	-1	39	4
sm_86	64	93	1	63	27	56	32	-1	-1	11	1
sm_86	65	94	1	48	19	10	64	20	-1	38	1
sm_86	66	95	1	74	33	56	8	15	-1	36	1
sm_86	67	96	0	22	2	56	2	-1	-1	39	4
sm_86	68	97	0	22	2	56	2	-1	-1	39	4
sm_86	69	98	0	22	2	56	2	-1	-1	39	4
sm_86	70	99	0	30	12	8	2	-1	-1	39	4
sm_86	71	100	0	22	2	56	2	-1	-1	39	4
sm_86	72	101	0	22	2	56	2	-1	-1	39	4
sm_86	73	102	1	17	0	56	8	-1	-1	33	2
sm_86	74	103	0	33	12	13	2	-1	-1	39	4
sm_86	75	104	0	30	12	8	2	-1	-1	39	4
sm_86	76	105	0	33	12	13	2	-1	-1	39	4
sm_86	77	106	0	33	12	13	2	-1	-1	39	4
sm_86	78	107	0	33	12	13	2	-1	-1	39	4
sm_86	79	108	0	33	12	13	2	-1	-1	39	4
sm_86	80	111	0	15	19	20	16	-1	-1	39	4
sm_86	81	112	0	15	19	20	16	-1	-1	39	4
sm_86	82	113	0	17	19	24	8	-1	-1	39	4
sm_86	83	114	0	14	19	18	16	-1	-1	39	4
sm_86	84	115	0	16	19	22	8	-1	-1	39	4
sm_86	85	116	0	19	19	29	8	-1	-1	39	4
sm_86	86	117	0	15	19	20	16	-1	-1	39	4
sm_86	87	118	0	14	19	18	16	-1	-1	39	4
sm_86	88	119	0	18	19	27	8	-1	-1	39	4
sm_86	89	120	0	22	2	56	2	-1	-1	39	4
sm_86	90	121	0	33	12	13	2	-1	-1	39	4
sm_86	91	122	0	33	12	13	2	-1	-1	39	4
sm_86	92	123	0	22	2	56	2	-1	-1	39	4
sm_86	93	124	0	22	2	56	2	-1	-1	39	4
sm_86	94	125	1	48	19	10	64	20	-1	38	1
sm_86	95	126	1	74	33	56	8	15	-1	36	1
sm_86	96	127	0	22	2	56	2	-1	-1	39	4
sm_86	97	128	0	22	2	56	2	-1	-1	39	4
sm_86	98	129	0	22	2	56	2	-1	-1	39	4
sm_86	99	130	0	22	2	56	2	-1	-1	39	4
sm_86	100	131	0	22	2	56	2	-1	-1	39	4
sm_86	101	140	0	22	2	56	2	-1	-1	39	4
sm_86	102	141	0	22	2	56	2	-1	-1	39	4
sm_86	103	142	0	52	21	56	1	-1	4	39	4
sm_86	104	143	0	30	12	8	2	-1	-1	39	4
sm_86	105	144	0	30	12	8	2	-1	-1	39	4
sm_86	106	147	0	30	12	8	2	-1	-1	39	4
sm_86	107	148	0	32	12	12	4	-1	-1	39	4
sm_86	108	149	0	32	12	12	4	-1	-1	39	4
sm_86	109	150	0	32	12	12	4	-1	-1	39	4
sm_86	110	151	0	32	12	12	4	-1	-1	39	4
sm_86	111	152	0	32	12	12	4	-1	-1	39	4
sm_86	112	153	0	32	12	12	4	-1	-1	39	4
sm_86	113	154	0	32	12	12	4	-1	-1	39	4
sm_86	114	155	0	20	19	32	8	-1	-1	39	4
sm_86	115	156	0	21	19	34	16	-1	-1	39	4
sm_86	116	157	0	23	19	37	8	-1	-1	39	4
sm_86	117	158	0	25	19	39	4	-1	-1	39	4
sm_86	118	159	0	20	19	32	8	-1	-1	39	4
sm_86	119	160	0	21	19	34	16	-1	-1	39	4
sm_86	120	161	0	23	19	35	4	-1	-1	39	4
sm_86	121	162	0	22	2	56	2	-1	-1	39	4
sm_86	122	166	0	30	12	8	2	-1	-1	39	4
sm_86	123	167	0	32	12	12	4	-1	-1	39	4
sm_86	124	168	0	30	12	8	2	-1	-1	39	4
sm_86	125	169	0	32	12	12	4	-1	-1	39	4
sm_86	126	170	1	34	13	56	8	27	-1	14	1
sm_86	127	171	1	42	15	56	4	-1	-1	1	1
sm_86	128	172	1	42	15	56	4	-1	-1	1	1
sm_86	129	173	0	22	2	56	2	-1	-1	39	4
sm_86	130	174	0	22	2	56	2	-1	-1	39	4
sm_86	131	175	0	22	2	56	2	-1	-1	39	4
sm_86	132	179	1	28	5	56	4	-1	-1	5	1
sm_86	133	180	1	28	5	56	4	-1	5	5	1
sm_86	134	181	1	29	6	56	8	-1	-1	5	1
sm_86	135	182	1	28	5	56	4	-1	-1	5	1
sm_86	136	183	1	28	5	56	4	-1	-1	5	1
sm_86	137	184	1	42	15	56	4	-1	-1	2	3
sm_86	138	185	1	17	0	56	8	-1	-1	33	2
sm_86	139	187	1	42	15	56	4	-1	-1	2	3
sm_86	140	188	1	42	15	56	4	-1	-1	16	0
sm_86	141	190	1	42	15	56	4	-1	-1	2	3
sm_86	142	191	1	42	15	56	4	-1	-1	2	3
sm_86	143	192	1	42	15	56	4	-1	-1	1	1
sm_86	144	193	1	42	15	56	4	-1	-1	1	1
sm_86	145	196	1	42	15	56	4	-1	-1	1	1
sm_86	146	197	0	22	2	56	2	-1	-1	39	4
sm_86	147	198	0	46	18	56	2	-1	-1	39	4
sm_86	148	199	0	22	2	56	2	-1	-1	39	4
sm_86	149	200	0	22	2	56	2	-1	-1	39	4
sm_86	150	201	0	22	2	56	2	-1	-1	39	4
sm_86	151	202	1	17	0	56	8	-1	-1	33	2
sm_86	152	203	1	43	16	56	32	-1	6	33	2
sm_86	153	526	0	22	2	56	2	-1	-1	39	4
sm_86	154	530	0	22	2	56	2	-1	-1	39	4
sm_86	155	532	1	42	15	56	4	-1	-1	1	1
sm_86	156	533	1	74	33	56	8	15	-1	36	1
sm_86	157	540	1	28	5	56	4	-1	-1	5	1
sm_86	158	541	1	28	5	56	4	-1	-1	5	1
sm_86	159	542	1	28	5	56	4	-1	-1	33	2
sm_86	160	543	1	28	5	56	4	-1	-1	33	2
sm_86	161	544	0	52	21	56	1	-1	-1	39	4
sm_86	162	547	1	42	15	56	4	-1	-1	1	1
sm_86	163	548	1	42	15	56	4	-1	-1	1	1
sm_86	164	549	0	22	2	56	2	-1	-1	39	4
sm_86	165	550	1	34	13	56	8	27	-1	1	1
sm_86	166	551	0	22	2	56	2	-1	-1	39	4
sm_86	167	552	0	52	21	56	1	-1	-1	39	4
sm_86	168	553	1	74	33	56	8	15	-1	36	1
sm_86	169	555	0	22	2	56	2	-1	-1	39	4
sm_86	170	556	0	22	2	56	2	-1	-1	39	4
sm_86	171	561	4	255	35	56	-1	-1	-1	39	4
sm_86	172	562	4	255	35	56	-1	-1	-1	39	4
sm_86	173	563	4	255	35	56	-1	-1	-1	39	4
sm_86	174	566	4	255	35	56	-1	-1	-1	39	4
sm_86	175	567	4	255	35	56	-1	-1	-1	39	4
sm_86	176	569	1	42	15	56	4	-1	-1	1	1
sm_86	177	570	1	42	15	56	4	-1	-1	4	1
sm_86	178	571	0	22	2	56	2	-1	-1	39	4
sm_86	179	572	1	17	0	56	8	-1	-1	22	1
sm_86	180	573	1	42	15	56	4	-1	-1	1	1
sm_86	181	576	1	26	20	56	8	25	-1	20	1
sm_86	182	577	1	29	6	56	8	-1	-1	5	1
sm_86	183	578	0	46	18	56	2	-1	6	39	4
sm_86	184	579	0	22	2	56	2	-1	6	39	4
sm_86	185	580	0	22	2	56	2	-1	-1	39	4
sm_86	186	581	0	46	18	56	2	-1	6	39	4
sm_86	187	582	1	28	5	56	4	-1	-1	5	1
sm_86	188	583	1	42	15	56	4	-1	-1	33	2
sm_86	189	584	1	17	0	56	8	-1	-1	22	1
sm_86	190	585	0	22	2	56	2	-1	-1	39	4
sm_86	191	586	0	22	2	56	2	-1	-1	39	4
sm_86	192	590	1	17	0	56	8	-1	-1	0	1
sm_86	193	591	1	17	0	56	8	-1	-1	0	1
sm_86	194	592	0	22	2	56	2	-1	-1	39	4
sm_86	195	593	0	22	2	56	2	-1	-1	39	4
sm_86	196	594	1	42	15	56	4	-1	-1	1	1
sm_86	197	595	0	22	2	56	2	-1	-1	39	4
sm_86	198	596	0	22	2	56	2	-1	-1	39	4
sm_86	199	598	0	22	2	56	2	-1	-1	39	4
sm_86	200	599	1	42	15	56	4	-1	-1	1	1
sm_86	201	601	1	42	15	56	4	-1	-1	1	1
sm_86	202	602	1	42	15	56	4	-1	-1	1	1
sm_86	203	603	1	42	15	56	4	-1	-1	1	1
sm_86	204	607	1	63	27	56	32	-1	-1	23	1
sm_86	205	608	1	63	27	56	32	-1	-1	28	1
sm_86	206	609	1	63	27	56	32	-1	-1	28	1
sm_86	207	610	1	63	27	56	32	-1	-1	24	1
sm_86	208	611	1	63	27	56	32	-1	-1	24	1
sm_86	209	623	1	63	27	56	32	-1	-1	28	1
sm_86	210	624	1	63	27	56	32	-1	-1	28	1
sm_86	211	625	1	63	27	56	32	-1	-1	28	1
sm_86	212	626	1	63	27	56	32	-1	-1	28	1
sm_86	213	627	1	62	30	56	32	-1	-1	32	3
sm_86	214	628	1	62	30	56	32	-1	2	32	3
sm_86	215	629	1	62	30	56	32	-1	-1	32	3
sm_86	216	630	1	62	30	56	32	-1	-1	32	3
sm_86	217	631	1	62	30	56	32	-1	2	32	3
sm_86	218	632	0	52	21	56	1	-1	4	39	4
sm_86	219	633	1	62	30	56	32	-1	6	32	3
sm_86	220	634	1	62	30	56	32	-1	-1	32	3
sm_86	221	635	1	63	27	56	32	-1	-1	28	1
sm_86	222	636	1	63	27	56	32	-1	-1	28	1
sm_86	223	641	0	70	31	56	2	-1	-1	39	4
sm_86	224	642	0	70	31	56	2	-1	-1	39	4
sm_86	225	648	0	70	31	56	2	-1	-1	39	4
sm_86	226	663	0	70	31	56	2	-1	-1	39	4
sm_86	227	670	0	70	31	56	2	-1	-1	39	4
sm_86	228	683	0	70	31	56	2	-1	-1	39	4
sm_86	229	684	0	70	31	56	2	-1	-1	39	4
sm_86	230	685	0	70	31	56	2	-1	-1	39	4
sm_86	231	688	0	70	31	56	2	-1	-1	39	4
sm_86	232	690	0	52	21	56	1	-1	-1	39	4
sm_86	233	691	0	70	31	56	2	-1	-1	39	4
sm_86	234	693	0	70	31	56	2	-1	-1	39	4
sm_86	235	694	0	70	31	56	2	-1	-1	39	4
sm_86	236	695	0	70	31	56	2	-1	-1	39	4
sm_86	237	697	0	52	21	56	1	-1	-1	39	4
sm_86	238	699	0	70	31	56	2	-1	-1	39	4
sm_86	239	700	0	70	31	56	2	-1	-1	39	4
sm_86	240	701	0	70	31	56	2	-1	-1	39	4
sm_86	241	702	0	70	31	56	2	-1	-1	39	4
sm_86	242	703	0	70	31	56	2	-1	-1	39	4
sm_86	243	704	0	70	31	56	2	-1	-1	39	4
sm_86	244	707	0	70	31	56	2	-1	-1	39	4
sm_86	245	713	0	70	31	56	2	-1	-1	39	4
sm_86	246	714	0	70	31	56	2	-1	-1	39	4
sm_86	247	715	0	70	31	56	2	-1	-1	39	4
sm_86	248	716	0	70	31	56	2	-1	-1	39	4
sm_86	249	755	0	22	2	56	2	-1	-1	39	4
sm_86	250	756	0	22	2	56	2	-1	-1	39	4
sm_86	251	763	0	22	2	56	2	-1	-1	39	4
sm_86	252	764	0	52	21	56	1	-1	-1	39	4
sm_86	253	769	1	28	5	56	4	-1	-1	5	1
sm_86	254	770	1	28	5	56	4	-1	-1	5	1
sm_86	255	771	1	28	5	56	4	-1	-1	5	1
sm_89	0	2	1	17	0	56	8	-1	-1	0	1
sm_89	1	3	1	17	0	56	8	-1	-1	33	2
sm_89	2	4	1	42	15	56	4	-1	-1	1	1
sm_89	3	5	1	42	15	56	4	-1	-1	1	1
sm_89	4	6	1	42	15	56	4	-1	-1	1	1
sm_89	5	7	1	42	15	56	4	-1	-1	2	3
sm_89	6	8	1	42	15	56	4	-1	-1	2	3
sm_89	7	9	1	42	15	56	4	-1	-1	1	1
sm_89	8	10	1	42	15	56	4	-1	-1	4	1
sm_89	9	11	1	17	0	56	8	-1	6	1	1
sm_89	10	12	1	17	0	56	8	-1	-1	1	1
sm_89	11	15	0	22	2	56	2	-1	-1	39	4
sm_89	12	16	0	21	19	31	4	-1	-1	39	4
sm_89	13	17	0	21	19	31	4	-1	-1	39	4
sm_89	14	18	0	22	19	33	8	-1	-1	39	4
sm_89	15	19	0	23	19	35	4	-1	-1	39	4
sm_89	16	20	1	28	5	56	4	-1	-1	33	2
sm_89	17	21	0	22	2	56	2	-1	-1	39	4
sm_89	18	22	1	28	5	56	4	-1	-1	5	1
sm_89	19	23	1	28	5	56	4	-1	-1	5	1
sm_89	20	24	0	52	21	56	1	-1	-1	39	4
sm_89	21	25	1	28	5	56	4	-1	-1	5	1
sm_89	22	26	1	28	5	56	4	-1	5	5	1
sm_89	23	27	1	28	5	56	4	-1	-1	5	1
sm_89	24	28	1	74	33	56	8	15	-1	36	1
sm_89	25	29	1	29	6	56	8	-1	-1	5	1
sm_89	26	30	1	28	5	56	4	-1	-1	5	1
sm_89	27	31	1	28	5	56	4	-1	-1	5	1
sm_89	28	32	1	28	5	56	4	-1	-1	5	1
sm_89	29	33	1	29	6	56	8	-1	-1	5	1
sm_89	30	34	1	42	15	56	4	-1	-1	33	2
sm_89	31	35	0	52	21	56	1	-1	8	39	4
sm_89	32	39	0	52	21	56	1	-1	11	39	4
sm_89	33	41	4	255	35	56	-1	-1	-1	39	4
sm_89	34	42	1	42	15	56	4	-1	-1	33	2
sm_89	35	43	1	63	27	56	32	-1	-1	33	2
sm_89	36	45	1	48	19	10	64	20	-1	18	1
sm_89	37	47	0	46	18	56	2	-1	-1	39	4
sm_89	38	48	0	22	2	56	2	-1	-1	39	4
sm_89	39	49	0	46	18	56	2	-1	-1	39	4
sm_89	40	51	0	22	2	56	2	-1	-1	39	4
sm_89	41	52	1	48	19	10	64	20	-1	18	1
sm_89	42	54	0	52	21	56	1	-1	4	39	4
sm_89	43	55	1	48	19	10	64	20	-1	18	1
sm_89	44	56	1	47	19	2	584	176	-1	17	1
sm_89	45	60	1	48	19	10	64	20	-1	18	1
sm_89	46	61	1	48	19	10	64	20	-1	18	1
sm_89	47	64	0	52	21	56	1	-1	-1	39	4
sm_89	48	65	1	28	5	56	4	-1	-1	5	1
sm_89	49	66	1	48	19	10	64	20	-1	38	1
sm_89	50	67	1	74	33	56	8	15	-1	36	1
sm_89	51	68	0	22	2	56	2	-1	-1	39	4
sm_89	52	69	1	48	19	10	64	20	-1	38	1
sm_89	53	70	1	74	33	56	8	15	-1	36	1
sm_89	54	71	0	22	2	56	2	-1	-1	39	4
sm_89	55	72	0	31	12	9	1	-1	-1	39	4
sm_89	56	74	0	31	12	9	1	-1	-1	39	4
sm_89	57	75	1	74	33	56	8	15	-1	36	1
sm_89	58	79	0	31	12	9	1	-1	-1	39	4
sm_89	59	81	0	31	12	9	1	-1	-1	39	4
sm_89	60	87	1	74	33	56	8	15	-1	36	1
sm_89	61	88	0	22	2	56	2	-1	-1	39	4
sm_89	62	90	0	31	12	9	1	-1	-1	39	4
sm_89	63	92	0	31	12	9	1	-1	-1	39	4
sm_89	64	93	1	63	27	56	32	-1	-1	11	1
sm_89	65	94	1	48	19	10	64	20	-1	38	1
sm_89	66	95	1	74	33	56	8	15	-1	36	1
sm_89	67	96	0	22	2	56	2	-1	-1	39	4
sm_89	68	97	0	22	2	56	2	-1	-1	39	4
sm_89	69	98	0	22	2	56	2	-1	-1	39	4
sm_89	70	99	0	30	12	8	2	-1	-1	39	4
sm_89	71	100	0	22	2	56	2	-1	-1	39	4
sm_89	72	101	0	22	2	56	2	-1	-1	39	4
sm_89	73	102	1	17	0	56	8	-1	-1	33	2
sm_89	74	103	0	33	12	13	2	-1	-1	39	4
sm_89	75	104	0	30	12	8	2	-1	-1	39	4
sm_89	76	105	0	33	12	13	2	-1	-1	39	4
sm_89	77	106	0	33	12	13	2	-1	-1	39	4
sm_89	78	107	0	14	19	15	2	-1	-1	39	4
sm_89	79	108	0	33	12	13	2	-1	-1	39	4
sm_89	80	111	0	16	19	19	8	-1	-1	39	4
sm_89	81	112	0	16	19	19	8	-1	-1	39	4
sm_89	82	113	0	18	19	23	4	-1	-1	39	4
sm_89	83	114	0	15	19	17	8	-1	-1	39	4
sm_89	84	115	0	17	19	21	4	-1	-1	39	4
sm_89	85	116	0	20	19	28	6	-1	-1	39	4
sm_89	86	117	0	16	19	19	8	-1	-1	39	4
sm_89	87	118	0	15	19	17	8	-1	-1	39	4
sm_89	88	119	0	19	19	26	6	-1	-1	39	4
sm_89	89	120	0	22	2	56	2	-1	-1	39	4
sm_89	90	121	0	33	12	13	2	-1	-1	39	4
sm_89	91	122	0	33	12	13	2	-1	-1	39	4
sm_89	92	123	0	22	2	56	2	-1	-1	39	4
sm_89	93	124	0	22	2	56	2	-1	-1	39	4
sm_89	94	125	1	48	19	10	64	20	-1	38	1
sm_89	95	126	1	74	33	56	8	15	-1	36	1
sm_89	96	127	0	22	2	56	2	-1	-1	39	4
sm_89	97	128	0	22	2	56	2	-1	-1	39	4
sm_89	98	129	0	22	2	56	2	-1	-1	39	4
sm_89	99	130	0	22	2	56	2	-1	-1	39	4
sm_89	100	131	0	22	2	56	2	-1	-1	39	4
sm_89	101	140	0	22	2	56	2	-1	-1	39	4
sm_89	102	141	0	22	2	56	2	-1	-1	39	4
sm_89	103	142	0	52	21	56	1	-1	4	39	4
sm_89	104	143	0	30	12	8	2	-1	-1	39	4
sm_89	105	144	0	30	12	8	2	-1	-1	39	4
sm_89	106	147	0	30	12	8	2	-1	-1	39	4
sm_89	107	148	0	32	12	12	4	-1	-1	39	4
sm_89	108	149	0	32	12	12	4	-1	-1	39	4
sm_89	109	150	0	32	12	12	4	-1	-1	39	4
sm_89	110	151	0	32	12	12	4	-1	-1	39	4
sm_89	111	152	0	32	12	12	4	-1	-1	39	4
sm_89	112	153	0	32	12	12	4	-1	-1	39	4
sm_89	113	154	0	32	12	12	4	-1	-1	39	4
sm_89	114	155	0	21	19	31	4	-1	-1	39	4
sm_89	115	156	0	22	19	33	8	-1	-1	39	4
sm_89	116	157	0	24	19	36	6	-1	-1	39	4
sm_89	117	158	0	25	19	39	4	-1	-1	39	4
sm_89	118	159	0	21	19	31	4	-1	-1	39	4
sm_89	119	160	0	22	19	33	8	-1	-1	39	4
sm_89	120	161	0	23	19	35	4	-1	-1	39	4
sm_89	121	162	0	22	2	56	2	-1	-1	39	4
sm_89	122	166	0	30	12	8	2	-1	-1	39	4
sm_89	123	167	0	32	12	12	4	-1	-1	39	4
sm_89	124	168	0	30	12	8	2	-1	-1	39	4
sm_89	125	169	0	32	12	12	4	-1	-1	39	4
sm_89	126	170	1	34	13	56	8	27	-1	14	1
sm_89	127	171	1	42	15	56	4	-1	-1	1	1
sm_89	128	172	1	42	15	56	4	-1	-1	1	1
sm_89	129	173	0	22	2	56	2	-1	-1	39	4
sm_89	130	174	0	22	2	56	2	-1	-1	39	4
sm_89	131	175	0	22	2	56	2	-1	-1	39	4
sm_89	132	179	1	28	5	56	4	-1	-1	5	1
sm_89	133	180	1	28	5	56	4	-1	5	5	1
sm_89	134	181	1	29	6	56	8	-1	-1	5	1
sm_89	135	182	1	28	5	56	4	-1	-1	5	1
sm_89	136	183	1	28	5	56	4	-1	-1	5	1
sm_89	137	184	1	42	15	56	4	-1	-1	2	3
sm_89	138	185	1	17	0	56	8	-1	-1	33	2
sm_89	139	187	1	42	15	56	4	-1	-1	2	3
sm_89	140	188	1	42	15	56	4	-1	-1	16	0
sm_89	141	190	1	42	15	56	4	-1	-1	2	3
sm_89	142	191	1	42	15	56	4	-1	-1	2	3
sm_89	143	192	1	42	15	56	4	-1	-1	1	1
sm_89	144	193	1	42	15	56	4	-1	-1	1	1
sm_89	145	196	1	42	15	56	4	-1	-1	1	1
sm_89	146	197	0	22	2	56	2	-1	-1	39	4
sm_89	147	198	0	46	18	56	2	-1	-1	39	4
sm_89	148	199	0	22	2	56	2	-1	-1	39	4
sm_89	149	200	0	22	2	56	2	-1	-1	39	4
sm_89	150	201	0	22	2	56	2	-1	-1	39	4
sm_89	151	202	1	17	0	56	8	-1	-1	33	2
sm_89	152	203	1	43	16	56	32	-1	6	33	2
sm_89	153	526	0	22	2	56	2	-1	-1	39	4
sm_89	154	530	0	22	2	56	2	-1	-1	39	4
sm_89	155	532	1	42	15	56	4	-1	-1	1	1
sm_89	156	533	1	74	33	56	8	15	-1	36	1
sm_89	157	540	1	28	5	56	4	-1	-1	5	1
sm_89	158	541	1	28	5	56	4	-1	-1	5	1
sm_89	159	542	1	28	5	56	4	-1	-1	33	2
sm_89	160	543	1	28	5	56	4	-1	-1	33	2
sm_89	161	544	0	52	21	56	1	-1	-1	39	4
sm_89	162	547	1	42	15	56	4	-1	-1	1	1
sm_89	163	548	1	42	15	56	4	-1	-1	1	1
sm_89	164	549	0	22	2	56	2	-1	-1	39	4
sm_89	165	550	1	34	13	56	8	27	-1	1	1
sm_89	166	551	0	22	2	56	2	-1	-1	39	4
sm_89	167	552	0	52	21	56	1	-1	-1	39	4
sm_89	168	553	1	74	33	56	8	15	-1	36	1
sm_89	169	555	0	22	2	56	2	-1	-1	39	4
sm_89	170	556	0	22	2	56	2	-1	-1	39	4
sm_89	171	561	4	255	35	56	-1	-1	-1	39	4
sm_89	172	562	4	255	35	56	-1	-1	-1	39	4
sm_89	173	563	4	255	35	56	-1	-1	-1	39	4
sm_89	174	566	4	255	35	56	-1	-1	-1	39	4
sm_89	175	567	4	255	35	56	-1	-1	-1	39	4
sm_89	176	569	1	42	15	56	4	-1	-1	1	1
sm_89	177	570	1	42	15	56	4	-1	-1	4	1
sm_89	178	571	0	22	2	56	2	-1	-1	39	4
sm_89	179	572	1	17	0	56	8	-1	-1	22	1
sm_89	180	573	1	42	15	56	4	-1	-1	1	1
sm_89	181	576	1	26	20	56	8	25	-1	20	1
sm_89	182	577	1	29	6	56	8	-1	-1	5	1
sm_89	183	578	0	46	18	56	2	-1	6	39	4
sm_89	184	579	0	22	2	56	2	-1	6	39	4
sm_89	185	580	0	22	2	56	2	-1	-1	39	4
sm_89	186	581	0	46	18	56	2	-1	6	39	4
sm_89	187	582	1	28	5	56	4	-1	-1	5	1
sm_89	188	583	1	42	15	56	4	-1	-1	33	2
sm_89	189	584	1	17	0	56	8	-1	-1	22	1
sm_89	190	585	0	22	2	56	2	-1	-1	39	4
sm_89	191	586	0	22	2	56	2	-1	-1	39	4
sm_89	192	590	1	17	0	56	8	-1	-1	0	1
sm_89	193	591	1	17	0	56	8	-1	-1	0	1
sm_89	194	592	0	22	2	56	2	-1	-1	39	4
sm_89	195	593	0	22	2	56	2	-1	-1	39	4
sm_89	196	594	1	42	15	56	4	-1	-1	1	1
sm_89	197	595	0	22	2	56	2	-1	-1	39	4
sm_89	198	596	0	22	2	56	2	-1	-1	39	4
sm_89	199	598	0	22	2	56	2	-1	-1	39	4
sm_89	200	599	1	42	15	56	4	-1	-1	1	1
sm_89	201	601	1	42	15	56	4	-1	-1	1	1
sm_89	202	602	1	42	15	56	4	-1	-1	1	1
sm_89	203	603	1	42	15	56	4	-1	-1	1	1
sm_89	204	607	1	63	27	56	32	-1	-1	23	1
sm_89	205	608	1	63	27	56	32	-1	-1	28	1
sm_89	206	609	1	63	27	56	32	-1	-1	28	1
sm_89	207	610	1	63	27	56	32	-1	-1	24	1
sm_89	208	611	1	63	27	56	32	-1	-1	24	1
sm_89	209	623	1	63	27	56	32	-1	-1	28	1
sm_89	210	624	1	63	27	56	32	-1	-1	28	1
sm_89	211	625	1	63	27	56	32	-1	-1	28	1
sm_89	212	626	1	63	27	56	32	-1	-1	28	1
sm_89	213	627	1	62	30	56	32	-1	-1	32	3
sm_89	214	628	1	62	30	56	32	-1	2	32	3
sm_89	215	629	1	62	30	56	32	-1	-1	32	3
sm_89	216	630	1	62	30	56	32	-1	-1	32	3
sm_89	217	631	1	62	30	56	32	-1	2	32	3
sm_89	218	632	0	52	21	56	1	-1	4	39	4
sm_89	219	633	1	62	30	56	32	-1	6	32	3
sm_89	220	634	1	62	30	56	32	-1	-1	32	3
sm_89	221	635	1	63	27	56	32	-1	-1	28	1
sm_89	222	636	1	63	27	56	32	-1	-1	28	1
sm_89	223	641	0	70	31	56	2	-1	-1	39	4
sm_89	224	642	0	70	31	56	2	-1	-1	39	4
sm_89	225	648	0	70	31	56	2	-1	-1	39	4
sm_89	226	663	0	70	31	56	2	-1	-1	39	4
sm_89	227	670	0	70	31	56	2	-1	-1	39	4
sm_89	228	683	0	70	31	56	2	-1	-1	39	4
sm_89	229	684	0	70	31	56	2	-1	-1	39	4
sm_89	230	685	0	70	31	56	2	-1	-1	39	4
sm_89	231	688	0	70	31	56	2	-1	-1	39	4
sm_89	232	690	0	52	21	56	1	-1	-1	39	4
sm_89	233	691	0	70	31	56	2	-1	-1	39	4
sm_89	234	693	0	70	31	56	2	-1	-1	39	4
sm_89	235	694	0	70	31	56	2	-1	-1	39	4
sm_89	236	695	0	70	31	56	2	-1	-1	39	4
sm_89	237	697	0	52	21	56	1	-1	-1	39	4
sm_89	238	699	0	70	31	56	2	-1	-1	39	4
sm_89	239	700	0	70	31	56	2	-1	-1	39	4
sm_89	240	701	0	70	31	56	2	-1	-1	39	4
sm_89	241	702	0	70	31	56	2	-1	-1	39	4
sm_89	242	703	0	70	31	56	2	-1	-1	39	4
sm_89	243	704	0	70	31	56	2	-1	-1	39	4
sm_89	244	707	0	70	31	56	2	-1	-1	39	4
sm_89	245	713	0	70	31	56	2	-1	-1	39	4
sm_89	246	714	0	70	31	56	2	-1	-1	39	4
sm_89	247	715	0	70	31	56	2	-1	-1	39	4
sm_89	248	716	0	70	31	56	2	-1	-1	39	4
sm_89	249	755	0	22	2	56	2	-1	-1	39	4
sm_89	250	756	0	22	2	56	2	-1	-1	39	4
sm_89	251	763	0	22	2	56	2	-1	-1	39	4
sm_89	252	764	0	52	21	56	1	-1	-1	39	4
sm_89	253	769	1	28	5	56	4	-1	-1	5	1
sm_89	254	770	1	28	5	56	4	-1	-1	5	1
sm_89	255	771	1	28	5	56	4	-1	-1	5	1
sm_90	0	2	1	17	0	56	8	-1	-1	0	1
sm_90	1	3	1	17	0	56	8	-1	-1	33	2
sm_90	2	4	1	42	15	56	4	-1	-1	1	1
sm_90	3	5	1	42	15	56	4	-1	-1	1	1
sm_90	4	6	1	42	15	56	4	-1	-1	1	1
sm_90	5	7	1	42	15	56	4	-1	-1	2	3
sm_90	6	8	1	42	15	56	4	-1	-1	2	3
sm_90	7	9	1	42	15	56	4	-1	-1	1	1
sm_90	8	10	1	42	15	56	4	-1	-1	4	1
sm_90	9	11	1	17	0	56	8	-1	6	1	1
sm_90	10	12	1	17	0	56	8	-1	-1	1	1
sm_90	11	15	0	22	2	56	2	-1	-1	39	4
sm_90	12	16	0	20	19	32	8	-1	-1	39	4
sm_90	13	17	0	20	19	32	8	-1	-1	39	4
sm_90	14	18	0	21	19	34	16	-1	-1	39	4
sm_90	15	19	0	23	19	35	4	-1	-1	39	4
sm_90	16	20	1	28	5	56	4	-1	-1	33	2
sm_90	17	21	0	22	2	56	2	-1	-1	39	4
sm_90	18	22	1	28	5	56	4	-1	-1	5	1
sm_90	19	23	1	28	5	56	4	-1	-1	5	1
sm_90	20	24	0	52	21	56	1	-1	-1	39	4
sm_90	21	25	1	28	5	56	4	-1	-1	5	1
sm_90	22	26	1	28	5	56	4	-1	5	5	1
sm_90	23	27	1	28	5	56	4	-1	-1	5	1
sm_90	24	28	1	74	33	56	8	15	-1	36	1
sm_90	25	29	1	29	6	56	8	-1	-1	5	1
sm_90	26	30	1	28	5	56	4	-1	-1	5	1
sm_90	27	31	1	28	5	56	4	-1	-1	5	1
sm_90	28	32	1	28	5	56	4	-1	-1	5	1
sm_90	29	33	1	29	6	56	8	-1	-1	5	1
sm_90	30	34	1	42	15	56	4	-1	-1	33	2
sm_90	31	35	0	52	21	56	1	-1	8	39	4
sm_90	32	39	0	52	21	56	1	-1	11	39	4
sm_90	33	41	4	255	35	56	-1	-1	-1	39	4
sm_90	34	42	1	42	15	56	4	-1	-1	33	2
sm_90	35	43	1	63	27	56	32	-1	-1	33	2
sm_90	36	45	1	48	19	10	64	20	-1	18	1
sm_90	37	47	0	46	18	56	2	-1	-1	39	4
sm_90	38	48	0	22	2	56	2	-1	-1	39	4
sm_90	39	49	0	46	18	56	2	-1	-1	39	4
sm_90	40	51	0	22	2	56	2	-1	-1	39	4
sm_90	41	52	1	48	19	10	64	20	-1	18	1
sm_90	42	54	0	52	21	56	1	-1	4	39	4
sm_90	43	55	1	48	19	10	64	20	-1	18	1
sm_90	44	56	1	47	19	2	584	176	-1	17	1
sm_90	45	60	1	48	19	10	64	20	-1	18	1
sm_90	46	61	1	48	19	10	64	20	-1	18	1
sm_90	47	64	0	52	21	56	1	-1	-1	39	4
sm_90	48	65	1	28	5	56	4	-1	-1	5	1
sm_90	49	66	1	48	19	10	64	20	-1	38	1
sm_90	50	67	1	74	33	56	8	15	-1	36	1
sm_90	51	68	0	22	2	56	2	-1	-1	39	4
sm_90	52	69	1	48	19	10	64	20	-1	38	1
sm_90	53	70	1	74	33	56	8	15	-1	36	1
sm_90	54	71	0	22	2	56	2	-1	-1	39	4
sm_90	55	72	0	31	12	9	1	-1	-1	39	4
sm_90	56	74	0	31	12	9	1	-1	-1	39	4
sm_90	57	75	1	74	33	56	8	15	-1	36	1
sm_90	58	79	0	31	12	9	1	-1	-1	39	4
sm_90	59	81	0	31	12	9	1	-1	-1	39	4
sm_90	60	87	1	74	33	56	8	15	-1	36	1
sm_90	61	88	0	22	2	56	2	-1	-1	39	4
sm_90	62	90	0	31	12	9	1	-1	-1	39	4
sm_90	63	92	0	31	12	9	1	-1	-1	39	4
sm_90	64	93	1	63	27	56	32	-1	-1	11	1
sm_90	65	94	1	48	19	10	64	20	-1	38	1
sm_90	66	95	1	74	33	56	8	15	-1	36	1
sm_90	67	96	0	22	2	56	2	-1	-1	39	4
sm_90	68	97	0	22	2	56	2	-1	-1	39	4
sm_90	69	98	0	22	2	56	2	-1	-1	39	4
sm_90	70	99	0	30	12	8	2	-1	-1	39	4
sm_90	71	100	0	22	2	56	2	-1	-1	39	4
sm_90	72	101	0	22	2	56	2	-1	-1	39	4
sm_90	73	102	1	17	0	56	8	-1	-1	33	2
sm_90	74	103	0	33	12	13	2	-1	-1	39	4
sm_90	75	104	0	30	12	8	2	-1	-1	39	4
sm_90	76	105	0	33	12	13	2	-1	-1	39	4
sm_90	77	106	0	33	12	13	2	-1	-1	39	4
sm_90	78	107	0	33	12	13	2	-1	-1	39	4
sm_90	79	108	0	33	12	13	2	-1	-1	39	4
sm_90	80	111	0	15	19	20	16	-1	-1	39	4
sm_90	81	112	0	15	19	20	16	-1	-1	39	4
sm_90	82	113	0	17	19	24	8	-1	-1	39	4
sm_90	83	114	0	14	19	18	16	-1	-1	39	4
sm_90	84	115	0	16	19	22	8	-1	-1	39	4
sm_90	85	116	0	19	19	29	8	-1	-1	39	4
sm_90	86	117	0	15	19	20	16	-1	-1	39	4
sm_90	87	118	0	14	19	18	16	-1	-1	39	4
sm_90	88	119	0	18	19	27	8	-1	-1	39	4
sm_90	89	120	0	22	2	56	2	-1	-1	39	4
sm_90	90	121	0	33	12	13	2	-1	-1	39	4
sm_90	91	122	0	33	12	13	2	-1	-1	39	4
sm_90	92	123	0	22	2	56	2	-1	-1	39	4
sm_90	93	124	0	22	2	56	2	-1	-1	39	4
sm_90	94	125	1	48	19	10	64	20	-1	38	1
sm_90	95	126	1	74	33	56	8	15	-1	36	1
sm_90	96	127	0	22	2	56	2	-1	-1	39	4
sm_90	97	128	0	22	2	56	2	-1	-1	39	4
sm_90	98	129	0	22	2	56	2	-1	-1	39	4
sm_90	99	130	0	22	2	56	2	-1	-1	39	4
sm_90	100	131	0	22	2	56	2	-1	-1	39	4
sm_90	101	140	0	22	2	56	2	-1	-1	39	4
sm_90	102	141	0	22	2	56	2	-1	-1	39	4
sm_90	103	142	0	52	21	56	1	-1	4	39	4
sm_90	104	143	0	30	12	8	2	-1	-1	39	4
sm_90	105	144	0	30	12	8	2	-1	-1	39	4
sm_90	106	147	0	30	12	8	2	-1	-1	39	4
sm_90	107	148	0	32	12	12	4	-1	-1	39	4
sm_90	108	149	0	32	12	12	4	-1	-1	39	4
sm_90	109	150	0	32	12	12	4	-1	-1	39	4
sm_90	110	151	0	32	12	12	4	-1	-1	39	4
sm_90	111	152	0	32	12	12	4	-1	-1	39	4
sm_90	112	153	0	32	12	12	4	-1	-1	39	4
sm_90	113	154	0	32	12	12	4	-1	-1	39	4
sm_90	114	155	0	20	19	32	8	-1	-1	39	4
sm_90	115	156	0	21	19	34	16	-1	-1	39	4
sm_90	116	157	0	23	19	37	8	-1	-1	39	4
sm_90	117	158	0	25	19	39	4	-1	-1	39	4
sm_90	118	159	0	20	19	32	8	-1	-1	39	4
sm_90	119	160	0	21	19	34	16	-1	-1	39	4
sm_90	120	161	0	23	19	35	4	-1	-1	39	4
sm_90	121	162	0	22	2	56	2	-1	-1	39	4
sm_90	122	166	0	30	12	8	2	-1	-1	39	4
sm_90	123	167	0	32	12	12	4	-1	-1	39	4
sm_90	124	168	0	30	12	8	2	-1	-1	39	4
sm_90	125	169	0	32	12	12	4	-1	-1	39	4
sm_90	126	170	1	34	13	56	8	27	-1	14	1
sm_90	127	171	1	42	15	56	4	-1	-1	1	1
sm_90	128	172	1	42	15	56	4	-1	-1	1	1
sm_90	129	173	0	22	2	56	2	-1	-1	39	4
sm_90	130	174	0	22	2	56	2	-1	-1	39	4
sm_90	131	175	0	22	2	56	2	-1	-1	39	4
sm_90	132	179	1	28	5	56	4	-1	-1	5	1
sm_90	133	180	1	28	5	56	4	-1	5	5	1
sm_90	134	181	1	29	6	56	8	-1	-1	5	1
sm_90	135	182	1	28	5	56	4	-1	-1	5	1
sm_90	136	183	1	28	5	56	4	-1	-1	5	1
sm_90	137	184	1	42	15	56	4	-1	-1	2	3
sm_90	138	185	1	17	0	56	8	-1	-1	33	2
sm_90	139	187	1	42	15	56	4	-1	-1	2	3
sm_90	140	188	1	42	15	56	4	-1	-1	16	0
sm_90	141	190	1	42	15	56	4	-1	-1	2	3
sm_90	142	191	1	42	15	56	4	-1	-1	2	3
sm_90	143	192	1	42	15	56	4	-1	-1	1	1
sm_90	144	193	1	42	15	56	4	-1	-1	1	1
sm_90	145	196	1	42	15	56	4	-1	-1	1	1
sm_90	146	197	0	22	2	56	2	-1	-1	39	4
sm_90	147	198	0	46	18	56	2	-1	-1	39	4
sm_90	148	199	0	22	2	56	2	-1	-1	39	4
sm_90	149	200	0	22	2	56	2	-1	-1	39	4
sm_90	150	201	0	22	2	56	2	-1	-1	39	4
sm_90	151	202	1	17	0	56	8	-1	-1	33	2
sm_90	152	203	1	43	16	56	32	-1	6	33	2
sm_90	153	526	0	22	2	56	2	-1	-1	39	4
sm_90	154	530	0	22	2	56	2	-1	-1	39	4
sm_90	155	532	1	42	15	56	4	-1	-1	1	1
sm_90	156	533	1	74	33	56	8	15	-1	36	1
sm_90	157	540	1	28	5	56	4	-1	-1	5	1
sm_90	158	541	1	28	5	56	4	-1	-1	5	1
sm_90	159	542	1	28	5	56	4	-1	-1	33	2
sm_90	160	543	1	28	5	56	4	-1	-1	33	2
sm_90	161	544	0	52	21	56	1	-1	-1	39	4
sm_90	162	547	1	42	15	56	4	-1	-1	1	1
sm_90	163	548	1	42	15	56	4	-1	-1	1	1
sm_90	164	549	0	22	2	56	2	-1	-1	39	4
sm_90	165	550	1	34	13	56	8	27	-1	1	1
sm_90	166	551	0	22	2	56	2	-1	-1	39	4
sm_90	167	552	0	52	21	56	1	-1	-1	39	4
sm_90	168	553	1	74	33	56	8	15	-1	36	1
sm_90	169	555	0	22	2	56	2	-1	-1	39	4
sm_90	170	556	0	22	2	56	2	-1	-1	39	4
sm_90	171	561	4	255	35	56	-1	-1	-1	39	4
sm_90	172	562	4	255	35	56	-1	-1	-1	39	4
sm_90	173	563	4	255	35	56	-1	-1	-1	39	4
sm_90	174	566	4	255	35	56	-1	-1	-1	39	4
sm_90	175	567	4	255	35	56	-1	-1	-1	39	4
sm_90	176	569	1	42	15	56	4	-1	-1	1	1
sm_90	177	570	1	42	15	56	4	-1	-1	4	1
sm_90	178	571	0	22	2	56	2	-1	-1	39	4
sm_90	179	572	1	17	0	56	8	-1	-1	22	1
sm_90	180	573	1	42	15	56	4	-1	-1	1	1
sm_90	181	576	1	26	20	56	8	25	-1	20	1
sm_90	182	577	1	29	6	56	8	-1	-1	5	1
sm_90	183	578	0	46	18	56	2	-1	6	39	4
sm_90	184	579	0	22	2	56	2	-1	6	39	4
sm_90	185	580	0	22	2	56	2	-1	-1	39	4
sm_90	186	581	0	46	18	56	2	-1	6	39	4
sm_90	187	582	1	28	5	56	4	-1	-1	5	1
sm_90	188	583	1	42	15	56	4	-1	-1	33	2
sm_90	189	584	1	17	0	56	8	-1	-1	22	1
sm_90	190	585	0	22	2	56	2	-1	-1	39	4
sm_90	191	586	0	22	2	56	2	-1	-1	39	4
sm_90	192	590	1	17	0	56	8	-1	-1	0	1
sm_90	193	591	1	17	0	56	8	-1	-1	0	1
sm_90	194	592	0	22	2	56	2	-1	-1	39	4
sm_90	195	593	0	22	2	56	2	-1	-1	39	4
sm_90	196	594	1	42	15	56	4	-1	-1	1	1
sm_90	197	595	0	22	2	56	2	-1	-1	39	4
sm_90	198	596	0	22	2	56	2	-1	-1	39	4
sm_90	199	598	0	22	2	56	2	-1	-1	39	4
sm_90	200	599	1	42	15	56	4	-1	-1	1	1
sm_90	201	601	1	42	15	56	4	-1	-1	1	1
sm_90	202	602	1	42	15	56	4	-1	-1	1	1
sm_90	203	603	1	42	15	56	4	-1	-1	1	1
sm_90	204	607	1	63	27	56	32	-1	-1	23	1
sm_90	205	608	1	63	27	56	32	-1	-1	28	1
sm_90	206	609	1	63	27	56	32	-1	-1	28	1
sm_90	207	610	1	63	27	56	32	-1	-1	24	1
sm_90	208	611	1	63	27	56	32	-1	-1	24	1
sm_90	209	623	1	63	27	56	32	-1	-1	28	1
sm_90	210	624	1	63	27	56	32	-1	-1	28	1
sm_90	211	625	1	63	27	56	32	-1	-1	28	1
sm_90	212	626	1	63	27	56	32	-1	-1	28	1
sm_90	213	627	1	62	30	56	32	-1	-1	32	3
sm_90	214	628	1	62	30	56	32	-1	2	32	3
sm_90	215	629	1	62	30	56	32	-1	-1	32	3
sm_90	216	630	1	62	30	56	32	-1	-1	32	3
sm_90	217	631	1	62	30	56	32	-1	2	32	3
sm_90	218	632	0	52	21	56	1	-1	4	39	4
sm_90	219	633	1	62	30	56	32	-1	6	32	3
sm_90	220	634	1	62	30	56	32	-1	-1	32	3
sm_90	221	635	1	63	27	56	32	-1	-1	28	1
sm_90	222	636	1	63	27	56	32	-1	-1	28	1
sm_90	223	641	0	70	31	56	2	-1	-1	39	4
sm_90	224	642	0	70	31	56	2	-1	-1	39	4
sm_90	225	648	0	70	31	56	2	-1	-1	39	4
sm_90	226	663	0	70	31	56	2	-1	-1	39	4
sm_90	227	670	0	70	31	56	2	-1	-1	39	4
sm_90	228	683	0	70	31	56	2	-1	-1	39	4
sm_90	229	684	0	70	31	56	2	-1	-1	39	4
sm_90	230	685	0	70	31	56	2	-1	-1	39	4
sm_90	231	688	0	70	31	56	2	-1	-1	39	4
sm_90	232	690	0	52	21	56	1	-1	-1	39	4
sm_90	233	691	0	70	31	56	2	-1	-1	39	4
sm_90	234	693	0	70	31	56	2	-1	-1	39	4
sm_90	235	694	0	70	31	56	2	-1	-1	39	4
sm_90	236	695	0	70	31	56	2	-1	-1	39	4
sm_90	237	697	0	52	21	56	1	-1	-1	39	4
sm_90	238	699	0	70	31	56	2	-1	-1	39	4
sm_90	239	700	0	70	31	56	2	-1	-1	39	4
sm_90	240	701	0	70	31	56	2	-1	-1	39	4
sm_90	241	702	0	70	31	56	2	-1	-1	39	4
sm_90	242	703	0	70	31	56	2	-1	-1	39	4
sm_90	243	704	0	70	31	56	2	-1	-1	39	4
sm_90	244	707	0	70	31	56	2	-1	-1	39	4
sm_90	245	713	0	70	31	56	2	-1	-1	39	4
sm_90	246	714	0	70	31	56	2	-1	-1	39	4
sm_90	247	715	0	70	31	56	2	-1	-1	39	4
sm_90	248	716	0	70	31	56	2	-1	-1	39	4
sm_90	249	755	0	22	2	56	2	-1	-1	39	4
sm_90	250	756	0	22	2	56	2	-1	-1	39	4
sm_90	251	763	0	22	2	56	2	-1	-1	39	4
sm_90	252	764	0	52	21	56	1	-1	-1	39	4
sm_90	253	769	1	28	5	56	4	-1	-1	5	1
sm_90	254	770	1	28	5	56	4	-1	-1	5	1
sm_90	255	771	1	28	5	56	4	-1	-1	5	1
sm_90a	0	2	1	17	0	56	8	-1	-1	0	1
sm_90a	1	3	1	17	0	56	8	-1	-1	33	2
sm_90a	2	4	1	42	15	56	4	-1	-1	1	1
sm_90a	3	5	1	42	15	56	4	-1	-1	1	1
sm_90a	4	6	1	42	15	56	4	-1	-1	1	1
sm_90a	5	7	1	42	15	56	4	-1	-1	2	3
sm_90a	6	8	1	42	15	56	4	-1	-1	2	3
sm_90a	7	9	1	42	15	56	4	-1	-1	1	1
sm_90a	8	10	1	42	15	56	4	-1	-1	4	1
sm_90a	9	11	1	17	0	56	8	-1	6	1	1
sm_90a	10	12	1	17	0	56	8	-1	-1	1	1
sm_90a	11	15	0	22	2	56	2	-1	-1	39	4
sm_90a	12	16	0	20	19	32	8	-1	-1	39	4
sm_90a	13	17	0	20	19	32	8	-1	-1	39	4
sm_90a	14	18	0	21	19	34	16	-1	-1	39	4
sm_90a	15	19	0	23	19	35	4	-1	-1	39	4
sm_90a	16	20	1	28	5	56	4	-1	-1	33	2
sm_90a	17	21	0	22	2	56	2	-1	-1	39	4
sm_90a	18	22	1	28	5	56	4	-1	-1	5	1
sm_90a	19	23	1	28	5	56	4	-1	-1	5	1
sm_90a	20	24	0	52	21	56	1	-1	-1	39	4
sm_90a	21	25	1	28	5	56	4	-1	-1	5	1
sm_90a	22	26	1	28	5	56	4	-1	5	5	1
sm_90a	23	27	1	28	5	56	4	-1	-1	5	1
sm_90a	24	28	1	74	33	56	8	15	-1	36	1
sm_90a	25	29	1	29	6	56	8	-1	-1	5	1
sm_90a	26	30	1	28	5	56	4	-1	-1	5	1
sm_90a	27	31	1	28	5	56	4	-1	-1	5	1
sm_90a	28	32	1	28	5	56	4	-1	-1	5	1
sm_90a	29	33	1	29	6	56	8	-1	-1	5	1
sm_90a	30	34	1	42	15	56	4	-1	-1	33	2
sm_90a	31	35	0	52	21	56	1	-1	8	39	4
sm_90a	32	39	0	52	21	56	1	-1	11	39	4
sm_90a	33	41	1	42	15	56	4	-1	-1	33	2
sm_90a	34	42	1	42	15	56	4	-1	-1	33	2
sm_90a	35	43	1	63	27	56	32	-1	-1	33	2
sm_90a	36	45	1	48	19	10	64	20	-1	18	1
sm_90a	37	47	0	46	18	56	2	-1	-1	39	4
sm_90a	38	48	0	22	2	56	2	-1	-1	39	4
sm_90a	39	49	0	46	18	56	2	-1	-1	39	4
sm_90a	40	51	0	22	2	56	2	-1	-1	39	4
sm_90a	41	52	1	48	19	10	64	20	-1	18	1
sm_90a	42	54	0	52	21	56	1	-1	4	39	4
sm_90a	43	55	1	48	19	10	64	20	-1	18	1
sm_90a	44	56	1	47	19	2	584	176	-1	17	1
sm_90a	45	60	1	48	19	10	64	20	-1	18	1
sm_90a	46	61	1	48	19	10	64	20	-1	18	1
sm_90a	47	64	0	52	21	56	1	-1	-1	39	4
sm_90a	48	65	1	28	5	56	4	-1	-1	5	1
sm_90a	49	66	1	48	19	10	64	20	-1	38	1
sm_90a	50	67	1	74	33	56	8	15	-1	36	1
sm_90a	51	68	0	22	2	56	2	-1	-1	39	4
sm_90a	52	69	1	48	19	10	64	20	-1	38	1
sm_90a	53	70	1	74	33	56	8	15	-1	36	1
sm_90a	54	71	0	22	2	56	2	-1	-1	39	4
sm_90a	55	72	0	31	12	9	1	-1	-1	39	4
sm_90a	56	74	0	31	12	9	1	-1	-1	39	4
sm_90a	57	75	1	74	33	56	8	15	-1	36	1
sm_90a	58	79	0	31	12	9	1	-1	-1	39	4
sm_90a	59	81	0	31	12	9	1	-1	-1	39	4
sm_90a	60	87	1	74	33	56	8	15	-1	36	1
sm_90a	61	88	0	22	2	56	2	-1	-1	39	4
sm_90a	62	90	0	31	12	9	1	-1	-1	39	4
sm_90a	63	92	0	31	12	9	1	-1	-1	39	4
sm_90a	64	93	1	63	27	56	32	-1	-1	11	1
sm_90a	65	94	1	48	19	10	64	20	-1	38	1
sm_90a	66	95	1	74	33	56	8	15	-1	36	1
sm_90a	67	96	0	22	2	56	2	-1	-1	39	4
sm_90a	68	97	0	22	2	56	2	-1	-1	39	4
sm_90a	69	98	0	22	2	56	2	-1	-1	39	4
sm_90a	70	99	0	30	12	8	2	-1	-1	39	4
sm_90a	71	100	0	22	2	56	2	-1	-1	39	4
sm_90a	72	101	0	22	2	56	2	-1	-1	39	4
sm_90a	73	102	1	17	0	56	8	-1	-1	33	2
sm_90a	74	103	0	33	12	13	2	-1	-1	39	4
sm_90a	75	104	0	30	12	8	2	-1	-1	39	4
sm_90a	76	105	0	33	12	13	2	-1	-1	39	4
sm_90a	77	106	0	33	12	13	2	-1	-1	39	4
sm_90a	78	107	0	33	12	13	2	-1	-1	39	4
sm_90a	79	108	0	33	12	13	2	-1	-1	39	4
sm_90a	80	111	0	15	19	20	16	-1	-1	39	4
sm_90a	81	112	0	15	19	20	16	-1	-1	39	4
sm_90a	82	113	0	17	19	24	8	-1	-1	39	4
sm_90a	83	114	0	14	19	18	16	-1	-1	39	4
sm_90a	84	115	0	16	19	22	8	-1	-1	39	4
sm_90a	85	116	0	19	19	29	8	-1	-1	39	4
sm_90a	86	117	0	15	19	20	16	-1	-1	39	4
sm_90a	87	118	0	14	19	18	16	-1	-1	39	4
sm_90a	88	119	0	18	19	27	8	-1	-1	39	4
sm_90a	89	120	0	22	2	56	2	-1	-1	39	4
sm_90a	90	121	0	33	12	13	2	-1	-1	39	4
sm_90a	91	122	0	33	12	13	2	-1	-1	39	4
sm_90a	92	123	0	22	2	56	2	-1	-1	39	4
sm_90a	93	124	0	22	2	56	2	-1	-1	39	4
sm_90a	94	125	1	48	19	10	64	20	-1	38	1
sm_90a	95	126	1	74	33	56	8	15	-1	36	1
sm_90a	96	127	0	22	2	56	2	-1	-1	39	4
sm_90a	97	128	0	22	2	56	2	-1	-1	39	4
sm_90a	98	129	0	22	2	56	2	-1	-1	39	4
sm_90a	99	130	0	22	2	56	2	-1	-1	39	4
sm_90a	100	131	0	22	2	56	2	-1	-1	39	4
sm_90a	101	140	0	22	2	56	2	-1	-1	39	4
sm_90a	102	141	0	22	2	56	2	-1	-1	39	4
sm_90a	103	142	0	52	21	56	1	-1	4	39	4
sm_90a	104	143	0	30	12	8	2	-1	-1	39	4
sm_90a	105	144	0	30	12	8	2	-1	-1	39	4
sm_90a	106	147	0	30	12	8	2	-1	-1	39	4
sm_90a	107	148	0	32	12	12	4	-1	-1	39	4
sm_90a	108	149	0	32	12	12	4	-1	-1	39	4
sm_90a	109	150	0	32	12	12	4	-1	-1	39	4
sm_90a	110	151	0	32	12	12	4	-1	-1	39	4
sm_90a	111	152	0	32	12	12	4	-1	-1	39	4
sm_90a	112	153	0	32	12	12	4	-1	-1	39	4
sm_90a	113	154	0	32	12	12	4	-1	-1	39	4
sm_90a	114	155	0	20	19	32	8	-1	-1	39	4
sm_90a	115	156	0	21	19	34	16	-1	-1	39	4
sm_90a	116	157	0	23	19	37	8	-1	-1	39	4
sm_90a	117	158	0	25	19	39	4	-1	-1	39	4
sm_90a	118	159	0	20	19	32	8	-1	-1	39	4
sm_90a	119	160	0	21	19	34	16	-1	-1	39	4
sm_90a	120	161	0	23	19	35	4	-1	-1	39	4
sm_90a	121	162	0	22	2	56	2	-1	-1	39	4
sm_90a	122	166	0	30	12	8	2	-1	-1	39	4
sm_90a	123	167	0	32	12	12	4	-1	-1	39	4
sm_90a	124	168	0	30	12	8	2	-1	-1	39	4
sm_90a	125	169	0	32	12	12	4	-1	-1	39	4
sm_90a	126	170	1	34	13	56	8	27	-1	14	1
sm_90a	127	171	1	42	15	56	4	-1	-1	1	1
sm_90a	128	172	1	42	15	56	4	-1	-1	1	1
sm_90a	129	173	0	22	2	56	2	-1	-1	39	4
sm_90a	130	174	0	22	2	56	2	-1	-1	39	4
sm_90a	131	175	0	22	2	56	2	-1	-1	39	4
sm_90a	132	179	1	28	5	56	4	-1	-1	5	1
sm_90a	133	180	1	28	5	56	4	-1	5	5	1
sm_90a	134	181	1	29	6	56	8	-1	-1	5	1
sm_90a	135	182	1	28	5	56	4	-1	-1	5	1
sm_90a	136	183	1	28	5	56	4	-1	-1	5	1
sm_90a	137	184	1	42	15	56	4	-1	-1	2	3
sm_90a	138	185	1	17	0	56	8	-1	-1	33	2
sm_90a	139	187	1	42	15	56	4	-1	-1	2	3
sm_90a	140	188	1	42	15	56	4	-1	-1	16	0
sm_90a	141	190	1	42	15	56	4	-1	-1	2	3
sm_90a	142	191	1	42	15	56	4	-1	-1	2	3
sm_90a	143	192	1	42	15	56	4	-1	-1	1	1
sm_90a	144	193	1	42	15	56	4	-1	-1	1	1
sm_90a	145	196	1	42	15	56	4	-1	-1	1	1
sm_90a	146	197	0	22	2	56	2	-1	-1	39	4
sm_90a	147	198	0	46	18	56	2	-1	-1	39	4
sm_90a	148	199	0	22	2	56	2	-1	-1	39	4
sm_90a	149	200	0	22	2	56	2	-1	-1	39	4
sm_90a	150	201	0	22	2	56	2	-1	-1	39	4
sm_90a	151	202	1	17	0	56	8	-1	-1	33	2
sm_90a	152	203	1	43	16	56	32	-1	6	33	2
sm_90a	153	526	0	22	2	56	2	-1	-1	39	4
sm_90a	154	530	0	22	2	56	2	-1	-1	39	4
sm_90a	155	532	1	42	15	56	4	-1	-1	1	1
sm_90a	156	533	1	74	33	56	8	15	-1	36	1
sm_90a	157	540	1	28	5	56	4	-1	-1	5	1
sm_90a	158	541	1	28	5	56	4	-1	-1	5	1
sm_90a	159	542	1	28	5	56	4	-1	-1	33	2
sm_90a	160	543	1	28	5	56	4	-1	-1	33	2
sm_90a	161	544	0	52	21	56	1	-1	-1	39	4
sm_90a	162	547	1	42	15	56	4	-1	-1	1	1
sm_90a	163	548	1	42	15	56	4	-1	-1	1	1
sm_90a	164	549	0	22	2	56	2	-1	-1	39	4
sm_90a	165	550	1	34	13	56	8	27	-1	1	1
sm_90a	166	551	0	22	2	56	2	-1	-1	39	4
sm_90a	167	552	0	52	21	56	1	-1	-1	39	4
sm_90a	168	553	1	74	33	56	8	15	-1	36	1
sm_90a	169	555	0	22	2	56	2	-1	-1	39	4
sm_90a	170	556	0	22	2	56	2	-1	-1	39	4
sm_90a	171	561	0	15	19	17	8	-1	-1	39	4
sm_90a	172	562	0	15	19	17	8	-1	-1	39	4
sm_90a	173	563	0	14	19	18	16	-1	-1	39	4
sm_90a	174	566	0	15	19	17	8	-1	-1	39	4
sm_90a	175	567	0	14	19	18	16	-1	-1	39	4
sm_90a	176	569	1	42	15	56	4	-1	-1	1	1
sm_90a	177	570	1	42	15	56	4	-1	-1	4	1
sm_90a	178	571	0	22	2	56	2	-1	-1	39	4
sm_90a	179	572	1	17	0	56	8	-1	-1	22	1
sm_90a	180	573	1	42	15	56	4	-1	-1	1	1
sm_90a	181	576	1	26	20	56	8	25	-1	20	1
sm_90a	182	577	1	29	6	56	8	-1	-1	5	1
sm_90a	183	578	0	46	18	56	2	-1	6	39	4
sm_90a	184	579	0	22	2	56	2	-1	6	39	4
sm_90a	185	580	0	22	2	56	2	-1	-1	39	4
sm_90a	186	581	0	46	18	56	2	-1	6	39	4
sm_90a	187	582	1	28	5	56	4	-1	-1	5	1
sm_90a	188	583	1	42	15	56	4	-1	-1	33	2
sm_90a	189	584	1	17	0	56	8	-1	-1	22	1
sm_90a	190	585	0	22	2	56	2	-1	-1	39	4
sm_90a	191	586	0	22	2	56	2	-1	-1	39	4
sm_90a	192	590	1	17	0	56	8	-1	-1	0	1
sm_90a	193	591	1	17	0	56	8	-1	-1	0	1
sm_90a	194	592	0	22	2	56	2	-1	-1	39	4
sm_90a	195	593	0	22	2	56	2	-1	-1	39	4
sm_90a	196	594	1	42	15	56	4	-1	-1	1	1
sm_90a	197	595	0	22	2	56	2	-1	-1	39	4
sm_90a	198	596	0	22	2	56	2	-1	-1	39	4
sm_90a	199	598	0	22	2	56	2	-1	-1	39	4
sm_90a	200	599	1	42	15	56	4	-1	-1	1	1
sm_90a	201	601	1	42	15	56	4	-1	-1	1	1
sm_90a	202	602	1	42	15	56	4	-1	-1	1	1
sm_90a	203	603	1	42	15	56	4	-1	-1	1	1
sm_90a	204	607	1	63	27	56	32	-1	-1	23	1
sm_90a	205	608	1	63	27	56	32	-1	-1	28	1
sm_90a	206	609	1	63	27	56	32	-1	-1	28	1
sm_90a	207	610	1	63	27	56	32	-1	-1	24	1
sm_90a	208	611	1	63	27	56	32	-1	-1	24	1
sm_90a	209	623	1	63	27	56	32	-1	-1	28	1
sm_90a	210	624	1	63	27	56	32	-1	-1	28	1
sm_90a	211	625	1	63	27	56	32	-1	-1	28	1
sm_90a	212	626	1	63	27	56	32	-1	-1	28	1
sm_90a	213	627	1	62	30	56	32	-1	-1	32	3
sm_90a	214	628	1	62	30	56	32	-1	2	32	3
sm_90a	215	629	1	62	30	56	32	-1	-1	32	3
sm_90a	216	630	1	62	30	56	32	-1	-1	32	3
sm_90a	217	631	1	62	30	56	32	-1	2	32	3
sm_90a	218	632	0	52	21	56	1	-1	4	39	4
sm_90a	219	633	1	62	30	56	32	-1	6	32	3
sm_90a	220	634	1	62	30	56	32	-1	-1	32	3
sm_90a	221	635	1	63	27	56	32	-1	-1	28	1
sm_90a	222	636	1	63	27	56	32	-1	-1	28	1
sm_90a	223	641	0	70	31	56	2	-1	-1	39	4
sm_90a	224	642	0	70	31	56	2	-1	-1	39	4
sm_90a	225	648	0	70	31	56	2	-1	-1	39	4
sm_90a	226	663	0	70	31	56	2	-1	-1	39	4
sm_90a	227	670	0	70	31	56	2	-1	-1	39	4
sm_90a	228	683	0	70	31	56	2	-1	-1	39	4
sm_90a	229	684	0	70	31	56	2	-1	-1	39	4
sm_90a	230	685	0	70	31	56	2	-1	-1	39	4
sm_90a	231	688	0	70	31	56	2	-1	-1	39	4
sm_90a	232	690	0	52	21	56	1	-1	-1	39	4
sm_90a	233	691	0	70	31	56	2	-1	-1	39	4
sm_90a	234	693	0	70	31	56	2	-1	-1	39	4
sm_90a	235	694	0	70	31	56	2	-1	-1	39	4
sm_90a	236	695	0	70	31	56	2	-1	-1	39	4
sm_90a	237	697	0	52	21	56	1	-1	-1	39	4
sm_90a	238	699	0	70	31	56	2	-1	-1	39	4
sm_90a	239	700	0	70	31	56	2	-1	-1	39	4
sm_90a	240	701	0	70	31	56	2	-1	-1	39	4
sm_90a	241	702	0	70	31	56	2	-1	-1	39	4
sm_90a	242	703	0	70	31	56	2	-1	-1	39	4
sm_90a	243	704	0	70	31	56	2	-1	-1	39	4
sm_90a	244	707	0	70	31	56	2	-1	-1	39	4
sm_90a	245	713	0	70	31	56	2	-1	-1	39	4
sm_90a	246	714	0	70	31	56	2	-1	-1	39	4
sm_90a	247	715	0	70	31	56	2	-1	-1	39	4
sm_90a	248	716	0	70	31	56	2	-1	-1	39	4
sm_90a	249	755	0	22	2	56	2	-1	-1	39	4
sm_90a	250	756	0	22	2	56	2	-1	-1	39	4
sm_90a	251	763	0	22	2	56	2	-1	-1	39	4
sm_90a	252	764	0	52	21	56	1	-1	-1	39	4
sm_90a	253	769	1	28	5	56	4	-1	-1	5	1
sm_90a	254	770	1	28	5	56	4	-1	-1	5	1
sm_90a	255	771	1	28	5	56	4	-1	-1	5	1
sm_70	0	0	0	52	21	56	1	-1	-1	39	4
sm_70	1	1	0	52	21	56	1	-1	-1	39	4
sm_70	2	2	1	17	0	56	8	-1	-1	0	1
sm_70	3	3	1	17	0	56	8	-1	-1	33	2
sm_70	4	4	1	42	15	56	4	-1	-1	1	1
sm_70	5	5	1	42	15	56	4	-1	-1	1	1
sm_70	6	6	1	42	15	56	4	-1	-1	1	1
sm_70	7	7	1	42	15	56	4	-1	-1	3	3
sm_70	8	8	1	42	15	56	4	-1	-1	2	3
sm_70	9	9	1	42	15	56	4	-1	-1	1	1
sm_70	10	10	1	42	15	56	4	-1	-1	4	1
sm_70	11	11	1	17	0	56	8	-1	6	33	2
sm_70	12	12	1	17	0	56	8	-1	-1	33	2
sm_70	13	15	4	255	35	56	-1	-1	-1	39	4
sm_70	14	20	1	28	5	56	4	-1	5	33	2
sm_70	15	21	0	22	2	56	2	-1	-1	39	4
sm_70	16	22	1	28	5	56	4	-1	5	5	1
sm_70	17	23	1	28	5	56	4	-1	-1	5	1
sm_70	18	24	0	52	21	56	1	-1	-1	39	4
sm_70	19	25	1	28	5	56	4	-1	5	5	1
sm_70	20	26	1	28	5	56	4	-1	5	5	1
sm_70	21	27	1	28	5	56	4	-1	5	5	1
sm_70	22	28	1	74	33	56	8	15	-1	36	1
sm_70	23	29	1	29	6	56	8	-1	5	5	1
sm_70	24	30	1	28	5	56	4	-1	5	5	1
sm_70	25	31	1	28	5	56	4	-1	-1	5	1
sm_70	26	32	1	28	5	56	4	-1	5	5	1
sm_70	27	33	1	29	6	56	8	-1	5	5	1
sm_70	28	34	1	42	15	56	4	-1	-1	33	2
sm_70	29	35	0	52	21	56	1	-1	8	39	4
sm_70	30	36	0	52	21	56	1	-1	8	39	4
sm_70	31	37	0	52	21	56	1	-1	8	39	4
sm_70	32	38	0	52	21	56	1	-1	8	39	4
sm_70	33	39	0	52	21	56	1	-1	11	39	4
sm_70	34	40	1	37	14	56	4	18	-1	15	3
sm_70	35	41	1	42	15	56	4	-1	-1	33	2
sm_70	36	42	1	42	15	56	4	-1	-1	33	2
sm_70	37	43	1	63	27	56	32	-1	-1	33	2
sm_70	38	44	1	17	0	56	8	-1	6	33	2
sm_70	39	45	1	48	19	10	64	-1	-1	18	1
sm_70	40	46	4	255	35	56	-1	-1	-1	39	4
sm_70	41	48	0	22	2	56	2	-1	-1	39	4
sm_70	42	49	0	46	18	56	2	-1	-1	39	4
sm_70	43	50	4	255	35	56	-1	-1	-1	39	4
sm_70	44	51	0	22	2	56	2	-1	-1	39	4
sm_70	45	52	1	48	19	10	64	-1	-1	18	1
sm_70	46	54	0	52	21	56	1	-1	4	39	4
sm_70	47	55	1	48	19	10	64	-1	-1	18	1
sm_70	48	56	1	47	19	2	584	176	-1	17	1
sm_70	49	60	1	48	19	10	64	-1	-1	18	1
sm_70	50	61	1	48	19	10	64	-1	-1	18	1
sm_70	51	62	0	22	2	56	2	-1	-1	39	4
sm_70	52	63	1	28	5	56	4	-1	5	5	1
sm_70	53	64	0	52	21	56	1	-1	-1	39	4
sm_70	54	65	1	28	5	56	4	-1	5	5	1
sm_70	55	66	1	48	19	10	64	-1	-1	38	1
sm_70	56	67	1	74	33	56	8	15	-1	36	1
sm_70	57	68	0	22	2	56	2	-1	-1	39	4
sm_70	58	69	1	48	19	10	64	-1	-1	38	1
sm_70	59	70	1	74	33	56	8	15	-1	36	1
sm_70	60	71	0	22	2	56	2	-1	-1	39	4
sm_70	61	72	0	31	12	9	1	-1	-1	39	4
sm_70	62	73	4	255	35	56	-1	-1	-1	39	4
sm_70	63	74	0	31	12	9	1	-1	-1	39	4
sm_70	64	75	1	74	33	56	8	15	-1	36	1
sm_70	65	76	1	42	15	56	4	-1	-1	8	1
sm_70	66	77	1	42	15	56	4	-1	-1	9	1
sm_70	67	78	1	68	29	56	1	-1	-1	10	1
sm_70	68	79	0	31	12	9	1	-1	-1	39	4
sm_70	69	80	4	255	35	56	-1	-1	-1	39	4
sm_70	70	81	0	31	12	9	1	-1	-1	39	4
sm_70	71	82	0	31	12	9	1	-1	-1	39	4
sm_70	72	84	0	31	12	9	1	-1	-1	39	4
sm_70	73	87	1	74	33	56	8	15	-1	36	1
sm_70	74	88	0	22	2	56	2	-1	-1	39	4
sm_70	75	89	0	22	2	56	2	-1	-1	39	4
sm_70	76	90	0	31	12	9	1	-1	-1	39	4
sm_70	77	91	4	255	35	56	-1	-1	-1	39	4
sm_70	78	92	0	31	12	9	1	-1	-1	39	4
sm_70	79	93	1	63	27	56	32	-1	-1	11	1
sm_70	80	94	1	48	19	10	64	-1	-1	38	1
sm_70	81	95	1	74	33	56	8	15	-1	36	1
sm_70	82	96	0	22	2	56	2	-1	-1	39	4
sm_70	83	97	0	22	2	56	2	-1	-1	39	4
sm_70	84	98	0	22	2	56	2	-1	-1	39	4
sm_70	85	99	0	30	12	8	2	-1	-1	39	4
sm_70	86	100	4	255	35	56	-1	-1	-1	39	4
sm_70	87	101	4	255	35	56	-1	-1	-1	39	4
sm_70	88	102	1	17	0	56	8	-1	-1	33	2
sm_70	89	103	0	33	12	13	2	-1	-1	39	4
sm_70	90	104	0	30	12	8	2	-1	-1	39	4
sm_70	91	105	0	33	12	13	2	-1	-1	39	4
sm_70	92	106	0	33	12	13	2	-1	-1	39	4
sm_70	93	107	0	33	12	13	2	-1	-1	39	4
sm_70	94	108	0	33	12	13	2	-1	-1	39	4
sm_70	95	112	0	48	19	40	8	-1	-1	39	4
sm_70	96	113	0	48	19	40	8	-1	-1	39	4
sm_70	97	114	0	48	19	40	8	-1	-1	39	4
sm_70	98	115	0	48	19	40	8	-1	-1	39	4
sm_70	99	116	0	49	19	41	9	-1	-1	39	4
sm_70	100	117	0	49	19	41	9	-1	-1	39	4
sm_70	101	118	0	49	19	41	9	-1	-1	39	4
sm_70	102	119	0	49	19	41	9	-1	-1	39	4
sm_70	103	120	0	22	2	56	2	-1	-1	39	4
sm_70	104	121	0	33	12	13	2	-1	-1	39	4
sm_70	105	122	0	33	12	13	2	-1	-1	39	4
sm_70	106	123	0	22	2	56	2	-1	-1	39	4
sm_70	107	124	0	22	2	56	2	-1	-1	39	4
sm_70	108	125	1	48	19	10	64	-1	-1	38	1
sm_70	109	126	1	74	33	56	8	15	-1	36	1
sm_70	110	127	0	22	2	56	2	-1	-1	39	4
sm_70	111	128	0	22	2	56	2	-1	-1	39	4
sm_70	112	129	0	22	2	56	2	-1	-1	39	4
sm_70	113	130	0	22	2	56	2	-1	-1	39	4
sm_70	114	131	0	22	2	56	2	-1	-1	39	4
sm_70	115	132	4	255	35	56	-1	-1	-1	39	4
sm_70	116	133	4	255	35	56	-1	-1	-1	39	4
sm_70	117	134	4	255	35	56	-1	-1	-1	39	4
sm_70	118	135	4	255	35	56	-1	-1	-1	39	4
sm_70	119	136	4	255	35	56	-1	-1	-1	39	4
sm_70	120	137	4	255	35	56	-1	-1	-1	39	4
sm_70	121	138	4	255	35	56	-1	-1	-1	39	4
sm_70	122	139	4	255	35	56	-1	-1	-1	39	4
sm_70	123	140	0	22	2	56	2	-1	-1	39	4
sm_70	124	141	0	22	2	56	2	-1	-1	39	4
sm_70	125	142	0	52	21	56	1	-1	5	39	4
sm_70	126	143	0	30	12	8	2	-1	-1	39	4
sm_70	127	144	0	30	12	8	2	-1	-1	39	4
sm_70	128	147	0	30	12	8	2	-1	-1	39	4
sm_70	129	148	0	32	12	12	4	-1	-1	39	4
sm_70	130	149	0	32	12	12	4	-1	-1	39	4
sm_70	131	150	0	32	12	12	4	-1	-1	39	4
sm_70	132	151	0	32	12	12	4	-1	-1	39	4
sm_70	133	152	0	32	12	12	4	-1	-1	39	4
sm_70	134	153	0	32	12	12	4	-1	-1	39	4
sm_70	135	154	0	32	12	12	4	-1	-1	39	4
sm_70	136	156	0	49	19	41	9	-1	-1	39	4
sm_70	137	157	0	49	19	41	9	-1	-1	39	4
sm_70	138	159	0	48	19	40	8	-1	-1	39	4
sm_70	139	160	0	48	19	40	8	-1	-1	39	4
sm_70	140	162	0	22	2	56	2	-1	-1	39	4
sm_70	141	163	4	255	35	56	-1	-1	-1	39	4
sm_70	142	164	4	255	35	56	-1	-1	-1	39	4
sm_70	143	165	4	255	35	56	-1	-1	-1	39	4
sm_70	144	166	0	30	12	8	2	-1	-1	39	4
sm_70	145	167	0	32	12	12	4	-1	-1	39	4
sm_70	146	168	0	30	12	8	2	-1	-1	39	4
sm_70	147	169	0	32	12	12	4	-1	-1	39	4
sm_70	148	170	1	34	13	56	8	27	-1	14	1
sm_70	149	171	1	42	15	56	4	-1	-1	1	1
sm_70	150	172	1	42	15	56	4	-1	-1	1	1
sm_70	151	173	0	22	2	56	2	-1	-1	39	4
sm_70	152	174	0	22	2	56	2	-1	-1	39	4
sm_70	153	175	0	22	2	56	2	-1	-1	39	4
sm_70	154	176	4	255	35	56	-1	-1	-1	39	4
sm_70	155	177	4	255	35	56	-1	-1	-1	39	4
sm_70	156	178	4	255	35	56	-1	-1	-1	39	4
sm_70	157	179	1	28	5	56	4	-1	5	5	1
sm_70	158	180	1	28	5	56	4	-1	5	5	1
sm_70	159	181	1	29	6	56	8	-1	5	5	1
sm_70	160	182	1	28	5	56	4	-1	5	5	1
sm_70	161	183	1	28	5	56	4	-1	5	5	1
sm_70	162	184	1	42	15	56	4	-1	-1	2	3
sm_70	163	185	1	17	0	56	8	-1	-1	33	2
sm_70	164	186	1	37	14	56	4	18	-1	15	3
sm_70	165	187	1	42	15	56	4	-1	-1	2	3
sm_70	166	188	1	42	15	56	4	-1	-1	16	0
sm_70	167	189	1	42	15	56	4	-1	-1	2	3
sm_70	168	190	1	42	15	56	4	-1	-1	2	3
sm_70	169	191	1	42	15	56	4	-1	-1	2	3
sm_70	170	192	1	42	15	56	4	-1	-1	1	1
sm_70	171	193	1	42	15	56	4	-1	-1	1	1
sm_70	172	194	1	68	29	56	1	-1	-1	31	1
sm_70	173	195	1	68	29	56	1	-1	-1	31	1
sm_70	174	196	1	42	15	56	4	-1	-1	1	1
sm_70	175	197	0	22	2	56	2	-1	-1	39	4
sm_70	176	198	0	46	18	56	2	-1	-1	39	4
sm_70	177	199	0	22	2	56	2	-1	-1	39	4
sm_70	178	200	0	22	2	56	2	-1	-1	39	4
sm_70	179	201	0	22	2	56	2	-1	-1	39	4
sm_70	180	202	1	17	0	56	8	-1	-1	33	2
sm_70	181	203	1	43	16	56	32	-1	6	33	2
sm_70	182	204	0	50	21	56	2	2	-1	39	4
sm_70	183	205	0	20	2	56	14	25	-1	39	4
sm_70	184	206	0	20	2	56	14	25	-1	39	4
sm_70	185	207	4	255	35	56	-1	-1	-1	39	4
sm_70	186	208	0	20	2	56	54	65	-1	39	4
sm_70	187	209	0	20	2	56	6	13	-1	39	4
sm_70	188	210	0	20	2	56	42	53	-1	39	4
sm_70	189	211	4	255	35	56	-1	-1	-1	39	4
sm_70	190	212	0	20	2	56	6	13	-1	39	4
sm_70	191	213	0	20	2	56	10	15	-1	39	4
sm_70	192	214	0	20	2	56	56	67	-1	39	4
sm_70	193	215	0	20	2	56	44	55	-1	39	4
sm_70	194	216	4	255	35	56	-1	-1	-1	39	4
sm_70	195	217	0	20	2	56	10	15	-1	39	4
sm_70	196	218	0	20	2	56	6	13	-1	39	4
sm_70	197	219	0	20	2	56	56	67	-1	39	4
sm_70	198	220	0	20	2	56	44	55	-1	39	4
sm_70	199	221	0	20	2	56	42	53	-1	39	4
sm_70	200	222	0	20	2	56	10	15	-1	39	4
sm_70	201	223	0	20	2	56	54	65	-1	39	4
sm_70	202	224	1	15	0	56	67	87	-1	33	2
sm_70	203	225	1	38	15	56	8	24	-1	33	2
sm_70	204	226	1	38	15	56	8	24	-1	33	2
sm_70	205	227	1	15	0	56	67	87	-1	33	2
sm_70	206	228	1	15	0	56	71	87	-1	33	2
sm_70	207	229	1	41	15	56	32	30	-1	33	2
sm_70	208	230	1	15	0	56	71	87	-1	33	2
sm_70	209	231	1	41	15	56	32	30	-1	33	2
sm_70	210	232	1	38	15	56	8	24	-1	33	2
sm_70	211	233	1	41	15	56	32	30	-1	33	2
sm_70	212	234	1	15	0	56	67	87	-1	33	2
sm_70	213	235	1	15	0	56	71	87	-1	33	2
sm_70	214	236	1	41	15	56	32	30	-1	33	2
sm_70	215	237	1	15	0	56	67	87	-1	33	2
sm_70	216	238	1	15	0	56	71	87	-1	33	2
sm_70	217	239	1	41	15	56	32	30	-1	33	2
sm_70	218	240	1	15	0	56	67	87	-1	33	2
sm_70	219	241	1	15	0	56	71	87	-1	33	2
sm_70	220	242	1	9	0	56	78	71	-1	33	2
sm_70	221	244	1	9	0	56	86	80	-1	33	2
sm_70	222	245	1	6	0	56	24	18	-1	33	2
sm_70	223	248	1	25	5	56	10	7	-1	33	2
sm_70	224	250	1	8	0	56	19	16	-1	33	2
sm_70	225	252	1	6	0	56	18	17	-1	33	2
sm_70	226	254	1	6	0	56	18	15	-1	33	2
sm_70	227	256	1	5	0	56	29	49	-1	33	2
sm_70	228	257	1	13	0	56	8	25	-1	33	2
sm_70	229	258	1	13	0	56	8	25	-1	33	2
sm_70	230	259	1	2	0	56	35	54	-1	33	2
sm_70	231	262	1	7	0	56	16	33	-1	33	2
sm_70	232	263	1	7	0	56	16	33	-1	33	2
sm_70	233	265	1	5	0	56	29	49	-1	33	2
sm_70	234	266	1	13	0	56	8	25	-1	33	2
sm_70	235	267	1	13	0	56	8	25	-1	33	2
sm_70	236	268	1	2	0	56	35	54	-1	33	2
sm_70	237	270	1	7	0	56	16	33	-1	33	2
sm_70	238	272	1	7	0	56	16	33	-1	33	2
sm_70	239	274	1	0	0	56	22	27	-1	33	2
sm_70	240	275	1	1	0	56	30	32	-1	33	2
sm_70	241	278	1	6	0	56	16	17	-1	33	2
sm_70	242	279	1	6	0	56	16	10	-1	33	2
sm_70	243	281	1	6	0	56	9	6	-1	5	1
sm_70	244	284	1	6	0	56	9	9	-1	5	1
sm_70	245	285	1	39	15	56	4	2	-1	33	2
sm_70	246	286	1	39	15	56	4	2	-1	33	2
sm_70	247	287	1	39	15	56	4	2	-1	33	2
sm_70	248	288	0	51	21	56	27	37	-1	39	4
sm_70	249	289	4	255	35	56	-1	-1	-1	39	4
sm_70	250	291	0	51	21	56	10	20	-1	39	4
sm_70	251	292	4	255	35	56	-1	-1	-1	39	4
sm_70	252	294	4	255	35	56	-1	-1	-1	39	4
sm_70	253	295	0	22	2	56	44	49	-1	39	4
sm_70	254	296	0	20	2	56	8	13	-1	39	4
sm_70	255	297	4	255	35	56	-1	-1	-1	39	4
sm_70	256	298	4	255	35	56	-1	-1	-1	39	4
sm_70	257	299	0	20	2	56	4	9	-1	39	4
sm_70	258	300	4	255	35	56	-1	-1	-1	39	4
sm_70	259	301	0	50	21	56	2	6	-1	39	4
sm_70	260	302	4	255	35	56	-1	-1	-1	39	4
sm_70	261	304	1	1	0	56	10	18	-1	5	1
sm_70	262	305	1	1	0	56	12	18	-1	5	1
sm_70	263	306	4	255	35	56	-1	-1	-1	39	4
sm_70	264	309	1	1	0	56	10	18	-1	5	1
sm_70	265	310	1	1	0	56	12	18	-1	5	1
sm_70	266	311	4	255	35	56	-1	-1	-1	39	4
sm_70	267	314	4	255	35	56	-1	-1	-1	39	4
sm_70	268	315	1	41	15	56	32	7	-1	33	2
sm_70	269	316	1	41	15	56	64	39	-1	33	2
sm_70	270	317	1	23	5	56	90	68	-1	33	2
sm_70	271	318	1	15	0	56	65	58	-1	33	2
sm_70	272	319	1	15	0	56	67	64	-1	33	2
sm_70	273	320	1	35	14	56	6	13	-1	33	2
sm_70	274	321	1	36	14	56	5	12	-1	33	2
sm_70	275	322	1	24	5	56	11	18	-1	33	2
sm_70	276	323	4	255	35	56	-1	-1	-1	39	4
sm_70	277	324	4	255	35	56	-1	-1	-1	39	4
sm_70	278	325	4	255	35	56	-1	-1	-1	39	4
sm_70	279	328	1	15	0	56	33	26	-1	33	2
sm_70	280	330	0	22	2	56	9	14	-1	39	4
sm_70	281	331	4	255	35	56	-1	-1	-1	39	4
sm_70	282	332	0	22	2	56	9	14	-1	39	4
sm_70	283	333	4	255	35	56	-1	-1	-1	39	4
sm_70	284	334	1	27	5	56	6	6	-1	5	1
sm_70	285	335	1	38	15	56	8	24	-1	33	2
sm_70	286	336	1	38	15	56	8	24	-1	33	2
sm_70	287	337	1	38	15	56	8	24	-1	33	2
sm_70	288	338	4	255	35	56	-1	-1	-1	39	4
sm_70	289	340	0	20	2	56	4	9	-1	39	4
sm_70	290	342	0	51	21	56	2	12	-1	39	4
sm_70	291	343	4	255	35	56	-1	-1	-1	39	4
sm_70	292	344	1	6	0	56	16	32	-1	33	2
sm_70	293	346	1	6	0	56	16	32	-1	33	2
sm_70	294	348	1	6	0	56	16	32	-1	33	2
sm_70	295	350	1	6	0	56	16	32	-1	33	2
sm_70	296	352	0	20	2	56	6	11	-1	39	4
sm_70	297	353	0	20	2	56	6	11	-1	39	4
sm_70	298	354	0	20	2	56	70	81	-1	39	4
sm_70	299	355	0	20	2	56	6	11	-1	39	4
sm_70	300	356	0	20	2	56	70	81	-1	39	4
sm_70	301	357	4	255	35	56	-1	-1	-1	39	4
sm_70	302	358	0	20	2	56	6	11	-1	39	4
sm_70	303	359	0	20	2	56	58	69	-1	39	4
sm_70	304	360	4	255	35	56	-1	-1	-1	39	4
sm_70	305	361	0	20	2	56	10	19	-1	39	4
sm_70	306	362	0	20	2	56	14	23	-1	39	4
sm_70	307	363	0	20	2	56	54	63	-1	39	4
sm_70	308	364	0	20	2	56	42	51	-1	39	4
sm_70	309	365	4	255	35	56	-1	-1	-1	39	4
sm_70	310	366	4	255	35	56	-1	-1	-1	39	4
sm_70	311	367	0	20	2	56	10	19	-1	39	4
sm_70	312	368	0	20	2	56	54	63	-1	39	4
sm_70	313	369	0	20	2	56	42	53	-1	39	4
sm_70	314	370	0	20	2	56	30	41	-1	39	4
sm_70	315	371	0	20	2	56	6	11	-1	39	4
sm_70	316	372	0	20	2	56	42	53	-1	39	4
sm_70	317	373	1	4	0	56	72	77	-1	33	2
sm_70	318	374	4	255	35	56	-1	-1	-1	39	4
sm_70	319	375	4	255	35	56	-1	-1	-1	39	4
sm_70	320	377	1	14	0	56	79	87	-1	33	2
sm_70	321	379	1	14	0	56	71	74	-1	33	2
sm_70	322	383	1	14	0	56	79	74	-1	33	2
sm_70	323	384	1	14	0	56	71	87	-1	33	2
sm_70	324	385	0	69	31	56	8	18	-1	39	4
sm_70	325	386	0	69	31	56	12	22	-1	39	4
sm_70	326	387	4	255	35	56	-1	-1	-1	39	4
sm_70	327	388	4	255	35	56	-1	-1	-1	39	4
sm_70	328	389	0	20	2	56	8	13	-1	39	4
sm_70	329	390	0	20	2	56	12	19	-1	39	4
sm_70	330	391	1	40	15	56	17	13	-1	33	2
sm_70	331	392	1	38	15	56	8	12	-1	33	2
sm_70	332	394	0	20	2	56	10	21	-1	39	4
sm_70	333	395	4	255	35	56	-1	-1	-1	39	4
sm_70	334	396	1	40	15	56	16	40	-1	33	2
sm_70	335	398	4	255	35	56	-1	-1	-1	39	4
sm_70	336	401	1	11	0	56	56	80	-1	33	2
sm_70	337	402	1	10	0	56	56	80	-1	33	2
sm_70	338	403	1	11	0	56	56	80	-1	33	2
sm_70	339	404	4	255	35	56	-1	-1	-1	39	4
sm_70	340	407	1	10	0	56	56	80	-1	33	2
sm_70	341	408	4	255	35	56	-1	-1	-1	39	4
sm_70	342	409	4	255	35	56	-1	-1	-1	39	4
sm_70	343	410	4	255	35	56	-1	-1	-1	39	4
sm_70	344	412	1	11	0	56	56	80	-1	33	2
sm_70	345	413	1	10	0	56	56	80	-1	33	2
sm_70	346	414	1	11	0	56	56	80	-1	33	2
sm_70	347	415	1	10	0	56	84	81	-1	33	2
sm_70	348	416	4	255	35	56	-1	-1	-1	39	4
sm_70	349	417	4	255	35	56	-1	-1	-1	39	4
sm_70	350	418	4	255	35	56	-1	-1	-1	39	4
sm_70	351	421	1	10	0	56	84	81	-1	33	2
sm_70	352	422	4	255	35	56	-1	-1	-1	39	4
sm_70	353	423	4	255	35	56	-1	-1	-1	39	4
sm_70	354	424	4	255	35	56	-1	-1	-1	39	4
sm_70	355	427	1	11	0	56	56	80	-1	33	2
sm_70	356	428	1	11	0	56	56	80	-1	33	2
sm_70	357	429	1	10	0	56	84	81	-1	33	2
sm_70	358	430	4	255	35	56	-1	-1	-1	39	4
sm_70	359	435	0	20	2	56	58	69	-1	39	4
sm_70	360	436	0	20	2	56	58	69	-1	39	4
sm_70	361	437	0	20	2	56	70	81	-1	39	4
sm_70	362	438	0	20	2	56	54	63	-1	39	4
sm_70	363	439	0	20	2	56	42	51	-1	39	4
sm_70	364	440	0	20	2	56	14	23	-1	39	4
sm_70	365	441	0	20	2	56	42	51	-1	39	4
sm_70	366	442	4	255	35	56	-1	-1	-1	39	4
sm_70	367	443	4	255	35	56	-1	-1	-1	39	4
sm_70	368	444	0	20	2	56	30	41	-1	39	4
sm_70	369	445	0	20	2	56	6	11	-1	39	4
sm_70	370	446	0	20	2	56	42	53	-1	39	4
sm_70	371	447	0	20	2	56	30	41	-1	39	4
sm_70	372	448	1	5	0	56	38	43	-1	33	2
sm_70	373	449	1	3	0	56	19	35	-1	33	2
sm_70	374	450	4	255	35	56	-1	-1	-1	39	4
sm_70	375	451	1	16	0	56	30	40	-1	22	1
sm_70	376	452	1	12	0	56	40	54	-1	33	2
sm_70	377	453	4	255	35	56	-1	-1	-1	39	4
sm_70	378	454	4	255	35	56	-1	-1	-1	39	4
sm_70	379	455	1	38	15	56	8	24	-1	33	2
sm_70	380	456	1	41	15	56	32	18	-1	33	2
sm_70	381	457	1	21	2	56	15	20	-1	33	2
sm_70	382	459	1	26	5	56	37	23	-1	33	2
sm_70	383	460	1	15	0	56	67	75	-1	33	2
sm_70	384	461	1	41	15	56	32	16	-1	33	2
sm_70	385	462	1	41	15	56	32	18	-1	33	2
sm_70	386	463	1	6	0	56	16	17	-1	33	2
sm_70	387	464	4	255	35	56	-1	-1	-1	39	4
sm_70	388	466	4	255	35	56	-1	-1	-1	39	4
sm_70	389	467	4	255	35	56	-1	-1	-1	39	4
sm_70	390	468	1	6	0	56	16	17	-1	33	2
sm_70	391	469	1	1	0	56	16	33	-1	33	2
sm_70	392	470	4	255	35	56	-1	-1	-1	39	4
sm_70	393	474	4	255	35	56	-1	-1	-1	39	4
sm_70	394	475	1	1	0	56	16	33	-1	33	2
sm_70	395	476	4	255	35	56	-1	-1	-1	39	4
sm_70	396	479	4	255	35	56	-1	-1	-1	39	4
sm_70	397	480	4	255	35	56	-1	-1	-1	39	4
sm_70	398	481	4	255	35	56	-1	-1	-1	39	4
sm_70	399	482	0	20	2	56	4	17	-1	39	4
sm_70	400	483	1	7	0	56	10	29	-1	33	2
sm_70	401	485	1	7	0	56	10	29	-1	33	2
sm_70	402	487	1	15	0	56	67	75	-1	33	2
sm_70	403	488	1	41	15	56	32	16	-1	33	2
sm_70	404	489	1	15	0	56	67	73	-1	33	2
sm_70	405	490	1	15	0	56	67	73	-1	33	2
sm_70	406	491	1	67	29	56	2	25	-1	31	1
sm_70	407	492	1	67	29	56	2	10	-1	31	1
sm_70	408	493	4	255	35	56	-1	-1	-1	39	4
sm_70	409	495	4	255	35	56	-1	-1	-1	39	4
sm_70	410	496	4	255	35	56	-1	-1	-1	39	4
sm_70	411	497	4	255	35	56	-1	-1	-1	39	4
sm_70	412	498	4	255	35	56	-1	-1	-1	39	4
sm_70	413	499	4	255	35	56	-1	-1	-1	39	4
sm_70	414	500	1	1	0	56	10	18	-1	5	1
sm_70	415	501	4	255	35	56	-1	-1	-1	39	4
sm_70	416	503	1	1	0	56	10	18	-1	5	1
sm_70	417	504	4	255	35	56	-1	-1	-1	39	4
sm_70	418	526	0	22	2	56	2	-1	-1	39	4
sm_70	419	527	4	255	35	56	-1	-1	-1	39	4
sm_70	420	528	4	255	35	56	-1	-1	-1	39	4
sm_70	421	529	4	255	35	56	-1	-1	-1	39	4
sm_70	422	530	0	22	2	56	2	-1	-1	39	4
sm_70	423	531	4	255	35	56	-1	-1	-1	39	4
sm_70	424	532	1	42	15	56	4	-1	-1	1	1
sm_70	425	533	1	74	33	56	8	18	-1	36	1
sm_70	426	534	1	73	33	7	4	14	-1	37	1
sm_70	427	536	4	255	35	56	-1	-1	-1	39	4
sm_70	428	539	4	255	35	56	-1	-1	-1	39	4
sm_70	429	540	1	29	6	56	8	-1	5	5	1
sm_70	430	541	1	29	6	56	8	-1	5	5	1
sm_70	431	542	1	29	6	56	8	-1	-1	33	2
sm_70	432	543	1	29	6	56	8	-1	-1	33	2
sm_70	433	544	0	52	21	56	1	-1	-1	39	4
sm_70	434	545	4	255	35	56	-1	-1	-1	39	4
sm_70	435	546	4	255	35	56	-1	-1	-1	39	4
sm_70	436	547	1	42	15	56	4	-1	-1	1	1
sm_70	437	548	1	42	15	56	4	-1	-1	1	1
sm_70	438	549	0	22	2	56	2	-1	-1	39	4
sm_70	439	550	1	34	13	56	8	27	-1	1	1
sm_70	440	551	0	22	2	56	2	-1	-1	39	4
sm_70	441	552	0	52	21	56	1	-1	-1	39	4
sm_70	442	553	1	74	33	56	8	15	-1	36	1
sm_70	443	554	1	17	0	56	8	-1	-1	33	2
sm_70	444	555	0	22	2	56	2	-1	-1	39	4
sm_70	445	556	0	22	2	56	2	-1	-1	39	4
sm_70	446	557	4	255	35	56	-1	-1	-1	39	4
sm_70	447	558	4	255	35	56	-1	-1	-1	39	4
sm_70	448	562	4	255	35	56	-1	-1	-1	39	4
sm_70	449	563	4	255	35	56	-1	-1	-1	39	4
sm_70	450	564	4	255	35	56	-1	-1	-1	39	4
sm_70	451	565	4	255	35	56	-1	-1	-1	39	4
sm_70	452	566	4	255	35	56	-1	-1	-1	39	4
sm_70	453	567	4	255	35	56	-1	-1	-1	39	4
sm_70	454	568	4	255	35	56	-1	-1	-1	39	4
sm_70	455	569	1	42	15	56	4	-1	-1	1	1
sm_70	456	570	1	42	15	56	4	-1	-1	4	1
sm_70	457	571	0	22	2	56	2	-1	-1	39	4
sm_70	458	572	0	22	2	56	2	-1	-1	39	4
sm_70	459	574	1	42	15	56	4	-1	-1	1	1
sm_70	460	575	1	42	15	56	4	-1	-1	1	1
sm_70	461	576	1	18	0	43	8	25	-1	20	1
sm_70	462	577	1	29	6	56	8	-1	5	5	1
sm_70	463	579	0	22	2	56	2	-1	6	39	4
sm_70	464	580	0	22	2	56	2	-1	-1	39	4
sm_70	465	581	0	46	18	56	2	-1	6	39	4
sm_70	466	582	1	28	5	56	4	-1	-1	5	1
sm_70	467	583	1	44	17	56	4	-1	-1	33	2
sm_70	468	584	1	17	0	56	8	-1	-1	22	1
sm_70	469	585	4	255	35	56	-1	-1	-1	39	4
sm_70	470	586	0	22	2	56	2	-1	-1	39	4
sm_70	471	587	4	255	35	56	-1	-1	-1	39	4
sm_70	472	588	4	255	35	56	-1	-1	-1	39	4
sm_70	473	589	4	255	35	56	-1	-1	-1	39	4
sm_70	474	590	1	17	0	56	8	-1	-1	0	1
sm_70	475	591	1	17	0	56	8	-1	-1	0	1
sm_70	476	592	0	22	2	56	2	-1	-1	39	4
sm_70	477	593	0	22	2	56	2	-1	-1	39	4
sm_70	478	594	1	42	15	56	4	-1	-1	1	1
sm_70	479	595	0	22	2	56	2	-1	-1	39	4
sm_70	480	596	0	22	2	56	2	-1	-1	39	4
sm_70	481	599	1	42	15	56	4	-1	-1	1	1
sm_70	482	600	1	42	15	56	4	-1	-1	1	1
sm_70	483	601	1	42	15	56	4	-1	-1	1	1
sm_70	484	602	1	42	15	56	4	-1	-1	1	1
sm_70	485	603	1	42	15	56	4	-1	-1	1	1
sm_70	486	604	1	42	15	56	4	-1	-1	1	1
sm_70	487	605	1	68	29	56	1	-1	-1	31	1
sm_70	488	606	1	68	29	56	1	-1	-1	31	1
sm_70	489	607	1	63	27	56	32	-1	-1	23	1
sm_70	490	608	1	63	27	56	32	-1	-1	28	1
sm_70	491	609	1	63	27	56	32	-1	-1	28	1
sm_70	492	610	1	63	27	56	32	-1	-1	24	1
sm_70	493	611	1	63	27	56	32	-1	-1	24	1
sm_70	494	612	1	54	23	45	8	-1	-1	25	3
sm_70	495	613	1	56	23	47	16	-1	-1	25	3
sm_70	496	614	1	55	23	46	16	-1	-1	25	3
sm_70	497	615	1	54	23	45	8	-1	-1	25	3
sm_70	498	616	1	55	23	46	16	-1	-1	25	3
sm_70	499	617	1	54	23	45	8	-1	-1	25	3
sm_70	500	618	1	54	23	45	8	-1	-1	25	3
sm_70	501	619	1	55	23	46	16	40	-1	25	3
sm_70	502	623	1	63	27	56	32	-1	-1	28	1
sm_70	503	624	1	63	27	56	32	-1	-1	28	1
sm_70	504	625	1	63	27	56	32	-1	-1	28	1
sm_70	505	626	1	63	27	56	32	-1	-1	28	1
sm_70	506	627	4	255	35	56	-1	-1	-1	39	4
sm_70	507	628	4	255	35	56	-1	-1	-1	39	4
sm_70	508	629	4	255	35	56	-1	-1	-1	39	4
sm_70	509	630	4	255	35	56	-1	-1	-1	39	4
sm_70	510	631	4	255	35	56	-1	-1	-1	39	4
sm_70	511	632	4	255	35	56	-1	-1	-1	39	4
sm_70	512	633	4	255	35	56	-1	-1	-1	39	4
sm_70	513	634	4	255	35	56	-1	-1	-1	39	4
sm_70	514	635	1	63	27	56	32	-1	-1	28	1
sm_70	515	636	1	63	27	56	32	-1	-1	28	1
sm_70	516	637	1	64	28	0	8	-1	-1	29	3
sm_70	517	639	1	64	28	0	8	-1	-1	29	3
sm_70	518	640	1	64	28	0	8	-1	-1	29	3
sm_70	519	641	0	70	31	56	2	-1	-1	39	4
sm_70	520	642	0	70	31	56	2	-1	-1	39	4
sm_70	521	644	1	17	0	56	8	-1	-1	33	2
sm_70	522	645	0	52	21	56	1	-1	-1	39	4
sm_70	523	646	0	52	21	56	1	-1	-1	39	4
sm_70	524	647	0	52	21	56	1	-1	-1	39	4
sm_70	525	648	0	70	31	56	2	-1	-1	39	4
sm_70	526	662	4	255	35	56	-1	-1	-1	39	4
sm_70	527	663	0	70	31	56	2	-1	-1	39	4
sm_70	528	664	4	255	35	56	-1	-1	-1	39	4
sm_70	529	665	4	255	35	56	-1	-1	-1	39	4
sm_70	530	666	4	255	35	56	-1	-1	-1	39	4
sm_70	531	667	4	255	35	56	-1	-1	-1	39	4
sm_70	532	668	4	255	35	56	-1	-1	-1	39	4
sm_70	533	669	4	255	35	56	-1	-1	-1	39	4
sm_70	534	670	0	70	31	56	2	-1	-1	39	4
sm_70	535	671	4	255	35	56	-1	-1	-1	39	4
sm_70	536	672	4	255	35	56	-1	-1	-1	39	4
sm_70	537	673	4	255	35	56	-1	-1	-1	39	4
sm_70	538	674	4	255	35	56	-1	-1	-1	39	4
sm_70	539	675	4	255	35	56	-1	-1	-1	39	4
sm_70	540	676	4	255	35	56	-1	-1	-1	39	4
sm_70	541	677	1	71	32	56	8	-1	6	35	3
sm_70	542	678	4	255	35	56	-1	-1	-1	39	4
sm_70	543	679	4	255	35	56	-1	-1	-1	39	4
sm_70	544	680	4	255	35	56	-1	-1	-1	39	4
sm_70	545	681	4	255	35	56	-1	-1	-1	39	4
sm_70	546	682	4	255	35	56	-1	-1	-1	39	4
sm_70	547	683	0	70	31	56	2	-1	-1	39	4
sm_70	548	684	0	70	31	56	2	-1	-1	39	4
sm_70	549	685	0	70	31	56	2	-1	-1	39	4
sm_70	550	686	4	255	35	56	-1	-1	-1	39	4
sm_70	551	687	4	255	35	56	-1	-1	-1	39	4
sm_70	552	688	0	70	31	56	2	-1	-1	39	4
sm_70	553	689	4	255	35	56	-1	-1	-1	39	4
sm_70	554	691	0	70	31	56	2	-1	-1	39	4
sm_70	555	692	0	52	21	56	1	-1	-1	39	4
sm_70	556	693	0	70	31	56	2	-1	-1	39	4
sm_70	557	694	0	70	31	56	2	-1	-1	39	4
sm_70	558	695	0	70	31	56	2	-1	-1	39	4
sm_70	559	696	1	42	15	56	4	-1	-1	1	1
sm_70	560	697	0	52	21	56	1	-1	-1	39	4
sm_70	561	698	4	255	35	56	-1	-1	-1	39	4
sm_70	562	699	0	70	31	56	2	-1	-1	39	4
sm_70	563	700	0	70	31	56	2	-1	-1	39	4
sm_70	564	701	0	70	31	56	2	-1	-1	39	4
sm_70	565	702	0	70	31	56	2	-1	-1	39	4
sm_70	566	703	0	70	31	56	2	-1	-1	39	4
sm_70	567	704	0	70	31	56	2	-1	-1	39	4
sm_70	568	705	1	42	15	56	4	-1	-1	1	1
sm_70	569	707	0	70	31	56	2	-1	-1	39	4
sm_70	570	708	4	255	35	56	-1	-1	-1	39	4
sm_70	571	709	1	17	0	56	8	-1	-1	33	2
sm_70	572	711	1	19	1	56	8	-1	-1	34	3
sm_70	573	712	1	17	0	56	8	-1	-1	34	3
sm_70	574	713	0	70	31	56	2	-1	-1	39	4
sm_70	575	714	0	70	31	56	2	-1	-1	39	4
sm_70	576	715	0	70	31	56	2	-1	-1	39	4
sm_70	577	716	0	70	31	56	2	-1	-1	39	4
sm_70	578	717	1	42	15	56	4	-1	-1	1	1
sm_70	579	724	1	53	22	56	32	-1	-1	21	1
sm_70	580	725	1	61	26	49	256	-1	-1	26	3
sm_70	581	726	1	61	26	49	256	-1	-1	26	3
sm_70	582	727	1	62	26	50	1024	-1	-1	27	3
sm_70	583	728	1	57	24	49	256	-1	-1	26	3
sm_70	584	729	1	58	24	50	1024	-1	-1	27	3
sm_70	585	730	1	59	25	49	256	-1	-1	26	3
sm_70	586	731	1	60	25	50	1024	-1	-1	27	3
sm_70	587	732	1	59	25	49	256	-1	-1	26	3
sm_70	588	733	1	60	25	50	1024	-1	-1	27	3
sm_70	589	734	1	53	22	56	32	-1	-1	21	1
sm_70	590	735	4	255	35	56	-1	-1	-1	39	4
sm_70	591	736	4	255	35	56	-1	-1	-1	39	4
sm_70	592	737	1	59	25	49	256	-1	-1	26	3
sm_70	593	738	1	60	25	50	1024	-1	-1	27	3
sm_70	594	739	1	59	25	49	256	-1	-1	26	3
sm_70	595	740	1	60	25	50	1024	-1	-1	27	3
sm_70	596	741	1	57	24	49	256	-1	-1	26	3
sm_70	597	742	1	58	24	50	1024	-1	-1	27	3
sm_70	598	743	1	53	22	56	32	-1	-1	21	1
sm_70	599	744	1	65	28	52	4	-1	-1	29	3
sm_70	600	745	1	65	28	52	4	-1	-1	30	1
sm_70	601	747	1	66	28	54	8	-1	-1	29	3
sm_70	602	748	1	66	28	54	8	-1	-1	29	3
sm_70	603	749	1	66	28	54	8	-1	-1	29	3
sm_70	604	750	1	66	28	54	8	-1	-1	29	3
sm_70	605	752	4	255	35	56	-1	-1	-1	39	4
sm_70	606	753	4	255	35	56	-1	-1	-1	39	4
sm_70	607	754	1	17	0	56	8	-1	-1	33	2
sm_70	608	755	0	22	2	56	2	-1	-1	39	4
sm_70	609	756	0	22	2	56	2	-1	-1	39	4
sm_70	610	757	4	255	35	56	-1	-1	-1	39	4
sm_70	611	758	4	255	35	56	-1	-1	-1	39	4
sm_70	612	759	4	255	35	56	-1	-1	-1	39	4
sm_70	613	760	4	255	35	56	-1	-1	-1	39	4
sm_70	614	761	4	255	35	56	-1	-1	-1	39	4
sm_70	615	763	0	22	2	56	2	-1	-1	39	4
sm_70	616	764	0	52	21	56	1	-1	-1	39	4
sm_70	617	769	1	29	6	56	8	-1	5	5	1
sm_70	618	771	1	28	5	56	4	-1	5	5	1
sm_72	0	0	0	52	21	56	1	-1	-1	39	4
sm_72	1	1	0	52	21	56	1	-1	-1	39	4
sm_72	2	2	1	17	0	56	8	-1	-1	0	1
sm_72	3	3	1	17	0	56	8	-1	-1	33	2
sm_72	4	4	1	42	15	56	4	-1	-1	1	1
sm_72	5	5	1	42	15	56	4	-1	-1	1	1
sm_72	6	6	1	42	15	56	4	-1	-1	1	1
sm_72	7	7	1	42	15	56	4	-1	-1	3	3
sm_72	8	8	1	42	15	56	4	-1	-1	2	3
sm_72	9	9	1	42	15	56	4	-1	-1	1	1
sm_72	10	10	1	42	15	56	4	-1	-1	4	1
sm_72	11	11	1	17	0	56	8	-1	6	33	2
sm_72	12	12	1	17	0	56	8	-1	-1	33	2
sm_72	13	15	0	22	2	56	2	-1	-1	39	4
sm_72	14	20	1	28	5	56	4	-1	5	33	2
sm_72	15	21	0	22	2	56	2	-1	-1	39	4
sm_72	16	22	1	28	5	56	4	-1	5	5	1
sm_72	17	23	1	28	5	56	4	-1	-1	5	1
sm_72	18	24	0	52	21	56	1	-1	-1	39	4
sm_72	19	25	1	28	5	56	4	-1	5	5	1
sm_72	20	26	1	28	5	56	4	-1	5	5	1
sm_72	21	27	1	28	5	56	4	-1	5	5	1
sm_72	22	28	1	72	34	56	8	15	-1	36	1
sm_72	23	29	1	29	6	56	8	-1	5	5	1
sm_72	24	30	1	28	5	56	4	-1	5	5	1
sm_72	25	31	1	28	5	56	4	-1	-1	5	1
sm_72	26	32	1	28	5	56	4	-1	5	5	1
sm_72	27	33	1	29	6	56	8	-1	5	5	1
sm_72	28	34	1	42	15	56	4	-1	-1	33	2
sm_72	29	35	0	52	21	56	1	-1	8	39	4
sm_72	30	36	0	52	21	56	1	-1	8	39	4
sm_72	31	37	0	52	21	56	1	-1	8	39	4
sm_72	32	38	0	52	21	56	1	-1	8	39	4
sm_72	33	39	0	52	21	56	1	-1	11	39	4
sm_72	34	40	1	37	14	56	4	18	-1	15	3
sm_72	35	41	1	42	15	56	4	-1	-1	33	2
sm_72	36	42	1	42	15	56	4	-1	-1	33	2
sm_72	37	43	1	63	27	56	32	-1	-1	33	2
sm_72	38	44	1	17	0	56	8	-1	6	33	2
sm_72	39	45	0	47	19	11	4	-1	-1	39	4
sm_72	40	46	0	22	2	56	2	-1	-1	39	4
sm_72	41	48	0	22	2	56	2	-1	-1	39	4
sm_72	42	49	0	22	2	56	2	-1	-1	39	4
sm_72	43	50	4	255	35	56	-1	-1	-1	39	4
sm_72	44	51	0	22	2	56	2	-1	-1	39	4
sm_72	45	52	0	46	19	10	2	-1	-1	39	4
sm_72	46	54	0	52	21	56	1	-1	4	39	4
sm_72	47	55	0	46	19	10	2	-1	-1	39	4
sm_72	48	56	2	45	19	2	16	-1	-1	17	1
sm_72	49	60	0	46	19	10	2	-1	-1	39	4
sm_72	50	61	0	46	19	10	2	-1	-1	39	4
sm_72	51	62	0	22	2	56	2	-1	-1	39	4
sm_72	52	63	1	28	5	56	4	-1	5	5	1
sm_72	53	64	0	52	21	56	1	-1	-1	39	4
sm_72	54	65	1	28	5	56	4	-1	5	5	1
sm_72	55	66	1	72	34	56	8	15	-1	38	1
sm_72	56	67	1	72	34	56	8	15	-1	36	1
sm_72	57	68	0	22	2	56	2	-1	-1	39	4
sm_72	58	69	1	72	34	56	8	15	-1	38	1
sm_72	59	70	1	72	34	56	8	15	-1	36	1
sm_72	60	71	0	22	2	56	2	-1	-1	39	4
sm_72	61	72	0	31	12	9	1	-1	-1	39	4
sm_72	62	73	0	33	12	13	2	-1	-1	39	4
sm_72	63	74	0	31	12	9	1	-1	-1	39	4
sm_72	64	75	1	72	34	56	8	15	-1	36	1
sm_72	65	76	1	42	15	56	4	-1	-1	8	1
sm_72	66	77	1	42	15	56	4	-1	-1	9	1
sm_72	67	78	1	68	29	56	1	-1	-1	10	1
sm_72	68	79	0	31	12	9	1	-1	-1	39	4
sm_72	69	80	0	33	12	13	2	-1	-1	39	4
sm_72	70	81	0	31	12	9	1	-1	-1	39	4
sm_72	71	82	0	31	12	9	1	-1	-1	39	4
sm_72	72	84	0	31	12	9	1	-1	-1	39	4
sm_72	73	87	1	72	34	56	8	15	-1	36	1
sm_72	74	88	0	22	2	56	2	-1	-1	39	4
sm_72	75	89	0	22	2	56	2	-1	-1	39	4
sm_72	76	90	0	31	12	9	1	-1	-1	39	4
sm_72	77	91	0	33	12	13	2	-1	-1	39	4
sm_72	78	92	0	31	12	9	1	-1	-1	39	4
sm_72	79	93	1	63	27	56	32	-1	-1	11	1
sm_72	80	94	1	72	34	56	8	15	-1	38	1
sm_72	81	95	1	72	34	56	8	15	-1	36	1
sm_72	82	96	0	22	2	56	2	-1	-1	39	4
sm_72	83	97	0	22	2	56	2	-1	-1	39	4
sm_72	84	98	0	22	2	56	2	-1	-1	39	4
sm_72	85	99	0	30	12	8	2	-1	-1	39	4
sm_72	86	100	0	22	2	56	2	-1	-1	39	4
sm_72	87	101	0	22	2	56	2	-1	-1	39	4
sm_72	88	102	1	17	0	56	8	-1	-1	33	2
sm_72	89	103	0	33	12	13	2	-1	-1	39	4
sm_72	90	104	0	30	12	8	2	-1	-1	39	4
sm_72	91	105	0	33	12	13	2	-1	-1	39	4
sm_72	92	106	0	33	12	13	2	-1	-1	39	4
sm_72	93	107	0	33	12	13	2	-1	-1	39	4
sm_72	94	108	0	33	12	13	2	-1	-1	39	4
sm_72	95	112	0	48	19	40	8	-1	-1	39	4
sm_72	96	113	0	48	19	40	8	-1	-1	39	4
sm_72	97	114	0	48	19	40	8	-1	-1	39	4
sm_72	98	115	0	48	19	40	8	-1	-1	39	4
sm_72	99	116	0	49	19	41	9	-1	-1	39	4
sm_72	100	117	0	49	19	41	9	-1	-1	39	4
sm_72	101	118	0	49	19	41	9	-1	-1	39	4
sm_72	102	119	0	49	19	41	9	-1	-1	39	4
sm_72	103	120	0	22	2	56	2	-1	-1	39	4
sm_72	104	121	0	33	12	13	2	-1	-1	39	4
sm_72	105	122	0	33	12	13	2	-1	-1	39	4
sm_72	106	123	0	22	2	56	2	-1	-1	39	4
sm_72	107	124	0	22	2	56	2	-1	-1	39	4
sm_72	108	125	1	72	34	56	8	15	-1	38	1
sm_72	109	126	1	72	34	56	8	15	-1	36	1
sm_72	110	127	0	22	2	56	2	-1	-1	39	4
sm_72	111	128	0	22	2	56	2	-1	-1	39	4
sm_72	112	129	0	22	2	56	2	-1	-1	39	4
sm_72	113	130	0	22	2	56	2	-1	-1	39	4
sm_72	114	131	0	22	2	56	2	-1	-1	39	4
sm_72	115	132	4	255	35	56	-1	-1	-1	39	4
sm_72	116	133	4	255	35	56	-1	-1	-1	39	4
sm_72	117	134	4	255	35	56	-1	-1	-1	39	4
sm_72	118	135	0	22	2	56	2	-1	-1	39	4
sm_72	119	136	4	255	35	56	-1	-1	-1	39	4
sm_72	120	137	4	255	35	56	-1	-1	-1	39	4
sm_72	121	138	4	255	35	56	-1	-1	-1	39	4
sm_72	122	139	4	255	35	56	-1	-1	-1	39	4
sm_72	123	140	0	22	2	56	2	-1	-1	39	4
sm_72	124	141	0	22	2	56	2	-1	-1	39	4
sm_72	125	142	0	52	21	56	1	-1	5	39	4
sm_72	126	143	0	30	12	8	2	-1	-1	39	4
sm_72	127	144	0	30	12	8	2	-1	-1	39	4
sm_72	128	147	0	30	12	8	2	-1	-1	39	4
sm_72	129	148	0	32	12	12	4	-1	-1	39	4
sm_72	130	149	0	32	12	12	4	-1	-1	39	4
sm_72	131	150	0	32	12	12	4	-1	-1	39	4
sm_72	132	151	0	32	12	12	4	-1	-1	39	4
sm_72	133	152	0	32	12	12	4	-1	-1	39	4
sm_72	134	153	0	32	12	12	4	-1	-1	39	4
sm_72	135	154	0	32	12	12	4	-1	-1	39	4
sm_72	136	156	0	49	19	41	9	-1	-1	39	4
sm_72	137	157	0	49	19	41	9	-1	-1	39	4
sm_72	138	159	0	48	19	40	8	-1	-1	39	4
sm_72	139	160	0	48	19	40	8	-1	-1	39	4
sm_72	140	162	0	22	2	56	2	-1	-1	39	4
sm_72	141	163	4	255	35	56	-1	-1	-1	39	4
sm_72	142	164	4	255	35	56	-1	-1	-1	39	4
sm_72	143	165	4	255	35	56	-1	-1	-1	39	4
sm_72	144	166	0	30	12	8	2	-1	-1	39	4
sm_72	145	167	0	32	12	12	4	-1	-1	39	4
sm_72	146	168	0	30	12	8	2	-1	-1	39	4
sm_72	147	169	0	32	12	12	4	-1	-1	39	4
sm_72	148	170	1	34	13	56	8	27	-1	14	1
sm_72	149	171	1	42	15	56	4	-1	-1	1	1
sm_72	150	172	1	42	15	56	4	-1	-1	1	1
sm_72	151	173	0	22	2	56	2	-1	-1	39	4
sm_72	152	174	0	22	2	56	2	-1	-1	39	4
sm_72	153	175	0	22	2	56	2	-1	-1	39	4
sm_72	154	176	4	255	35	56	-1	-1	-1	39	4
sm_72	155	177	4	255	35	56	-1	-1	-1	39	4
sm_72	156	178	4	255	35	56	-1	-1	-1	39	4
sm_72	157	179	1	28	5	56	4	-1	5	5	1
sm_72	158	180	1	28	5	56	4	-1	5	5	1
sm_72	159	181	1	29	6	56	8	-1	5	5	1
sm_72	160	182	1	28	5	56	4	-1	5	5	1
sm_72	161	183	1	28	5	56	4	-1	5	5	1
sm_72	162	184	1	42	15	56	4	-1	-1	2	3
sm_72	163	185	1	17	0	56	8	-1	-1	33	2
sm_72	164	186	1	37	14	56	4	18	-1	15	3
sm_72	165	187	1	42	15	56	4	-1	-1	2	3
sm_72	166	188	1	42	15	56	4	-1	-1	16	0
sm_72	167	189	1	42	15	56	4	-1	-1	2	3
sm_72	168	190	1	42	15	56	4	-1	-1	2	3
sm_72	169	191	1	42	15	56	4	-1	-1	2	3
sm_72	170	192	1	42	15	56	4	-1	-1	1	1
sm_72	171	193	1	42	15	56	4	-1	-1	1	1
sm_72	172	194	1	68	29	56	1	-1	-1	31	1
sm_72	173	195	1	68	29	56	1	-1	-1	31	1
sm_72	174	196	1	42	15	56	4	-1	-1	1	1
sm_72	175	197	0	22	2	56	2	-1	-1	39	4
sm_72	176	198	0	22	2	56	2	-1	-1	39	4
sm_72	177	199	0	22	2	56	2	-1	-1	39	4
sm_72	178	200	0	22	2	56	2	-1	-1	39	4
sm_72	179	201	0	22	2	56	2	-1	-1	39	4
sm_72	180	202	1	17	0	56	8	-1	-1	33	2
sm_72	181	203	1	43	16	56	32	-1	6	33	2
sm_72	182	204	0	50	21	56	2	2	-1	39	4
sm_72	183	205	4	255	35	56	-1	-1	-1	39	4
sm_72	184	206	4	255	35	56	-1	-1	-1	39	4
sm_72	185	207	4	255	35	56	-1	-1	-1	39	4
sm_72	186	208	4	255	35	56	-1	-1	-1	39	4
sm_72	187	209	4	255	35	56	-1	-1	-1	39	4
sm_72	188	210	4	255	35	56	-1	-1	-1	39	4
sm_72	189	211	4	255	35	56	-1	-1	-1	39	4
sm_72	190	212	4	255	35	56	-1	-1	-1	39	4
sm_72	191	213	4	255	35	56	-1	-1	-1	39	4
sm_72	192	214	4	255	35	56	-1	-1	-1	39	4
sm_72	193	215	4	255	35	56	-1	-1	-1	39	4
sm_72	194	216	4	255	35	56	-1	-1	-1	39	4
sm_72	195	217	4	255	35	56	-1	-1	-1	39	4
sm_72	196	218	4	255	35	56	-1	-1	-1	39	4
sm_72	197	219	4	255	35	56	-1	-1	-1	39	4
sm_72	198	220	4	255	35	56	-1	-1	-1	39	4
sm_72	199	221	4	255	35	56	-1	-1	-1	39	4
sm_72	200	222	4	255	35	56	-1	-1	-1	39	4
sm_72	201	223	4	255	35	56	-1	-1	-1	39	4
sm_72	202	224	1	15	0	56	67	87	-1	33	2
sm_72	203	225	1	38	15	56	8	24	-1	33	2
sm_72	204	226	1	38	15	56	8	24	-1	33	2
sm_72	205	227	1	15	0	56	67	87	-1	33	2
sm_72	206	228	1	15	0	56	71	87	-1	33	2
sm_72	207	229	1	41	15	56	32	30	-1	33	2
sm_72	208	230	1	15	0	56	71	87	-1	33	2
sm_72	209	231	1	41	15	56	32	30	-1	33	2
sm_72	210	232	1	38	15	56	8	24	-1	33	2
sm_72	211	233	1	41	15	56	32	30	-1	33	2
sm_72	212	234	1	15	0	56	67	87	-1	33	2
sm_72	213	235	1	15	0	56	71	87	-1	33	2
sm_72	214	236	1	41	15	56	32	30	-1	33	2
sm_72	215	237	1	15	0	56	67	87	-1	33	2
sm_72	216	238	1	15	0	56	71	87	-1	33	2
sm_72	217	239	1	41	15	56	32	30	-1	33	2
sm_72	218	240	1	15	0	56	67	87	-1	33	2
sm_72	219	241	1	15	0	56	71	87	-1	33	2
sm_72	220	242	1	9	0	56	78	71	-1	33	2
sm_72	221	244	1	9	0	56	86	80	-1	33	2
sm_72	222	245	1	6	0	56	24	18	-1	33	2
sm_72	223	248	1	25	5	56	10	7	-1	33	2
sm_72	224	250	1	8	0	56	19	16	-1	33	2
sm_72	225	252	1	6	0	56	18	17	-1	33	2
sm_72	226	254	1	6	0	56	18	15	-1	33	2
sm_72	227	256	1	5	0	56	29	49	-1	33	2
sm_72	228	257	1	13	0	56	8	25	-1	33	2
sm_72	229	258	1	13	0	56	8	25	-1	33	2
sm_72	230	259	1	2	0	56	35	54	-1	33	2
sm_72	231	262	1	7	0	56	16	33	-1	33	2
sm_72	232	263	1	7	0	56	16	33	-1	33	2
sm_72	233	265	1	5	0	56	29	49	-1	33	2
sm_72	234	266	1	13	0	56	8	25	-1	33	2
sm_72	235	267	1	13	0	56	8	25	-1	33	2
sm_72	236	268	1	2	0	56	35	54	-1	33	2
sm_72	237	270	1	7	0	56	16	33	-1	33	2
sm_72	238	272	1	7	0	56	16	33	-1	33	2
sm_72	239	274	1	0	0	56	22	27	-1	33	2
sm_72	240	275	1	1	0	56	30	32	-1	33	2
sm_72	241	278	1	6	0	56	16	17	-1	33	2
sm_72	242	279	1	6	0	56	16	10	-1	33	2
sm_72	243	281	1	6	0	56	9	6	-1	5	1
sm_72	244	284	1	6	0	56	9	9	-1	5	1
sm_72	245	285	1	39	15	56	4	2	-1	33	2
sm_72	246	286	1	39	15	56	4	2	-1	33	2
sm_72	247	287	1	39	15	56	4	2	-1	33	2
sm_72	248	288	0	51	21	56	27	37	-1	39	4
sm_72	249	289	4	255	35	56	-1	-1	-1	39	4
sm_72	250	291	0	51	21	56	10	20	-1	39	4
sm_72	251	292	4	255	35	56	-1	-1	-1	39	4
sm_72	252	294	0	20	2	56	8	13	-1	39	4
sm_72	253	295	4	255	35	56	-1	-1	-1	39	4
sm_72	254	296	4	255	35	56	-1	-1	-1	39	4
sm_72	255	297	4	255	35	56	-1	-1	-1	39	4
sm_72	256	298	4	255	35	56	-1	-1	-1	39	4
sm_72	257	299	0	20	2	56	4	9	-1	39	4
sm_72	258	300	4	255	35	56	-1	-1	-1	39	4
sm_72	259	301	0	50	21	56	2	6	-1	39	4
sm_72	260	302	4	255	35	56	-1	-1	-1	39	4
sm_72	261	304	1	1	0	56	10	18	-1	5	1
sm_72	262	305	1	1	0	56	12	18	-1	5	1
sm_72	263	306	4	255	35	56	-1	-1	-1	39	4
sm_72	264	309	1	1	0	56	10	18	-1	5	1
sm_72	265	310	1	1	0	56	12	18	-1	5	1
sm_72	266	311	4	255	35	56	-1	-1	-1	39	4
sm_72	267	314	4	255	35	56	-1	-1	-1	39	4
sm_72	268	315	1	41	15	56	32	7	-1	33	2
sm_72	269	316	1	41	15	56	64	39	-1	33	2
sm_72	270	317	1	23	5	56	90	68	-1	33	2
sm_72	271	318	1	15	0	56	65	58	-1	33	2
sm_72	272	319	1	15	0	56	67	64	-1	33	2
sm_72	273	320	1	35	14	56	6	13	-1	33	2
sm_72	274	321	1	36	14	56	5	12	-1	33	2
sm_72	275	322	1	24	5	56	11	18	-1	33	2
sm_72	276	323	4	255	35	56	-1	-1	-1	39	4
sm_72	277	324	4	255	35	56	-1	-1	-1	39	4
sm_72	278	325	4	255	35	56	-1	-1	-1	39	4
sm_72	279	328	1	15	0	56	33	26	-1	33	2
sm_72	280	330	4	255	35	56	-1	-1	-1	39	4
sm_72	281	331	4	255	35	56	-1	-1	-1	39	4
sm_72	282	332	4	255	35	56	-1	-1	-1	39	4
sm_72	283	333	4	255	35	56	-1	-1	-1	39	4
sm_72	284	334	1	27	5	56	6	6	-1	5	1
sm_72	285	335	1	38	15	56	8	24	-1	33	2
sm_72	286	336	1	38	15	56	8	24	-1	33	2
sm_72	287	337	1	38	15	56	8	24	-1	33	2
sm_72	288	338	4	255	35	56	-1	-1	-1	39	4
sm_72	289	340	0	20	2	56	4	9	-1	39	4
sm_72	290	342	0	51	21	56	2	12	-1	39	4
sm_72	291	343	4	255	35	56	-1	-1	-1	39	4
sm_72	292	344	1	6	0	56	16	32	-1	33	2
sm_72	293	346	1	6	0	56	16	32	-1	33	2
sm_72	294	348	1	6	0	56	16	32	-1	33	2
sm_72	295	350	1	6	0	56	16	32	-1	33	2
sm_72	296	352	4	255	35	56	-1	-1	-1	39	4
sm_72	297	353	4	255	35	56	-1	-1	-1	39	4
sm_72	298	354	4	255	35	56	-1	-1	-1	39	4
sm_72	299	355	4	255	35	56	-1	-1	-1	39	4
sm_72	300	356	4	255	35	56	-1	-1	-1	39	4
sm_72	301	357	4	255	35	56	-1	-1	-1	39	4
sm_72	302	358	4	255	35	56	-1	-1	-1	39	4
sm_72	303	359	4	255	35	56	-1	-1	-1	39	4
sm_72	304	360	4	255	35	56	-1	-1	-1	39	4
sm_72	305	361	4	255	35	56	-1	-1	-1	39	4
sm_72	306	362	4	255	35	56	-1	-1	-1	39	4
sm_72	307	363	4	255	35	56	-1	-1	-1	39	4
sm_72	308	364	4	255	35	56	-1	-1	-1	39	4
sm_72	309	365	4	255	35	56	-1	-1	-1	39	4
sm_72	310	366	4	255	35	56	-1	-1	-1	39	4
sm_72	311	367	4	255	35	56	-1	-1	-1	39	4
sm_72	312	368	4	255	35	56	-1	-1	-1	39	4
sm_72	313	369	4	255	35	56	-1	-1	-1	39	4
sm_72	314	370	4	255	35	56	-1	-1	-1	39	4
sm_72	315	371	4	255	35	56	-1	-1	-1	39	4
sm_72	316	372	4	255	35	56	-1	-1	-1	39	4
sm_72	317	373	4	255	35	56	-1	-1	-1	39	4
sm_72	318	374	4	255	35	56	-1	-1	-1	39	4
sm_72	319	375	1	4	0	56	72	77	-1	33	2
sm_72	320	377	1	14	0	56	79	87	-1	33	2
sm_72	321	379	1	14	0	56	71	74	-1	33	2
sm_72	322	383	1	14	0	56	79	74	-1	33	2
sm_72	323	384	1	14	0	56	71	87	-1	33	2
sm_72	324	385	0	69	31	56	8	18	-1	39	4
sm_72	325	386	0	69	31	56	12	22	-1	39	4
sm_72	326	387	4	255	35	56	-1	-1	-1	39	4
sm_72	327	388	4	255	35	56	-1	-1	-1	39	4
sm_72	328	389	0	20	2	56	8	13	-1	39	4
sm_72	329	390	0	20	2	56	12	19	-1	39	4
sm_72	330	391	1	40	15	56	17	13	-1	33	2
sm_72	331	392	1	38	15	56	8	12	-1	33	2
sm_72	332	394	0	20	2	56	10	21	-1	39	4
sm_72	333	395	4	255	35	56	-1	-1	-1	39	4
sm_72	334	396	1	40	15	56	16	40	-1	33	2
sm_72	335	398	4	255	35	56	-1	-1	-1	39	4
sm_72	336	401	1	11	0	56	56	80	-1	33	2
sm_72	337	402	1	10	0	56	56	80	-1	33	2
sm_72	338	403	1	11	0	56	56	80	-1	33	2
sm_72	339	404	4	255	35	56	-1	-1	-1	39	4
sm_72	340	407	1	10	0	56	56	80	-1	33	2
sm_72	341	408	4	255	35	56	-1	-1	-1	39	4
sm_72	342	409	4	255	35	56	-1	-1	-1	39	4
sm_72	343	410	4	255	35	56	-1	-1	-1	39	4
sm_72	344	412	1	11	0	56	56	80	-1	33	2
sm_72	345	413	1	10	0	56	56	80	-1	33	2
sm_72	346	414	1	11	0	56	56	80	-1	33	2
sm_72	347	415	1	10	0	56	84	81	-1	33	2
sm_72	348	416	4	255	35	56	-1	-1	-1	39	4
sm_72	349	417	4	255	35	56	-1	-1	-1	39	4
sm_72	350	418	4	255	35	56	-1	-1	-1	39	4
sm_72	351	421	1	10	0	56	84	81	-1	33	2
sm_72	352	422	4	255	35	56	-1	-1	-1	39	4
sm_72	353	423	4	255	35	56	-1	-1	-1	39	4
sm_72	354	424	4	255	35	56	-1	-1	-1	39	4
sm_72	355	427	1	11	0	56	56	80	-1	33	2
sm_72	356	428	1	11	0	56	56	80	-1	33	2
sm_72	357	429	1	10	0	56	84	81	-1	33	2
sm_72	358	430	4	255	35	56	-1	-1	-1	39	4
sm_72	359	435	4	255	35	56	-1	-1	-1	39	4
sm_72	360	436	4	255	35	56	-1	-1	-1	39	4
sm_72	361	437	4	255	35	56	-1	-1	-1	39	4
sm_72	362	438	4	255	35	56	-1	-1	-1	39	4
sm_72	363	439	4	255	35	56	-1	-1	-1	39	4
sm_72	364	440	4	255	35	56	-1	-1	-1	39	4
sm_72	365	441	4	255	35	56	-1	-1	-1	39	4
sm_72	366	442	4	255	35	56	-1	-1	-1	39	4
sm_72	367	443	4	255	35	56	-1	-1	-1	39	4
sm_72	368	444	4	255	35	56	-1	-1	-1	39	4
sm_72	369	445	4	255	35	56	-1	-1	-1	39	4
sm_72	370	446	4	255	35	56	-1	-1	-1	39	4
sm_72	371	447	4	255	35	56	-1	-1	-1	39	4
sm_72	372	448	1	5	0	56	38	43	-1	33	2
sm_72	373	449	1	3	0	56	19	35	-1	33	2
sm_72	374	450	4	255	35	56	-1	-1	-1	39	4
sm_72	375	451	1	16	0	56	30	40	-1	22	1
sm_72	376	452	1	12	0	56	40	54	-1	33	2
sm_72	377	453	4	255	35	56	-1	-1	-1	39	4
sm_72	378	454	4	255	35	56	-1	-1	-1	39	4
sm_72	379	455	1	38	15	56	8	24	-1	33	2
sm_72	380	456	1	41	15	56	32	18	-1	33	2
sm_72	381	457	1	21	2	56	15	20	-1	33	2
sm_72	382	459	1	26	5	56	37	23	-1	33	2
sm_72	383	460	1	15	0	56	67	75	-1	33	2
sm_72	384	461	1	41	15	56	32	16	-1	33	2
sm_72	385	462	1	41	15	56	32	18	-1	33	2
sm_72	386	463	1	6	0	56	16	17	-1	33	2
sm_72	387	464	1	1	0	56	12	20	-1	5	1
sm_72	388	466	1	1	0	56	10	7	-1	5	1
sm_72	389	467	1	1	0	56	12	20	-1	5	1
sm_72	390	468	1	6	0	56	16	17	-1	33	2
sm_72	391	469	1	1	0	56	16	33	-1	33	2
sm_72	392	470	4	255	35	56	-1	-1	-1	39	4
sm_72	393	474	1	1	0	56	10	9	-1	5	1
sm_72	394	475	1	1	0	56	16	33	-1	33	2
sm_72	395	476	4	255	35	56	-1	-1	-1	39	4
sm_72	396	479	4	255	35	56	-1	-1	-1	39	4
sm_72	397	480	4	255	35	56	-1	-1	-1	39	4
sm_72	398	481	4	255	35	56	-1	-1	-1	39	4
sm_72	399	482	0	20	2	56	4	17	-1	39	4
sm_72	400	483	1	7	0	56	10	29	-1	33	2
sm_72	401	485	1	7	0	56	10	29	-1	33	2
sm_72	402	487	1	15	0	56	67	75	-1	33	2
sm_72	403	488	1	41	15	56	32	16	-1	33	2
sm_72	404	489	1	15	0	56	67	73	-1	33	2
sm_72	405	490	1	15	0	56	67	73	-1	33	2
sm_72	406	491	1	67	29	56	2	25	-1	31	1
sm_72	407	492	1	67	29	56	2	10	-1	31	1
sm_72	408	493	4	255	35	56	-1	-1	-1	39	4
sm_72	409	495	4	255	35	56	-1	-1	-1	39	4
sm_72	410	496	4	255	35	56	-1	-1	-1	39	4
sm_72	411	497	4	255	35	56	-1	-1	-1	39	4
sm_72	412	498	4	255	35	56	-1	-1	-1	39	4
sm_72	413	499	4	255	35	56	-1	-1	-1	39	4
sm_72	414	500	1	1	0	56	10	18	-1	5	1
sm_72	415	501	4	255	35	56	-1	-1	-1	39	4
sm_72	416	503	1	1	0	56	10	18	-1	5	1
sm_72	417	504	4	255	35	56	-1	-1	-1	39	4
sm_72	418	526	0	22	2	56	2	-1	-1	39	4
sm_72	419	527	4	255	35	56	-1	-1	-1	39	4
sm_72	420	528	4	255	35	56	-1	-1	-1	39	4
sm_72	421	529	4	255	35	56	-1	-1	-1	39	4
sm_72	422	530	0	22	2	56	2	-1	-1	39	4
sm_72	423	531	4	255	35	56	-1	-1	-1	39	4
sm_72	424	532	1	42	15	56	4	-1	-1	1	1
sm_72	425	533	1	72	34	56	8	17	-1	36	1
sm_72	426	534	1	72	34	56	8	17	-1	36	1
sm_72	427	536	4	255	35	56	-1	-1	-1	39	4
sm_72	428	539	4	255	35	56	-1	-1	-1	39	4
sm_72	429	540	1	29	6	56	8	-1	5	5	1
sm_72	430	541	1	29	6	56	8	-1	5	5	1
sm_72	431	542	1	29	6	56	8	-1	-1	33	2
sm_72	432	543	1	29	6	56	8	-1	-1	33	2
sm_72	433	544	0	52	21	56	1	-1	-1	39	4
sm_72	434	545	4	255	35	56	-1	-1	-1	39	4
sm_72	435	546	4	255	35	56	-1	-1	-1	39	4
sm_72	436	547	1	42	15	56	4	-1	-1	1	1
sm_72	437	548	1	42	15	56	4	-1	-1	1	1
sm_72	438	549	0	22	2	56	2	-1	-1	39	4
sm_72	439	550	1	34	13	56	8	27	-1	1	1
sm_72	440	551	0	22	2	56	2	-1	-1	39	4
sm_72	441	552	0	52	21	56	1	-1	-1	39	4
sm_72	442	553	1	72	34	56	8	15	-1	36	1
sm_72	443	554	1	17	0	56	8	-1	-1	33	2
sm_72	444	555	0	22	2	56	2	-1	-1	39	4
sm_72	445	556	0	22	2	56	2	-1	-1	39	4
sm_72	446	557	0	31	12	9	1	-1	-1	39	4
sm_72	447	558	0	31	12	9	1	-1	-1	39	4
sm_72	448	562	4	255	35	56	-1	-1	-1	39	4
sm_72	449	563	4	255	35	56	-1	-1	-1	39	4
sm_72	450	564	4	255	35	56	-1	-1	-1	39	4
sm_72	451	565	4	255	35	56	-1	-1	-1	39	4
sm_72	452	566	4	255	35	56	-1	-1	-1	39	4
sm_72	453	567	4	255	35	56	-1	-1	-1	39	4
sm_72	454	568	0	31	12	9	1	-1	-1	39	4
sm_72	455	569	1	42	15	56	4	-1	-1	1	1
sm_72	456	570	1	42	15	56	4	-1	-1	4	1
sm_72	457	571	0	22	2	56	2	-1	-1	39	4
sm_72	458	572	0	22	2	56	2	-1	-1	39	4
sm_72	459	574	1	42	15	56	4	-1	-1	1	1
sm_72	460	575	1	42	15	56	4	-1	-1	1	1
sm_72	461	576	1	18	0	43	8	25	-1	20	1
sm_72	462	577	1	29	6	56	8	-1	5	5	1
sm_72	463	579	0	22	2	56	2	-1	6	39	4
sm_72	464	580	0	22	2	56	2	-1	-1	39	4
sm_72	465	581	0	22	2	56	2	-1	6	39	4
sm_72	466	582	1	28	5	56	4	-1	-1	5	1
sm_72	467	583	1	44	17	56	4	-1	-1	33	2
sm_72	468	584	1	17	0	56	8	-1	-1	22	1
sm_72	469	585	0	22	2	56	2	-1	-1	39	4
sm_72	470	586	0	22	2	56	2	-1	-1	39	4
sm_72	471	587	4	255	35	56	-1	-1	-1	39	4
sm_72	472	588	4	255	35	56	-1	-1	-1	39	4
sm_72	473	589	4	255	35	56	-1	-1	-1	39	4
sm_72	474	590	1	17	0	56	8	-1	-1	0	1
sm_72	475	591	1	17	0	56	8	-1	-1	0	1
sm_72	476	592	0	22	2	56	2	-1	-1	39	4
sm_72	477	593	0	22	2	56	2	-1	-1	39	4
sm_72	478	594	1	42	15	56	4	-1	-1	1	1
sm_72	479	595	0	22	2	56	2	-1	-1	39	4
sm_72	480	596	0	22	2	56	2	-1	-1	39	4
sm_72	481	599	1	42	15	56	4	-1	-1	1	1
sm_72	482	600	1	42	15	56	4	-1	-1	1	1
sm_72	483	601	1	42	15	56	4	-1	-1	1	1
sm_72	484	602	1	42	15	56	4	-1	-1	1	1
sm_72	485	603	1	42	15	56	4	-1	-1	1	1
sm_72	486	604	1	42	15	56	4	-1	-1	1	1
sm_72	487	605	1	68	29	56	1	-1	-1	31	1
sm_72	488	606	1	68	29	56	1	-1	-1	31	1
sm_72	489	607	1	63	27	56	32	-1	-1	23	1
sm_72	490	608	1	63	27	56	32	-1	-1	28	1
sm_72	491	609	1	63	27	56	32	-1	-1	28	1
sm_72	492	610	1	63	27	56	32	-1	-1	24	1
sm_72	493	611	1	63	27	56	32	-1	-1	24	1
sm_72	494	612	1	54	23	45	8	-1	-1	25	3
sm_72	495	613	1	56	23	47	16	-1	-1	25	3
sm_72	496	614	1	55	23	46	16	-1	-1	25	3
sm_72	497	615	1	54	23	45	8	-1	-1	25	3
sm_72	498	616	1	55	23	46	16	-1	-1	25	3
sm_72	499	617	1	54	23	45	8	-1	-1	25	3
sm_72	500	618	1	54	23	45	8	-1	-1	25	3
sm_72	501	619	1	55	23	46	16	40	-1	25	3
sm_72	502	623	1	63	27	56	32	-1	-1	28	1
sm_72	503	624	1	63	27	56	32	-1	-1	28	1
sm_72	504	625	1	63	27	56	32	-1	-1	28	1
sm_72	505	626	1	63	27	56	32	-1	-1	28	1
sm_72	506	627	4	255	35	56	-1	-1	-1	39	4
sm_72	507	628	4	255	35	56	-1	-1	-1	39	4
sm_72	508	629	4	255	35	56	-1	-1	-1	39	4
sm_72	509	630	4	255	35	56	-1	-1	-1	39	4
sm_72	510	631	4	255	35	56	-1	-1	-1	39	4
sm_72	511	632	4	255	35	56	-1	-1	-1	39	4
sm_72	512	633	4	255	35	56	-1	-1	-1	39	4
sm_72	513	634	4	255	35	56	-1	-1	-1	39	4
sm_72	514	635	1	63	27	56	32	-1	-1	28	1
sm_72	515	636	1	63	27	56	32	-1	-1	28	1
sm_72	516	637	1	64	28	0	8	-1	-1	29	3
sm_72	517	639	1	64	28	0	8	-1	-1	29	3
sm_72	518	640	1	64	28	0	8	-1	-1	29	3
sm_72	519	641	0	70	31	56	2	-1	-1	39	4
sm_72	520	642	0	70	31	56	2	-1	-1	39	4
sm_72	521	644	1	17	0	56	8	-1	-1	33	2
sm_72	522	645	0	52	21	56	1	-1	-1	39	4
sm_72	523	646	0	52	21	56	1	-1	-1	39	4
sm_72	524	647	0	52	21	56	1	-1	-1	39	4
sm_72	525	648	0	70	31	56	2	-1	-1	39	4
sm_72	526	662	4	255	35	56	-1	-1	-1	39	4
sm_72	527	663	0	70	31	56	2	-1	-1	39	4
sm_72	528	664	4	255	35	56	-1	-1	-1	39	4
sm_72	529	665	4	255	35	56	-1	-1	-1	39	4
sm_72	530	666	4	255	35	56	-1	-1	-1	39	4
sm_72	531	667	4	255	35	56	-1	-1	-1	39	4
sm_72	532	668	4	255	35	56	-1	-1	-1	39	4
sm_72	533	669	4	255	35	56	-1	-1	-1	39	4
sm_72	534	670	0	70	31	56	2	-1	-1	39	4
sm_72	535	671	4	255	35	56	-1	-1	-1	39	4
sm_72	536	672	4	255	35	56	-1	-1	-1	39	4
sm_72	537	673	4	255	35	56	-1	-1	-1	39	4
sm_72	538	674	4	255	35	56	-1	-1	-1	39	4
sm_72	539	675	4	255	35	56	-1	-1	-1	39	4
sm_72	540	676	4	255	35	56	-1	-1	-1	39	4
sm_72	541	677	1	71	32	56	8	-1	6	35	3
sm_72	542	678	4	255	35	56	-1	-1	-1	39	4
sm_72	543	679	4	255	35	56	-1	-1	-1	39	4
sm_72	544	680	4	255	35	56	-1	-1	-1	39	4
sm_72	545	681	4	255	35	56	-1	-1	-1	39	4
sm_72	546	682	4	255	35	56	-1	-1	-1	39	4
sm_72	547	683	0	70	31	56	2	-1	-1	39	4
sm_72	548	684	0	70	31	56	2	-1	-1	39	4
sm_72	549	685	0	70	31	56	2	-1	-1	39	4
sm_72	550	686	4	255	35	56	-1	-1	-1	39	4
sm_72	551	687	4	255	35	56	-1	-1	-1	39	4
sm_72	552	688	0	70	31	56	2	-1	-1	39	4
sm_72	553	689	4	255	35	56	-1	-1	-1	39	4
sm_72	554	691	0	70	31	56	2	-1	-1	39	4
sm_72	555	692	0	52	21	56	1	-1	-1	39	4
sm_72	556	693	0	70	31	56	2	-1	-1	39	4
sm_72	557	694	0	70	31	56	2	-1	-1	39	4
sm_72	558	695	0	70	31	56	2	-1	-1	39	4
sm_72	559	696	1	42	15	56	4	-1	-1	1	1
sm_72	560	697	0	52	21	56	1	-1	-1	39	4
sm_72	561	698	4	255	35	56	-1	-1	-1	39	4
sm_72	562	699	0	70	31	56	2	-1	-1	39	4
sm_72	563	700	0	70	31	56	2	-1	-1	39	4
sm_72	564	701	0	70	31	56	2	-1	-1	39	4
sm_72	565	702	0	70	31	56	2	-1	-1	39	4
sm_72	566	703	0	70	31	56	2	-1	-1	39	4
sm_72	567	704	0	70	31	56	2	-1	-1	39	4
sm_72	568	705	1	42	15	56	4	-1	-1	1	1
sm_72	569	707	0	70	31	56	2	-1	-1	39	4
sm_72	570	708	4	255	35	56	-1	-1	-1	39	4
sm_72	571	709	1	17	0	56	8	-1	-1	33	2
sm_72	572	711	1	19	1	56	8	-1	-1	34	3
sm_72	573	712	1	17	0	56	8	-1	-1	34	3
sm_72	574	713	0	70	31	56	2	-1	-1	39	4
sm_72	575	714	0	70	31	56	2	-1	-1	39	4
sm_72	576	715	0	70	31	56	2	-1	-1	39	4
sm_72	577	716	0	70	31	56	2	-1	-1	39	4
sm_72	578	717	1	42	15	56	4	-1	-1	1	1
sm_72	579	724	1	53	22	56	32	-1	-1	21	1
sm_72	580	725	1	61	26	49	256	-1	-1	26	3
sm_72	581	726	1	61	26	49	256	-1	-1	26	3
sm_72	582	727	1	62	26	50	1024	-1	-1	27	3
sm_72	583	728	1	57	24	49	256	-1	-1	26	3
sm_72	584	729	1	58	24	50	1024	-1	-1	27	3
sm_72	585	730	1	59	25	49	256	-1	-1	26	3
sm_72	586	731	1	60	25	50	1024	-1	-1	27	3
sm_72	587	732	1	59	25	49	256	-1	-1	26	3
sm_72	588	733	1	60	25	50	1024	-1	-1	27	3
sm_72	589	734	1	53	22	56	32	-1	-1	21	1
sm_72	590	735	1	59	25	49	256	-1	-1	26	3
sm_72	591	736	1	60	25	50	1024	-1	-1	27	3
sm_72	592	737	1	59	25	49	256	-1	-1	26	3
sm_72	593	738	1	60	25	50	1024	-1	-1	27	3
sm_72	594	739	1	59	25	49	256	-1	-1	26	3
sm_72	595	740	1	60	25	50	1024	-1	-1	27	3
sm_72	596	741	1	57	24	49	256	-1	-1	26	3
sm_72	597	742	1	58	24	50	1024	-1	-1	27	3
sm_72	598	743	1	53	22	56	32	-1	-1	21	1
sm_72	599	744	1	65	28	52	4	-1	-1	29	3
sm_72	600	745	1	65	28	52	4	-1	-1	30	1
sm_72	601	747	1	66	28	54	8	-1	-1	29	3
sm_72	602	748	1	66	28	54	8	-1	-1	29	3
sm_72	603	749	1	66	28	54	8	-1	-1	29	3
sm_72	604	750	1	66	28	54	8	-1	-1	29	3
sm_72	605	752	4	255	35	56	-1	-1	-1	39	4
sm_72	606	753	4	255	35	56	-1	-1	-1	39	4
sm_72	607	754	1	17	0	56	8	-1	-1	33	2
sm_72	608	755	0	22	2	56	2	-1	-1	39	4
sm_72	609	756	0	22	2	56	2	-1	-1	39	4
sm_72	610	757	0	22	2	56	2	-1	-1	39	4
sm_72	611	758	0	30	12	8	2	-1	-1	39	4
sm_72	612	759	0	22	2	56	2	-1	-1	39	4
sm_72	613	760	0	22	2	56	2	-1	-1	39	4
sm_72	614	761	0	22	2	56	2	-1	-1	39	4
sm_72	615	763	0	22	2	56	2	-1	-1	39	4
sm_72	616	764	0	52	21	56	1	-1	-1	39	4
sm_72	617	769	1	29	6	56	8	-1	5	5	1
sm_72	618	771	1	28	5	56	4	-1	5	5	1
sm_75	0	0	0	52	21	56	1	-1	-1	39	4
sm_75	1	1	0	52	21	56	1	-1	-1	39	4
sm_75	2	2	1	17	0	56	8	-1	-1	0	1
sm_75	3	3	1	17	0	56	8	-1	-1	33	2
sm_75	4	4	1	42	15	56	4	-1	-1	1	1
sm_75	5	5	1	42	15	56	4	-1	-1	1	1
sm_75	6	6	1	42	15	56	4	-1	-1	1	1
sm_75	7	7	1	42	15	56	4	-1	-1	3	3
sm_75	8	8	1	42	15	56	4	-1	-1	2	3
sm_75	9	9	1	42	15	56	4	-1	-1	1	1
sm_75	10	10	1	42	15	56	4	-1	-1	4	1
sm_75	11	11	1	17	0	56	8	-1	6	33	2
sm_75	12	12	1	17	0	56	8	-1	-1	33	2
sm_75	13	15	0	22	2	56	2	-1	-1	39	4
sm_75	14	20	1	28	5	56	4	-1	5	33	2
sm_75	15	21	0	22	2	56	2	-1	-1	39	4
sm_75	16	22	1	28	5	56	4	-1	5	5	1
sm_75	17	23	1	28	5	56	4	-1	-1	5	1
sm_75	18	24	0	52	21	56	1	-1	-1	39	4
sm_75	19	25	1	28	5	56	4	-1	5	5	1
sm_75	20	26	1	28	5	56	4	-1	5	5	1
sm_75	21	27	1	28	5	56	4	-1	5	5	1
sm_75	22	28	1	72	34	56	8	15	-1	36	1
sm_75	23	29	1	29	6	56	8	-1	5	5	1
sm_75	24	30	1	28	5	56	4	-1	5	5	1
sm_75	25	31	1	28	5	56	4	-1	-1	5	1
sm_75	26	32	1	28	5	56	4	-1	5	5	1
sm_75	27	33	1	29	6	56	8	-1	5	5	1
sm_75	28	34	1	42	15	56	4	-1	-1	33	2
sm_75	29	35	0	52	21	56	1	-1	8	39	4
sm_75	30	36	0	52	21	56	1	-1	8	39	4
sm_75	31	37	0	52	21	56	1	-1	8	39	4
sm_75	32	38	0	52	21	56	1	-1	8	39	4
sm_75	33	39	0	52	21	56	1	-1	11	39	4
sm_75	34	40	1	37	14	56	4	18	-1	15	3
sm_75	35	41	1	42	15	56	4	-1	-1	33	2
sm_75	36	42	1	42	15	56	4	-1	-1	33	2
sm_75	37	43	1	63	27	56	32	-1	-1	33	2
sm_75	38	44	1	17	0	56	8	-1	6	33	2
sm_75	39	45	1	48	19	10	64	-1	-1	18	1
sm_75	40	46	0	22	2	56	2	-1	-1	39	4
sm_75	41	48	0	22	2	56	2	-1	-1	39	4
sm_75	42	49	0	22	2	56	2	-1	-1	39	4
sm_75	43	50	4	255	35	56	-1	-1	-1	39	4
sm_75	44	51	0	22	2	56	2	-1	-1	39	4
sm_75	45	52	1	48	19	10	64	-1	-1	18	1
sm_75	46	54	0	52	21	56	1	-1	4	39	4
sm_75	47	55	1	48	19	10	64	-1	-1	18	1
sm_75	48	56	1	47	19	2	584	176	-1	17	1
sm_75	49	60	1	48	19	10	64	-1	-1	18	1
sm_75	50	61	1	48	19	10	64	-1	-1	18	1
sm_75	51	62	0	22	2	56	2	-1	-1	39	4
sm_75	52	63	1	28	5	56	4	-1	5	5	1
sm_75	53	64	0	52	21	56	1	-1	-1	39	4
sm_75	54	65	1	28	5	56	4	-1	5	5	1
sm_75	55	66	1	48	19	10	64	-1	-1	38	1
sm_75	56	67	1	72	34	56	8	15	-1	36	1
sm_75	57	68	0	22	2	56	2	-1	-1	39	4
sm_75	58	69	1	48	19	10	64	-1	-1	38	1
sm_75	59	70	1	72	34	56	8	15	-1	36	1
sm_75	60	71	0	22	2	56	2	-1	-1	39	4
sm_75	61	72	0	31	12	9	1	-1	-1	39	4
sm_75	62	73	0	33	12	13	2	-1	-1	39	4
sm_75	63	74	0	31	12	9	1	-1	-1	39	4
sm_75	64	75	1	72	34	56	8	15	-1	36	1
sm_75	65	76	1	42	15	56	4	-1	-1	8	1
sm_75	66	77	1	42	15	56	4	-1	-1	9	1
sm_75	67	78	1	68	29	56	1	-1	-1	10	1
sm_75	68	79	0	31	12	9	1	-1	-1	39	4
sm_75	69	80	0	33	12	13	2	-1	-1	39	4
sm_75	70	81	0	31	12	9	1	-1	-1	39	4
sm_75	71	82	0	31	12	9	1	-1	-1	39	4
sm_75	72	84	0	31	12	9	1	-1	-1	39	4
sm_75	73	87	1	72	34	56	8	15	-1	36	1
sm_75	74	88	0	22	2	56	2	-1	-1	39	4
sm_75	75	89	0	22	2	56	2	-1	-1	39	4
sm_75	76	90	0	31	12	9	1	-1	-1	39	4
sm_75	77	91	0	33	12	13	2	-1	-1	39	4
sm_75	78	92	0	31	12	9	1	-1	-1	39	4
sm_75	79	93	1	63	27	56	32	-1	-1	11	1
sm_75	80	94	1	48	19	10	64	-1	-1	38	1
sm_75	81	95	1	72	34	56	8	15	-1	36	1
sm_75	82	96	0	22	2	56	2	-1	-1	39	4
sm_75	83	97	0	22	2	56	2	-1	-1	39	4
sm_75	84	98	0	22	2	56	2	-1	-1	39	4
sm_75	85	99	0	30	12	8	2	-1	-1	39	4
sm_75	86	100	0	22	2	56	2	-1	-1	39	4
sm_75	87	101	0	22	2	56	2	-1	-1	39	4
sm_75	88	102	1	17	0	56	8	-1	-1	33	2
sm_75	89	103	0	33	12	13	2	-1	-1	39	4
sm_75	90	104	0	30	12	8	2	-1	-1	39	4
sm_75	91	105	0	33	12	13	2	-1	-1	39	4
sm_75	92	106	0	33	12	13	2	-1	-1	39	4
sm_75	93	107	0	33	12	13	2	-1	-1	39	4
sm_75	94	108	0	33	12	13	2	-1	-1	39	4
sm_75	95	112	0	48	19	40	8	-1	-1	39	4
sm_75	96	113	0	48	19	40	8	-1	-1	39	4
sm_75	97	114	0	48	19	40	8	-1	-1	39	4
sm_75	98	115	0	48	19	40	8	-1	-1	39	4
sm_75	99	116	0	49	19	41	9	-1	-1	39	4
sm_75	100	117	0	49	19	41	9	-1	-1	39	4
sm_75	101	118	0	49	19	41	9	-1	-1	39	4
sm_75	102	119	0	49	19	41	9	-1	-1	39	4
sm_75	103	120	0	22	2	56	2	-1	-1	39	4
sm_75	104	121	0	33	12	13	2	-1	-1	39	4
sm_75	105	122	0	33	12	13	2	-1	-1	39	4
sm_75	106	123	0	22	2	56	2	-1	-1	39	4
sm_75	107	124	0	22	2	56	2	-1	-1	39	4
sm_75	108	125	1	48	19	10	64	-1	-1	38	1
sm_75	109	126	1	72	34	56	8	15	-1	36	1
sm_75	110	127	0	22	2	56	2	-1	-1	39	4
sm_75	111	128	0	22	2	56	2	-1	-1	39	4
sm_75	112	129	0	22	2	56	2	-1	-1	39	4
sm_75	113	130	0	22	2	56	2	-1	-1	39	4
sm_75	114	131	0	22	2	56	2	-1	-1	39	4
sm_75	115	132	4	255	35	56	-1	-1	-1	39	4
sm_75	116	133	4	255	35	56	-1	-1	-1	39	4
sm_75	117	134	4	255	35	56	-1	-1	-1	39	4
sm_75	118	135	0	22	2	56	2	-1	-1	39	4
sm_75	119	136	4	255	35	56	-1	-1	-1	39	4
sm_75	120	137	4	255	35	56	-1	-1	-1	39	4
sm_75	121	138	4	255	35	56	-1	-1	-1	39	4
sm_75	122	139	4	255	35	56	-1	-1	-1	39	4
sm_75	123	140	0	22	2	56	2	-1	-1	39	4
sm_75	124	141	0	22	2	56	2	-1	-1	39	4
sm_75	125	142	0	52	21	56	1	-1	5	39	4
sm_75	126	143	0	30	12	8	2	-1	-1	39	4
sm_75	127	144	0	30	12	8	2	-1	-1	39	4
sm_75	128	147	0	30	12	8	2	-1	-1	39	4
sm_75	129	148	0	32	12	12	4	-1	-1	39	4
sm_75	130	149	0	32	12	12	4	-1	-1	39	4
sm_75	131	150	0	32	12	12	4	-1	-1	39	4
sm_75	132	151	0	32	12	12	4	-1	-1	39	4
sm_75	133	152	0	32	12	12	4	-1	-1	39	4
sm_75	134	153	0	32	12	12	4	-1	-1	39	4
sm_75	135	154	0	32	12	12	4	-1	-1	39	4
sm_75	136	156	2	47	19	30	64	-1	-1	13	1
sm_75	137	157	2	47	19	30	64	-1	-1	13	1
sm_75	138	159	2	47	19	30	64	-1	-1	13	1
sm_75	139	160	2	47	19	30	64	-1	-1	13	1
sm_75	140	162	0	22	2	56	2	-1	-1	39	4
sm_75	141	163	4	255	35	56	-1	-1	-1	39	4
sm_75	142	164	4	255	35	56	-1	-1	-1	39	4
sm_75	143	165	4	255	35	56	-1	-1	-1	39	4
sm_75	144	166	0	30	12	8	2	-1	-1	39	4
sm_75	145	167	0	32	12	12	4	-1	-1	39	4
sm_75	146	168	0	30	12	8	2	-1	-1	39	4
sm_75	147	169	0	32	12	12	4	-1	-1	39	4
sm_75	148	170	1	34	13	56	8	27	-1	14	1
sm_75	149	171	1	42	15	56	4	-1	-1	1	1
sm_75	150	172	1	42	15	56	4	-1	-1	1	1
sm_75	151	173	0	22	2	56	2	-1	-1	39	4
sm_75	152	174	0	22	2	56	2	-1	-1	39	4
sm_75	153	175	0	22	2	56	2	-1	-1	39	4
sm_75	154	176	4	255	35	56	-1	-1	-1	39	4
sm_75	155	177	4	255	35	56	-1	-1	-1	39	4
sm_75	156	178	4	255	35	56	-1	-1	-1	39	4
sm_75	157	179	1	28	5	56	4	-1	5	5	1
sm_75	158	180	1	28	5	56	4	-1	5	5	1
sm_75	159	181	1	29	6	56	8	-1	5	5	1
sm_75	160	182	1	28	5	56	4	-1	5	5	1
sm_75	161	183	1	28	5	56	4	-1	5	5	1
sm_75	162	184	1	42	15	56	4	-1	-1	2	3
sm_75	163	185	1	17	0	56	8	-1	-1	33	2
sm_75	164	186	1	37	14	56	4	18	-1	15	3
sm_75	165	187	1	42	15	56	4	-1	-1	2	3
sm_75	166	188	1	42	15	56	4	-1	-1	16	0
sm_75	167	189	1	42	15	56	4	-1	-1	2	3
sm_75	168	190	1	42	15	56	4	-1	-1	2	3
sm_75	169	191	1	42	15	56	4	-1	-1	2	3
sm_75	170	192	1	42	15	56	4	-1	-1	1	1
sm_75	171	193	1	42	15	56	4	-1	-1	1	1
sm_75	172	194	1	68	29	56	1	-1	-1	31	1
sm_75	173	195	1	68	29	56	1	-1	-1	31	1
sm_75	174	196	1	42	15	56	4	-1	-1	1	1
sm_75	175	197	0	22	2	56	2	-1	-1	39	4
sm_75	176	198	0	22	2	56	2	-1	-1	39	4
sm_75	177	199	0	22	2	56	2	-1	-1	39	4
sm_75	178	200	0	22	2	56	2	-1	-1	39	4
sm_75	179	201	0	22	2	56	2	-1	-1	39	4
sm_75	180	202	1	17	0	56	8	-1	-1	33	2
sm_75	181	203	1	43	16	56	32	-1	6	33	2
sm_75	182	204	0	50	21	56	2	2	-1	39	4
sm_75	183	205	4	255	35	56	-1	-1	-1	39	4
sm_75	184	206	4	255	35	56	-1	-1	-1	39	4
sm_75	185	207	4	255	35	56	-1	-1	-1	39	4
sm_75	186	208	4	255	35	56	-1	-1	-1	39	4
sm_75	187	209	4	255	35	56	-1	-1	-1	39	4
sm_75	188	210	4	255	35	56	-1	-1	-1	39	4
sm_75	189	211	4	255	35	56	-1	-1	-1	39	4
sm_75	190	212	4	255	35	56	-1	-1	-1	39	4
sm_75	191	213	4	255	35	56	-1	-1	-1	39	4
sm_75	192	214	4	255	35	56	-1	-1	-1	39	4
sm_75	193	215	4	255	35	56	-1	-1	-1	39	4
sm_75	194	216	4	255	35	56	-1	-1	-1	39	4
sm_75	195	217	4	255	35	56	-1	-1	-1	39	4
sm_75	196	218	4	255	35	56	-1	-1	-1	39	4
sm_75	197	219	4	255	35	56	-1	-1	-1	39	4
sm_75	198	220	4	255	35	56	-1	-1	-1	39	4
sm_75	199	221	4	255	35	56	-1	-1	-1	39	4
sm_75	200	222	4	255	35	56	-1	-1	-1	39	4
sm_75	201	223	4	255	35	56	-1	-1	-1	39	4
sm_75	202	224	1	15	0	56	67	87	-1	33	2
sm_75	203	225	1	38	15	56	8	24	-1	33	2
sm_75	204	226	1	38	15	56	8	24	-1	33	2
sm_75	205	227	1	15	0	56	67	87	-1	33	2
sm_75	206	228	1	15	0	56	71	87	-1	33	2
sm_75	207	229	1	41	15	56	32	30	-1	33	2
sm_75	208	230	1	15	0	56	71	87	-1	33	2
sm_75	209	231	1	41	15	56	32	30	-1	33	2
sm_75	210	232	1	38	15	56	8	24	-1	33	2
sm_75	211	233	1	41	15	56	32	30	-1	33	2
sm_75	212	234	1	15	0	56	67	87	-1	33	2
sm_75	213	235	1	15	0	56	71	87	-1	33	2
sm_75	214	236	1	41	15	56	32	30	-1	33	2
sm_75	215	237	1	15	0	56	67	87	-1	33	2
sm_75	216	238	1	15	0	56	71	87	-1	33	2
sm_75	217	239	1	41	15	56	32	30	-1	33	2
sm_75	218	240	1	15	0	56	67	87	-1	33	2
sm_75	219	241	1	15	0	56	71	87	-1	33	2
sm_75	220	242	1	9	0	56	78	71	-1	33	2
sm_75	221	244	1	9	0	56	86	80	-1	33	2
sm_75	222	245	1	6	0	56	24	18	-1	33	2
sm_75	223	248	1	25	5	56	10	7	-1	33	2
sm_75	224	250	1	8	0	56	19	16	-1	33	2
sm_75	225	252	1	6	0	56	18	17	-1	33	2
sm_75	226	254	1	6	0	56	18	15	-1	33	2
sm_75	227	256	1	5	0	56	29	49	-1	33	2
sm_75	228	257	1	13	0	56	8	25	-1	33	2
sm_75	229	258	1	13	0	56	8	25	-1	33	2
sm_75	230	259	1	2	0	56	35	54	-1	33	2
sm_75	231	262	1	7	0	56	16	33	-1	33	2
sm_75	232	263	1	7	0	56	16	33	-1	33	2
sm_75	233	265	1	5	0	56	29	49	-1	33	2
sm_75	234	266	1	13	0	56	8	25	-1	33	2
sm_75	235	267	1	13	0	56	8	25	-1	33	2
sm_75	236	268	1	2	0	56	35	54	-1	33	2
sm_75	237	270	1	7	0	56	16	33	-1	33	2
sm_75	238	272	1	7	0	56	16	33	-1	33	2
sm_75	239	274	1	0	0	56	22	27	-1	33	2
sm_75	240	275	1	1	0	56	30	32	-1	33	2
sm_75	241	278	1	6	0	56	16	17	-1	33	2
sm_75	242	279	1	6	0	56	16	10	-1	33	2
sm_75	243	281	1	6	0	56	9	6	-1	5	1
sm_75	244	284	1	6	0	56	9	9	-1	5	1
sm_75	245	285	1	39	15	56	4	2	-1	33	2
sm_75	246	286	1	39	15	56	4	2	-1	33	2
sm_75	247	287	1	39	15	56	4	2	-1	33	2
sm_75	248	288	0	51	21	56	27	37	-1	39	4
sm_75	249	289	4	255	35	56	-1	-1	-1	39	4
sm_75	250	291	0	51	21	56	10	20	-1	39	4
sm_75	251	292	4	255	35	56	-1	-1	-1	39	4
sm_75	252	294	0	20	2	56	8	13	-1	39	4
sm_75	253	295	4	255	35	56	-1	-1	-1	39	4
sm_75	254	296	4	255	35	56	-1	-1	-1	39	4
sm_75	255	297	4	255	35	56	-1	-1	-1	39	4
sm_75	256	298	4	255	35	56	-1	-1	-1	39	4
sm_75	257	299	0	20	2	56	4	9	-1	39	4
sm_75	258	300	4	255	35	56	-1	-1	-1	39	4
sm_75	259	301	0	50	21	56	2	6	-1	39	4
sm_75	260	302	4	255	35	56	-1	-1	-1	39	4
sm_75	261	304	1	1	0	56	10	18	-1	5	1
sm_75	262	305	1	1	0	56	12	18	-1	5	1
sm_75	263	306	4	255	35	56	-1	-1	-1	39	4
sm_75	264	309	1	1	0	56	10	18	-1	5	1
sm_75	265	310	1	1	0	56	12	18	-1	5	1
sm_75	266	311	4	255	35	56	-1	-1	-1	39	4
sm_75	267	314	4	255	35	56	-1	-1	-1	39	4
sm_75	268	315	1	41	15	56	32	7	-1	33	2
sm_75	269	316	1	41	15	56	64	39	-1	33	2
sm_75	270	317	1	23	5	56	90	68	-1	33	2
sm_75	271	318	1	15	0	56	65	58	-1	33	2
sm_75	272	319	1	15	0	56	67	64	-1	33	2
sm_75	273	320	1	35	14	56	6	13	-1	33	2
sm_75	274	321	1	36	14	56	5	12	-1	33	2
sm_75	275	322	1	24	5	56	11	18	-1	33	2
sm_75	276	323	4	255	35	56	-1	-1	-1	39	4
sm_75	277	324	4	255	35	56	-1	-1	-1	39	4
sm_75	278	325	4	255	35	56	-1	-1	-1	39	4
sm_75	279	328	1	15	0	56	33	26	-1	33	2
sm_75	280	330	4	255	35	56	-1	-1	-1	39	4
sm_75	281	331	4	255	35	56	-1	-1	-1	39	4
sm_75	282	332	4	255	35	56	-1	-1	-1	39	4
sm_75	283	333	4	255	35	56	-1	-1	-1	39	4
sm_75	284	334	1	27	5	56	6	6	-1	5	1
sm_75	285	335	1	38	15	56	8	24	-1	33	2
sm_75	286	336	1	38	15	56	8	24	-1	33	2
sm_75	287	337	1	38	15	56	8	24	-1	33	2
sm_75	288	338	4	255	35	56	-1	-1	-1	39	4
sm_75	289	340	0	20	2	56	4	9	-1	39	4
sm_75	290	342	0	51	21	56	2	12	-1	39	4
sm_75	291	343	4	255	35	56	-1	-1	-1	39	4
sm_75	292	344	1	6	0	56	16	32	-1	33	2
sm_75	293	346	1	6	0	56	16	32	-1	33	2
sm_75	294	348	1	6	0	56	16	32	-1	33	2
sm_75	295	350	1	6	0	56	16	32	-1	33	2
sm_75	296	352	4	255	35	56	-1	-1	-1	39	4
sm_75	297	353	4	255	35	56	-1	-1	-1	39	4
sm_75	298	354	4	255	35	56	-1	-1	-1	39	4
sm_75	299	355	4	255	35	56	-1	-1	-1	39	4
sm_75	300	356	4	255	35	56	-1	-1	-1	39	4
sm_75	301	357	4	255	35	56	-1	-1	-1	39	4
sm_75	302	358	4	255	35	56	-1	-1	-1	39	4
sm_75	303	359	4	255	35	56	-1	-1	-1	39	4
sm_75	304	360	4	255	35	56	-1	-1	-1	39	4
sm_75	305	361	4	255	35	56	-1	-1	-1	39	4
sm_75	306	362	4	255	35	56	-1	-1	-1	39	4
sm_75	307	363	4	255	35	56	-1	-1	-1	39	4
sm_75	308	364	4	255	35	56	-1	-1	-1	39	4
sm_75	309	365	4	255	35	56	-1	-1	-1	39	4
sm_75	310	366	4	255	35	56	-1	-1	-1	39	4
sm_75	311	367	4	255	35	56	-1	-1	-1	39	4
sm_75	312	368	4	255	35	56	-1	-1	-1	39	4
sm_75	313	369	4	255	35	56	-1	-1	-1	39	4
sm_75	314	370	4	255	35	56	-1	-1	-1	39	4
sm_75	315	371	4	255	35	56	-1	-1	-1	39	4
sm_75	316	372	4	255	35	56	-1	-1	-1	39	4
sm_75	317	373	1	4	0	56	72	77	-1	33	2
sm_75	318	374	4	255	35	56	-1	-1	-1	39	4
sm_75	319	375	4	255	35	56	-1	-1	-1	39	4
sm_75	320	377	1	14	0	56	79	87	-1	33	2
sm_75	321	379	1	14	0	56	71	74	-1	33	2
sm_75	322	383	1	14	0	56	79	74	-1	33	2
sm_75	323	384	1	14	0	56	71	87	-1	33	2
sm_75	324	385	0	69	31	56	8	18	-1	39	4
sm_75	325	386	0	69	31	56	12	22	-1	39	4
sm_75	326	387	4	255	35	56	-1	-1	-1	39	4
sm_75	327	388	4	255	35	56	-1	-1	-1	39	4
sm_75	328	389	0	20	2	56	8	13	-1	39	4
sm_75	329	390	0	20	2	56	12	19	-1	39	4
sm_75	330	391	1	40	15	56	17	13	-1	33	2
sm_75	331	392	1	38	15	56	8	12	-1	33	2
sm_75	332	394	0	20	2	56	10	21	-1	39	4
sm_75	333	395	1	40	15	56	16	24	-1	33	2
sm_75	334	396	4	255	35	56	-1	-1	-1	39	4
sm_75	335	398	1	10	0	56	40	48	-1	33	2
sm_75	336	401	4	255	35	56	-1	-1	-1	39	4
sm_75	337	402	4	255	35	56	-1	-1	-1	39	4
sm_75	338	403	4	255	35	56	-1	-1	-1	39	4
sm_75	339	404	1	10	0	56	52	49	-1	33	2
sm_75	340	407	4	255	35	56	-1	-1	-1	39	4
sm_75	341	408	1	11	0	56	40	48	-1	33	2
sm_75	342	409	1	10	0	56	40	48	-1	33	2
sm_75	343	410	1	11	0	56	40	48	-1	33	2
sm_75	344	412	4	255	35	56	-1	-1	-1	39	4
sm_75	345	413	4	255	35	56	-1	-1	-1	39	4
sm_75	346	414	4	255	35	56	-1	-1	-1	39	4
sm_75	347	415	4	255	35	56	-1	-1	-1	39	4
sm_75	348	416	1	11	0	56	40	48	-1	33	2
sm_75	349	417	1	11	0	56	40	48	-1	33	2
sm_75	350	418	1	10	0	56	52	49	-1	33	2
sm_75	351	421	4	255	35	56	-1	-1	-1	39	4
sm_75	352	422	1	11	0	56	40	48	-1	33	2
sm_75	353	423	1	10	0	56	40	48	-1	33	2
sm_75	354	424	1	11	0	56	40	48	-1	33	2
sm_75	355	427	4	255	35	56	-1	-1	-1	39	4
sm_75	356	428	4	255	35	56	-1	-1	-1	39	4
sm_75	357	429	4	255	35	56	-1	-1	-1	39	4
sm_75	358	430	1	10	0	56	52	49	-1	33	2
sm_75	359	435	4	255	35	56	-1	-1	-1	39	4
sm_75	360	436	4	255	35	56	-1	-1	-1	39	4
sm_75	361	437	4	255	35	56	-1	-1	-1	39	4
sm_75	362	438	4	255	35	56	-1	-1	-1	39	4
sm_75	363	439	4	255	35	56	-1	-1	-1	39	4
sm_75	364	440	4	255	35	56	-1	-1	-1	39	4
sm_75	365	441	4	255	35	56	-1	-1	-1	39	4
sm_75	366	442	4	255	35	56	-1	-1	-1	39	4
sm_75	367	443	4	255	35	56	-1	-1	-1	39	4
sm_75	368	444	4	255	35	56	-1	-1	-1	39	4
sm_75	369	445	4	255	35	56	-1	-1	-1	39	4
sm_75	370	446	4	255	35	56	-1	-1	-1	39	4
sm_75	371	447	4	255	35	56	-1	-1	-1	39	4
sm_75	372	448	1	5	0	56	38	43	-1	33	2
sm_75	373	449	1	3	0	56	19	35	-1	33	2
sm_75	374	450	4	255	35	56	-1	-1	-1	39	4
sm_75	375	451	1	16	0	56	30	40	-1	22	1
sm_75	376	452	1	12	0	56	40	54	-1	33	2
sm_75	377	453	4	255	35	56	-1	-1	-1	39	4
sm_75	378	454	4	255	35	56	-1	-1	-1	39	4
sm_75	379	455	1	38	15	56	8	24	-1	33	2
sm_75	380	456	1	41	15	56	32	18	-1	33	2
sm_75	381	457	1	21	2	56	15	20	-1	33	2
sm_75	382	459	1	26	5	56	37	23	-1	33	2
sm_75	383	460	1	15	0	56	67	75	-1	33	2
sm_75	384	461	1	41	15	56	32	16	-1	33	2
sm_75	385	462	1	41	15	56	32	18	-1	33	2
sm_75	386	463	1	6	0	56	16	17	-1	33	2
sm_75	387	464	1	1	0	56	12	20	-1	5	1
sm_75	388	466	1	1	0	56	10	7	-1	5	1
sm_75	389	467	1	1	0	56	12	20	-1	5	1
sm_75	390	468	1	6	0	56	16	17	-1	33	2
sm_75	391	469	1	1	0	56	16	33	-1	33	2
sm_75	392	470	4	255	35	56	-1	-1	-1	39	4
sm_75	393	474	1	1	0	56	10	9	-1	5	1
sm_75	394	475	1	1	0	56	16	33	-1	33	2
sm_75	395	476	4	255	35	56	-1	-1	-1	39	4
sm_75	396	479	4	255	35	56	-1	-1	-1	39	4
sm_75	397	480	4	255	35	56	-1	-1	-1	39	4
sm_75	398	481	4	255	35	56	-1	-1	-1	39	4
sm_75	399	482	0	20	2	56	4	17	-1	39	4
sm_75	400	483	1	7	0	56	10	29	-1	33	2
sm_75	401	485	1	7	0	56	10	29	-1	33	2
sm_75	402	487	1	15	0	56	67	75	-1	33	2
sm_75	403	488	1	41	15	56	32	16	-1	33	2
sm_75	404	489	1	15	0	56	67	73	-1	33	2
sm_75	405	490	1	15	0	56	67	73	-1	33	2
sm_75	406	491	1	67	29	56	2	25	-1	31	1
sm_75	407	492	1	67	29	56	2	10	-1	31	1
sm_75	408	493	4	255	35	56	-1	-1	-1	39	4
sm_75	409	495	4	255	35	56	-1	-1	-1	39	4
sm_75	410	496	4	255	35	56	-1	-1	-1	39	4
sm_75	411	497	4	255	35	56	-1	-1	-1	39	4
sm_75	412	498	4	255	35	56	-1	-1	-1	39	4
sm_75	413	499	4	255	35	56	-1	-1	-1	39	4
sm_75	414	500	1	1	0	56	10	18	-1	5	1
sm_75	415	501	4	255	35	56	-1	-1	-1	39	4
sm_75	416	503	1	1	0	56	10	18	-1	5	1
sm_75	417	504	4	255	35	56	-1	-1	-1	39	4
sm_75	418	526	0	22	2	56	2	-1	-1	39	4
sm_75	419	527	4	255	35	56	-1	-1	-1	39	4
sm_75	420	528	4	255	35	56	-1	-1	-1	39	4
sm_75	421	529	4	255	35	56	-1	-1	-1	39	4
sm_75	422	530	0	22	2	56	2	-1	-1	39	4
sm_75	423	531	4	255	35	56	-1	-1	-1	39	4
sm_75	424	532	1	42	15	56	4	-1	-1	1	1
sm_75	425	533	1	72	34	56	8	18	-1	36	1
sm_75	426	534	1	73	34	7	4	14	-1	37	1
sm_75	427	536	1	72	34	56	8	18	-1	36	1
sm_75	428	539	4	255	35	56	-1	-1	-1	39	4
sm_75	429	540	1	29	6	56	8	-1	5	5	1
sm_75	430	541	1	29	6	56	8	-1	5	5	1
sm_75	431	542	1	29	6	56	8	-1	-1	33	2
sm_75	432	543	1	29	6	56	8	-1	-1	33	2
sm_75	433	544	0	52	21	56	1	-1	-1	39	4
sm_75	434	545	4	255	35	56	-1	-1	-1	39	4
sm_75	435	546	4	255	35	56	-1	-1	-1	39	4
sm_75	436	547	1	42	15	56	4	-1	-1	1	1
sm_75	437	548	1	42	15	56	4	-1	-1	1	1
sm_75	438	549	0	22	2	56	2	-1	-1	39	4
sm_75	439	550	1	34	13	56	8	27	-1	1	1
sm_75	440	551	0	22	2	56	2	-1	-1	39	4
sm_75	441	552	0	52	21	56	1	-1	-1	39	4
sm_75	442	553	1	74	33	56	8	15	-1	36	1
sm_75	443	554	1	17	0	56	8	-1	-1	33	2
sm_75	444	555	0	22	2	56	2	-1	-1	39	4
sm_75	445	556	0	22	2	56	2	-1	-1	39	4
sm_75	446	557	0	31	12	9	1	-1	-1	39	4
sm_75	447	558	0	31	12	9	1	-1	-1	39	4
sm_75	448	562	4	255	35	56	-1	-1	-1	39	4
sm_75	449	563	4	255	35	56	-1	-1	-1	39	4
sm_75	450	564	4	255	35	56	-1	-1	-1	39	4
sm_75	451	565	4	255	35	56	-1	-1	-1	39	4
sm_75	452	566	4	255	35	56	-1	-1	-1	39	4
sm_75	453	567	4	255	35	56	-1	-1	-1	39	4
sm_75	454	568	0	31	12	9	1	-1	-1	39	4
sm_75	455	569	1	42	15	56	4	-1	-1	1	1
sm_75	456	570	1	42	15	56	4	-1	-1	4	1
sm_75	457	571	0	22	2	56	2	-1	-1	39	4
sm_75	458	572	0	22	2	56	2	-1	-1	39	4
sm_75	459	574	1	42	15	56	4	-1	-1	1	1
sm_75	460	575	1	42	15	56	4	-1	-1	1	1
sm_75	461	576	1	18	0	43	8	25	-1	20	1
sm_75	462	577	1	29	6	56	8	-1	5	5	1
sm_75	463	579	0	22	2	56	2	-1	6	39	4
sm_75	464	580	0	22	2	56	2	-1	-1	39	4
sm_75	465	581	0	22	2	56	2	-1	6	39	4
sm_75	466	582	1	28	5	56	4	-1	-1	5	1
sm_75	467	583	1	44	17	56	4	-1	-1	33	2
sm_75	468	584	1	17	0	56	8	-1	-1	22	1
sm_75	469	585	0	22	2	56	2	-1	-1	39	4
sm_75	470	586	0	22	2	56	2	-1	-1	39	4
sm_75	471	587	4	255	35	56	-1	-1	-1	39	4
sm_75	472	588	4	255	35	56	-1	-1	-1	39	4
sm_75	473	589	4	255	35	56	-1	-1	-1	39	4
sm_75	474	590	1	17	0	56	8	-1	-1	0	1
sm_75	475	591	1	17	0	56	8	-1	-1	0	1
sm_75	476	592	0	22	2	56	2	-1	-1	39	4
sm_75	477	593	0	22	2	56	2	-1	-1	39	4
sm_75	478	594	1	42	15	56	4	-1	-1	1	1
sm_75	479	595	0	22	2	56	2	-1	-1	39	4
sm_75	480	596	0	22	2	56	2	-1	-1	39	4
sm_75	481	599	1	42	15	56	4	-1	-1	1	1
sm_75	482	600	1	42	15	56	4	-1	-1	1	1
sm_75	483	601	1	42	15	56	4	-1	-1	1	1
sm_75	484	602	1	42	15	56	4	-1	-1	1	1
sm_75	485	603	1	42	15	56	4	-1	-1	1	1
sm_75	486	604	1	42	15	56	4	-1	-1	1	1
sm_75	487	605	1	68	29	56	1	-1	-1	31	1
sm_75	488	606	1	68	29	56	1	-1	-1	31	1
sm_75	489	607	1	63	27	56	32	-1	-1	23	1
sm_75	490	608	1	63	27	56	32	-1	-1	28	1
sm_75	491	609	1	63	27	56	32	-1	-1	28	1
sm_75	492	610	1	63	27	56	32	-1	-1	24	1
sm_75	493	611	1	63	27	56	32	-1	-1	24	1
sm_75	494	612	1	54	23	45	8	-1	-1	25	3
sm_75	495	613	1	56	23	47	16	-1	-1	25	3
sm_75	496	614	1	55	23	46	16	-1	-1	25	3
sm_75	497	615	1	54	23	45	8	-1	-1	25	3
sm_75	498	616	1	55	23	46	16	-1	-1	25	3
sm_75	499	617	1	54	23	45	8	-1	-1	25	3
sm_75	500	618	1	54	23	45	8	-1	-1	25	3
sm_75	501	619	1	55	23	46	16	-1	-1	25	3
sm_75	502	623	1	63	27	56	32	-1	-1	28	1
sm_75	503	624	1	63	27	56	32	-1	-1	28	1
sm_75	504	625	1	63	27	56	32	-1	-1	28	1
sm_75	505	626	1	63	27	56	32	-1	-1	28	1
sm_75	506	627	4	255	35	56	-1	-1	-1	39	4
sm_75	507	628	4	255	35	56	-1	-1	-1	39	4
sm_75	508	629	4	255	35	56	-1	-1	-1	39	4
sm_75	509	630	4	255	35	56	-1	-1	-1	39	4
sm_75	510	631	4	255	35	56	-1	-1	-1	39	4
sm_75	511	632	4	255	35	56	-1	-1	-1	39	4
sm_75	512	633	4	255	35	56	-1	-1	-1	39	4
sm_75	513	634	4	255	35	56	-1	-1	-1	39	4
sm_75	514	635	1	63	27	56	32	-1	-1	28	1
sm_75	515	636	1	63	27	56	32	-1	-1	28	1
sm_75	516	637	1	64	28	0	8	-1	-1	29	3
sm_75	517	639	1	64	28	0	8	-1	-1	29	3
sm_75	518	640	1	64	28	0	8	-1	-1	29	3
sm_75	519	641	0	70	31	56	2	-1	-1	39	4
sm_75	520	642	0	70	31	56	2	-1	-1	39	4
sm_75	521	644	1	17	0	56	8	-1	-1	33	2
sm_75	522	645	0	52	21	56	1	-1	-1	39	4
sm_75	523	646	0	52	21	56	1	-1	-1	39	4
sm_75	524	647	0	52	21	56	1	-1	-1	39	4
sm_75	525	648	0	70	31	56	2	-1	-1	39	4
sm_75	526	662	4	255	35	56	-1	-1	-1	39	4
sm_75	527	663	0	70	31	56	2	-1	-1	39	4
sm_75	528	664	4	255	35	56	-1	-1	-1	39	4
sm_75	529	665	4	255	35	56	-1	-1	-1	39	4
sm_75	530	666	4	255	35	56	-1	-1	-1	39	4
sm_75	531	667	4	255	35	56	-1	-1	-1	39	4
sm_75	532	668	4	255	35	56	-1	-1	-1	39	4
sm_75	533	669	4	255	35	56	-1	-1	-1	39	4
sm_75	534	670	0	70	31	56	2	-1	-1	39	4
sm_75	535	671	4	255	35	56	-1	-1	-1	39	4
sm_75	536	672	4	255	35	56	-1	-1	-1	39	4
sm_75	537	673	4	255	35	56	-1	-1	-1	39	4
sm_75	538	674	4	255	35	56	-1	-1	-1	39	4
sm_75	539	675	4	255	35	56	-1	-1	-1	39	4
sm_75	540	676	4	255	35	56	-1	-1	-1	39	4
sm_75	541	677	1	71	32	56	8	-1	6	35	3
sm_75	542	678	4	255	35	56	-1	-1	-1	39	4
sm_75	543	679	4	255	35	56	-1	-1	-1	39	4
sm_75	544	680	4	255	35	56	-1	-1	-1	39	4
sm_75	545	681	4	255	35	56	-1	-1	-1	39	4
sm_75	546	682	4	255	35	56	-1	-1	-1	39	4
sm_75	547	683	0	70	31	56	2	-1	-1	39	4
sm_75	548	684	0	70	31	56	2	-1	-1	39	4
sm_75	549	685	0	70	31	56	2	-1	-1	39	4
sm_75	550	686	4	255	35	56	-1	-1	-1	39	4
sm_75	551	687	4	255	35	56	-1	-1	-1	39	4
sm_75	552	688	0	70	31	56	2	-1	-1	39	4
sm_75	553	689	4	255	35	56	-1	-1	-1	39	4
sm_75	554	691	0	70	31	56	2	-1	-1	39	4
sm_75	555	692	0	52	21	56	1	-1	-1	39	4
sm_75	556	693	0	70	31	56	2	-1	-1	39	4
sm_75	557	694	0	70	31	56	2	-1	-1	39	4
sm_75	558	695	0	70	31	56	2	-1	-1	39	4
sm_75	559	696	1	42	15	56	4	-1	-1	1	1
sm_75	560	697	0	52	21	56	1	-1	-1	39	4
sm_75	561	698	4	255	35	56	-1	-1	-1	39	4
sm_75	562	699	0	70	31	56	2	-1	-1	39	4
sm_75	563	700	0	70	31	56	2	-1	-1	39	4
sm_75	564	701	0	70	31	56	2	-1	-1	39	4
sm_75	565	702	0	70	31	56	2	-1	-1	39	4
sm_75	566	703	0	70	31	56	2	-1	-1	39	4
sm_75	567	704	0	70	31	56	2	-1	-1	39	4
sm_75	568	705	1	42	15	56	4	-1	-1	1	1
sm_75	569	707	0	70	31	56	2	-1	-1	39	4
sm_75	570	708	4	255	35	56	-1	-1	-1	39	4
sm_75	571	709	1	17	0	56	8	-1	-1	33	2
sm_75	572	711	1	19	1	56	8	-1	-1	34	3
sm_75	573	712	1	17	0	56	8	-1	-1	34	3
sm_75	574	713	0	70	31	56	2	-1	-1	39	4
sm_75	575	714	0	70	31	56	2	-1	-1	39	4
sm_75	576	715	0	70	31	56	2	-1	-1	39	4
sm_75	577	716	0	70	31	56	2	-1	-1	39	4
sm_75	578	717	1	42	15	56	4	-1	-1	1	1
sm_75	579	724	1	53	22	56	32	-1	-1	21	1
sm_75	580	725	1	61	26	49	256	-1	-1	26	3
sm_75	581	726	1	61	26	49	256	-1	-1	26	3
sm_75	582	727	1	62	26	50	1024	-1	-1	27	3
sm_75	583	728	1	57	24	49	256	-1	-1	26	3
sm_75	584	729	1	58	24	50	1024	-1	-1	27	3
sm_75	585	730	1	59	25	49	256	-1	-1	26	3
sm_75	586	731	1	60	25	50	1024	-1	-1	27	3
sm_75	587	732	4	255	35	56	-1	-1	-1	39	4
sm_75	588	733	4	255	35	56	-1	-1	-1	39	4
sm_75	589	734	1	53	22	56	32	-1	-1	21	1
sm_75	590	735	4	255	35	56	-1	-1	-1	39	4
sm_75	591	736	4	255	35	56	-1	-1	-1	39	4
sm_75	592	737	1	59	25	49	256	-1	-1	26	3
sm_75	593	738	1	60	25	50	1024	-1	-1	27	3
sm_75	594	739	1	59	25	49	256	-1	-1	26	3
sm_75	595	740	1	60	25	50	1024	-1	-1	27	3
sm_75	596	741	1	57	24	49	256	-1	-1	26	3
sm_75	597	742	1	58	24	50	1024	-1	-1	27	3
sm_75	598	743	1	53	22	56	32	-1	-1	21	1
sm_75	599	744	1	65	28	52	4	-1	-1	29	3
sm_75	600	745	1	65	28	52	4	-1	-1	30	1
sm_75	601	747	1	66	28	54	8	-1	-1	29	3
sm_75	602	748	1	66	28	54	8	-1	-1	29	3
sm_75	603	749	1	66	28	54	8	-1	-1	29	3
sm_75	604	750	1	66	28	54	8	-1	-1	29	3
sm_75	605	752	4	255	35	56	-1	-1	-1	39	4
sm_75	606	753	4	255	35	56	-1	-1	-1	39	4
sm_75	607	754	1	17	0	56	8	-1	-1	33	2
sm_75	608	755	0	22	2	56	2	-1	-1	39	4
sm_75	609	756	0	22	2	56	2	-1	-1	39	4
sm_75	610	757	0	22	2	56	2	-1	-1	39	4
sm_75	611	758	0	30	12	8	2	-1	-1	39	4
sm_75	612	759	0	22	2	56	2	-1	-1	39	4
sm_75	613	760	0	22	2	56	2	-1	-1	39	4
sm_75	614	761	0	22	2	56	2	-1	-1	39	4
sm_75	615	763	0	22	2	56	2	-1	-1	39	4
sm_75	616	764	0	52	21	56	1	-1	-1	39	4
sm_75	617	769	1	29	6	56	8	-1	5	5	1
sm_75	618	771	1	28	5	56	4	-1	5	5	1
sm_60	0	0	0	52	21	56	1	-1	-1	39	4
sm_60	1	1	0	52	21	56	1	-1	-1	39	4
sm_60	2	2	1	17	0	56	8	-1	-1	0	1
sm_60	3	3	1	17	0	56	8	-1	-1	33	2
sm_60	4	4	1	42	15	56	4	-1	-1	1	1
sm_60	5	5	1	42	15	56	4	-1	-1	1	1
sm_60	6	6	1	42	15	56	4	-1	-1	1	1
sm_60	7	7	1	42	15	56	4	-1	-1	3	3
sm_60	8	8	1	42	15	56	4	-1	-1	2	3
sm_60	9	9	1	42	15	56	4	-1	-1	1	1
sm_60	10	10	1	42	15	56	4	-1	-1	4	1
sm_60	11	11	1	17	0	56	8	-1	6	33	2
sm_60	12	12	1	17	0	56	8	-1	-1	33	2
sm_60	13	15	4	255	35	56	-1	-1	-1	39	4
sm_60	14	20	1	28	5	56	4	-1	5	33	2
sm_60	15	21	0	22	2	56	2	-1	-1	39	4
sm_60	16	22	1	28	5	56	4	-1	5	5	1
sm_60	17	23	1	28	5	56	4	-1	-1	5	1
sm_60	18	24	0	52	21	56	1	-1	-1	39	4
sm_60	19	25	1	28	5	56	4	-1	5	5	1
sm_60	20	26	1	28	5	56	4	-1	5	5	1
sm_60	21	27	1	28	5	56	4	-1	5	5	1
sm_60	22	28	1	74	33	56	8	15	-1	36	1
sm_60	23	29	1	29	6	56	8	-1	5	5	1
sm_60	24	30	1	28	5	56	4	-1	5	5	1
sm_60	25	31	1	28	5	56	4	-1	-1	5	1
sm_60	26	32	1	28	5	56	4	-1	5	5	1
sm_60	27	33	1	29	6	56	8	-1	5	5	1
sm_60	28	34	1	42	15	56	4	-1	-1	33	2
sm_60	29	35	0	52	21	56	1	-1	8	39	4
sm_60	30	36	1	17	0	56	8	-1	-1	33	2
sm_60	31	37	1	17	0	56	8	-1	-1	33	2
sm_60	32	38	1	17	0	56	8	-1	-1	33	2
sm_60	33	39	0	52	21	56	1	-1	11	39	4
sm_60	34	40	1	37	14	56	4	18	-1	15	3
sm_60	35	41	1	42	15	56	4	-1	-1	33	2
sm_60	36	42	1	42	15	56	4	-1	-1	33	2
sm_60	37	43	1	63	27	56	32	-1	-1	33	2
sm_60	38	44	1	17	0	56	8	-1	6	33	2
sm_60	39	45	1	48	19	10	64	-1	-1	18	1
sm_60	40	46	4	255	35	56	-1	-1	-1	39	4
sm_60	41	48	0	26	4	56	1	-1	-1	39	4
sm_60	42	49	0	26	4	56	1	-1	-1	39	4
sm_60	43	50	0	64	31	44	1	-1	-1	39	4
sm_60	44	51	0	22	2	56	2	-1	-1	39	4
sm_60	45	52	1	48	19	10	64	-1	-1	18	1
sm_60	46	54	0	52	21	56	1	-1	4	39	4
sm_60	47	55	1	48	19	10	64	-1	-1	18	1
sm_60	48	56	1	47	19	2	584	176	-1	17	1
sm_60	49	60	1	48	19	10	64	-1	-1	18	1
sm_60	50	61	1	48	19	10	64	-1	-1	18	1
sm_60	51	62	0	22	2	56	2	-1	-1	39	4
sm_60	52	63	1	28	5	56	4	-1	5	5	1
sm_60	53	64	0	52	21	56	1	-1	-1	39	4
sm_60	54	65	1	28	5	56	4	-1	5	5	1
sm_60	55	66	1	48	19	10	64	-1	-1	38	1
sm_60	56	67	1	74	33	56	8	15	-1	36	1
sm_60	57	68	0	22	2	56	2	-1	-1	39	4
sm_60	58	69	1	48	19	10	64	-1	-1	38	1
sm_60	59	70	1	74	33	56	8	15	-1	36	1
sm_60	60	71	0	22	2	56	2	-1	-1	39	4
sm_60	61	72	0	31	12	9	1	-1	-1	39	4
sm_60	62	73	4	255	35	56	-1	-1	-1	39	4
sm_60	63	74	0	31	12	9	1	-1	-1	39	4
sm_60	64	75	1	74	33	56	8	15	-1	36	1
sm_60	65	76	1	42	15	56	4	-1	-1	8	1
sm_60	66	77	1	42	15	56	4	-1	-1	9	1
sm_60	67	78	4	255	35	56	-1	-1	-1	39	4
sm_60	68	79	0	31	12	9	1	-1	-1	39	4
sm_60	69	80	4	255	35	56	-1	-1	-1	39	4
sm_60	70	81	0	31	12	9	1	-1	-1	39	4
sm_60	71	82	0	31	12	9	1	-1	-1	39	4
sm_60	72	84	0	31	12	9	1	-1	-1	39	4
sm_60	73	87	1	74	33	56	8	15	-1	36	1
sm_60	74	88	0	26	4	56	1	-1	-1	39	4
sm_60	75	89	4	255	35	56	-1	-1	-1	39	4
sm_60	76	90	0	31	12	9	1	-1	-1	39	4
sm_60	77	91	4	255	35	56	-1	-1	-1	39	4
sm_60	78	92	0	31	12	9	1	-1	-1	39	4
sm_60	79	93	1	63	27	56	32	-1	-1	11	1
sm_60	80	94	1	48	19	10	64	-1	-1	38	1
sm_60	81	95	1	74	33	56	8	15	-1	36	1
sm_60	82	96	0	26	4	56	1	-1	-1	39	4
sm_60	83	97	0	26	4	56	1	-1	-1	39	4
sm_60	84	98	0	26	4	56	1	-1	-1	39	4
sm_60	85	99	0	30	12	8	2	-1	-1	39	4
sm_60	86	100	4	255	35	56	-1	-1	-1	39	4
sm_60	87	101	4	255	35	56	-1	-1	-1	39	4
sm_60	88	102	1	17	0	56	8	-1	-1	33	2
sm_60	89	103	0	33	12	13	2	-1	-1	39	4
sm_60	90	104	0	30	12	8	2	-1	-1	39	4
sm_60	91	105	0	33	12	13	2	-1	-1	39	4
sm_60	92	106	0	33	12	13	2	-1	-1	39	4
sm_60	93	107	0	33	12	13	2	-1	-1	39	4
sm_60	94	108	0	33	12	13	2	-1	-1	39	4
sm_60	95	112	0	52	19	42	16	-1	-1	39	4
sm_60	96	113	0	52	19	42	16	-1	-1	39	4
sm_60	97	114	0	52	19	42	16	-1	-1	39	4
sm_60	98	115	0	52	19	42	16	-1	-1	39	4
sm_60	99	116	0	52	19	42	16	-1	-1	39	4
sm_60	100	117	0	52	19	42	16	-1	-1	39	4
sm_60	101	118	0	52	19	42	16	-1	-1	39	4
sm_60	102	119	0	52	19	42	16	-1	-1	39	4
sm_60	103	120	0	22	2	56	2	-1	-1	39	4
sm_60	104	121	0	33	12	13	2	-1	-1	39	4
sm_60	105	122	0	33	12	13	2	-1	-1	39	4
sm_60	106	123	0	22	2	56	2	-1	-1	39	4
sm_60	107	124	0	22	2	56	2	-1	-1	39	4
sm_60	108	125	1	48	19	10	64	15	-1	38	1
sm_60	109	126	1	74	33	56	8	15	-1	36	1
sm_60	110	127	0	22	2	56	2	-1	-1	39	4
sm_60	111	128	0	22	2	56	2	-1	-1	39	4
sm_60	112	129	0	22	2	56	2	-1	-1	39	4
sm_60	113	130	0	22	2	56	2	-1	-1	39	4
sm_60	114	131	0	26	4	56	1	-1	-1	39	4
sm_60	115	132	0	25	3	56	2	-1	2	39	4
sm_60	116	133	0	22	2	56	2	-1	-1	39	4
sm_60	117	134	0	30	12	8	2	-1	-1	39	4
sm_60	118	135	4	255	35	56	-1	-1	-1	39	4
sm_60	119	136	0	26	4	56	1	-1	-1	39	4
sm_60	120	137	0	25	3	56	2	-1	2	39	4
sm_60	121	138	0	22	2	56	2	-1	-1	39	4
sm_60	122	139	0	30	12	8	2	-1	-1	39	4
sm_60	123	140	0	22	2	56	2	-1	-1	39	4
sm_60	124	141	0	26	4	56	1	-1	-1	39	4
sm_60	125	142	0	52	21	56	1	-1	5	39	4
sm_60	126	143	0	30	12	8	2	-1	-1	39	4
sm_60	127	144	0	30	12	8	2	-1	-1	39	4
sm_60	128	147	0	30	12	8	2	-1	-1	39	4
sm_60	129	148	0	32	12	12	4	-1	-1	39	4
sm_60	130	149	0	32	12	12	4	-1	-1	39	4
sm_60	131	150	0	32	12	12	4	-1	-1	39	4
sm_60	132	151	0	32	12	12	4	-1	-1	39	4
sm_60	133	152	0	32	12	12	4	-1	-1	39	4
sm_60	134	153	0	32	12	12	4	-1	-1	39	4
sm_60	135	154	0	32	12	12	4	-1	-1	39	4
sm_60	136	156	0	52	19	42	16	-1	-1	39	4
sm_60	137	157	0	52	19	42	16	-1	-1	39	4
sm_60	138	159	0	52	19	42	16	-1	-1	39	4
sm_60	139	160	0	52	19	42	16	-1	-1	39	4
sm_60	140	162	0	26	4	56	1	-1	-1	39	4
sm_60	141	163	0	25	3	56	2	-1	2	39	4
sm_60	142	164	0	30	12	8	2	-1	-1	39	4
sm_60	143	165	0	22	2	56	2	-1	-1	39	4
sm_60	144	166	0	30	12	8	2	-1	-1	39	4
sm_60	145	167	0	32	12	12	4	-1	-1	39	4
sm_60	146	168	0	30	12	8	2	-1	-1	39	4
sm_60	147	169	0	32	12	12	4	-1	-1	39	4
sm_60	148	170	1	34	13	56	8	27	-1	14	1
sm_60	149	171	1	42	15	56	4	-1	-1	1	1
sm_60	150	172	1	42	15	56	4	-1	-1	1	1
sm_60	151	173	0	22	2	56	2	-1	-1	39	4
sm_60	152	174	0	22	2	56	2	-1	-1	39	4
sm_60	153	175	0	26	4	56	1	-1	-1	39	4
sm_60	154	176	0	25	3	56	2	-1	2	39	4
sm_60	155	177	0	30	12	8	2	-1	-1	39	4
sm_60	156	178	0	22	2	56	2	-1	-1	39	4
sm_60	157	179	1	28	5	56	4	-1	5	5	1
sm_60	158	180	1	28	5	56	4	-1	5	5	1
sm_60	159	181	1	29	6	56	8	-1	5	5	1
sm_60	160	182	1	28	5	56	4	-1	5	5	1
sm_60	161	183	1	28	5	56	4	-1	5	5	1
sm_60	162	184	1	42	15	56	4	-1	-1	2	3
sm_60	163	185	1	17	0	56	8	-1	-1	33	2
sm_60	164	186	1	37	14	56	4	18	-1	15	3
sm_60	165	187	1	42	15	56	4	-1	-1	2	3
sm_60	166	188	1	42	15	56	4	-1	-1	16	0
sm_60	167	189	1	42	15	56	4	-1	-1	2	3
sm_60	168	190	1	42	15	56	4	-1	-1	2	3
sm_60	169	191	1	42	15	56	4	-1	-1	2	3
sm_60	170	192	1	42	15	56	4	-1	-1	1	1
sm_60	171	193	1	42	15	56	4	-1	-1	1	1
sm_60	172	194	4	255	35	56	-1	-1	-1	39	4
sm_60	173	195	4	255	35	56	-1	-1	-1	39	4
sm_60	174	196	1	42	15	56	4	-1	-1	1	1
sm_60	175	197	0	22	2	56	2	-1	-1	39	4
sm_60	176	198	0	46	18	56	2	-1	-1	39	4
sm_60	177	199	0	22	2	56	2	-1	-1	39	4
sm_60	178	200	0	22	2	56	2	-1	-1	39	4
sm_60	179	201	0	22	2	56	2	-1	-1	39	4
sm_60	180	202	1	17	0	56	8	-1	-1	33	2
sm_60	181	203	1	43	16	56	32	-1	6	33	2
sm_60	182	204	0	50	21	56	2	2	-1	39	4
sm_60	183	205	4	255	35	56	-1	-1	-1	39	4
sm_60	184	206	4	255	35	56	-1	-1	-1	39	4
sm_60	185	207	0	22	2	56	6	12	-1	39	4
sm_60	186	208	4	255	35	56	-1	-1	-1	39	4
sm_60	187	209	4	255	35	56	-1	-1	-1	39	4
sm_60	188	210	4	255	35	56	-1	-1	-1	39	4
sm_60	189	211	0	22	2	56	6	12	-1	39	4
sm_60	190	212	4	255	35	56	-1	-1	-1	39	4
sm_60	191	213	4	255	35	56	-1	-1	-1	39	4
sm_60	192	214	4	255	35	56	-1	-1	-1	39	4
sm_60	193	215	4	255	35	56	-1	-1	-1	39	4
sm_60	194	216	0	22	2	56	6	12	-1	39	4
sm_60	195	217	4	255	35	56	-1	-1	-1	39	4
sm_60	196	218	4	255	35	56	-1	-1	-1	39	4
sm_60	197	219	4	255	35	56	-1	-1	-1	39	4
sm_60	198	220	4	255	35	56	-1	-1	-1	39	4
sm_60	199	221	4	255	35	56	-1	-1	-1	39	4
sm_60	200	222	4	255	35	56	-1	-1	-1	39	4
sm_60	201	223	4	255	35	56	-1	-1	-1	39	4
sm_60	202	224	1	15	0	56	67	87	-1	33	2
sm_60	203	225	1	38	15	56	8	24	-1	33	2
sm_60	204	226	1	38	15	56	8	24	-1	33	2
sm_60	205	227	1	15	0	56	67	87	-1	33	2
sm_60	206	228	1	15	0	56	71	87	-1	33	2
sm_60	207	229	1	41	15	56	32	30	-1	33	2
sm_60	208	230	1	15	0	56	71	87	-1	33	2
sm_60	209	231	1	41	15	56	32	30	-1	33	2
sm_60	210	232	1	38	15	56	8	24	-1	33	2
sm_60	211	233	1	41	15	56	32	30	-1	33	2
sm_60	212	234	1	15	0	56	67	87	-1	33	2
sm_60	213	235	1	15	0	56	71	87	-1	33	2
sm_60	214	236	1	41	15	56	32	30	-1	33	2
sm_60	215	237	1	15	0	56	67	87	-1	33	2
sm_60	216	238	1	15	0	56	71	87	-1	33	2
sm_60	217	239	1	41	15	56	32	30	-1	33	2
sm_60	218	240	1	15	0	56	67	87	-1	33	2
sm_60	219	241	1	15	0	56	71	87	-1	33	2
sm_60	220	242	1	9	0	56	78	71	-1	33	2
sm_60	221	244	1	9	0	56	86	80	-1	33	2
sm_60	222	245	1	6	0	56	24	18	-1	33	2
sm_60	223	248	1	25	5	56	10	7	-1	33	2
sm_60	224	250	1	8	0	56	19	16	-1	33	2
sm_60	225	252	1	6	0	56	18	17	-1	33	2
sm_60	226	254	1	6	0	56	18	15	-1	33	2
sm_60	227	256	1	5	0	56	29	49	-1	33	2
sm_60	228	257	1	13	0	56	8	25	-1	33	2
sm_60	229	258	1	13	0	56	8	25	-1	33	2
sm_60	230	259	1	2	0	56	35	54	-1	33	2
sm_60	231	262	1	7	0	56	16	33	-1	33	2
sm_60	232	263	1	7	0	56	16	33	-1	33	2
sm_60	233	265	1	5	0	56	29	49	-1	33	2
sm_60	234	266	1	13	0	56	8	25	-1	33	2
sm_60	235	267	1	13	0	56	8	25	-1	33	2
sm_60	236	268	1	2	0	56	35	54	-1	33	2
sm_60	237	270	1	7	0	56	16	33	-1	33	2
sm_60	238	272	1	7	0	56	16	33	-1	33	2
sm_60	239	274	1	0	0	56	22	27	-1	33	2
sm_60	240	275	1	1	0	56	30	32	-1	33	2
sm_60	241	278	1	6	0	56	16	17	-1	33	2
sm_60	242	279	1	6	0	56	16	10	-1	33	2
sm_60	243	281	1	6	0	56	9	6	-1	5	1
sm_60	244	284	1	6	0	56	9	9	-1	5	1
sm_60	245	285	1	39	15	56	4	2	-1	33	2
sm_60	246	286	1	39	15	56	4	2	-1	33	2
sm_60	247	287	1	39	15	56	4	2	-1	33	2
sm_60	248	288	4	255	35	56	-1	-1	-1	39	4
sm_60	249	289	0	69	31	56	27	37	-1	39	4
sm_60	250	291	4	255	35	56	-1	-1	-1	39	4
sm_60	251	292	0	69	31	56	10	20	-1	39	4
sm_60	252	294	4	255	35	56	-1	-1	-1	39	4
sm_60	253	295	4	255	35	56	-1	-1	-1	39	4
sm_60	254	296	4	255	35	56	-1	-1	-1	39	4
sm_60	255	297	0	23	2	56	43	49	-1	39	4
sm_60	256	298	0	22	2	56	4	10	-1	39	4
sm_60	257	299	4	255	35	56	-1	-1	-1	39	4
sm_60	258	300	0	22	2	56	2	8	-1	39	4
sm_60	259	301	4	255	35	56	-1	-1	-1	39	4
sm_60	260	302	0	69	31	56	2	6	-1	39	4
sm_60	261	304	1	1	0	56	10	18	-1	5	1
sm_60	262	305	4	255	35	56	-1	-1	-1	39	4
sm_60	263	306	1	2	0	56	11	18	-1	5	1
sm_60	264	309	1	1	0	56	10	18	-1	5	1
sm_60	265	310	4	255	35	56	-1	-1	-1	39	4
sm_60	266	311	1	2	0	56	11	18	-1	5	1
sm_60	267	314	1	23	5	56	89	67	-1	33	2
sm_60	268	315	1	41	15	56	32	7	-1	33	2
sm_60	269	316	1	41	15	56	64	39	-1	33	2
sm_60	270	317	4	255	35	56	-1	-1	-1	39	4
sm_60	271	318	1	15	0	56	65	58	-1	33	2
sm_60	272	319	1	15	0	56	67	64	-1	33	2
sm_60	273	320	4	255	35	56	-1	-1	-1	39	4
sm_60	274	321	4	255	35	56	-1	-1	-1	39	4
sm_60	275	322	4	255	35	56	-1	-1	-1	39	4
sm_60	276	323	1	35	14	56	16	13	-1	33	2
sm_60	277	324	1	36	14	56	15	12	-1	33	2
sm_60	278	325	1	24	5	56	21	18	-1	33	2
sm_60	279	328	1	15	0	56	33	26	-1	33	2
sm_60	280	330	4	255	35	56	-1	-1	-1	39	4
sm_60	281	331	0	23	2	56	7	13	-1	39	4
sm_60	282	332	4	255	35	56	-1	-1	-1	39	4
sm_60	283	333	0	23	2	56	7	13	-1	39	4
sm_60	284	334	1	27	5	56	6	6	-1	5	1
sm_60	285	335	1	38	15	56	8	24	-1	33	2
sm_60	286	336	1	38	15	56	8	24	-1	33	2
sm_60	287	337	1	38	15	56	8	24	-1	33	2
sm_60	288	338	0	22	2	56	2	8	-1	39	4
sm_60	289	340	4	255	35	56	-1	-1	-1	39	4
sm_60	290	342	4	255	35	56	-1	-1	-1	39	4
sm_60	291	343	0	69	31	56	2	12	-1	39	4
sm_60	292	344	1	6	0	56	16	32	-1	33	2
sm_60	293	346	1	6	0	56	16	32	-1	33	2
sm_60	294	348	1	6	0	56	16	32	-1	33	2
sm_60	295	350	1	6	0	56	16	32	-1	33	2
sm_60	296	352	0	20	2	56	6	11	-1	39	4
sm_60	297	353	0	20	2	56	6	11	-1	39	4
sm_60	298	354	4	255	35	56	-1	-1	-1	39	4
sm_60	299	355	4	255	35	56	-1	-1	-1	39	4
sm_60	300	356	4	255	35	56	-1	-1	-1	39	4
sm_60	301	357	0	22	2	56	6	12	-1	39	4
sm_60	302	358	4	255	35	56	-1	-1	-1	39	4
sm_60	303	359	4	255	35	56	-1	-1	-1	39	4
sm_60	304	360	0	22	2	56	6	12	-1	39	4
sm_60	305	361	4	255	35	56	-1	-1	-1	39	4
sm_60	306	362	4	255	35	56	-1	-1	-1	39	4
sm_60	307	363	4	255	35	56	-1	-1	-1	39	4
sm_60	308	364	4	255	35	56	-1	-1	-1	39	4
sm_60	309	365	0	22	2	56	13	24	-1	39	4
sm_60	310	366	0	22	2	56	8	19	-1	39	4
sm_60	311	367	4	255	35	56	-1	-1	-1	39	4
sm_60	312	368	4	255	35	56	-1	-1	-1	39	4
sm_60	313	369	4	255	35	56	-1	-1	-1	39	4
sm_60	314	370	4	255	35	56	-1	-1	-1	39	4
sm_60	315	371	4	255	35	56	-1	-1	-1	39	4
sm_60	316	372	4	255	35	56	-1	-1	-1	39	4
sm_60	317	373	4	255	35	56	-1	-1	-1	39	4
sm_60	318	374	1	5	0	56	72	78	-1	33	2
sm_60	319	375	4	255	35	56	-1	-1	-1	39	4
sm_60	320	377	1	14	0	56	79	87	-1	33	2
sm_60	321	379	1	14	0	56	71	74	-1	33	2
sm_60	322	383	1	14	0	56	79	74	-1	33	2
sm_60	323	384	1	14	0	56	71	87	-1	33	2
sm_60	324	385	4	255	35	56	-1	-1	-1	39	4
sm_60	325	386	4	255	35	56	-1	-1	-1	39	4
sm_60	326	387	0	69	31	56	6	17	-1	39	4
sm_60	327	388	0	69	31	56	10	21	-1	39	4
sm_60	328	389	0	20	2	56	8	13	-1	39	4
sm_60	329	390	0	20	2	56	12	19	-1	39	4
sm_60	330	391	1	40	15	56	17	13	-1	33	2
sm_60	331	392	1	38	15	56	8	12	-1	33	2
sm_60	332	394	0	20	2	56	10	21	-1	39	4
sm_60	333	395	4	255	35	56	-1	-1	-1	39	4
sm_60	334	396	1	40	15	56	16	40	-1	33	2
sm_60	335	398	4	255	35	56	-1	-1	-1	39	4
sm_60	336	401	1	11	0	56	56	80	-1	33	2
sm_60	337	402	1	10	0	56	56	80	-1	33	2
sm_60	338	403	1	11	0	56	56	80	-1	33	2
sm_60	339	404	4	255	35	56	-1	-1	-1	39	4
sm_60	340	407	1	10	0	56	56	80	-1	33	2
sm_60	341	408	4	255	35	56	-1	-1	-1	39	4
sm_60	342	409	4	255	35	56	-1	-1	-1	39	4
sm_60	343	410	4	255	35	56	-1	-1	-1	39	4
sm_60	344	412	1	11	0	56	56	80	-1	33	2
sm_60	345	413	1	10	0	56	56	80	-1	33	2
sm_60	346	414	1	11	0	56	56	80	-1	33	2
sm_60	347	415	1	10	0	56	84	81	-1	33	2
sm_60	348	416	4	255	35	56	-1	-1	-1	39	4
sm_60	349	417	4	255	35	56	-1	-1	-1	39	4
sm_60	350	418	4	255	35	56	-1	-1	-1	39	4
sm_60	351	421	1	10	0	56	84	81	-1	33	2
sm_60	352	422	4	255	35	56	-1	-1	-1	39	4
sm_60	353	423	4	255	35	56	-1	-1	-1	39	4
sm_60	354	424	4	255	35	56	-1	-1	-1	39	4
sm_60	355	427	1	11	0	56	56	80	-1	33	2
sm_60	356	428	1	11	0	56	56	80	-1	33	2
sm_60	357	429	1	10	0	56	84	81	-1	33	2
sm_60	358	430	4	255	35	56	-1	-1	-1	39	4
sm_60	359	435	4	255	35	56	-1	-1	-1	39	4
sm_60	360	436	4	255	35	56	-1	-1	-1	39	4
sm_60	361	437	4	255	35	56	-1	-1	-1	39	4
sm_60	362	438	4	255	35	56	-1	-1	-1	39	4
sm_60	363	439	4	255	35	56	-1	-1	-1	39	4
sm_60	364	440	4	255	35	56	-1	-1	-1	39	4
sm_60	365	441	4	255	35	56	-1	-1	-1	39	4
sm_60	366	442	0	22	2	56	13	24	-1	39	4
sm_60	367	443	0	22	2	56	8	19	-1	39	4
sm_60	368	444	4	255	35	56	-1	-1	-1	39	4
sm_60	369	445	4	255	35	56	-1	-1	-1	39	4
sm_60	370	446	4	255	35	56	-1	-1	-1	39	4
sm_60	371	447	4	255	35	56	-1	-1	-1	39	4
sm_60	372	448	1	5	0	56	38	43	-1	33	2
sm_60	373	449	4	255	35	56	-1	-1	-1	39	4
sm_60	374	450	1	4	0	56	19	35	-1	33	2
sm_60	375	451	4	255	35	56	-1	-1	-1	39	4
sm_60	376	452	4	255	35	56	-1	-1	-1	39	4
sm_60	377	453	1	16	0	56	29	40	-1	22	1
sm_60	378	454	1	40	14	56	20	34	-1	15	3
sm_60	379	455	1	38	15	56	8	24	-1	33	2
sm_60	380	456	1	41	15	56	32	18	-1	33	2
sm_60	381	457	1	21	2	56	15	20	-1	33	2
sm_60	382	459	4	255	35	56	-1	-1	-1	39	4
sm_60	383	460	1	15	0	56	67	75	-1	33	2
sm_60	384	461	1	41	15	56	32	16	-1	33	2
sm_60	385	462	1	41	15	56	32	18	-1	33	2
sm_60	386	463	1	6	0	56	16	17	-1	33	2
sm_60	387	464	4	255	35	56	-1	-1	-1	39	4
sm_60	388	466	4	255	35	56	-1	-1	-1	39	4
sm_60	389	467	4	255	35	56	-1	-1	-1	39	4
sm_60	390	468	1	6	0	56	16	17	-1	33	2
sm_60	391	469	4	255	35	56	-1	-1	-1	39	4
sm_60	392	470	1	2	0	56	16	33	-1	33	2
sm_60	393	474	4	255	35	56	-1	-1	-1	39	4
sm_60	394	475	4	255	35	56	-1	-1	-1	39	4
sm_60	395	476	1	2	0	56	16	33	-1	33	2
sm_60	396	479	0	22	2	56	12	24	-1	39	4
sm_60	397	480	0	22	2	56	12	24	-1	39	4
sm_60	398	481	0	22	2	56	12	24	-1	39	4
sm_60	399	482	0	20	2	56	4	17	-1	39	4
sm_60	400	483	1	7	0	56	10	29	-1	33	2
sm_60	401	485	1	7	0	56	10	29	-1	33	2
sm_60	402	487	1	15	0	56	67	75	-1	33	2
sm_60	403	488	1	41	15	56	32	16	-1	33	2
sm_60	404	489	1	15	0	56	67	73	-1	33	2
sm_60	405	490	1	15	0	56	67	73	-1	33	2
sm_60	406	491	4	255	35	56	-1	-1	-1	39	4
sm_60	407	492	4	255	35	56	-1	-1	-1	39	4
sm_60	408	493	0	23	2	56	18	30	-1	39	4
sm_60	409	495	0	22	2	56	8	20	-1	39	4
sm_60	410	496	0	23	2	56	18	30	-1	39	4
sm_60	411	497	0	23	2	56	18	30	-1	39	4
sm_60	412	498	0	22	2	56	8	20	-1	39	4
sm_60	413	499	0	23	2	56	18	30	-1	39	4
sm_60	414	500	4	255	35	56	-1	-1	-1	39	4
sm_60	415	501	1	2	0	56	10	18	-1	5	1
sm_60	416	503	4	255	35	56	-1	-1	-1	39	4
sm_60	417	504	1	2	0	56	10	18	-1	5	1
sm_60	418	526	0	26	4	56	1	-1	-1	39	4
sm_60	419	527	0	25	3	56	2	-1	2	39	4
sm_60	420	528	0	22	2	56	2	-1	-1	39	4
sm_60	421	529	0	30	12	8	2	-1	-1	39	4
sm_60	422	530	0	26	4	56	1	-1	-1	39	4
sm_60	423	531	0	26	4	56	1	-1	-1	39	4
sm_60	424	532	1	42	15	56	4	-1	-1	1	1
sm_60	425	533	1	74	33	56	8	18	-1	36	1
sm_60	426	534	1	74	33	56	8	18	-1	36	1
sm_60	427	536	4	255	35	56	-1	-1	-1	39	4
sm_60	428	539	0	52	19	42	16	-1	-1	39	4
sm_60	429	540	1	29	6	56	8	-1	5	5	1
sm_60	430	541	1	29	6	56	8	-1	5	5	1
sm_60	431	542	1	29	6	56	8	-1	-1	33	2
sm_60	432	543	1	29	6	56	8	-1	-1	33	2
sm_60	433	544	0	52	21	56	1	-1	-1	39	4
sm_60	434	545	0	52	19	42	16	-1	-1	39	4
sm_60	435	546	0	52	19	42	16	-1	-1	39	4
sm_60	436	547	1	42	15	56	4	-1	-1	1	1
sm_60	437	548	1	42	15	56	4	-1	-1	1	1
sm_60	438	549	0	22	2	56	2	-1	-1	39	4
sm_60	439	550	1	34	13	56	8	27	-1	1	1
sm_60	440	551	0	22	2	56	2	-1	-1	39	4
sm_60	441	552	0	52	21	56	1	-1	-1	39	4
sm_60	442	553	1	74	33	56	8	15	-1	36	1
sm_60	443	554	1	17	0	56	8	-1	-1	33	2
sm_60	444	555	0	22	2	56	2	-1	-1	39	4
sm_60	445	556	0	22	2	56	2	-1	-1	39	4
sm_60	446	557	4	255	35	56	-1	-1	-1	39	4
sm_60	447	558	4	255	35	56	-1	-1	-1	39	4
sm_60	448	562	0	52	19	42	16	-1	-1	39	4
sm_60	449	563	0	52	19	42	16	-1	-1	39	4
sm_60	450	564	0	52	19	42	16	-1	-1	39	4
sm_60	451	565	0	52	19	42	16	-1	-1	39	4
sm_60	452	566	0	52	19	42	16	-1	-1	39	4
sm_60	453	567	0	52	19	42	16	-1	-1	39	4
sm_60	454	568	4	255	35	56	-1	-1	-1	39	4
sm_60	455	569	1	42	15	56	4	-1	-1	1	1
sm_60	456	570	1	42	15	56	4	-1	-1	4	1
sm_60	457	571	0	22	2	56	2	-1	-1	39	4
sm_60	458	572	0	22	2	56	2	-1	-1	39	4
sm_60	459	574	1	42	15	56	4	-1	-1	1	1
sm_60	460	575	1	42	15	56	4	-1	-1	1	1
sm_60	461	576	1	18	0	43	8	25	-1	20	1
sm_60	462	577	1	29	6	56	8	-1	5	5	1
sm_60	463	579	0	26	4	56	1	-1	6	39	4
sm_60	464	580	0	26	4	56	1	-1	-1	39	4
sm_60	465	581	0	26	4	56	1	-1	6	39	4
sm_60	466	582	1	28	5	56	4	-1	-1	5	1
sm_60	467	583	1	44	17	56	4	-1	-1	33	2
sm_60	468	584	1	17	0	56	8	-1	-1	22	1
sm_60	469	585	4	255	35	56	-1	-1	-1	39	4
sm_60	470	586	0	26	4	56	1	-1	-1	39	4
sm_60	471	587	0	25	3	56	2	-1	2	39	4
sm_60	472	588	0	22	2	56	2	-1	-1	39	4
sm_60	473	589	0	30	12	8	2	-1	-1	39	4
sm_60	474	590	1	17	0	56	8	-1	-1	0	1
sm_60	475	591	1	17	0	56	8	-1	-1	0	1
sm_60	476	592	0	22	2	56	2	-1	-1	39	4
sm_60	477	593	0	22	2	56	2	-1	-1	39	4
sm_60	478	594	1	42	15	56	4	-1	-1	1	1
sm_60	479	595	0	22	2	56	2	-1	-1	39	4
sm_60	480	596	0	22	2	56	2	-1	-1	39	4
sm_60	481	599	1	42	15	56	4	-1	-1	1	1
sm_60	482	600	1	42	15	56	4	-1	-1	1	1
sm_60	483	601	1	42	15	56	4	-1	-1	1	1
sm_60	484	602	1	42	15	56	4	-1	-1	1	1
sm_60	485	603	1	42	15	56	4	-1	-1	1	1
sm_60	486	604	1	42	15	56	4	-1	-1	1	1
sm_60	487	605	4	255	35	56	-1	-1	-1	39	4
sm_60	488	606	4	255	35	56	-1	-1	-1	39	4
sm_60	489	607	1	63	27	56	32	-1	-1	23	1
sm_60	490	608	1	63	27	56	32	-1	-1	28	1
sm_60	491	609	1	63	27	56	32	-1	-1	28	1
sm_60	492	610	1	63	27	56	32	-1	-1	24	1
sm_60	493	611	1	63	27	56	32	-1	-1	24	1
sm_60	494	612	1	54	23	45	8	-1	-1	25	3
sm_60	495	613	1	56	23	47	16	-1	-1	25	3
sm_60	496	614	1	55	23	46	16	-1	-1	25	3
sm_60	497	615	1	54	23	45	8	-1	-1	25	3
sm_60	498	616	1	55	23	46	16	-1	-1	25	3
sm_60	499	617	1	54	23	45	8	-1	-1	25	3
sm_60	500	618	1	54	23	45	8	-1	-1	25	3
sm_60	501	619	1	55	23	46	16	40	-1	25	3
sm_60	502	623	1	63	27	56	32	-1	-1	28	1
sm_60	503	624	1	63	27	56	32	-1	-1	28	1
sm_60	504	625	1	63	27	56	32	-1	-1	28	1
sm_60	505	626	1	63	27	56	32	-1	-1	28	1
sm_60	506	627	1	62	30	56	32	-1	-1	32	3
sm_60	507	628	1	62	30	56	32	-1	-1	32	3
sm_60	508	629	1	62	30	56	32	-1	-1	32	3
sm_60	509	630	1	62	30	56	32	-1	-1	32	3
sm_60	510	631	1	62	30	56	32	-1	2	32	3
sm_60	511	632	0	52	21	56	1	-1	4	39	4
sm_60	512	633	1	62	30	56	32	-1	6	32	3
sm_60	513	634	1	62	30	56	32	-1	-1	32	3
sm_60	514	635	1	63	27	56	32	-1	-1	28	1
sm_60	515	636	1	63	27	56	32	-1	-1	28	1
sm_60	516	637	1	64	28	0	8	-1	-1	29	3
sm_60	517	639	1	64	28	0	8	-1	-1	29	3
sm_60	518	640	1	64	28	0	8	-1	-1	29	3
sm_60	519	641	0	64	31	44	1	-1	-1	39	4
sm_60	520	642	0	64	31	44	1	-1	-1	39	4
sm_60	521	644	1	17	0	56	8	-1	-1	33	2
sm_60	522	645	0	52	21	56	1	-1	-1	39	4
sm_60	523	646	0	52	21	56	1	-1	-1	39	4
sm_60	524	647	0	52	21	56	1	-1	-1	39	4
sm_60	525	648	0	64	31	44	1	-1	-1	39	4
sm_60	526	662	0	64	31	44	1	-1	-1	39	4
sm_60	527	663	0	64	31	44	1	-1	-1	39	4
sm_60	528	664	0	64	31	44	1	-1	-1	39	4
sm_60	529	665	0	64	31	44	1	-1	-1	39	4
sm_60	530	666	0	64	31	44	1	-1	-1	39	4
sm_60	531	667	0	64	31	44	1	-1	-1	39	4
sm_60	532	668	0	64	31	44	1	-1	-1	39	4
sm_60	533	669	0	64	31	44	1	-1	-1	39	4
sm_60	534	670	0	64	31	44	1	-1	-1	39	4
sm_60	535	671	0	64	31	44	1	-1	-1	39	4
sm_60	536	672	0	64	31	44	1	-1	-1	39	4
sm_60	537	673	0	64	31	44	1	-1	-1	39	4
sm_60	538	674	0	64	31	44	1	-1	-1	39	4
sm_60	539	675	0	64	31	44	1	-1	-1	39	4
sm_60	540	676	0	64	31	44	1	-1	-1	39	4
sm_60	541	677	1	71	32	56	8	-1	6	35	3
sm_60	542	678	0	64	31	44	1	-1	-1	39	4
sm_60	543	679	0	64	31	44	1	-1	-1	39	4
sm_60	544	680	0	64	31	44	1	-1	-1	39	4
sm_60	545	681	0	64	31	44	1	-1	-1	39	4
sm_60	546	682	0	64	31	44	1	-1	-1	39	4
sm_60	547	683	0	64	31	44	1	-1	-1	39	4
sm_60	548	684	0	64	31	44	1	-1	-1	39	4
sm_60	549	685	0	64	31	44	1	-1	-1	39	4
sm_60	550	686	0	64	31	44	1	-1	-1	39	4
sm_60	551	687	0	64	31	44	1	-1	-1	39	4
sm_60	552	688	0	64	31	44	1	-1	-1	39	4
sm_60	553	689	0	64	31	44	1	-1	-1	39	4
sm_60	554	691	0	64	31	44	1	-1	-1	39	4
sm_60	555	692	0	52	21	56	1	-1	-1	39	4
sm_60	556	693	0	64	31	44	1	-1	-1	39	4
sm_60	557	694	0	64	31	44	1	-1	-1	39	4
sm_60	558	695	0	64	31	44	1	-1	-1	39	4
sm_60	559	696	1	42	15	56	4	-1	-1	1	1
sm_60	560	697	0	64	31	44	1	-1	-1	39	4
sm_60	561	698	0	64	31	44	1	-1	-1	39	4
sm_60	562	699	0	64	31	44	1	-1	-1	39	4
sm_60	563	700	0	64	31	44	1	-1	-1	39	4
sm_60	564	701	0	64	31	44	1	-1	-1	39	4
sm_60	565	702	0	64	31	44	1	-1	-1	39	4
sm_60	566	703	0	64	31	44	1	-1	-1	39	4
sm_60	567	704	0	64	31	44	1	-1	-1	39	4
sm_60	568	705	4	255	35	56	-1	-1	-1	39	4
sm_60	569	707	0	64	31	44	1	-1	-1	39	4
sm_60	570	708	0	64	31	44	1	-1	-1	39	4
sm_60	571	709	1	17	0	56	8	-1	-1	33	2
sm_60	572	711	1	19	1	56	8	-1	-1	34	3
sm_60	573	712	1	17	0	56	8	-1	-1	34	3
sm_60	574	713	0	64	31	44	1	-1	-1	39	4
sm_60	575	714	0	64	31	44	1	-1	-1	39	4
sm_60	576	715	0	64	31	44	1	-1	-1	39	4
sm_60	577	716	0	64	31	44	1	-1	-1	39	4
sm_60	578	717	4	255	35	56	-1	-1	-1	39	4
sm_60	579	724	4	255	35	56	-1	-1	-1	39	4
sm_60	580	725	4	255	35	56	-1	-1	-1	39	4
sm_60	581	726	4	255	35	56	-1	-1	-1	39	4
sm_60	582	727	4	255	35	56	-1	-1	-1	39	4
sm_60	583	728	4	255	35	56	-1	-1	-1	39	4
sm_60	584	729	4	255	35	56	-1	-1	-1	39	4
sm_60	585	730	4	255	35	56	-1	-1	-1	39	4
sm_60	586	731	4	255	35	56	-1	-1	-1	39	4
sm_60	587	732	4	255	35	56	-1	-1	-1	39	4
sm_60	588	733	4	255	35	56	-1	-1	-1	39	4
sm_60	589	734	4	255	35	56	-1	-1	-1	39	4
sm_60	590	735	4	255	35	56	-1	-1	-1	39	4
sm_60	591	736	4	255	35	56	-1	-1	-1	39	4
sm_60	592	737	4	255	35	56	-1	-1	-1	39	4
sm_60	593	738	4	255	35	56	-1	-1	-1	39	4
sm_60	594	739	4	255	35	56	-1	-1	-1	39	4
sm_60	595	740	4	255	35	56	-1	-1	-1	39	4
sm_60	596	741	4	255	35	56	-1	-1	-1	39	4
sm_60	597	742	4	255	35	56	-1	-1	-1	39	4
sm_60	598	743	4	255	35	56	-1	-1	-1	39	4
sm_60	599	744	1	60	28	53	14	-1	-1	29	3
sm_60	600	745	1	60	28	53	14	-1	-1	30	1
sm_60	601	747	1	61	28	55	15	-1	-1	29	3
sm_60	602	748	1	61	28	55	15	-1	-1	29	3
sm_60	603	749	1	61	28	55	15	-1	-1	29	3
sm_60	604	750	1	61	28	55	15	-1	-1	29	3
sm_60	605	752	0	64	31	44	1	-1	-1	39	4
sm_60	606	753	0	64	31	44	1	-1	-1	39	4
sm_60	607	754	1	17	0	56	8	-1	-1	33	2
sm_60	608	755	4	255	35	56	-1	-1	-1	39	4
sm_60	609	756	4	255	35	56	-1	-1	-1	39	4
sm_60	610	757	4	255	35	56	-1	-1	-1	39	4
sm_60	611	758	0	26	4	56	1	-1	-1	39	4
sm_60	612	759	4	255	35	56	-1	-1	-1	39	4
sm_60	613	760	0	26	4	56	1	-1	-1	39	4
sm_60	614	761	4	255	35	56	-1	-1	-1	39	4
sm_60	615	763	0	26	4	56	1	-1	-1	39	4
sm_60	616	764	0	52	21	56	1	-1	-1	39	4
sm_60	617	769	1	29	6	56	8	-1	5	5	1
sm_60	618	771	1	28	5	56	4	-1	5	5	1
